{
"type": "FeatureCollection",
"name": "adminBoundaries_jcia",
"crs": { "type": "name", "properties": { "name": "urn:ogc:def:crs:OGC:1.3:CRS84" } },
"features": [
{ "type": "Feature", "properties": { "OBJECTID": 1, "NAME": "West Branch", "Shape_Area": 636254.33051993733 }, "geometry": { "type": "MultiPolygon", "coordinates": [ [ [ [ -91.366281812128136, 41.67822748265209 ], [ -91.366398263287536, 41.678228351911791 ], [ -91.367647145330324, 41.678237658606172 ], [ -91.368891685901659, 41.678246920729244 ], [ -91.3688897285504, 41.678428040680508 ], [ -91.368886516575998, 41.678725489620575 ], [ -91.368883996028657, 41.678958750827903 ], [ -91.368881476693446, 41.679192011139797 ], [ -91.368878956110038, 41.679425272312209 ], [ -91.368876435508668, 41.679658533467091 ], [ -91.368872815548187, 41.679993633295616 ], [ -91.368866991198743, 41.680532876866636 ], [ -91.368691687215005, 41.680531573797339 ], [ -91.36795185520927, 41.680526067977929 ], [ -91.367622406989923, 41.680523614483391 ], [ -91.367532320414028, 41.680522943857866 ], [ -91.367529824655961, 41.680711223831082 ], [ -91.366739406755812, 41.680928697861972 ], [ -91.366373350683801, 41.680925968469516 ], [ -91.366261175152687, 41.680925139186947 ], [ -91.366281812128136, 41.67822748265209 ] ] ] ] } },
{ "type": "Feature", "properties": { "OBJECTID": 2, "NAME": "Sharon Twp", "Shape_Area": 1011715872.0278953 }, "geometry": { "type": "MultiPolygon", "coordinates": [ [ [ [ -91.705114944988154, 41.511208665956957 ], [ -91.709979710167005, 41.511284936747401 ], [ -91.713748812623805, 41.511343888573556 ], [ -91.713661697712581, 41.514966036602544 ], [ -91.713574520436921, 41.518588180200425 ], [ -91.713488070741704, 41.522209477770545 ], [ -91.713401611484471, 41.525830770796475 ], [ -91.713323240876406, 41.5294565323643 ], [ -91.713244860392393, 41.533082289343895 ], [ -91.713189116544584, 41.536713317523976 ], [ -91.713133367719792, 41.540344341141733 ], [ -91.71305219670036, 41.543958652653792 ], [ -91.712976190071018, 41.547575355736612 ], [ -91.712904952163541, 41.551205659412979 ], [ -91.712833703960754, 41.554835958395827 ], [ -91.712734516131036, 41.558089138987249 ], [ -91.712723496374821, 41.558450554901277 ], [ -91.712654080211465, 41.561154144613219 ], [ -91.712629727672578, 41.562068146483391 ], [ -91.71260824523462, 41.562792784561069 ], [ -91.712587642165076, 41.563487765947691 ], [ -91.712537410987295, 41.565182116234929 ], [ -91.712521922339434, 41.565704563579075 ], [ -91.712417220247772, 41.569247481071343 ], [ -91.712413214013466, 41.569428611538264 ], [ -91.712363118074435, 41.572960496407596 ], [ -91.712323736890923, 41.576352682037481 ], [ -91.712312126698293, 41.576580012249018 ], [ -91.712303065803155, 41.580210636272085 ], [ -91.712294006297327, 41.583841256508144 ], [ -91.712293035460462, 41.583946604272796 ], [ -91.712285471985666, 41.584767193471656 ], [ -91.712268211863005, 41.586639661084142 ], [ -91.712261072775078, 41.58741418745209 ], [ -91.71222721038157, 41.591087591621644 ], [ -91.712210981050077, 41.594001095206032 ], [ -91.712207233609092, 41.594673959916001 ], [ -91.712243599020013, 41.597331212037027 ], [ -91.712281314752076, 41.600086870058377 ], [ -91.711147047521848, 41.600082561870202 ], [ -91.710077652150048, 41.600078244938963 ], [ -91.708822843674056, 41.600074148650052 ], [ -91.707212414091359, 41.600068871311755 ], [ -91.706320857233038, 41.600065939748497 ], [ -91.705558558468496, 41.600063427800329 ], [ -91.705371020131068, 41.60006353162391 ], [ -91.704222867197203, 41.60006474309364 ], [ -91.701519905820149, 41.600064234709087 ], [ -91.70031466556182, 41.600063087733119 ], [ -91.699115429486369, 41.600063176983952 ], [ -91.698143063524412, 41.600063511561444 ], [ -91.696604785547407, 41.600063148715236 ], [ -91.694423460583351, 41.600051953669883 ], [ -91.694346661367604, 41.600052127741428 ], [ -91.692415842307923, 41.600057182809124 ], [ -91.689940583148839, 41.60002537678907 ], [ -91.689595742951212, 41.600021592161006 ], [ -91.688309072510918, 41.600007462027527 ], [ -91.687390370022229, 41.599997364477368 ], [ -91.686979760325528, 41.599992848600337 ], [ -91.684599860868346, 41.59996665038512 ], [ -91.682169185388076, 41.599939840921365 ], [ -91.67979119215623, 41.599913562987282 ], [ -91.677324648037001, 41.599886255955347 ], [ -91.6758791495769, 41.599870227972872 ], [ -91.67516581785938, 41.599862378931213 ], [ -91.674931848166963, 41.599859713802481 ], [ -91.672494245203978, 41.599835380420473 ], [ -91.672327317830494, 41.599833711448454 ], [ -91.669997077438296, 41.599810397340342 ], [ -91.667680547401147, 41.599787173883257 ], [ -91.665197935195366, 41.599762234624492 ], [ -91.665062677642382, 41.599760873793528 ], [ -91.662828946583389, 41.599746951696218 ], [ -91.662762153226666, 41.599746535779524 ], [ -91.660214283546068, 41.599730601191119 ], [ -91.657990908201953, 41.599716652049899 ], [ -91.655357306008327, 41.599700074592192 ], [ -91.65317423267274, 41.599674593012089 ], [ -91.650577700926007, 41.599597274986422 ], [ -91.64845882886155, 41.599572788537344 ], [ -91.645969611712104, 41.599543973233892 ], [ -91.645759972836714, 41.599541543881671 ], [ -91.643596940632179, 41.59950499174937 ], [ -91.6408845922832, 41.599473074194734 ], [ -91.640579538650812, 41.599469480214381 ], [ -91.63890145157832, 41.599449696969579 ], [ -91.638780812160903, 41.599448273637783 ], [ -91.636227227284081, 41.599435557052622 ], [ -91.636059992233456, 41.599434721554317 ], [ -91.633913267960338, 41.599423984644197 ], [ -91.631234133728299, 41.599410528488157 ], [ -91.629468829721716, 41.599401627658885 ], [ -91.629092669050081, 41.599399728531033 ], [ -91.626408135524727, 41.599371228046564 ], [ -91.624256487016098, 41.599348339192005 ], [ -91.621826490816915, 41.59932244202944 ], [ -91.621252165563774, 41.599316313892452 ], [ -91.619421533633059, 41.599296761537737 ], [ -91.617244852949682, 41.599273475771952 ], [ -91.617124211094037, 41.599272183845976 ], [ -91.614591280112037, 41.599245032385419 ], [ -91.613296440348293, 41.599231131065665 ], [ -91.612385893200596, 41.59922134674126 ], [ -91.609761028271251, 41.599193101803237 ], [ -91.608722063526173, 41.599181905333857 ], [ -91.607526996895459, 41.599173591775468 ], [ -91.604930461398553, 41.599156881961001 ], [ -91.602667965988559, 41.599142274911188 ], [ -91.602514892970248, 41.59914128513293 ], [ -91.602514350757033, 41.599141281658071 ], [ -91.60024541466025, 41.599126585772346 ], [ -91.599956473204685, 41.599124711494817 ], [ -91.597834891543243, 41.599110923632942 ], [ -91.59786489225533, 41.596349216942166 ], [ -91.597889266837512, 41.594105298604561 ], [ -91.597966200486809, 41.590482626760192 ], [ -91.598021210223436, 41.586867862471124 ], [ -91.598076676077909, 41.583222853003228 ], [ -91.598147780256326, 41.579608807440863 ], [ -91.598231485094857, 41.576000956835351 ], [ -91.598316172820034, 41.572350339398618 ], [ -91.598397273949345, 41.56874901317569 ], [ -91.598432168471106, 41.565104975697324 ], [ -91.598467059097189, 41.561460934415443 ], [ -91.598467909282903, 41.561370396490702 ], [ -91.598500222148289, 41.557930270762135 ], [ -91.598507578189341, 41.55714581964093 ], [ -91.598509326904178, 41.55695953247286 ], [ -91.598533432681549, 41.554388415986814 ], [ -91.598600187279118, 41.550747178187166 ], [ -91.598680889042186, 41.547105938798289 ], [ -91.598677096102747, 41.543965713256036 ], [ -91.598677952233288, 41.543428762728418 ], [ -91.598674967296759, 41.540958508423891 ], [ -91.598673586702603, 41.539814741860916 ], [ -91.59867350941866, 41.539750949330383 ], [ -91.59867739451515, 41.539646434367647 ], [ -91.598762668405953, 41.537352738195906 ], [ -91.598808816096621, 41.53611138917676 ], [ -91.598956660989785, 41.532467234593213 ], [ -91.598966783242346, 41.52883732690298 ], [ -91.598976903171931, 41.52520741557727 ], [ -91.598976711018295, 41.525097995970604 ], [ -91.598970476475202, 41.521565530635861 ], [ -91.598969349958011, 41.52092706224277 ], [ -91.598964050547508, 41.517923640286206 ], [ -91.598983463351402, 41.515477978116586 ], [ -91.59898365806886, 41.515453318440237 ], [ -91.598992801187705, 41.514301525583058 ], [ -91.599041393938137, 41.51065275757891 ], [ -91.599402863537591, 41.510652646731963 ], [ -91.603846553362189, 41.510651193743534 ], [ -91.608542571222657, 41.51064947222909 ], [ -91.608651711346567, 41.51064943036004 ], [ -91.608783553708761, 41.510649379316902 ], [ -91.613456869033683, 41.51064746834831 ], [ -91.618262027669616, 41.51064530502719 ], [ -91.623071731615568, 41.510686769254718 ], [ -91.627983586866179, 41.51070550679075 ], [ -91.632785579796391, 41.510711180224533 ], [ -91.63758757237666, 41.510716653474248 ], [ -91.640839816339778, 41.510776833469009 ], [ -91.64236737344396, 41.510805067989459 ], [ -91.6451123256778, 41.510815365332178 ], [ -91.645141277712312, 41.510815473613206 ], [ -91.645159018410084, 41.510815539996891 ], [ -91.645178491495045, 41.51081561252785 ], [ -91.645719557671384, 41.51081763453012 ], [ -91.646001719637667, 41.510818687677173 ], [ -91.647200793658129, 41.510823156296205 ], [ -91.652024208707218, 41.510857046362773 ], [ -91.656721411775251, 41.510923080219641 ], [ -91.656841890815144, 41.510924771190432 ], [ -91.656865103487604, 41.510925010286265 ], [ -91.656962371721505, 41.510926013556805 ], [ -91.6616576984608, 41.510974304483227 ], [ -91.666536164953953, 41.511004872177978 ], [ -91.668911432648144, 41.511006320409663 ], [ -91.67138195110283, 41.511007775833519 ], [ -91.676193660522614, 41.511005408565246 ], [ -91.680966929939103, 41.511033199292079 ], [ -91.684033031905699, 41.511050946392906 ], [ -91.685740203429688, 41.511060792234538 ], [ -91.690634970231358, 41.511088883594418 ], [ -91.695529738834196, 41.511116767882427 ], [ -91.700322339125577, 41.511162816618906 ], [ -91.705114944988154, 41.511208665956957 ] ] ] ] } },
{ "type": "Feature", "properties": { "OBJECTID": 3, "NAME": "Fremont Twp", "Shape_Area": 1149992224.061157 }, "geometry": { "type": "MultiPolygon", "coordinates": [ [ [ [ -91.502101785433894, 41.451492284431147 ], [ -91.500792836962816, 41.452148457354383 ], [ -91.499082780139503, 41.452713630843846 ], [ -91.498964753993405, 41.452869821989317 ], [ -91.498838736687759, 41.45338820393323 ], [ -91.498877027166188, 41.453822004744929 ], [ -91.499733977345244, 41.455304331439109 ], [ -91.49924356565235, 41.456462440411826 ], [ -91.498274708617402, 41.457780928906502 ], [ -91.49800063108313, 41.45831275531927 ], [ -91.498284155546258, 41.458946585676678 ], [ -91.49867992147351, 41.45942352176975 ], [ -91.499398542588267, 41.459810913136288 ], [ -91.500321154354353, 41.460037822877162 ], [ -91.500925353039364, 41.46018641552903 ], [ -91.502727327573382, 41.46027573485383 ], [ -91.503083799294714, 41.460360408559048 ], [ -91.50437492952183, 41.460918328804496 ], [ -91.507476526226966, 41.463202138855316 ], [ -91.507905099488795, 41.463677732795269 ], [ -91.507926076507957, 41.4637009142808 ], [ -91.508820467528835, 41.464789747039454 ], [ -91.509664321457052, 41.465302054831078 ], [ -91.512651418803827, 41.466180291415704 ], [ -91.513623892116769, 41.466531005691422 ], [ -91.514365279839865, 41.46683100077373 ], [ -91.514980914324511, 41.467147973496573 ], [ -91.5154174363973, 41.467426927305645 ], [ -91.515864177495018, 41.467778639939617 ], [ -91.516188244946861, 41.468221773967507 ], [ -91.516185463399722, 41.468606414126931 ], [ -91.515953935820647, 41.46901663511629 ], [ -91.515255112151891, 41.469605893066401 ], [ -91.514663723585087, 41.470361777102589 ], [ -91.514398278396953, 41.470950905646703 ], [ -91.514199796845332, 41.471566789122889 ], [ -91.514366502070942, 41.472522779514549 ], [ -91.514202277856967, 41.474580468498779 ], [ -91.514010771400706, 41.47510818829717 ], [ -91.513677807876192, 41.475638646601745 ], [ -91.513064474802619, 41.476271522527512 ], [ -91.512546836915703, 41.476706647788987 ], [ -91.511292778857353, 41.477224062993919 ], [ -91.510020363334391, 41.477386862379433 ], [ -91.508985704705267, 41.477285652531549 ], [ -91.508233602349534, 41.477010573785662 ], [ -91.507732363721288, 41.476654529347229 ], [ -91.507169996229422, 41.476156619964613 ], [ -91.506270146322564, 41.475746340950678 ], [ -91.504986730748058, 41.475721861779917 ], [ -91.503884952115115, 41.475888490335116 ], [ -91.502927732789445, 41.47613132015735 ], [ -91.502861565202011, 41.476148105396184 ], [ -91.502196804368083, 41.47663479116104 ], [ -91.501870816853909, 41.477282414642552 ], [ -91.501859451341261, 41.47814388412592 ], [ -91.501978222166997, 41.479255908581031 ], [ -91.501464957903494, 41.481016425119456 ], [ -91.501507108870655, 41.481414191280173 ], [ -91.501577019968835, 41.481695865202752 ], [ -91.501651787103384, 41.481997099752675 ], [ -91.501963572385918, 41.482531198211227 ], [ -91.502363089678397, 41.483496309989448 ], [ -91.502528453002242, 41.483994311163478 ], [ -91.502652238000721, 41.484308734715363 ], [ -91.502538562372308, 41.484741179626717 ], [ -91.502105624972742, 41.485421901940192 ], [ -91.501410492100121, 41.486312949428843 ], [ -91.501133047264688, 41.486761450365464 ], [ -91.501124178520797, 41.487257088327773 ], [ -91.501414049196384, 41.488045918800466 ], [ -91.50175352491712, 41.488932357600639 ], [ -91.502172383025353, 41.489708109416739 ], [ -91.502563185794529, 41.490308628142749 ], [ -91.502785728510958, 41.490661183029601 ], [ -91.503054369963237, 41.491086763301674 ], [ -91.503184642633755, 41.492373344533824 ], [ -91.503221011283202, 41.492617873366534 ], [ -91.503262798099243, 41.492898813843816 ], [ -91.503753065640197, 41.493502222179806 ], [ -91.504121669685205, 41.493565243764074 ], [ -91.504611179006872, 41.493370649102552 ], [ -91.505513183376664, 41.492973569261977 ], [ -91.506390253297994, 41.492696650100321 ], [ -91.507349824821532, 41.492476835759085 ], [ -91.507795385157777, 41.492504278360762 ], [ -91.508277968995642, 41.492582212524802 ], [ -91.508710821586902, 41.492754276572398 ], [ -91.509265236298077, 41.493023831027969 ], [ -91.51011373326233, 41.49353629922313 ], [ -91.510587828878883, 41.494249690050488 ], [ -91.510780382749005, 41.494816983045112 ], [ -91.510934295220835, 41.495872362387864 ], [ -91.511004455703642, 41.496366373414865 ], [ -91.511212670610377, 41.496754180593051 ], [ -91.511271876217705, 41.497006621786412 ], [ -91.51116765768316, 41.497338200117831 ], [ -91.510878194980762, 41.497529705881547 ], [ -91.509599324206803, 41.497659188197638 ], [ -91.509085952263234, 41.497814247307012 ], [ -91.508204653907313, 41.498228671952049 ], [ -91.507659772105129, 41.498643488345373 ], [ -91.506303661890527, 41.500057988010646 ], [ -91.505965705915983, 41.500750538447548 ], [ -91.506141723402308, 41.501299398951659 ], [ -91.50758246488941, 41.502676120257782 ], [ -91.507696344943611, 41.502784937334326 ], [ -91.507873740624632, 41.502861885668757 ], [ -91.507784689528734, 41.503345571620429 ], [ -91.507721709978853, 41.503687646251436 ], [ -91.507696533072419, 41.503824389522201 ], [ -91.507611075418978, 41.503949098803282 ], [ -91.507535479663332, 41.504196747717764 ], [ -91.507565646729574, 41.504390623046113 ], [ -91.507629620762245, 41.505029831174618 ], [ -91.507682368348426, 41.505171334930417 ], [ -91.507873991129799, 41.505436762772455 ], [ -91.508079812606269, 41.505652390777755 ], [ -91.508298672551447, 41.50585632895919 ], [ -91.508506963662711, 41.505990977711491 ], [ -91.508741401207061, 41.50609986339493 ], [ -91.50905613655523, 41.506174385033631 ], [ -91.50983004197154, 41.506291118515328 ], [ -91.510496456246329, 41.506242050331878 ], [ -91.511064865599607, 41.506080008399579 ], [ -91.511539374716406, 41.505826273276611 ], [ -91.511848776410176, 41.505581138840348 ], [ -91.512198999398521, 41.505242059796238 ], [ -91.512221061405867, 41.504544979928163 ], [ -91.512069179887177, 41.503703295879674 ], [ -91.511957189943303, 41.503319169102035 ], [ -91.511476388477718, 41.502466861601981 ], [ -91.511365302905347, 41.501677166512764 ], [ -91.512306773089648, 41.500100120662708 ], [ -91.512389736051389, 41.499901416833403 ], [ -91.512438221469253, 41.499517760937607 ], [ -91.512523612743863, 41.499109011707311 ], [ -91.51301520136812, 41.498235787007467 ], [ -91.513467764607668, 41.497883675883116 ], [ -91.514929585019061, 41.497134072491292 ], [ -91.515961268184668, 41.496947432821386 ], [ -91.51697439549271, 41.49696480115572 ], [ -91.517349157185876, 41.497013787590177 ], [ -91.518464571360923, 41.497332103729725 ], [ -91.519213538937322, 41.497738644484421 ], [ -91.519831210461049, 41.498317918596058 ], [ -91.519944626189528, 41.499056253734146 ], [ -91.519900641957733, 41.499708049690547 ], [ -91.519601456418158, 41.500179857463536 ], [ -91.51885356471945, 41.501137395322004 ], [ -91.518647880675047, 41.501523943073586 ], [ -91.518726143181979, 41.502301777212566 ], [ -91.518992352006293, 41.502798478858402 ], [ -91.519413564453828, 41.503141076408077 ], [ -91.520614294679419, 41.503798450676882 ], [ -91.52116346444619, 41.504126137691145 ], [ -91.522004569216264, 41.504451479439744 ], [ -91.523711300210394, 41.505026373336598 ], [ -91.525780996096486, 41.505863713231548 ], [ -91.526756055633399, 41.506459347773749 ], [ -91.527266672860435, 41.506771260572876 ], [ -91.527607660978859, 41.507363997651666 ], [ -91.527652641792997, 41.507502354544528 ], [ -91.52794493946169, 41.50840142201946 ], [ -91.527955766773644, 41.508846357277605 ], [ -91.527481000524176, 41.509632984023938 ], [ -91.527065025683214, 41.509917532733056 ], [ -91.526699434241436, 41.510044054018429 ], [ -91.526442590274243, 41.510132940756137 ], [ -91.525192522440605, 41.510253789356639 ], [ -91.524218749810046, 41.510379342899668 ], [ -91.522718038795233, 41.510448495116378 ], [ -91.521874544676194, 41.51040851264667 ], [ -91.520528892236555, 41.510349097397409 ], [ -91.519995009433856, 41.51052223942667 ], [ -91.519448094321561, 41.511075825312496 ], [ -91.516887753896498, 41.511049593519829 ], [ -91.512210326028978, 41.51099809139501 ], [ -91.512131053247998, 41.510997217890854 ], [ -91.507407441275731, 41.510991128874778 ], [ -91.507306136651593, 41.510990888652458 ], [ -91.50260455995884, 41.510983967058863 ], [ -91.502481222205461, 41.510984358264594 ], [ -91.497748365667803, 41.510961061663757 ], [ -91.497655971706493, 41.510961105576357 ], [ -91.492892174220685, 41.510937943545436 ], [ -91.492830724109311, 41.510937643133957 ], [ -91.488009600367548, 41.510934777948712 ], [ -91.483188475894281, 41.510931710987329 ], [ -91.478695633605071, 41.510942841047587 ], [ -91.478666277141343, 41.510942913633095 ], [ -91.47387604250558, 41.510954586322207 ], [ -91.473846687228928, 41.510954657706058 ], [ -91.469052072950831, 41.510936461027178 ], [ -91.469011997470687, 41.510936403359224 ], [ -91.464205827722324, 41.510929317972327 ], [ -91.464136749599689, 41.510929431923479 ], [ -91.459399259548817, 41.510937209311827 ], [ -91.459270956810542, 41.510937416986252 ], [ -91.454592712843365, 41.510944905910328 ], [ -91.45450252822809, 41.510944845444264 ], [ -91.4497270215832, 41.510941578143601 ], [ -91.44956109918769, 41.510941460593187 ], [ -91.444861292512257, 41.510938045110635 ], [ -91.444745621934061, 41.510937958479772 ], [ -91.440036363232579, 41.510905514474928 ], [ -91.440001401540684, 41.510905229774984 ], [ -91.435262205597908, 41.510866570619193 ], [ -91.435189693949255, 41.510866192612205 ], [ -91.430403544665367, 41.510841184589701 ], [ -91.430329832628743, 41.510840797376645 ], [ -91.425675448648093, 41.51082313219149 ], [ -91.425495243774421, 41.510821953099388 ], [ -91.420761134252757, 41.510779889038716 ], [ -91.420607821750252, 41.510778741561943 ], [ -91.415985148783733, 41.510744050819376 ], [ -91.415719348264005, 41.510741595757779 ], [ -91.410989073490839, 41.510697813745665 ], [ -91.410766814298185, 41.510695751539302 ], [ -91.406265430186338, 41.510653651131918 ], [ -91.405870420441516, 41.510650217769509 ], [ -91.401442987858843, 41.510607960313848 ], [ -91.401027522206149, 41.510603986276422 ], [ -91.396609144230894, 41.510579294681428 ], [ -91.396129709343683, 41.510576605281095 ], [ -91.391778233253532, 41.510542629261629 ], [ -91.391239528099774, 41.510538411790719 ], [ -91.386952898071272, 41.510498395449872 ], [ -91.386466825940104, 41.510493847899511 ], [ -91.382130854639755, 41.510455785001682 ], [ -91.381763356090872, 41.510452551311126 ], [ -91.377345240019039, 41.510411632401812 ], [ -91.377040848550891, 41.51040880738222 ], [ -91.37252418786781, 41.510359430094972 ], [ -91.37228042299742, 41.510356760682875 ], [ -91.367667472148085, 41.510287426304316 ], [ -91.367693876198331, 41.50666965910321 ], [ -91.367731237100969, 41.503075012904503 ], [ -91.367769036716069, 41.499437490036527 ], [ -91.367813747116145, 41.495821048434351 ], [ -91.367827553080929, 41.492189476809074 ], [ -91.367841357539902, 41.488557900811813 ], [ -91.367875276541639, 41.484920798062255 ], [ -91.367909192992343, 41.481283690971964 ], [ -91.367909111914983, 41.481193122006914 ], [ -91.36790591711636, 41.477620575377671 ], [ -91.367936554758501, 41.473987879300942 ], [ -91.367964482054489, 41.470361956282957 ], [ -91.367992407505938, 41.466736028107434 ], [ -91.367993970327035, 41.463116238738223 ], [ -91.368030658288532, 41.459473683713462 ], [ -91.368047793565893, 41.455841443508305 ], [ -91.368096407085517, 41.452199167586343 ], [ -91.36811137387528, 41.448593549699957 ], [ -91.368150949738776, 41.444945588319698 ], [ -91.36821189140457, 41.441272406284824 ], [ -91.368261106545589, 41.437644177702538 ], [ -91.368289148299922, 41.434124131726144 ], [ -91.368332470041992, 41.430401140284246 ], [ -91.368404851221086, 41.426736216883647 ], [ -91.368491234404388, 41.423150638779617 ], [ -91.373277894094883, 41.423178625851115 ], [ -91.378140575415827, 41.423206854964647 ], [ -91.38300578237731, 41.423268916403124 ], [ -91.387842246394371, 41.423330407782785 ], [ -91.392644575333435, 41.423339215298469 ], [ -91.397447557722273, 41.423347823408228 ], [ -91.402251478284086, 41.423356233597254 ], [ -91.407086427438841, 41.423364497185567 ], [ -91.411895438507514, 41.423420975031952 ], [ -91.41672639501347, 41.423430584253119 ], [ -91.421612372970102, 41.423435671580442 ], [ -91.426357475125883, 41.42345398186275 ], [ -91.431158928215297, 41.423478583295207 ], [ -91.436018197046366, 41.423496911447799 ], [ -91.440856070335315, 41.423512827361527 ], [ -91.443262639116469, 41.423519633111553 ], [ -91.445660188905791, 41.423526364396743 ], [ -91.446757090889747, 41.423542865721359 ], [ -91.447018921464817, 41.423546939662252 ], [ -91.450521797157208, 41.423601387130141 ], [ -91.453613592625246, 41.423634343317971 ], [ -91.454998270738002, 41.423649075741018 ], [ -91.455326390888331, 41.423652564770975 ], [ -91.459723266918814, 41.423699130100985 ], [ -91.46007096857123, 41.423702860425806 ], [ -91.460364892390814, 41.423705970124189 ], [ -91.4620950536073, 41.423724258062059 ], [ -91.463573728364665, 41.423739867158986 ], [ -91.46481555354147, 41.423752961291214 ], [ -91.469539763527578, 41.423817487565408 ], [ -91.47202521760768, 41.423851357620414 ], [ -91.474094780456667, 41.423879519045002 ], [ -91.474263984050509, 41.423881819840751 ], [ -91.474899339614282, 41.423878613940964 ], [ -91.479077070336231, 41.423857299127555 ], [ -91.483998368397025, 41.423832018844628 ], [ -91.484052567352222, 41.427385727195457 ], [ -91.484061789377577, 41.427990380914679 ], [ -91.48510097748526, 41.428665487951136 ], [ -91.485693672316813, 41.429347234121671 ], [ -91.485926303436642, 41.429727623246706 ], [ -91.48597223250502, 41.430266329740384 ], [ -91.486033205211626, 41.43091944019438 ], [ -91.486282068218159, 41.431623644215186 ], [ -91.486787011335849, 41.432904156301205 ], [ -91.487234926602014, 41.433778665286425 ], [ -91.48769255656984, 41.434604589517853 ], [ -91.488525495711471, 41.436146758320938 ], [ -91.488789937364217, 41.436694649426727 ], [ -91.489190905309997, 41.437845073488596 ], [ -91.489443519228047, 41.438341783207854 ], [ -91.490789959117109, 41.440459237497976 ], [ -91.491436020741546, 41.441086083999934 ], [ -91.492846419083747, 41.441968719024096 ], [ -91.493555954991493, 41.442394445956289 ], [ -91.496068125593567, 41.443688330152817 ], [ -91.49833325707985, 41.445221219660453 ], [ -91.498392562804653, 41.445257398919637 ], [ -91.498985587567503, 41.445619156773212 ], [ -91.500154288330364, 41.446332070310895 ], [ -91.501407377084348, 41.447220015787721 ], [ -91.502595364615459, 41.448552889511959 ], [ -91.502802658899128, 41.44925403511953 ], [ -91.502819001265976, 41.449309310462347 ], [ -91.502720094430629, 41.450378101860402 ], [ -91.502101785433894, 41.451492284431147 ] ], [ [ -91.435017736145525, 41.496043349322214 ], [ -91.435027867431643, 41.494948298625566 ], [ -91.435210360944239, 41.494950454712246 ], [ -91.435232302942609, 41.492578258781272 ], [ -91.435244994162417, 41.491206020520096 ], [ -91.435245629701427, 41.491137409422336 ], [ -91.435275115418364, 41.489037871370151 ], [ -91.435276278587978, 41.488900648971878 ], [ -91.435277429752588, 41.488763427255122 ], [ -91.435288537746644, 41.487300264053019 ], [ -91.435291844633809, 41.48686664211899 ], [ -91.43529498534572, 41.486454974757336 ], [ -91.435293861649484, 41.486124957699737 ], [ -91.435293316806124, 41.485965082418637 ], [ -91.435299495944122, 41.485267446759039 ], [ -91.435364670065894, 41.481733182912549 ], [ -91.435367281356278, 41.481654259937237 ], [ -91.43547673712537, 41.481655632052068 ], [ -91.435478198748569, 41.481554201339797 ], [ -91.435519238382341, 41.478861474387521 ], [ -91.436435184519851, 41.478869364347297 ], [ -91.438030518254109, 41.478841920046207 ], [ -91.439663956150795, 41.478707742191929 ], [ -91.439696710477008, 41.478045264335279 ], [ -91.439712245801033, 41.477731047128493 ], [ -91.440215231884324, 41.477529509703189 ], [ -91.440255647448041, 41.476711938106973 ], [ -91.439752668953858, 41.476913476675719 ], [ -91.439753481900766, 41.476897021370618 ], [ -91.439636709841338, 41.476896019088876 ], [ -91.439633962317316, 41.477077143212355 ], [ -91.43939677177454, 41.477075107553254 ], [ -91.437957206582198, 41.477422294259817 ], [ -91.437839053560026, 41.477511858429196 ], [ -91.437430188294414, 41.477519320033018 ], [ -91.437003401993579, 41.477504669499019 ], [ -91.436653397617619, 41.477482446323876 ], [ -91.435431248913332, 41.477452708315873 ], [ -91.435422793131806, 41.4780056684058 ], [ -91.430598990102041, 41.477959684098352 ], [ -91.428167831250292, 41.477938753732005 ], [ -91.426241137912228, 41.477923521997575 ], [ -91.426054581500239, 41.47792204633911 ], [ -91.425893763141218, 41.47792077349802 ], [ -91.425876220913977, 41.477920634510276 ], [ -91.425858545367504, 41.477920507539693 ], [ -91.425725326227308, 41.477921891093629 ], [ -91.425742385142286, 41.476926690916635 ], [ -91.42554317189078, 41.476925769153624 ], [ -91.423545618676798, 41.476916512773123 ], [ -91.420906722200925, 41.476904231817315 ], [ -91.420889457436587, 41.477884186631741 ], [ -91.420860781065642, 41.480410966134528 ], [ -91.420856151088088, 41.480818968901744 ], [ -91.420849073692054, 41.481442556951798 ], [ -91.42084805232912, 41.481532476082741 ], [ -91.415967437277146, 41.481494530718514 ], [ -91.415965397639582, 41.481593679776772 ], [ -91.415917795169321, 41.485131142679663 ], [ -91.415867594326386, 41.488760303379287 ], [ -91.415858310730925, 41.489376159116269 ], [ -91.415856858536586, 41.489516283299174 ], [ -91.4158179105861, 41.49237343792479 ], [ -91.420774290450623, 41.492435729739803 ], [ -91.421770636849701, 41.492448231003358 ], [ -91.423260841618443, 41.492466912747069 ], [ -91.423282683958547, 41.492467186908989 ], [ -91.423304560914261, 41.493438680382681 ], [ -91.423313397710032, 41.4939871579463 ], [ -91.425040780668269, 41.493988819756112 ], [ -91.42502909608595, 41.495086509998231 ], [ -91.425494076402885, 41.495087008489257 ], [ -91.425495892634501, 41.493989215212743 ], [ -91.425496802300884, 41.493439249379939 ], [ -91.425566739007053, 41.493439154402601 ], [ -91.425681160201989, 41.493438998768589 ], [ -91.425680451670985, 41.492472200215552 ], [ -91.425897386445911, 41.492474400602653 ], [ -91.427836665974311, 41.492494042363809 ], [ -91.428631605996927, 41.492502085496056 ], [ -91.43043719965722, 41.492528982678998 ], [ -91.430434463476033, 41.492926928923943 ], [ -91.430433331858879, 41.49309159546462 ], [ -91.430430818881717, 41.49345712942236 ], [ -91.430429310812201, 41.493676685392018 ], [ -91.430427800338066, 41.493896241306153 ], [ -91.430426291051049, 41.49411579722895 ], [ -91.430424782951135, 41.494335353160423 ], [ -91.430423273615304, 41.494554909957863 ], [ -91.430420112953939, 41.495014632031335 ], [ -91.430416918920301, 41.495479267537199 ], [ -91.43041399847192, 41.495904108845131 ], [ -91.431240392230762, 41.495948408717794 ], [ -91.431532257209824, 41.495964047021864 ], [ -91.43249934568783, 41.496015879357167 ], [ -91.432734072198798, 41.496018463062036 ], [ -91.435017736145525, 41.496043349322214 ] ] ] ] } },
{ "type": "Feature", "properties": { "OBJECTID": 4, "NAME": "Lone Tree", "Shape_Area": 29616440.960509378 }, "geometry": { "type": "MultiPolygon", "coordinates": [ [ [ [ -91.43249934568783, 41.496015879357167 ], [ -91.431532257209824, 41.495964047021864 ], [ -91.431240392230762, 41.495948408717794 ], [ -91.43041399847192, 41.495904108845131 ], [ -91.430416918920301, 41.495479267537199 ], [ -91.430420112953939, 41.495014632031335 ], [ -91.430423273615304, 41.494554909957863 ], [ -91.430424782951135, 41.494335353160423 ], [ -91.430426291051049, 41.49411579722895 ], [ -91.430427800338066, 41.493896241306153 ], [ -91.430429310812201, 41.493676685392018 ], [ -91.430430818881717, 41.49345712942236 ], [ -91.430433331858879, 41.49309159546462 ], [ -91.430434463476033, 41.492926928923943 ], [ -91.430437197262748, 41.492528982636173 ], [ -91.428631605996927, 41.492502085496056 ], [ -91.427836665974311, 41.492494042363809 ], [ -91.425897386445911, 41.492474400602653 ], [ -91.425680451670985, 41.492472200215552 ], [ -91.425681160201989, 41.493438998768589 ], [ -91.425566739007053, 41.493439154402601 ], [ -91.425496802300884, 41.493439249379939 ], [ -91.425495892663065, 41.493989214312592 ], [ -91.425494076402885, 41.495087008489257 ], [ -91.42502909608595, 41.495086509998231 ], [ -91.425040780668269, 41.493988819756112 ], [ -91.423313397710032, 41.4939871579463 ], [ -91.423304560914261, 41.493438680382681 ], [ -91.423282683958547, 41.492467186908989 ], [ -91.423260841618443, 41.492466912747069 ], [ -91.421770636849701, 41.492448231003358 ], [ -91.420774290450623, 41.492435729739803 ], [ -91.4158179105861, 41.49237343792479 ], [ -91.415856858536586, 41.489516283299174 ], [ -91.415858310730925, 41.489376159116269 ], [ -91.415867594326386, 41.488760303379287 ], [ -91.415917795169321, 41.485131142679663 ], [ -91.415965397639582, 41.481593679776772 ], [ -91.415967437277146, 41.481494530718514 ], [ -91.42084805232912, 41.481532476082741 ], [ -91.420849073692054, 41.481442556951798 ], [ -91.420856151088088, 41.480818968901744 ], [ -91.420860781065642, 41.480410966134528 ], [ -91.420889457436587, 41.477884186631741 ], [ -91.420906722200925, 41.476904231817315 ], [ -91.423545618676798, 41.476916512773123 ], [ -91.42554317189078, 41.476925769153624 ], [ -91.425742385142286, 41.476926690916635 ], [ -91.425742370961729, 41.476927515685887 ], [ -91.425725326227308, 41.477921891093629 ], [ -91.425858545367504, 41.477920507539693 ], [ -91.425876220913977, 41.477920634510276 ], [ -91.425893763141218, 41.47792077349802 ], [ -91.426054581500239, 41.47792204633911 ], [ -91.426241137912228, 41.477923521997575 ], [ -91.428167831250292, 41.477938753732005 ], [ -91.430598990102041, 41.477959684098352 ], [ -91.435422793131806, 41.4780056684058 ], [ -91.435431248913332, 41.477452708315873 ], [ -91.436653397617619, 41.477482446323876 ], [ -91.437003401993579, 41.477504669499019 ], [ -91.437430188294414, 41.477519320033018 ], [ -91.437839053560026, 41.477511858429196 ], [ -91.437957206582198, 41.477422294259817 ], [ -91.43939677177454, 41.477075107553254 ], [ -91.439633962317316, 41.477077143212355 ], [ -91.439636709841338, 41.476896019088876 ], [ -91.439753481900766, 41.476897021370618 ], [ -91.439752668953858, 41.476913476675719 ], [ -91.440255647448041, 41.476711938106973 ], [ -91.440215231884324, 41.477529509703189 ], [ -91.439712245801033, 41.477731047128493 ], [ -91.439696710477008, 41.478045264335279 ], [ -91.439663956150795, 41.478707742191929 ], [ -91.438030518254109, 41.478841920046207 ], [ -91.436435184519851, 41.478869364347297 ], [ -91.435519238382341, 41.478861474387521 ], [ -91.435478199945607, 41.481554201361213 ], [ -91.43547673712537, 41.481655632052068 ], [ -91.435367281356278, 41.481654259937237 ], [ -91.435364670065894, 41.481733182912549 ], [ -91.435299495944122, 41.485267446759039 ], [ -91.435299486943919, 41.485268452654104 ], [ -91.435293316806124, 41.485965082418637 ], [ -91.435293861649484, 41.486124957699737 ], [ -91.43529498534572, 41.486454974757336 ], [ -91.435291844633809, 41.48686664211899 ], [ -91.435288537746644, 41.487300264053019 ], [ -91.435277429752588, 41.488763427255122 ], [ -91.435276278587978, 41.488900648971878 ], [ -91.435275115418364, 41.489037871370151 ], [ -91.435245629701427, 41.491137409422336 ], [ -91.435244994162417, 41.491206020520096 ], [ -91.435232302942609, 41.492578258781272 ], [ -91.435210360944239, 41.494950454712246 ], [ -91.435027867431643, 41.494948298625566 ], [ -91.435017736145525, 41.496043349322214 ], [ -91.432734072198798, 41.496018463062036 ], [ -91.43249934568783, 41.496015879357167 ] ] ] ] } },
{ "type": "Feature", "properties": { "OBJECTID": 5, "NAME": "West Lucas Twp", "Shape_Area": 181930243.05386773 }, "geometry": { "type": "MultiPolygon", "coordinates": [ [ [ [ -91.53766611997878, 41.624078423815483 ], [ -91.537476422821058, 41.622970380535961 ], [ -91.536454283875443, 41.621562028766888 ], [ -91.535437543485401, 41.620859798186871 ], [ -91.535132072257937, 41.620434494198065 ], [ -91.534959623087147, 41.619738730155476 ], [ -91.535539593521449, 41.617911802653971 ], [ -91.536720071542703, 41.615783441756392 ], [ -91.536516629976276, 41.615188339572597 ], [ -91.535707286553134, 41.614510658324541 ], [ -91.534567535117191, 41.614242184911589 ], [ -91.53341403261777, 41.614430356568938 ], [ -91.531948511870553, 41.615338980975736 ], [ -91.531074371850437, 41.616788231010176 ], [ -91.52987137738495, 41.618195573311894 ], [ -91.529040279246686, 41.618679747949336 ], [ -91.527544624757596, 41.618779211310596 ], [ -91.52646265134311, 41.618438671457952 ], [ -91.525764322582461, 41.617731912973731 ], [ -91.52561209224487, 41.616797423575008 ], [ -91.525610551941554, 41.616137739436326 ], [ -91.525965014413828, 41.615375938132495 ], [ -91.528535221301112, 41.613165202240111 ], [ -91.52969250127957, 41.612074297021145 ], [ -91.53028604209446, 41.611180835831242 ], [ -91.530342213801035, 41.609906190912049 ], [ -91.529736435945452, 41.608859469388179 ], [ -91.528105197373264, 41.608353375813117 ], [ -91.524919252269385, 41.609495000179642 ], [ -91.523872110521367, 41.609470472945951 ], [ -91.522923943975769, 41.609072599749332 ], [ -91.522370849915944, 41.608494336416527 ], [ -91.522405693679019, 41.607724758075214 ], [ -91.522696073622384, 41.606321234110851 ], [ -91.522424602135104, 41.604525738114525 ], [ -91.522333378614647, 41.603684111836799 ], [ -91.521494161500144, 41.602168292306317 ], [ -91.521352229339954, 41.601594503938749 ], [ -91.521749955165916, 41.600737603188819 ], [ -91.522266290072494, 41.600055462772161 ], [ -91.523844592926707, 41.599378149426542 ], [ -91.526129860254997, 41.598946316194287 ], [ -91.526816439876129, 41.59856558356649 ], [ -91.527124622395377, 41.598568295708844 ], [ -91.527364866223621, 41.598570409783278 ], [ -91.530885860722009, 41.598601326493764 ], [ -91.531935097985439, 41.598610519069155 ], [ -91.53435595627866, 41.598631692460991 ], [ -91.535437409658854, 41.598641135007732 ], [ -91.535980139675175, 41.598645868886955 ], [ -91.536776817341078, 41.598652815300142 ], [ -91.538671518330034, 41.598669311404265 ], [ -91.539040045458023, 41.598672516968549 ], [ -91.540632105668877, 41.598686348426774 ], [ -91.541053154668504, 41.598690003364837 ], [ -91.541285459861271, 41.598692019203916 ], [ -91.541794107152512, 41.598696014630512 ], [ -91.545933306240087, 41.598722024760214 ], [ -91.546391456718979, 41.598724894476369 ], [ -91.54647737290982, 41.5987254323963 ], [ -91.547492345328095, 41.598747473334278 ], [ -91.548511975007713, 41.598756258222778 ], [ -91.550813495388226, 41.598752501067025 ], [ -91.55118448363622, 41.598754809671306 ], [ -91.552347911987809, 41.598762040678849 ], [ -91.553154900885716, 41.598767049275786 ], [ -91.553559133714373, 41.598769556663918 ], [ -91.554382059427127, 41.59877465599083 ], [ -91.555634102700964, 41.598782403378159 ], [ -91.556026057855732, 41.598784825834215 ], [ -91.560480129878442, 41.59881175061652 ], [ -91.560600771477382, 41.598813002472937 ], [ -91.560879164665721, 41.598814710145582 ], [ -91.565289962868803, 41.598850978455211 ], [ -91.565745753452333, 41.598854716596556 ], [ -91.570076487518577, 41.598890145230698 ], [ -91.570556175627416, 41.598894058906829 ], [ -91.574864618070123, 41.598929127374994 ], [ -91.575109604792061, 41.598931115842575 ], [ -91.575533842907859, 41.598934559720817 ], [ -91.577084692135713, 41.598947134571219 ], [ -91.577388140365599, 41.598949592986941 ], [ -91.579762613187896, 41.598968799172511 ], [ -91.580071407935776, 41.598971293224487 ], [ -91.584527874547632, 41.599006245470996 ], [ -91.585110046293678, 41.599010798595764 ], [ -91.585072747996435, 41.602642772037335 ], [ -91.584979535495293, 41.606284752904216 ], [ -91.584896631690867, 41.609896458741446 ], [ -91.584734852804033, 41.613468214993055 ], [ -91.584728584153282, 41.61364555563307 ], [ -91.58463703219924, 41.617189720106602 ], [ -91.584618532049916, 41.617926020473107 ], [ -91.584560172929315, 41.620829973441708 ], [ -91.58451895881646, 41.622880646096874 ], [ -91.584477900342819, 41.624420333504567 ], [ -91.584406819660543, 41.626663345340248 ], [ -91.584391980141874, 41.627131624633606 ], [ -91.58437800669833, 41.627572521770709 ], [ -91.584363359968819, 41.628034710630672 ], [ -91.584216973683084, 41.63165818147688 ], [ -91.584070007574283, 41.635295606245727 ], [ -91.583985577269033, 41.638944798311535 ], [ -91.58398005446341, 41.639148586198232 ], [ -91.583908024982378, 41.641805735515547 ], [ -91.583888348323711, 41.642531126366777 ], [ -91.579040270976577, 41.642493389143205 ], [ -91.578395702960265, 41.642485797181394 ], [ -91.576353870958968, 41.642449367589393 ], [ -91.574238122928975, 41.640947678132882 ], [ -91.574281058552216, 41.63949066968685 ], [ -91.574288865999776, 41.639225722819802 ], [ -91.574290736932028, 41.639162176660712 ], [ -91.574290737224317, 41.639162166758901 ], [ -91.57312108727757, 41.639144497270571 ], [ -91.573117778256517, 41.638774206583335 ], [ -91.572783928994781, 41.638406514137451 ], [ -91.572621581986894, 41.6381975212798 ], [ -91.573147239704781, 41.638212731683389 ], [ -91.573147589957046, 41.63821274200702 ], [ -91.573162239703535, 41.637936792589834 ], [ -91.573176796151159, 41.637662575262603 ], [ -91.573213183157208, 41.636977132643132 ], [ -91.572155865584577, 41.637084169228643 ], [ -91.572127582872099, 41.636920880384153 ], [ -91.572124608041875, 41.636921163242938 ], [ -91.572115580023535, 41.636921818268412 ], [ -91.572111053820052, 41.636922030300667 ], [ -91.572106521478034, 41.636922165679266 ], [ -91.572105387551716, 41.636922187351757 ], [ -91.572092917725712, 41.636922108791225 ], [ -91.572091784301833, 41.636922072833201 ], [ -91.572058835478472, 41.636918879798138 ], [ -91.572027045875942, 41.636911639023658 ], [ -91.571997292708858, 41.63690055031465 ], [ -91.571970396996562, 41.636885919657225 ], [ -91.571947100907295, 41.6368681507752 ], [ -91.571928047278476, 41.63684773398942 ], [ -91.571914185952778, 41.636826066856528 ], [ -91.571905114129521, 41.636803017359398 ], [ -91.571901064578284, 41.63677917692705 ], [ -91.571902141201193, 41.636755157282529 ], [ -91.571908316367555, 41.636731574746726 ], [ -91.571919431623343, 41.636709034423987 ], [ -91.572118530109449, 41.636387157370642 ], [ -91.572118932326717, 41.636386505716317 ], [ -91.572863797955733, 41.636646479557889 ], [ -91.573172495727533, 41.636149547198244 ], [ -91.573423882211813, 41.636237016221003 ], [ -91.573431713274346, 41.636084271360836 ], [ -91.573447179340732, 41.63578261223698 ], [ -91.573462644010959, 41.635480954863318 ], [ -91.573471433557629, 41.635316803519309 ], [ -91.57348028343722, 41.635144753060757 ], [ -91.573499370196103, 41.634702041770439 ], [ -91.573518108479064, 41.634267423775349 ], [ -91.57438296461936, 41.634277669194041 ], [ -91.574511441511362, 41.634279191464508 ], [ -91.574725946005074, 41.62979718208075 ], [ -91.574860210462717, 41.6297192964876 ], [ -91.574890598860975, 41.62902749949572 ], [ -91.574891467756174, 41.629007691573342 ], [ -91.574668694321232, 41.629016502366689 ], [ -91.574667990627248, 41.62904222191208 ], [ -91.574490700011211, 41.629139145664922 ], [ -91.574430120397835, 41.629159866607225 ], [ -91.574011523730874, 41.629303041528139 ], [ -91.573818544376081, 41.629377448868162 ], [ -91.573627580440046, 41.629454728119455 ], [ -91.573438707839273, 41.629534848562884 ], [ -91.57325461089053, 41.629616377500142 ], [ -91.573072683743362, 41.629700603822151 ], [ -91.572889105595067, 41.629789608721531 ], [ -91.572707946761369, 41.629881361839189 ], [ -91.572708706414858, 41.630011210447911 ], [ -91.572514815343339, 41.630108638943419 ], [ -91.572323753012043, 41.630209164210157 ], [ -91.572138764056461, 41.630319529818038 ], [ -91.571957012923278, 41.630432883378624 ], [ -91.571882195226522, 41.630483520340633 ], [ -91.571262531264779, 41.630902850963061 ], [ -91.57116498085189, 41.630968862690025 ], [ -91.570656292956372, 41.631326000596495 ], [ -91.570554814427325, 41.631397259130416 ], [ -91.570554803895092, 41.631397249949053 ], [ -91.570442176239993, 41.631302774903006 ], [ -91.570336877525421, 41.631203656193421 ], [ -91.570239247209415, 41.631100213387207 ], [ -91.570149600021878, 41.63099277999094 ], [ -91.570068224950276, 41.630881702375497 ], [ -91.569995384308186, 41.630767338659211 ], [ -91.569931312890049, 41.630650057552913 ], [ -91.569876217214713, 41.630530237171314 ], [ -91.569830274860038, 41.630408263813607 ], [ -91.569793633891138, 41.630284530718043 ], [ -91.569766412383515, 41.630159436794017 ], [ -91.569748698043099, 41.630033385335878 ], [ -91.569740547924198, 41.629906782722671 ], [ -91.569814684661736, 41.627871308924512 ], [ -91.56981468495465, 41.627871299022686 ], [ -91.569693999005011, 41.627869651603 ], [ -91.568296196164454, 41.627850554551721 ], [ -91.567316749119485, 41.627837162319608 ], [ -91.564966391667298, 41.627804993881917 ], [ -91.564962242540119, 41.62780493723438 ], [ -91.563345975355389, 41.62778278934244 ], [ -91.561571039424919, 41.627759018720752 ], [ -91.563488204289428, 41.62971225988597 ], [ -91.564961283041114, 41.631650894347722 ], [ -91.563485477907179, 41.631627485526678 ], [ -91.563485471934797, 41.631627484526298 ], [ -91.560724359511426, 41.631583638653353 ], [ -91.56010589050031, 41.631573807693123 ], [ -91.559985204506276, 41.631571889095206 ], [ -91.559981371224481, 41.631690797213487 ], [ -91.559762471298882, 41.631613984318513 ], [ -91.559540055846952, 41.631543083677961 ], [ -91.559314408447094, 41.631478185686582 ], [ -91.559085816795559, 41.63141937308577 ], [ -91.558854572339911, 41.631366720858175 ], [ -91.558620969907608, 41.631320296132202 ], [ -91.558385307330326, 41.631280158096338 ], [ -91.558147885064486, 41.631246357923885 ], [ -91.557909005808483, 41.631218938707754 ], [ -91.557668974116964, 41.631197935405417 ], [ -91.557428096012799, 41.631183374794574 ], [ -91.557186678597276, 41.631175275438871 ], [ -91.556945029658706, 41.631173647664319 ], [ -91.556703457280449, 41.631178493546152 ], [ -91.556462269448261, 41.631189806906143 ], [ -91.555186563194795, 41.631266918779325 ], [ -91.55518172005435, 41.631404874964829 ], [ -91.555176878093192, 41.631542831164332 ], [ -91.555146583480578, 41.632405885525962 ], [ -91.555366635846241, 41.632392584052923 ], [ -91.55658355790726, 41.632319027175861 ], [ -91.556804117090962, 41.632309188702664 ], [ -91.557025032444102, 41.632306311226664 ], [ -91.557245913841982, 41.632310399829414 ], [ -91.557466371219917, 41.632321447290686 ], [ -91.557686015261538, 41.632339434101219 ], [ -91.557904458086043, 41.632364328497239 ], [ -91.558121313932787, 41.632396086516373 ], [ -91.558336199842103, 41.632434652075354 ], [ -91.558548736331346, 41.632479957068924 ], [ -91.558758548064631, 41.63253192149012 ], [ -91.558965264515393, 41.63259045357146 ], [ -91.559168520620389, 41.632655449946974 ], [ -91.559367957424229, 41.632726795834451 ], [ -91.559563222712882, 41.632804365238364 ], [ -91.559753971635615, 41.632888021171986 ], [ -91.559939867313744, 41.632977615899293 ], [ -91.5599197881957, 41.633600597454226 ], [ -91.559919788061876, 41.633600601954996 ], [ -91.55991040236799, 41.633891410799542 ], [ -91.559875156056663, 41.634932621321276 ], [ -91.559843542817489, 41.635866520032174 ], [ -91.559721638391039, 41.63589840143004 ], [ -91.554976692006989, 41.637139262414927 ], [ -91.553180639119361, 41.637605949507694 ], [ -91.551887426802708, 41.637475171423922 ], [ -91.551887418403211, 41.637475171282794 ], [ -91.550166933081186, 41.636585274008993 ], [ -91.549383623350494, 41.636180046472063 ], [ -91.549321095465331, 41.636142812764177 ], [ -91.549264347325988, 41.63610069004806 ], [ -91.549214054549395, 41.636054179825742 ], [ -91.549170815892765, 41.63600383583465 ], [ -91.549135146125352, 41.635950257454645 ], [ -91.549107469900292, 41.635894082571696 ], [ -91.549088116699593, 41.635835979983256 ], [ -91.549077316912275, 41.635776641435534 ], [ -91.549075199092542, 41.635716773387692 ], [ -91.549105885260559, 41.634912740188994 ], [ -91.549171219443821, 41.631901435430471 ], [ -91.54919329967926, 41.631331054365766 ], [ -91.545516598331687, 41.631317521904748 ], [ -91.544713285397776, 41.631316092275945 ], [ -91.544719788122407, 41.630701254652912 ], [ -91.543457889753313, 41.630690119398409 ], [ -91.543329872409885, 41.630688990033718 ], [ -91.54272286573125, 41.630684011258047 ], [ -91.542722827337641, 41.630684010609883 ], [ -91.542452047430004, 41.63068153175994 ], [ -91.542297329631097, 41.630680114318857 ], [ -91.542297291237475, 41.630680113670515 ], [ -91.542369421471633, 41.63059489262649 ], [ -91.542602074562453, 41.630289276604394 ], [ -91.542734557364881, 41.630103904826761 ], [ -91.542884240058882, 41.629870903431005 ], [ -91.542978430052912, 41.629713943209779 ], [ -91.543057154740524, 41.629576082338836 ], [ -91.543153794903219, 41.629401957115249 ], [ -91.543250890501341, 41.629206784056002 ], [ -91.54334844751628, 41.628997285437556 ], [ -91.543461287101479, 41.62871973222412 ], [ -91.543586372747299, 41.628355116102945 ], [ -91.543649545402332, 41.628155707405092 ], [ -91.543693128305264, 41.627973898404306 ], [ -91.543746014654715, 41.627731922368177 ], [ -91.543763575625377, 41.627651574149603 ], [ -91.543825138201186, 41.627154129552238 ], [ -91.543732664965546, 41.627152606920234 ], [ -91.542702091850018, 41.627135639106726 ], [ -91.54273312193331, 41.626668247119845 ], [ -91.542745436138574, 41.626525508635403 ], [ -91.543761742272252, 41.626547314028087 ], [ -91.54383860764041, 41.625919712270608 ], [ -91.543863715868852, 41.625535775411166 ], [ -91.543915528588172, 41.625536456974963 ], [ -91.544035122684647, 41.625538030931637 ], [ -91.544075034525719, 41.624935803397683 ], [ -91.544056768355645, 41.624935121441744 ], [ -91.544060219873828, 41.624883043109513 ], [ -91.544061491171547, 41.62486385625526 ], [ -91.544109700986326, 41.624121117822561 ], [ -91.544120898997463, 41.623948586883571 ], [ -91.544734276448906, 41.623932133108553 ], [ -91.54477123049476, 41.623931141614008 ], [ -91.546221947514923, 41.623892214647135 ], [ -91.546198421833608, 41.623398541772588 ], [ -91.544767135716612, 41.623430515452078 ], [ -91.544153636673713, 41.623444215898616 ], [ -91.544251346269647, 41.621938787935726 ], [ -91.54425956750292, 41.621806846018849 ], [ -91.544166446394897, 41.621806328573165 ], [ -91.544189747375555, 41.621361433197073 ], [ -91.544195938746213, 41.620916218457324 ], [ -91.544185015767098, 41.620471054424094 ], [ -91.544157015932356, 41.62002666401343 ], [ -91.544111961896689, 41.619583063801052 ], [ -91.544049892154902, 41.619140622763588 ], [ -91.543970856074779, 41.618699707351787 ], [ -91.54387492221214, 41.618260684333563 ], [ -91.543620682193264, 41.617328592809649 ], [ -91.542512576769852, 41.61329028577039 ], [ -91.541169359604595, 41.613277712527157 ], [ -91.537920964277632, 41.613261149466005 ], [ -91.538139606809651, 41.615907534669617 ], [ -91.541120111404524, 41.615917795314871 ], [ -91.541094296255935, 41.617302095107654 ], [ -91.541035654655104, 41.62044628102776 ], [ -91.541001570866158, 41.621788683970074 ], [ -91.540934574105208, 41.623695205271588 ], [ -91.540920867231577, 41.624086073063303 ], [ -91.538369229309851, 41.624080082264825 ], [ -91.538296078096707, 41.624079909794581 ], [ -91.538090430395044, 41.624079424929832 ], [ -91.53766611997878, 41.624078423815483 ] ] ] ] } },
{ "type": "Feature", "properties": { "OBJECTID": 6, "NAME": "Shueyville", "Shape_Area": 51950912.247240238 }, "geometry": { "type": "MultiPolygon", "coordinates": [ [ [ [ -91.65604519159362, 41.858717407450378 ], [ -91.65604071435078, 41.858248238662981 ], [ -91.651997885803723, 41.858191994136476 ], [ -91.651130558366575, 41.858180094878207 ], [ -91.646473114525378, 41.858116084703006 ], [ -91.646289521889926, 41.858113558594781 ], [ -91.64623467039074, 41.854934124567102 ], [ -91.646051083169709, 41.854932061812065 ], [ -91.645427238797794, 41.854925058556603 ], [ -91.641321035281536, 41.854878877781744 ], [ -91.641272196999822, 41.851338733060814 ], [ -91.644954879073069, 41.851376483537187 ], [ -91.646044827687817, 41.851387634210788 ], [ -91.646043073569899, 41.851297085753863 ], [ -91.645383024697153, 41.851290244847505 ], [ -91.641270925411263, 41.851248180445083 ], [ -91.641224597359184, 41.848160993241102 ], [ -91.641218495854474, 41.847754558455762 ], [ -91.641217797515921, 41.847708038813515 ], [ -91.641216438379828, 41.847617436045013 ], [ -91.641217614903951, 41.847526902619734 ], [ -91.641217922143113, 41.847480091067091 ], [ -91.641259097292277, 41.843990918538488 ], [ -91.641268249330125, 41.843359766600628 ], [ -91.641273079140888, 41.842783801703916 ], [ -91.641283046324773, 41.841595401540687 ], [ -91.641291645061244, 41.840570140022798 ], [ -91.64136176056391, 41.84031151644102 ], [ -91.64086287224616, 41.840305815810183 ], [ -91.640809814595883, 41.840305168307957 ], [ -91.636454656859968, 41.84025190530852 ], [ -91.634027391408551, 41.840251727719334 ], [ -91.633595646377231, 41.840251691257158 ], [ -91.633051205342284, 41.840251641299034 ], [ -91.632347355376055, 41.8402515752244 ], [ -91.631807391706147, 41.840251521117111 ], [ -91.631838898518808, 41.838341221082288 ], [ -91.631869334887384, 41.836495702847202 ], [ -91.631869618021938, 41.83647855230236 ], [ -91.635073394151064, 41.836478858845574 ], [ -91.63507258550878, 41.836619764292301 ], [ -91.63505935221967, 41.837197462100519 ], [ -91.635880671637963, 41.837197147818777 ], [ -91.636504779104001, 41.837196903774959 ], [ -91.636553555552624, 41.837196884913645 ], [ -91.63724045999092, 41.837196614895142 ], [ -91.637288751139266, 41.837196596055612 ], [ -91.637528279325437, 41.837197077638422 ], [ -91.637180862393251, 41.836893327422914 ], [ -91.637068777273981, 41.836792515490224 ], [ -91.636962408649211, 41.836688297390289 ], [ -91.636861941377049, 41.836580854270686 ], [ -91.636767550055438, 41.836470372883745 ], [ -91.636679398718826, 41.836357045261799 ], [ -91.63659764055329, 41.836241068383316 ], [ -91.636522417630331, 41.836122643830507 ], [ -91.636526308042804, 41.835885591455252 ], [ -91.636528952507703, 41.835724464324421 ], [ -91.636555841593136, 41.834086855521946 ], [ -91.636573818593547, 41.832991896599943 ], [ -91.637201088667808, 41.833003250255707 ], [ -91.641506762099496, 41.833081094218741 ], [ -91.6439680485406, 41.833126628569644 ], [ -91.644113750532739, 41.833129321771516 ], [ -91.644322543919472, 41.833133180252148 ], [ -91.646439763652424, 41.833172280643595 ], [ -91.648983353906047, 41.833202215172754 ], [ -91.648892673924138, 41.83687293292062 ], [ -91.648881031763395, 41.837248736283328 ], [ -91.648874882711056, 41.837518533341687 ], [ -91.648853045268595, 41.83847688402647 ], [ -91.648838984281937, 41.839220236993803 ], [ -91.648838276077043, 41.839454269649657 ], [ -91.648826193713703, 41.839949112424669 ], [ -91.648817980889646, 41.840417202670601 ], [ -91.651017604767091, 41.840454933802135 ], [ -91.652568414865726, 41.840480952658574 ], [ -91.652632503129325, 41.840482039296162 ], [ -91.653812094290444, 41.840502064106971 ], [ -91.654582613605584, 41.840515137081226 ], [ -91.654974039136292, 41.840521778041861 ], [ -91.6559143862453, 41.840537722229627 ], [ -91.656035456398513, 41.840539775485475 ], [ -91.656163146697651, 41.840536931179159 ], [ -91.656166237211323, 41.840384652053729 ], [ -91.657279205788015, 41.84039547876155 ], [ -91.657293508198407, 41.839572293365279 ], [ -91.656180976749752, 41.839561454621375 ], [ -91.65618494187396, 41.839380363527049 ], [ -91.657296657630937, 41.839391192951119 ], [ -91.657315737349862, 41.838293609419985 ], [ -91.656205505051688, 41.838282809747483 ], [ -91.65620946767325, 41.838101716727955 ], [ -91.657318886658473, 41.838112508919387 ], [ -91.657323655865468, 41.837838112713307 ], [ -91.6568770574127, 41.837833658572556 ], [ -91.656214965626944, 41.837827053796623 ], [ -91.656229224751783, 41.837004236105258 ], [ -91.65623086465861, 41.836913305470418 ], [ -91.657339767969546, 41.836911194047062 ], [ -91.657413153612396, 41.836911905834832 ], [ -91.65740656383403, 41.837291078159694 ], [ -91.658508832034144, 41.837302621181379 ], [ -91.658515659488373, 41.836909426974216 ], [ -91.660962960362369, 41.8369057758159 ], [ -91.663712620951642, 41.836901614770817 ], [ -91.664393225765551, 41.836900576160154 ], [ -91.665795857632034, 41.836921340124768 ], [ -91.66579006836335, 41.838096484644048 ], [ -91.665780398722973, 41.840059239112044 ], [ -91.665778007698336, 41.840544751272382 ], [ -91.66576779054806, 41.842883564791606 ], [ -91.66576216003601, 41.844172417117221 ], [ -91.665728677717098, 41.847893006444743 ], [ -91.658529188399228, 41.847829750943063 ], [ -91.658161721034958, 41.847826510655416 ], [ -91.658163316978872, 41.847935183804076 ], [ -91.658167572418634, 41.848222471488228 ], [ -91.65817771290746, 41.848909469272165 ], [ -91.658215198857889, 41.851446459516026 ], [ -91.658250461703616, 41.853832673313896 ], [ -91.65825289479352, 41.853997313222095 ], [ -91.658264457749354, 41.854779792414455 ], [ -91.660832583952171, 41.854817979033129 ], [ -91.662437408979386, 41.854836884767558 ], [ -91.6624423200264, 41.855187705084504 ], [ -91.662484556418761, 41.858204300428689 ], [ -91.665808088785411, 41.858215448184595 ], [ -91.66581093421307, 41.858750549117829 ], [ -91.665832169250095, 41.861553122690871 ], [ -91.660951592712806, 41.861488989063965 ], [ -91.656071024646778, 41.861424649828614 ], [ -91.65604519159362, 41.858717407450378 ] ] ] ] } },
{ "type": "Feature", "properties": { "OBJECTID": 7, "NAME": "Lincoln Twp", "Shape_Area": 683193339.21390951 }, "geometry": { "type": "MultiPolygon", "coordinates": [ [ [ [ -91.367667472148085, 41.510287426304316 ], [ -91.37228042299742, 41.510356760682875 ], [ -91.37252418786781, 41.510359430094972 ], [ -91.377040848550891, 41.51040880738222 ], [ -91.377345240019039, 41.510411632401812 ], [ -91.381763354922555, 41.51045255038909 ], [ -91.382130854639755, 41.510455785001682 ], [ -91.386466825940104, 41.510493847899511 ], [ -91.386952898071272, 41.510498395449872 ], [ -91.391239526902226, 41.510538411768927 ], [ -91.391778233253532, 41.510542629261629 ], [ -91.396129709343683, 41.510576605281095 ], [ -91.396609144230894, 41.510579294681428 ], [ -91.401027522206149, 41.510603986276422 ], [ -91.401442987858843, 41.510607960313848 ], [ -91.405870420441516, 41.510650217769509 ], [ -91.406265430186338, 41.510653651131918 ], [ -91.410766814298185, 41.510695751539302 ], [ -91.410989073490839, 41.510697813745665 ], [ -91.415719348264005, 41.510741595757779 ], [ -91.415985148755013, 41.510744051719485 ], [ -91.420607821750252, 41.510778741561943 ], [ -91.420761134252757, 41.510779889038716 ], [ -91.425495243774421, 41.510821953099388 ], [ -91.425675448648093, 41.51082313219149 ], [ -91.430329832628743, 41.510840797376645 ], [ -91.430403544665367, 41.510841184589701 ], [ -91.435189693949255, 41.510866192612205 ], [ -91.435262205597908, 41.510866570619193 ], [ -91.440001401540684, 41.510905229774984 ], [ -91.440036363232579, 41.510905514474928 ], [ -91.444745621934061, 41.510937958479772 ], [ -91.444861292512257, 41.510938045110635 ], [ -91.444841118352315, 41.514577401463505 ], [ -91.444820939579017, 41.518216753295157 ], [ -91.444791069930318, 41.521807753839155 ], [ -91.444753996870958, 41.525503421487493 ], [ -91.444742662554262, 41.5291643698651 ], [ -91.444731326968153, 41.532825314564462 ], [ -91.444737276981911, 41.536396156902534 ], [ -91.444807779537499, 41.540030703436052 ], [ -91.444803676671313, 41.543654761044685 ], [ -91.444817826002989, 41.547281390663407 ], [ -91.444832210658305, 41.550961639560562 ], [ -91.444853214330536, 41.554623023483948 ], [ -91.444878536495651, 41.558263615650866 ], [ -91.444903896448906, 41.561909190700007 ], [ -91.444924362666555, 41.565567226571886 ], [ -91.444944831205945, 41.569225257719701 ], [ -91.445016878110636, 41.572874503766251 ], [ -91.445088934239465, 41.576523746857916 ], [ -91.445143386395955, 41.580167942504957 ], [ -91.445197845802269, 41.583812135197185 ], [ -91.44523924136449, 41.587532400426753 ], [ -91.445292250006531, 41.591128854771085 ], [ -91.445347040654525, 41.594845785522608 ], [ -91.445401022145347, 41.598507535948222 ], [ -91.445378131448805, 41.598507536214399 ], [ -91.444984355085822, 41.598507524494153 ], [ -91.444951319700834, 41.598507523970866 ], [ -91.443811451556314, 41.598507474119394 ], [ -91.443745128873957, 41.598507470625904 ], [ -91.440534843361561, 41.598507275538829 ], [ -91.43919963305251, 41.598507166413796 ], [ -91.435645392456578, 41.59850680683202 ], [ -91.43415074869813, 41.598503218729888 ], [ -91.430635525611365, 41.598494703607393 ], [ -91.429326011206385, 41.598491505477725 ], [ -91.425840303444943, 41.59848291753184 ], [ -91.424477765007708, 41.598479532247396 ], [ -91.421321052963037, 41.598489289809621 ], [ -91.420694828089125, 41.598491215128526 ], [ -91.419712434482875, 41.598494228854314 ], [ -91.415660499078356, 41.598506571558211 ], [ -91.415345982927022, 41.598506233179428 ], [ -91.41534596254111, 41.598506232812639 ], [ -91.414814892821894, 41.598505659384173 ], [ -91.411838851629923, 41.598502400107769 ], [ -91.410722929388641, 41.59850115850255 ], [ -91.410698729505114, 41.5985010814763 ], [ -91.410698707891314, 41.59850108198718 ], [ -91.40997494515436, 41.598498781221949 ], [ -91.405926738529573, 41.598485820786983 ], [ -91.405115985898675, 41.598486343202325 ], [ -91.400819662317346, 41.598489013239593 ], [ -91.400306597512255, 41.598489320979731 ], [ -91.398394388938982, 41.598490444269117 ], [ -91.395969115514418, 41.598491822739255 ], [ -91.395541732146469, 41.598489974426094 ], [ -91.395297535159813, 41.598488918841014 ], [ -91.39110519583754, 41.598470696639879 ], [ -91.390621929723295, 41.598468586656161 ], [ -91.386237853593826, 41.598449814557839 ], [ -91.38580078412302, 41.598447934627863 ], [ -91.38134139870499, 41.598433379818154 ], [ -91.380937682820203, 41.598432053619547 ], [ -91.377812099475605, 41.598429605630436 ], [ -91.376342743109348, 41.598428711676142 ], [ -91.376174167332508, 41.598428607357334 ], [ -91.373836798926689, 41.598436463138434 ], [ -91.373769476142314, 41.598436993876057 ], [ -91.371245577429747, 41.598456875429726 ], [ -91.371226123722423, 41.598457028673479 ], [ -91.366565803619721, 41.598520133046236 ], [ -91.366540062695364, 41.598520647984913 ], [ -91.36639980409241, 41.59852345475246 ], [ -91.366399545980457, 41.598523459005925 ], [ -91.36639937306721, 41.598523463026993 ], [ -91.366429605952177, 41.595132911312902 ], [ -91.366438017813977, 41.594189326751319 ], [ -91.366440421771728, 41.593919670394762 ], [ -91.366472803128161, 41.590287547290451 ], [ -91.3665114538654, 41.586651492749155 ], [ -91.366550125020623, 41.583013062430204 ], [ -91.366563557275441, 41.579400187381914 ], [ -91.36661301938517, 41.575755414827185 ], [ -91.366642081501951, 41.5721173591254 ], [ -91.366704783520817, 41.568476186077497 ], [ -91.366734030078845, 41.564844960610721 ], [ -91.366763274583988, 41.561213731396897 ], [ -91.366820986255263, 41.557497068861132 ], [ -91.366876174155138, 41.553942706396704 ], [ -91.366944616325284, 41.550279816257785 ], [ -91.367017469927802, 41.546653792801813 ], [ -91.367017560031599, 41.546649307287005 ], [ -91.367090217389233, 41.543031356621114 ], [ -91.367141574870175, 41.539445575804706 ], [ -91.367209354771219, 41.535697266453738 ], [ -91.367303912778127, 41.532106552541194 ], [ -91.367383826376837, 41.528471960634043 ], [ -91.367461824795512, 41.524811895542079 ], [ -91.36750432832612, 41.521167875989825 ], [ -91.367558114536465, 41.517581120084785 ], [ -91.367612960623077, 41.513923309030886 ], [ -91.367667472148085, 41.510287426304316 ] ] ] ] } },
{ "type": "Feature", "properties": { "OBJECTID": 8, "NAME": "Pleasant Valley Twp", "Shape_Area": 706725190.57395709 }, "geometry": { "type": "MultiPolygon", "coordinates": [ [ [ [ -91.445347040654525, 41.594845785522608 ], [ -91.445292250006531, 41.591128854771085 ], [ -91.44523924136449, 41.587532400426753 ], [ -91.445197845802269, 41.583812135197185 ], [ -91.445143386395955, 41.580167942504957 ], [ -91.445088934239465, 41.576523746857916 ], [ -91.445016878110636, 41.572874503766251 ], [ -91.444944831205945, 41.569225257719701 ], [ -91.444924362666555, 41.565567226571886 ], [ -91.444903896448906, 41.561909190700007 ], [ -91.444878536495651, 41.558263615650866 ], [ -91.444853214330536, 41.554623023483948 ], [ -91.444853214199469, 41.554622951429145 ], [ -91.444832210658305, 41.550961639560562 ], [ -91.444817826002989, 41.547281390663407 ], [ -91.444803676671313, 41.543654761044685 ], [ -91.444807779537499, 41.540030703436052 ], [ -91.444737276981911, 41.536396156902534 ], [ -91.444731326968153, 41.532825314564462 ], [ -91.444742662554262, 41.5291643698651 ], [ -91.444753996870958, 41.525503421487493 ], [ -91.444791069930318, 41.521807753839155 ], [ -91.444820939579017, 41.518216753295157 ], [ -91.444841118352315, 41.514577401463505 ], [ -91.444861292512257, 41.510938045110635 ], [ -91.44956109918769, 41.510941460593187 ], [ -91.4497270215832, 41.510941578143601 ], [ -91.45450252822809, 41.510944845444264 ], [ -91.454592712843365, 41.510944905910328 ], [ -91.459270956810542, 41.510937416986252 ], [ -91.459399259548817, 41.510937209311827 ], [ -91.464136749599689, 41.510929431923479 ], [ -91.464205827722324, 41.510929317972327 ], [ -91.469011997470687, 41.510936403359224 ], [ -91.469052072950831, 41.510936461027178 ], [ -91.473846687228928, 41.510954657706058 ], [ -91.47387604250558, 41.510954586322207 ], [ -91.478666277141343, 41.510942913633095 ], [ -91.478695633605071, 41.510942841047587 ], [ -91.483188475894281, 41.510931710987329 ], [ -91.488009600367548, 41.510934777948712 ], [ -91.492830724109311, 41.510937643133957 ], [ -91.492892174220685, 41.510937943545436 ], [ -91.497655971706493, 41.510961105576357 ], [ -91.497748365667803, 41.510961061663757 ], [ -91.502481222205461, 41.510984358264594 ], [ -91.50260455995884, 41.510983967058863 ], [ -91.507306136651593, 41.510990888652458 ], [ -91.507407441275731, 41.510991128874778 ], [ -91.512131053247998, 41.510997217890854 ], [ -91.512210326028978, 41.51099809139501 ], [ -91.516887753896498, 41.511049593519829 ], [ -91.519448094321561, 41.511075825312496 ], [ -91.519444330671519, 41.511530023119022 ], [ -91.51964262725464, 41.512189703263068 ], [ -91.520588174892325, 41.512681686829126 ], [ -91.52176169732526, 41.512668310423116 ], [ -91.52307244698207, 41.512436943515851 ], [ -91.525198552045538, 41.512530748948272 ], [ -91.527009893537553, 41.512906192954112 ], [ -91.528295437655274, 41.513707439565508 ], [ -91.528891031173529, 41.514587162691818 ], [ -91.529166536822387, 41.515223527273122 ], [ -91.529207979983852, 41.515659021646826 ], [ -91.529054570543522, 41.516105841447889 ], [ -91.528704980690961, 41.516413385268955 ], [ -91.527999367486885, 41.516647469845488 ], [ -91.527053495691462, 41.516885661505306 ], [ -91.526325474476209, 41.5170255328213 ], [ -91.525302247485854, 41.516964318629469 ], [ -91.523416975121648, 41.515863796760414 ], [ -91.522343667163241, 41.515623965172225 ], [ -91.52014127180756, 41.515545292930042 ], [ -91.518669772185191, 41.51606457709827 ], [ -91.518507756733243, 41.51669838238093 ], [ -91.519231385963863, 41.517402480130428 ], [ -91.521534649906883, 41.517674932566479 ], [ -91.523268216825443, 41.518050398272891 ], [ -91.523429863086065, 41.519046998045049 ], [ -91.523198771004303, 41.519830591816799 ], [ -91.522095633788865, 41.521565790418244 ], [ -91.522237132383623, 41.522460258477608 ], [ -91.523164555384952, 41.523305837465294 ], [ -91.524209147553549, 41.523567016544455 ], [ -91.525580537385039, 41.523840581502796 ], [ -91.525730030531349, 41.523920494992431 ], [ -91.526565652909767, 41.524367180990915 ], [ -91.526921034993848, 41.524908155403622 ], [ -91.527167815525587, 41.526116593865645 ], [ -91.527791018966383, 41.526808107461598 ], [ -91.528902026694368, 41.527028236801591 ], [ -91.529454554546518, 41.52691729739427 ], [ -91.52995476543785, 41.5266531815682 ], [ -91.530178476911416, 41.526192477564173 ], [ -91.530621257508315, 41.525264809939564 ], [ -91.531234686972653, 41.524832254700016 ], [ -91.531989498771722, 41.524779462447597 ], [ -91.533311031534808, 41.525482814966665 ], [ -91.533921304681414, 41.526274729022759 ], [ -91.534509783381154, 41.527676226411678 ], [ -91.534431156106294, 41.528271432300528 ], [ -91.533974728621942, 41.52910044579928 ], [ -91.53318617676328, 41.529630671508599 ], [ -91.530201330368214, 41.529538658714579 ], [ -91.528072723452368, 41.529947379696431 ], [ -91.526942170238385, 41.530661330764516 ], [ -91.526274918249072, 41.531571761247569 ], [ -91.526301280411474, 41.532883272408718 ], [ -91.526771872334351, 41.533760951104249 ], [ -91.527614011576873, 41.534717993100777 ], [ -91.528409602087137, 41.53509900683089 ], [ -91.530620363449799, 41.535387114907699 ], [ -91.531933836818183, 41.536273844452253 ], [ -91.532359885245512, 41.537092012750897 ], [ -91.532268642369331, 41.537758807022662 ], [ -91.531575389473559, 41.538593186799197 ], [ -91.531058560537147, 41.538950166269544 ], [ -91.530456558085504, 41.539231196349853 ], [ -91.530383357392495, 41.539215851541798 ], [ -91.529382588172822, 41.539006067698239 ], [ -91.528132634785308, 41.538829078224857 ], [ -91.526238782259313, 41.539466457608064 ], [ -91.523260561172108, 41.539728860539952 ], [ -91.522440511006849, 41.539567293388515 ], [ -91.521354607756976, 41.539486985798327 ], [ -91.520555642750352, 41.53975361817696 ], [ -91.520552443461, 41.539759548243801 ], [ -91.519694489872776, 41.541349528561561 ], [ -91.517768897518323, 41.542473648763774 ], [ -91.517136907429602, 41.542767206190312 ], [ -91.516190836175696, 41.543454992246637 ], [ -91.515437900563654, 41.544422330706659 ], [ -91.515299767971712, 41.545925617108971 ], [ -91.515029635682367, 41.54692831521146 ], [ -91.514484911777203, 41.548068530851204 ], [ -91.514563737954987, 41.548987744692027 ], [ -91.515408749554908, 41.54872090290759 ], [ -91.5156195380318, 41.548882742757201 ], [ -91.515897971342397, 41.548822697660661 ], [ -91.516171687978726, 41.548667253592164 ], [ -91.516408707128051, 41.548299573817594 ], [ -91.516567782179237, 41.547991562443599 ], [ -91.516713180919183, 41.54767874134199 ], [ -91.516821237462096, 41.547500250513416 ], [ -91.516968766917003, 41.547321672770217 ], [ -91.517146556635311, 41.547149332114813 ], [ -91.517804081006062, 41.546697870686437 ], [ -91.518283459238859, 41.546494698573035 ], [ -91.518896040448681, 41.546327261566027 ], [ -91.519474614368818, 41.546194056638086 ], [ -91.519620683897202, 41.546146989192934 ], [ -91.519912823493087, 41.546052854667927 ], [ -91.520132271793713, 41.546012761387935 ], [ -91.520393102826958, 41.546030564985792 ], [ -91.520661194343958, 41.546143811374833 ], [ -91.52085118118903, 41.546238564016036 ], [ -91.520938901896074, 41.54635104387345 ], [ -91.521328663905933, 41.546814451166767 ], [ -91.521590416945898, 41.547341169800049 ], [ -91.521549018675984, 41.547746980603989 ], [ -91.521127736629964, 41.548250685676862 ], [ -91.521082479491255, 41.548404327788191 ], [ -91.521102070804147, 41.548595298290124 ], [ -91.521085698262027, 41.548633145254001 ], [ -91.521092958351048, 41.548728587616743 ], [ -91.521109787248946, 41.54884325644381 ], [ -91.521099060255239, 41.548946016212369 ], [ -91.521051786430405, 41.549082466643732 ], [ -91.520990899483195, 41.549181252917194 ], [ -91.520715822886572, 41.549586569170955 ], [ -91.520650531903428, 41.550025840546105 ], [ -91.520716381501515, 41.550330682412522 ], [ -91.52083176531994, 41.550525730941111 ], [ -91.520912384339823, 41.550629071109597 ], [ -91.521826255589218, 41.551254287734317 ], [ -91.52190248347425, 41.551311994229849 ], [ -91.522081901970822, 41.551395326639899 ], [ -91.522267550889381, 41.551521939085859 ], [ -91.522401641339926, 41.551613388800334 ], [ -91.522578766374451, 41.551677157201254 ], [ -91.523522179965596, 41.551978474198293 ], [ -91.524207273384008, 41.552401938208675 ], [ -91.524759542357799, 41.552598795247796 ], [ -91.525298885946071, 41.552988497944874 ], [ -91.525441430300233, 41.552987210807622 ], [ -91.525499089305555, 41.553024704012408 ], [ -91.526451896879678, 41.553644269816601 ], [ -91.526643369043683, 41.553768797331479 ], [ -91.526826685876145, 41.553888020399107 ], [ -91.527149868691083, 41.554097949735997 ], [ -91.527064225604093, 41.554207298694081 ], [ -91.52756929605421, 41.554543977523899 ], [ -91.527788075579778, 41.554674347656743 ], [ -91.528043894078081, 41.555027566615053 ], [ -91.528195305685074, 41.5553084720881 ], [ -91.528265601363046, 41.555586089578846 ], [ -91.528431998416863, 41.555790996553469 ], [ -91.528881762086129, 41.556109386745547 ], [ -91.529101957610891, 41.556381930171192 ], [ -91.52923596338799, 41.556651099747263 ], [ -91.529511610599172, 41.557913845746029 ], [ -91.529532170751509, 41.558231015658109 ], [ -91.529615690436827, 41.558295527107127 ], [ -91.529748057383131, 41.558398756561758 ], [ -91.529788289591821, 41.558646486140098 ], [ -91.529770150680633, 41.558882991432519 ], [ -91.52969443142463, 41.559289662051974 ], [ -91.529536566097619, 41.559500259106798 ], [ -91.529393124815329, 41.559511019032996 ], [ -91.529235307760274, 41.559701246849123 ], [ -91.529151435879896, 41.559873296260193 ], [ -91.528967756416634, 41.559988364219741 ], [ -91.528853606752449, 41.560070301144052 ], [ -91.528723494189009, 41.560260627852045 ], [ -91.528586287920831, 41.560433676568316 ], [ -91.528385716983436, 41.560603738862994 ], [ -91.528105288868943, 41.560710017241675 ], [ -91.528083198170151, 41.560708917899554 ], [ -91.527701195278084, 41.56068991846444 ], [ -91.527089072448518, 41.560182711830343 ], [ -91.526931362123733, 41.560052031249917 ], [ -91.52685700019039, 41.559946879636527 ], [ -91.526637175939186, 41.559636037259253 ], [ -91.526328876218571, 41.559412838733664 ], [ -91.52617537160863, 41.559401099120414 ], [ -91.52582242560004, 41.559374105492104 ], [ -91.525700243643584, 41.559364761704181 ], [ -91.525607808798398, 41.559375459726709 ], [ -91.524874985731856, 41.559460269454434 ], [ -91.525386613308257, 41.560597214103794 ], [ -91.525175420229274, 41.561238757182529 ], [ -91.524432759145597, 41.561810750354894 ], [ -91.524068051614634, 41.56234456221258 ], [ -91.524760378227043, 41.563575029448785 ], [ -91.524864469255917, 41.563760027115386 ], [ -91.524980754942703, 41.563966692948881 ], [ -91.525102093957059, 41.564075861937759 ], [ -91.525767615667917, 41.564674634570451 ], [ -91.52583060323883, 41.564731303490476 ], [ -91.526023292969313, 41.564811384870033 ], [ -91.527599993382793, 41.565466644251501 ], [ -91.528429790850026, 41.565946738760928 ], [ -91.528842438750573, 41.566244149950407 ], [ -91.529141584845064, 41.566758761327726 ], [ -91.528721796613283, 41.567206186766214 ], [ -91.527706133804571, 41.567524670170386 ], [ -91.526323090857318, 41.567901964912878 ], [ -91.525303380088687, 41.568446136602923 ], [ -91.524681384391428, 41.568975573039346 ], [ -91.524093419171166, 41.569909488457874 ], [ -91.524021288919059, 41.570855676520587 ], [ -91.52453029154087, 41.572270148500387 ], [ -91.524886267645016, 41.572955670616714 ], [ -91.52532219521423, 41.573749067645686 ], [ -91.526242369030669, 41.574540248646066 ], [ -91.527172335067448, 41.575054518323796 ], [ -91.529011125169419, 41.575536421300157 ], [ -91.530183549182809, 41.576201842580311 ], [ -91.530401356361835, 41.576616996427042 ], [ -91.530446095388982, 41.577319778550802 ], [ -91.530140875225001, 41.577759009165447 ], [ -91.529651518870722, 41.57808288416755 ], [ -91.528102975648622, 41.57891764094262 ], [ -91.527558402393566, 41.579575929653046 ], [ -91.527283106133666, 41.580301677326879 ], [ -91.527452070591238, 41.580824975376828 ], [ -91.527983110852063, 41.581226625107405 ], [ -91.530083187332181, 41.582595983605906 ], [ -91.530706703282164, 41.583674014591942 ], [ -91.530755919868781, 41.584452130332529 ], [ -91.53075151802021, 41.585073252045817 ], [ -91.529784403070607, 41.586933310988783 ], [ -91.529149284272748, 41.587127665425754 ], [ -91.528249109860511, 41.587110305543447 ], [ -91.527312558862548, 41.586606646453326 ], [ -91.526057665151598, 41.585847308190267 ], [ -91.524344593187635, 41.585734061456407 ], [ -91.522780701180764, 41.586239678497172 ], [ -91.522072477826043, 41.587138096383697 ], [ -91.522063918792242, 41.588476557306031 ], [ -91.522600529530749, 41.589269364953424 ], [ -91.523139374067185, 41.589742945856926 ], [ -91.524232090296437, 41.590706732843216 ], [ -91.525575062760751, 41.591379628915732 ], [ -91.527625917923061, 41.591866538588604 ], [ -91.529096257422836, 41.592608754681187 ], [ -91.529560748125064, 41.593787702033616 ], [ -91.529456660149066, 41.59440859854864 ], [ -91.528990010731746, 41.594759320491129 ], [ -91.528047150793967, 41.595229103772382 ], [ -91.527458325492219, 41.596037469385394 ], [ -91.527528413835938, 41.596592952638908 ], [ -91.527641636725619, 41.597373055555508 ], [ -91.527213965647334, 41.598242316117066 ], [ -91.526816439876129, 41.59856558356649 ], [ -91.525907610722882, 41.598557582112093 ], [ -91.525757612791892, 41.598556261391195 ], [ -91.521922279490568, 41.598541445517348 ], [ -91.520640657199991, 41.598543268557428 ], [ -91.517002408638078, 41.598548364615205 ], [ -91.515731042628431, 41.598550118842446 ], [ -91.514953585231879, 41.598551184297989 ], [ -91.51491435764197, 41.598551239102562 ], [ -91.512082607494705, 41.598571190991905 ], [ -91.510801796636855, 41.598572708401882 ], [ -91.507222614380893, 41.598576870446152 ], [ -91.506021292403318, 41.598578242978206 ], [ -91.505947364752572, 41.598578326270392 ], [ -91.505777813347137, 41.598578518306539 ], [ -91.502362620493287, 41.598582344271435 ], [ -91.501168160854206, 41.598578079299074 ], [ -91.497621369720036, 41.598565307018426 ], [ -91.4963902931635, 41.598560847714793 ], [ -91.492686451980305, 41.598547352474732 ], [ -91.491636194900281, 41.598548484334607 ], [ -91.487844854968515, 41.598554887779287 ], [ -91.486806142985955, 41.598556621278028 ], [ -91.483026802016539, 41.598562855835418 ], [ -91.482862575800453, 41.598563122044816 ], [ -91.482690117036782, 41.598563403196046 ], [ -91.482367829602495, 41.598563926503147 ], [ -91.481993848371772, 41.598564527560661 ], [ -91.479209330114969, 41.598552978678079 ], [ -91.477654123887007, 41.598549209777914 ], [ -91.474341673345876, 41.598541113309899 ], [ -91.472831327441313, 41.598537389388419 ], [ -91.472831217060133, 41.598537389258468 ], [ -91.469474830603517, 41.598529045096093 ], [ -91.468013514074613, 41.598525381788185 ], [ -91.464751188987364, 41.598517136376572 ], [ -91.464635073924072, 41.598516842082645 ], [ -91.464502790682999, 41.598516788701843 ], [ -91.463210190216572, 41.598516261981288 ], [ -91.460777414068616, 41.598515231744003 ], [ -91.45981267338118, 41.598514808986316 ], [ -91.453545688477249, 41.598511867173634 ], [ -91.450173504104214, 41.598510142182356 ], [ -91.448671475433883, 41.598509344187789 ], [ -91.445401022145347, 41.598507535948222 ], [ -91.445347040654525, 41.594845785522608 ] ] ] ] } },
{ "type": "Feature", "properties": { "OBJECTID": 9, "NAME": "Monroe Twp", "Shape_Area": 845121205.66713607 }, "geometry": { "type": "MultiPolygon", "coordinates": [ [ [ [ -91.714528776861414, 41.862034673584603 ], [ -91.714589077960383, 41.858420211962546 ], [ -91.714649783989643, 41.854781148017906 ], [ -91.714611246920981, 41.851145663333995 ], [ -91.71453134981877, 41.847509007340584 ], [ -91.714540945481502, 41.84387029121654 ], [ -91.71454939530733, 41.840221465051414 ], [ -91.714551470781387, 41.839336423644511 ], [ -91.714554769587423, 41.837929854538366 ], [ -91.714555831508321, 41.837477063503876 ], [ -91.714556893414354, 41.837024272393691 ], [ -91.714560483298428, 41.836571508319459 ], [ -91.714560013784592, 41.83565831887438 ], [ -91.714562094020778, 41.834735194169404 ], [ -91.714566214552462, 41.832906709483275 ], [ -91.71458754179568, 41.831099243804971 ], [ -91.714596101054269, 41.830193158474309 ], [ -91.714603641030124, 41.829291343653118 ], [ -91.714620279668694, 41.827479154227568 ], [ -91.714636909276678, 41.825666951765037 ], [ -91.714673466600232, 41.822001885946591 ], [ -91.714710020980661, 41.818336816134561 ], [ -91.714737268182816, 41.814698955495224 ], [ -91.714764512336203, 41.811061090053293 ], [ -91.714808853809743, 41.807437677433775 ], [ -91.714815343769175, 41.803708519915553 ], [ -91.714821256897579, 41.800148418795864 ], [ -91.714827261555769, 41.796533010461758 ], [ -91.714833264904826, 41.792917620872537 ], [ -91.714834567918842, 41.792132346416103 ], [ -91.714834870899594, 41.791950337049506 ], [ -91.714836673384113, 41.790864456197198 ], [ -91.715135423567986, 41.790560388885268 ], [ -91.715789222576092, 41.790312448370095 ], [ -91.716813691579929, 41.790100912693227 ], [ -91.718675510232401, 41.790069971302117 ], [ -91.719307911386437, 41.789934136713249 ], [ -91.719845614061654, 41.789539403926995 ], [ -91.720270608151438, 41.789282109336462 ], [ -91.72086861181009, 41.789429016166224 ], [ -91.721302223253289, 41.789743780050784 ], [ -91.721524692093553, 41.790436391980272 ], [ -91.721933093905847, 41.791651646639437 ], [ -91.722689260779504, 41.792175746093548 ], [ -91.723385460256878, 41.792129863240817 ], [ -91.723720255877069, 41.791641558889658 ], [ -91.72377302113658, 41.791129589706927 ], [ -91.723278884676915, 41.790130863197653 ], [ -91.723153672735748, 41.789737011775557 ], [ -91.723244596748401, 41.789357770367168 ], [ -91.723786066728195, 41.789075863919237 ], [ -91.724295684886258, 41.789038429953926 ], [ -91.724615464450991, 41.789314657016 ], [ -91.725071111077995, 41.790200543764207 ], [ -91.725597192138153, 41.791053354924571 ], [ -91.72659316720663, 41.791591766081218 ], [ -91.727533660679043, 41.791767553535834 ], [ -91.728408849824405, 41.791688077639854 ], [ -91.729113932940123, 41.791266770111889 ], [ -91.729059756680826, 41.790455690066032 ], [ -91.728351353946337, 41.789445743322617 ], [ -91.728351331261138, 41.788996254591076 ], [ -91.728572192591812, 41.788573504688038 ], [ -91.728970895805787, 41.788299361305043 ], [ -91.729427166084974, 41.788354240616826 ], [ -91.729845139275611, 41.788577387224286 ], [ -91.730549825094741, 41.789036077397817 ], [ -91.731046791876807, 41.789256708596213 ], [ -91.731433207298537, 41.789354919651537 ], [ -91.731878470748896, 41.789383001202523 ], [ -91.732573352194308, 41.789286731256901 ], [ -91.732987521189756, 41.789009096688403 ], [ -91.733232677986521, 41.788516731430079 ], [ -91.733194891791996, 41.788110699165557 ], [ -91.732838371800369, 41.787762917166745 ], [ -91.732292732675702, 41.787407796785146 ], [ -91.731861175150556, 41.78687567029985 ], [ -91.731921717378668, 41.786393643950092 ], [ -91.732283093674965, 41.786015624522911 ], [ -91.732966561245959, 41.78583805489928 ], [ -91.734135880480594, 41.78620508193918 ], [ -91.73416367363356, 41.786241009408407 ], [ -91.735221849362929, 41.787608817188129 ], [ -91.736642763734821, 41.788542739039741 ], [ -91.73744909985291, 41.788677436869023 ], [ -91.739203636197615, 41.788702393322779 ], [ -91.740203507490705, 41.788319761800395 ], [ -91.742347120767704, 41.787226515984642 ], [ -91.742915855169088, 41.786694653506942 ], [ -91.743161724730257, 41.786059298664298 ], [ -91.742912010766887, 41.785142561416762 ], [ -91.74202171619207, 41.783668356287002 ], [ -91.741988316230803, 41.783211369358533 ], [ -91.742251271253693, 41.782507801740721 ], [ -91.743115226754327, 41.782132859355649 ], [ -91.74473259212472, 41.781642360982971 ], [ -91.745790275775789, 41.781298523615149 ], [ -91.746317362567098, 41.781111227190294 ], [ -91.746957985157692, 41.781094264216655 ], [ -91.747475327933742, 41.78144468933295 ], [ -91.747659483277516, 41.781653429885587 ], [ -91.748209888978465, 41.782519385430632 ], [ -91.749278135178841, 41.783150257230851 ], [ -91.750262720337901, 41.784000863967805 ], [ -91.750917822601096, 41.784393768360225 ], [ -91.751778365869171, 41.784296638185353 ], [ -91.752630102084893, 41.784070942728931 ], [ -91.753413526844852, 41.784159675525089 ], [ -91.754047259638625, 41.7846976709926 ], [ -91.754725671345639, 41.785450888897145 ], [ -91.755506393008602, 41.785912042164739 ], [ -91.756529637500037, 41.786150569875083 ], [ -91.757329222257269, 41.785975899925276 ], [ -91.75814662527533, 41.785120690612281 ], [ -91.758781785450765, 41.784434197930111 ], [ -91.759635928786253, 41.784104662591169 ], [ -91.760991181185489, 41.784170596015066 ], [ -91.761727646383434, 41.784569620428805 ], [ -91.762574177638754, 41.785415352379658 ], [ -91.763299921586722, 41.785833910367927 ], [ -91.764391672715604, 41.785990970933646 ], [ -91.765339330105462, 41.785787600878137 ], [ -91.767014947147899, 41.785276235548068 ], [ -91.768609172494564, 41.784957637707329 ], [ -91.770576373450652, 41.785330071238455 ], [ -91.77196744467139, 41.785561743733219 ], [ -91.77230862894119, 41.785680074307649 ], [ -91.772696576716697, 41.786143643251179 ], [ -91.772525240595357, 41.786522773271827 ], [ -91.771970037378807, 41.786996035397102 ], [ -91.771253145801595, 41.787457857941931 ], [ -91.770707484207946, 41.78871986554222 ], [ -91.770560612876324, 41.789613695478835 ], [ -91.771024080892417, 41.790161806118299 ], [ -91.772160724731123, 41.790383090576618 ], [ -91.772604656239196, 41.790288717188268 ], [ -91.773522749718737, 41.789893353628486 ], [ -91.774565675249463, 41.789192577269802 ], [ -91.775266644748484, 41.788749663218873 ], [ -91.775999340424264, 41.788355214136693 ], [ -91.776543773104919, 41.788161479163527 ], [ -91.777221873481466, 41.788114469623864 ], [ -91.778068532636809, 41.788324166138018 ], [ -91.778551647512614, 41.788675198656804 ], [ -91.778980856585477, 41.789330955008424 ], [ -91.779402783257837, 41.789703006197684 ], [ -91.780660862725469, 41.790473894780092 ], [ -91.781738320067461, 41.791035939436611 ], [ -91.782417043449044, 41.791603026526872 ], [ -91.78307535862406, 41.791988730341771 ], [ -91.783570414084906, 41.792232607151675 ], [ -91.784196457755286, 41.792452088778461 ], [ -91.784908038058333, 41.792659830115717 ], [ -91.78552811692785, 41.792795300073813 ], [ -91.787200964725997, 41.792644674418604 ], [ -91.787710886372111, 41.792681596922705 ], [ -91.788283769505441, 41.792957752105707 ], [ -91.788704588411903, 41.793212075991555 ], [ -91.789357816755185, 41.793542748680643 ], [ -91.790178292631779, 41.793573166288077 ], [ -91.790846942895968, 41.793316980566196 ], [ -91.791110913414144, 41.792782561140967 ], [ -91.790899184517727, 41.792297410960444 ], [ -91.790095542117911, 41.791590561170686 ], [ -91.789506002065664, 41.791169098417882 ], [ -91.789349648983389, 41.790588892702345 ], [ -91.789571676246766, 41.790069292883196 ], [ -91.789960714799093, 41.789756562309307 ], [ -91.790825064677193, 41.789482305377994 ], [ -91.792185695193609, 41.789760061087179 ], [ -91.793181121195758, 41.789760074218002 ], [ -91.794107295210381, 41.7896225822725 ], [ -91.794883981179311, 41.789414402419716 ], [ -91.795887671832247, 41.788997080160939 ], [ -91.796737006094602, 41.78887737509509 ], [ -91.79749371108386, 41.78904913998592 ], [ -91.798018411797884, 41.789509646833224 ], [ -91.798184103380407, 41.790093258250948 ], [ -91.798238109957069, 41.790526981740811 ], [ -91.798082522586512, 41.790984342129313 ], [ -91.797850745948693, 41.791581358467077 ], [ -91.797385003126706, 41.792669909197826 ], [ -91.797323277923155, 41.793155178581543 ], [ -91.797518451680205, 41.793501377642492 ], [ -91.797999895950355, 41.793949957370238 ], [ -91.798646350477625, 41.794165657082445 ], [ -91.799214183493049, 41.794239700391223 ], [ -91.800107672144563, 41.794021506596003 ], [ -91.801058126477173, 41.793822504539335 ], [ -91.801952806811798, 41.793759078797379 ], [ -91.802692383472106, 41.7940273264308 ], [ -91.803156198046281, 41.794678484950978 ], [ -91.803335282511242, 41.795569008411015 ], [ -91.803875784628858, 41.796175789811251 ], [ -91.80441111338898, 41.796522390410779 ], [ -91.805058419343723, 41.796732944822416 ], [ -91.805589586084636, 41.796772830152882 ], [ -91.806145135093303, 41.796682983330051 ], [ -91.806590279591731, 41.796519786492638 ], [ -91.807242560969001, 41.796207927907538 ], [ -91.80831982386529, 41.795792124078488 ], [ -91.80967087035269, 41.795515235919368 ], [ -91.811584607257117, 41.795484619126455 ], [ -91.812781405859667, 41.795626156307456 ], [ -91.814052660519678, 41.796086721642318 ], [ -91.81478123088624, 41.796354130801319 ], [ -91.815453996591245, 41.796409746516751 ], [ -91.816424174476609, 41.796341244537935 ], [ -91.817177126772435, 41.795912715975547 ], [ -91.817712206203922, 41.795427997966357 ], [ -91.818272508663185, 41.794534364042114 ], [ -91.819332175555715, 41.793263448273962 ], [ -91.820031925748324, 41.792488794372566 ], [ -91.820424782921364, 41.792034655457222 ], [ -91.820775708867288, 41.791489116556356 ], [ -91.820985534935915, 41.790915002321213 ], [ -91.820937020993171, 41.790390227682373 ], [ -91.820677558492932, 41.789796066689107 ], [ -91.82042926412791, 41.789483439580621 ], [ -91.819945822528965, 41.789171209854764 ], [ -91.819140297770062, 41.788872840727549 ], [ -91.818720453226547, 41.788654478725228 ], [ -91.818349175760972, 41.788351521471441 ], [ -91.817945818672698, 41.787909622690343 ], [ -91.817688956524989, 41.78732382494497 ], [ -91.817632076007811, 41.786824974938952 ], [ -91.818109717111113, 41.785840251834074 ], [ -91.818440127663337, 41.785505076940865 ], [ -91.819120369235279, 41.7852373816186 ], [ -91.819825157759453, 41.785152625776398 ], [ -91.82050723286126, 41.785191698142469 ], [ -91.821222679288084, 41.785450355410589 ], [ -91.821841712576429, 41.785663793711095 ], [ -91.822550613511467, 41.785798189329988 ], [ -91.823116977245277, 41.78574880934471 ], [ -91.823718662253356, 41.78564619987727 ], [ -91.824239373942959, 41.785416957199359 ], [ -91.82458825281698, 41.785046248840807 ], [ -91.824609258594222, 41.784391498743126 ], [ -91.824225305194076, 41.783857111560884 ], [ -91.823646107112282, 41.783637501918186 ], [ -91.8230844589892, 41.783338418480973 ], [ -91.822531296548988, 41.782926822340599 ], [ -91.822129645977427, 41.782343121304955 ], [ -91.822038361200498, 41.781758866139711 ], [ -91.822234934449682, 41.781203428055612 ], [ -91.822733770977663, 41.780683183010687 ], [ -91.823384422251962, 41.78032523891568 ], [ -91.824523775770885, 41.780034918703855 ], [ -91.825451338931288, 41.780011769702035 ], [ -91.826400955362644, 41.780093619854647 ], [ -91.827551829587222, 41.780384466692986 ], [ -91.828469659575447, 41.780980016135189 ], [ -91.828706860613082, 41.781547366847491 ], [ -91.828729910435939, 41.78208047096588 ], [ -91.828491780391914, 41.78244795228585 ], [ -91.827936536212079, 41.782790547739538 ], [ -91.827107056719584, 41.78316884493745 ], [ -91.826559866589534, 41.783577269989955 ], [ -91.826319832418207, 41.784140725469243 ], [ -91.826424645718248, 41.784776207409358 ], [ -91.826648757415583, 41.785241928909421 ], [ -91.827374002627664, 41.785779901037614 ], [ -91.827827067449547, 41.785954557818272 ], [ -91.828282399587351, 41.78600559917021 ], [ -91.828847265900123, 41.785963381939979 ], [ -91.829504469658247, 41.785724729210393 ], [ -91.829917916531045, 41.785429551264251 ], [ -91.830310898118327, 41.784945858838569 ], [ -91.831132493056771, 41.784110446094701 ], [ -91.831420348533925, 41.783834924908469 ], [ -91.831420933727742, 41.784306843418157 ], [ -91.831422449223652, 41.785528528172563 ], [ -91.831292547412005, 41.789244131657647 ], [ -91.831136986583644, 41.792866814175476 ], [ -91.831023474122418, 41.796521441453486 ], [ -91.830908627569769, 41.800218575700825 ], [ -91.83077962572996, 41.80364227753843 ], [ -91.830909119026771, 41.807141608581063 ], [ -91.83105258373844, 41.811018059846795 ], [ -91.831068486648618, 41.814690210695368 ], [ -91.83108353208263, 41.818164537256877 ], [ -91.831070647658933, 41.821967685776222 ], [ -91.831058754530559, 41.825478054215921 ], [ -91.831046567610457, 41.829074483253351 ], [ -91.831048600354507, 41.829635173952475 ], [ -91.831059891112076, 41.832750207287262 ], [ -91.831093091295386, 41.836329488732034 ], [ -91.83112734742528, 41.840020327092141 ], [ -91.831163818487553, 41.84365282326884 ], [ -91.831200554075934, 41.847311115481617 ], [ -91.831241280072035, 41.850949044031609 ], [ -91.831282011858605, 41.854586966750531 ], [ -91.831336980535099, 41.858214385446146 ], [ -91.831391954149893, 41.861841799164601 ], [ -91.826523296069013, 41.861856302959247 ], [ -91.821654634601998, 41.86187060392286 ], [ -91.816816865573784, 41.861874922138185 ], [ -91.815371409574666, 41.861876317912781 ], [ -91.812654620583004, 41.86187889537959 ], [ -91.811952582623746, 41.861879550584085 ], [ -91.807138252314672, 41.861893010327712 ], [ -91.80230382089691, 41.861906328831395 ], [ -91.802257410474922, 41.861906537790261 ], [ -91.797509565555558, 41.861912468403759 ], [ -91.797509266786392, 41.861912469435474 ], [ -91.792600388577611, 41.861902678391573 ], [ -91.792429727880659, 41.861902649594207 ], [ -91.789595877822777, 41.861909873995451 ], [ -91.789494040339278, 41.861909963714879 ], [ -91.787674085347589, 41.861911549373822 ], [ -91.787666693170181, 41.861911438793264 ], [ -91.782882326884035, 41.861917991114538 ], [ -91.782700496815451, 41.86191786426938 ], [ -91.77819964154537, 41.861925594697333 ], [ -91.778099256687582, 41.861927451902552 ], [ -91.7771438541034, 41.861928137686625 ], [ -91.773873177049651, 41.861930425185776 ], [ -91.773120119200669, 41.861930939334115 ], [ -91.76987060456625, 41.861930803447002 ], [ -91.768136234812701, 41.861930694160641 ], [ -91.763362492894743, 41.861924700185455 ], [ -91.758481174854353, 41.861926108861987 ], [ -91.753599859100163, 41.86192731010123 ], [ -91.74901140949315, 41.861951137528109 ], [ -91.748670265052255, 41.861952900177606 ], [ -91.743802131209392, 41.861979368369774 ], [ -91.742924519448806, 41.861981651456937 ], [ -91.739912993430025, 41.861989432737339 ], [ -91.739082283130244, 41.861991565398299 ], [ -91.734261459657645, 41.861991043024602 ], [ -91.729113419087923, 41.862001973590196 ], [ -91.724252303146244, 41.862015172440771 ], [ -91.71975064381293, 41.862035723611648 ], [ -91.714528651058544, 41.862042236804434 ], [ -91.714528776861414, 41.862034673584603 ] ] ] ] } },
{ "type": "Feature", "properties": { "OBJECTID": 10, "NAME": "University Heights", "Shape_Area": 7140166.364859567 }, "geometry": { "type": "MultiPolygon", "coordinates": [ [ [ [ -91.550760398696411, 41.655504967212757 ], [ -91.550142436671948, 41.655056127046983 ], [ -91.552359596499187, 41.655069418444604 ], [ -91.552601109165451, 41.655070131948591 ], [ -91.552637700786548, 41.655070240236704 ], [ -91.553092181890193, 41.655071582668945 ], [ -91.553092512094196, 41.65507158370918 ], [ -91.553275512244795, 41.655072124064205 ], [ -91.553729993401546, 41.655073463096997 ], [ -91.554169544444775, 41.655074756989336 ], [ -91.554342642038222, 41.655075266405483 ], [ -91.554352653890049, 41.655075295677094 ], [ -91.554806806087214, 41.655076629473882 ], [ -91.554805857110452, 41.65505231977221 ], [ -91.55480050307014, 41.654915159884901 ], [ -91.554795147825288, 41.654778000871516 ], [ -91.554789793830025, 41.654640840971958 ], [ -91.55478443983047, 41.654503681966524 ], [ -91.554781763452681, 41.654435102021488 ], [ -91.554779085880284, 41.654366522054758 ], [ -91.554773730671869, 41.654229364817269 ], [ -91.554768697776055, 41.65410040577391 ], [ -91.554766584234429, 41.654046293556483 ], [ -91.554754946382189, 41.653748160522653 ], [ -91.554741562405724, 41.653405262458179 ], [ -91.554736208609128, 41.6532681033977 ], [ -91.554954415374468, 41.6532683194106 ], [ -91.555225195317263, 41.653268654737211 ], [ -91.55549597523607, 41.65326899033181 ], [ -91.555766755184436, 41.653269324394067 ], [ -91.556037535135658, 41.653269657824126 ], [ -91.556308316263014, 41.653269991542238 ], [ -91.556857193707373, 41.653270664373402 ], [ -91.556842832632697, 41.652930167522356 ], [ -91.556837044361714, 41.65279293468312 ], [ -91.556822575349628, 41.652449780085675 ], [ -91.556815741166886, 41.652252252269435 ], [ -91.556814316987285, 41.652211100520255 ], [ -91.557047516847234, 41.652223855317963 ], [ -91.557267978946044, 41.652223498712488 ], [ -91.557505823487645, 41.652223113131441 ], [ -91.55774366682617, 41.65222272704257 ], [ -91.557981510161866, 41.652222340465933 ], [ -91.558219353494778, 41.652221953401472 ], [ -91.558288619067341, 41.652221839701781 ], [ -91.558457195651457, 41.652221564929064 ], [ -91.558695040152173, 41.652221177809373 ], [ -91.558852382728887, 41.652220919744508 ], [ -91.558903450462296, 41.652220836097641 ], [ -91.558908110511268, 41.65237962116295 ], [ -91.559434258908396, 41.6523842766087 ], [ -91.559555001550521, 41.652385344137926 ], [ -91.559481507615303, 41.650525716858837 ], [ -91.559602242190522, 41.650527101271265 ], [ -91.560277143235652, 41.650534840020363 ], [ -91.56064435137236, 41.650539047967236 ], [ -91.561341118460632, 41.650547030014785 ], [ -91.561531732083793, 41.650549213143648 ], [ -91.561628835906774, 41.650547757100242 ], [ -91.561725447216773, 41.650540286619176 ], [ -91.561820902819932, 41.650526853660175 ], [ -91.561914552748974, 41.650507550032749 ], [ -91.562005751836054, 41.650482508155626 ], [ -91.562093880170011, 41.650451899597371 ], [ -91.562178332322446, 41.650415933995646 ], [ -91.562258531803622, 41.650374857496921 ], [ -91.562991890422566, 41.64995564279878 ], [ -91.563088344505417, 41.649903734745649 ], [ -91.563189591706475, 41.6498572442528 ], [ -91.563295092145594, 41.649816419217174 ], [ -91.56340428326682, 41.649781477325917 ], [ -91.563516582837764, 41.649752604895745 ], [ -91.563631392053921, 41.649729955879728 ], [ -91.56374809873094, 41.649713651046312 ], [ -91.563866080568673, 41.649703777335723 ], [ -91.563984708468681, 41.649700387396216 ], [ -91.564309984952573, 41.649698612530827 ], [ -91.564335306251081, 41.651264334391989 ], [ -91.564335610957784, 41.651291778140205 ], [ -91.564341168965001, 41.65163479788054 ], [ -91.564343836973265, 41.651799447345191 ], [ -91.564349396267332, 41.652142467050972 ], [ -91.564352953670053, 41.652361999633634 ], [ -91.564356512297024, 41.652581532221213 ], [ -91.564360068494096, 41.652801066553913 ], [ -91.564363625995512, 41.653020598191127 ], [ -91.564367183494099, 41.653240130713286 ], [ -91.564370741016688, 41.653459663220303 ], [ -91.564374299763486, 41.653679195732188 ], [ -91.564378746730355, 41.653953611325754 ], [ -91.56437985815117, 41.654022216115614 ], [ -91.564382526354876, 41.654186865456815 ], [ -91.564383193707997, 41.65422802779586 ], [ -91.56438786400301, 41.654516164133717 ], [ -91.564393016108269, 41.654834114799577 ], [ -91.564402042744163, 41.655391070497657 ], [ -91.564405612949798, 41.655611356867361 ], [ -91.563716162120144, 41.655500735089937 ], [ -91.5635424316024, 41.655472859829167 ], [ -91.563538012439082, 41.655626596197344 ], [ -91.563534705050216, 41.655741632457513 ], [ -91.563148373664845, 41.655686926935729 ], [ -91.562468395984737, 41.655545231160829 ], [ -91.562450241884889, 41.656162562394933 ], [ -91.562249169534738, 41.656238736965008 ], [ -91.56208098482567, 41.656243989878725 ], [ -91.562078410987596, 41.656875337105461 ], [ -91.561988253642866, 41.656875892068243 ], [ -91.561530828295687, 41.656878709775619 ], [ -91.561148199311759, 41.656881026240363 ], [ -91.559674878332103, 41.656889935907081 ], [ -91.559674392492781, 41.656904248253248 ], [ -91.559665484269999, 41.657185476126998 ], [ -91.55955975534701, 41.660601863076593 ], [ -91.558031706950516, 41.660580249213325 ], [ -91.557762329827725, 41.660576436567624 ], [ -91.553564575645382, 41.657551294257857 ], [ -91.552809107194363, 41.657008479927434 ], [ -91.55265825965904, 41.656892205457737 ], [ -91.552548728568993, 41.656807642250961 ], [ -91.55240973654773, 41.656706868668159 ], [ -91.550760398696411, 41.655504967212757 ] ] ] ] } },
{ "type": "Feature", "properties": { "OBJECTID": 11, "NAME": "Iowa City", "Shape_Area": 733010541.67340326 }, "geometry": { "type": "MultiPolygon", "coordinates": [ [ [ [ -91.49548260970704, 41.693298240972034 ], [ -91.495772262513483, 41.692962889194661 ], [ -91.495145907177658, 41.692961824942827 ], [ -91.492657635687422, 41.692958872813357 ], [ -91.490247107426754, 41.69296513833423 ], [ -91.487794119018332, 41.692972006218 ], [ -91.485689170645898, 41.692974662524762 ], [ -91.484996028214951, 41.692975528999405 ], [ -91.484191285323121, 41.692976529411979 ], [ -91.483550722176602, 41.692977320814563 ], [ -91.482937019997109, 41.692978076680177 ], [ -91.482535160687021, 41.692975397047654 ], [ -91.482187291493418, 41.69297435468534 ], [ -91.48217522354355, 41.692974255600632 ], [ -91.481838739981853, 41.692971481983115 ], [ -91.481834006259021, 41.692723175506664 ], [ -91.481828901451848, 41.692455382372707 ], [ -91.481770374133376, 41.68938491379091 ], [ -91.481769256176662, 41.689326295230458 ], [ -91.481701155148002, 41.685753147254225 ], [ -91.481699847267791, 41.68568452402819 ], [ -91.481602797768943, 41.685683733627108 ], [ -91.481602714886293, 41.685683733085867 ], [ -91.481613340506115, 41.685341328915875 ], [ -91.481639631090019, 41.684494135065314 ], [ -91.481708690349066, 41.682268672959808 ], [ -91.481819854843124, 41.678646660136032 ], [ -91.481814171138936, 41.675029392896064 ], [ -91.481809875791882, 41.671490694611258 ], [ -91.481824685307146, 41.669252494135037 ], [ -91.481825098362876, 41.669188426984974 ], [ -91.481827836777043, 41.669097932984506 ], [ -91.480050504815509, 41.669426057213919 ], [ -91.479670827614498, 41.669496148375963 ], [ -91.477392071635236, 41.66991676551217 ], [ -91.477393472296157, 41.669823246446299 ], [ -91.477399478423436, 41.669424312051923 ], [ -91.477410053273346, 41.668720754117935 ], [ -91.477425444414095, 41.667697611197809 ], [ -91.477425569535001, 41.667689279063787 ], [ -91.477428894036251, 41.667467903064995 ], [ -91.478519596641164, 41.667480338328957 ], [ -91.479276990441633, 41.667489738973273 ], [ -91.479280697971419, 41.667325100475786 ], [ -91.479285624736036, 41.667106078717254 ], [ -91.479289641999898, 41.666927722888687 ], [ -91.479293655724106, 41.666749364286822 ], [ -91.47929860942763, 41.666529354080552 ], [ -91.479301698308745, 41.666392156480711 ], [ -91.479316188381674, 41.665750757564673 ], [ -91.479341226855254, 41.66463854790112 ], [ -91.479350162201342, 41.664241581415865 ], [ -91.479352202278022, 41.664150976041697 ], [ -91.479018625974462, 41.664139448647738 ], [ -91.479018081698072, 41.664042454280796 ], [ -91.479015113089986, 41.66353829401973 ], [ -91.47869323958443, 41.663526173407888 ], [ -91.478647185701575, 41.663524438634887 ], [ -91.478652204554962, 41.664031992194495 ], [ -91.478653100793991, 41.664122690179489 ], [ -91.477059439307595, 41.664062664362859 ], [ -91.477065498794076, 41.663972215534038 ], [ -91.477118459297571, 41.663181741104388 ], [ -91.476838475174205, 41.663171194301519 ], [ -91.476743003047261, 41.663167597016489 ], [ -91.476326536629912, 41.66315190578328 ], [ -91.476207927419182, 41.66314743602647 ], [ -91.476125504845854, 41.663144330721018 ], [ -91.475924471908073, 41.663136755289365 ], [ -91.475723440189398, 41.66312918043031 ], [ -91.475522408545416, 41.663121604322768 ], [ -91.475321375747754, 41.663114027845872 ], [ -91.475304379498851, 41.663113387102385 ], [ -91.475294275160024, 41.663264136515501 ], [ -91.475284170802496, 41.663414885020416 ], [ -91.47527406759859, 41.663565633538234 ], [ -91.475263963119644, 41.663716382927149 ], [ -91.47525139708759, 41.663903859819598 ], [ -91.475245333890697, 41.663994308534534 ], [ -91.472639089668036, 41.663896218639593 ], [ -91.472638025846976, 41.663987225694868 ], [ -91.472632671626158, 41.664450806299776 ], [ -91.47263099072579, 41.66459496163074 ], [ -91.47259903012916, 41.667326200181108 ], [ -91.472596069651956, 41.667491378678797 ], [ -91.473793317385272, 41.667540033355401 ], [ -91.47501332818949, 41.667590175413096 ], [ -91.475013009093246, 41.667625358798865 ], [ -91.475000845037314, 41.668972335066414 ], [ -91.474999357726062, 41.669136992478329 ], [ -91.47499725151269, 41.669370311181979 ], [ -91.474995516122192, 41.669562410567124 ], [ -91.474993909690582, 41.669740185166468 ], [ -91.474993753884107, 41.669757501323872 ], [ -91.474993298285398, 41.669918292343304 ], [ -91.474990917271626, 41.6707500457766 ], [ -91.474990236965283, 41.670987728429424 ], [ -91.474941276773734, 41.67099919052265 ], [ -91.47483310024144, 41.671022981201205 ], [ -91.474700025042694, 41.671048649829459 ], [ -91.474565876878714, 41.671070960982526 ], [ -91.474430809018543, 41.671089892115589 ], [ -91.474294971213993, 41.671105417921183 ], [ -91.474158513998646, 41.671117526615582 ], [ -91.473884363155619, 41.671131430572196 ], [ -91.473746977520335, 41.671133211397233 ], [ -91.472542792191106, 41.671116185667415 ], [ -91.47254357628843, 41.671085715259352 ], [ -91.467721662300832, 41.671044135079697 ], [ -91.467724655013285, 41.67089343108816 ], [ -91.467725809523017, 41.670818545024844 ], [ -91.467755344712756, 41.669304321683754 ], [ -91.46779172033753, 41.667439300805533 ], [ -91.470649453646047, 41.667470275779991 ], [ -91.47065272170866, 41.667308494359098 ], [ -91.470708970167692, 41.664525297992448 ], [ -91.47071172603448, 41.664388109705179 ], [ -91.470720269818528, 41.663965467507815 ], [ -91.470734626995664, 41.663965625043794 ], [ -91.470736220293006, 41.663871544399477 ], [ -91.469814547864544, 41.663859584598114 ], [ -91.469816613565925, 41.663769044443313 ], [ -91.469834921611479, 41.662964971018127 ], [ -91.469355972213322, 41.662972827162491 ], [ -91.469112950204405, 41.662976813511442 ], [ -91.469038235887496, 41.662978037732891 ], [ -91.468812500440549, 41.662981514703311 ], [ -91.468816305504461, 41.663756046921911 ], [ -91.468816750684908, 41.663846635559828 ], [ -91.46307029214563, 41.663773195366275 ], [ -91.463064249418409, 41.662548907421296 ], [ -91.463185020193649, 41.662548875067216 ], [ -91.464277737485119, 41.662548584215521 ], [ -91.46427722361048, 41.661467057329773 ], [ -91.463960333573581, 41.661467142382442 ], [ -91.463740754134065, 41.661467201438668 ], [ -91.463228403326013, 41.661467337041081 ], [ -91.463184488403769, 41.661467348445328 ], [ -91.463063718459381, 41.661467379877728 ], [ -91.463063623260595, 41.660158886353891 ], [ -91.463062569948107, 41.658977155348879 ], [ -91.463064814961427, 41.65654726816129 ], [ -91.463100047720516, 41.653825645406663 ], [ -91.463214827934905, 41.653826655475925 ], [ -91.463258736089529, 41.65382704210775 ], [ -91.463872707384425, 41.653832440163022 ], [ -91.464195871996282, 41.653835280606074 ], [ -91.464291224157549, 41.65383611605241 ], [ -91.464294705834291, 41.653596104829106 ], [ -91.464297418719781, 41.653409194444194 ], [ -91.464298189893626, 41.653356054903107 ], [ -91.464301878425616, 41.653103451135173 ], [ -91.464302823803763, 41.653038728107077 ], [ -91.46430406225231, 41.652953996533896 ], [ -91.464305190856862, 41.652876708497196 ], [ -91.464308388153128, 41.652658078454188 ], [ -91.464311147928996, 41.652469278426587 ], [ -91.464313969925982, 41.65227625284637 ], [ -91.464316884003054, 41.652076967724547 ], [ -91.46431740718451, 41.652041237397498 ], [ -91.463757516744238, 41.65203694327154 ], [ -91.463283098760982, 41.65203330112292 ], [ -91.463239192696264, 41.652032963149423 ], [ -91.463119236176496, 41.652032039547819 ], [ -91.463158601436675, 41.649302859109461 ], [ -91.463177258792896, 41.647859895055412 ], [ -91.463316254116748, 41.647861427839267 ], [ -91.463340091591562, 41.647861690730167 ], [ -91.463443592001596, 41.647862671049644 ], [ -91.464139710595063, 41.647869256593289 ], [ -91.464451668039132, 41.647872207186658 ], [ -91.464765840270999, 41.64787517690192 ], [ -91.465167433630924, 41.647878974751073 ], [ -91.465488191432144, 41.647321031893007 ], [ -91.465846055560931, 41.646698450914961 ], [ -91.465900736036417, 41.646603327756381 ], [ -91.465948477154271, 41.646520379090582 ], [ -91.465979842336637, 41.646530510174024 ], [ -91.466027600058496, 41.646447332108067 ], [ -91.466068844306861, 41.646375495734411 ], [ -91.46609433059453, 41.646322502540436 ], [ -91.46611111639649, 41.64626759172905 ], [ -91.46611895703542, 41.646211563777165 ], [ -91.46611773823571, 41.646155235444994 ], [ -91.466107477787972, 41.646099427869565 ], [ -91.466088325288382, 41.646044954594451 ], [ -91.466060559956546, 41.645992609710312 ], [ -91.466024586564004, 41.645943156279017 ], [ -91.465529114855997, 41.645350215368282 ], [ -91.465489923388503, 41.645297950814907 ], [ -91.465457520842165, 41.645243132521401 ], [ -91.465432199639125, 41.645186255233924 ], [ -91.465414188289074, 41.645127832280153 ], [ -91.465403649327428, 41.645068390936338 ], [ -91.465400677849217, 41.645008467668418 ], [ -91.465414374928912, 41.644015389288619 ], [ -91.465633883795945, 41.644017092083367 ], [ -91.468050966920686, 41.644035813730788 ], [ -91.468030998531006, 41.645562560466111 ], [ -91.468027840300863, 41.645562533938758 ], [ -91.468025729760711, 41.645699742469873 ], [ -91.468007061275557, 41.64691341407449 ], [ -91.468005218057328, 41.647033250560661 ], [ -91.468002882581288, 41.647185115474016 ], [ -91.468921664725855, 41.647483507869119 ], [ -91.468869076411096, 41.650374556678379 ], [ -91.4688687987354, 41.650395388665615 ], [ -91.468865220139023, 41.65059197645936 ], [ -91.468865145270911, 41.650612503984 ], [ -91.468864943196536, 41.650616388269604 ], [ -91.468864253503213, 41.650620240939709 ], [ -91.468861970021607, 41.650626645185561 ], [ -91.468858345525604, 41.650632691475685 ], [ -91.4688534740134, 41.650638223004194 ], [ -91.468847481823715, 41.650643096314965 ], [ -91.468840524359337, 41.650647185022372 ], [ -91.468832782056808, 41.650650383088774 ], [ -91.468824455706951, 41.650652607574649 ], [ -91.468815761247541, 41.650653800789627 ], [ -91.468648060638358, 41.650797750480983 ], [ -91.467579683659892, 41.650803166416623 ], [ -91.467583518290411, 41.651233636789769 ], [ -91.467589079967695, 41.651858129197258 ], [ -91.467590460485695, 41.652013404843849 ], [ -91.468139316967978, 41.652010653189862 ], [ -91.468302019851961, 41.651790277929926 ], [ -91.468300526668926, 41.651622875230331 ], [ -91.468420629713862, 41.651481514509456 ], [ -91.468651777202766, 41.651209451416015 ], [ -91.469020374638276, 41.651057724022692 ], [ -91.469212853599927, 41.650978491622809 ], [ -91.469416718716758, 41.650894572410614 ], [ -91.469419090640571, 41.650737346920465 ], [ -91.469422909789827, 41.650599050872508 ], [ -91.469147327447175, 41.650624401930891 ], [ -91.469137985198941, 41.650624660316296 ], [ -91.469128720006168, 41.650623725815755 ], [ -91.469119800669674, 41.6506216255409 ], [ -91.469111485956205, 41.650618420424671 ], [ -91.469104017091254, 41.6506142034535 ], [ -91.469097610760443, 41.650609096969717 ], [ -91.469092452823219, 41.650603249121993 ], [ -91.46908869292065, 41.650596829567313 ], [ -91.469086440134063, 41.650590024548933 ], [ -91.469085759820501, 41.650583031493021 ], [ -91.46908879817633, 41.650398103634096 ], [ -91.469088117758915, 41.650297737447062 ], [ -91.46908277988932, 41.650197449846353 ], [ -91.469072824156655, 41.650095099612145 ], [ -91.469066197444903, 41.650029067392893 ], [ -91.469062272458601, 41.649962913848107 ], [ -91.469061329323239, 41.649870531061524 ], [ -91.469063966298663, 41.649726685334691 ], [ -91.469068022696476, 41.649504357899147 ], [ -91.469068266818951, 41.649493085451624 ], [ -91.469075773336058, 41.649372776628965 ], [ -91.469092208343298, 41.649252968598311 ], [ -91.469110789977137, 41.649161750566115 ], [ -91.469134548796973, 41.649071210987131 ], [ -91.469163441424499, 41.648981515084827 ], [ -91.469191070671172, 41.648894697950297 ], [ -91.469213036525915, 41.648806975527258 ], [ -91.469229287001937, 41.648718555520489 ], [ -91.469240786220226, 41.648614068303914 ], [ -91.469244308000427, 41.648509259008051 ], [ -91.469239840877151, 41.648404469991142 ], [ -91.46922739948053, 41.648300043543664 ], [ -91.469207024488043, 41.64819632077004 ], [ -91.469178782491014, 41.648093640474613 ], [ -91.469166341241433, 41.648041289042752 ], [ -91.469161726848867, 41.647988225182594 ], [ -91.469164996360433, 41.647935105134273 ], [ -91.469174134880078, 41.647889669008549 ], [ -91.469189031535109, 41.647845097915372 ], [ -91.469214751891357, 41.647792597022871 ], [ -91.469318819626437, 41.647611391850219 ], [ -91.47078870924156, 41.648087431025097 ], [ -91.470689152774384, 41.648261062875044 ], [ -91.470371266186788, 41.648815510246493 ], [ -91.47016243681621, 41.64917973833748 ], [ -91.470065545452215, 41.649348729454523 ], [ -91.470012116658154, 41.649441915682743 ], [ -91.470163369068047, 41.649490718714965 ], [ -91.470213798052399, 41.649506965234302 ], [ -91.470879145424774, 41.649721566756575 ], [ -91.47088993394722, 41.64994340998863 ], [ -91.470905958227945, 41.650272898261264 ], [ -91.47091730775773, 41.650506242329079 ], [ -91.470921983870696, 41.650602386518919 ], [ -91.470938008475244, 41.650931874719468 ], [ -91.470947527059025, 41.651127582043877 ], [ -91.470953953168788, 41.651259690825619 ], [ -91.470970060542399, 41.651590851954687 ], [ -91.470972313236246, 41.651637173526332 ], [ -91.470986085632688, 41.651920340047113 ], [ -91.470989116227145, 41.651982650487057 ], [ -91.471002112141093, 41.652249826324251 ], [ -91.471274513810656, 41.652252300223338 ], [ -91.471268839178478, 41.65260363772952 ], [ -91.471264822132397, 41.652852422299532 ], [ -91.471263877378206, 41.652910900356197 ], [ -91.471261239372566, 41.653074040842895 ], [ -91.470840467657325, 41.653070218175849 ], [ -91.470839945013836, 41.653102572030889 ], [ -91.470839793987224, 41.653111980902409 ], [ -91.470835109946407, 41.653402761548264 ], [ -91.470833836709573, 41.653481859023778 ], [ -91.470830296374686, 41.653701679734255 ], [ -91.470827209238763, 41.653893346774751 ], [ -91.470849122315954, 41.653893545588886 ], [ -91.471134522738026, 41.653896141777118 ], [ -91.471419920810447, 41.653898736320897 ], [ -91.4717419131036, 41.653901663106993 ], [ -91.47196145195106, 41.653903658270288 ], [ -91.47236612881656, 41.653907334951569 ], [ -91.472723441648711, 41.653910580284979 ], [ -91.472729830793796, 41.653910638843364 ], [ -91.472735147689406, 41.653581339834375 ], [ -91.472740464503417, 41.653252041691452 ], [ -91.472745781319659, 41.652922741714065 ], [ -91.472751096826102, 41.652593443481976 ], [ -91.472756412306794, 41.652264144315566 ], [ -91.472761730134224, 41.651934845157101 ], [ -91.472767044307432, 41.651605545901553 ], [ -91.472772360799311, 41.651276247554087 ], [ -91.472777545087197, 41.650955180362402 ], [ -91.472777677293479, 41.65094694737229 ], [ -91.472782992477875, 41.6506176489357 ], [ -91.472788308836726, 41.650288349585999 ], [ -91.47279562433387, 41.649835151212073 ], [ -91.472803751213576, 41.649331734659604 ], [ -91.472811212438657, 41.648887246835514 ], [ -91.472811441715393, 41.64885529760187 ], [ -91.472811748044776, 41.648836361931963 ], [ -91.472811790860163, 41.648833670715064 ], [ -91.475344074541894, 41.649651524362497 ], [ -91.475486551238589, 41.649693678618924 ], [ -91.475631953610034, 41.649729778430974 ], [ -91.475779824708155, 41.649759710348768 ], [ -91.475929699824249, 41.649783380306033 ], [ -91.476081107949938, 41.649800713915681 ], [ -91.476233573257772, 41.649811656703662 ], [ -91.476386616596898, 41.649816174280289 ], [ -91.476892923542508, 41.649822253112127 ], [ -91.476893923104541, 41.649732189353429 ], [ -91.477504984669949, 41.649737671376514 ], [ -91.479533225219782, 41.649757138569726 ], [ -91.479532427055574, 41.649625795026267 ], [ -91.479533960419516, 41.648657395091114 ], [ -91.47953447774411, 41.648024463640034 ], [ -91.479534487205527, 41.648011327322024 ], [ -91.479534815095903, 41.647610970190286 ], [ -91.479535226769912, 41.647105687391857 ], [ -91.479535484172615, 41.646790405376628 ], [ -91.48115967507384, 41.646790210968568 ], [ -91.481698985971505, 41.646790141424887 ], [ -91.482288972427256, 41.6467900622985 ], [ -91.482681839375786, 41.646790068670363 ], [ -91.482682230848638, 41.645311398328197 ], [ -91.482682518046261, 41.645146736166076 ], [ -91.482675584074016, 41.642497398369251 ], [ -91.482676273023372, 41.639884327678622 ], [ -91.482676998937791, 41.637135724979188 ], [ -91.48267699900083, 41.637135101747774 ], [ -91.479541192656242, 41.63587591761997 ], [ -91.478809606179851, 41.635582130089908 ], [ -91.477889647968325, 41.635212686021191 ], [ -91.477718324705748, 41.635143883379669 ], [ -91.472959275094908, 41.633237424258844 ], [ -91.472946494945276, 41.63505642642086 ], [ -91.472653888719165, 41.635049503095011 ], [ -91.468119371255227, 41.634942112382738 ], [ -91.463423492167038, 41.634830713359875 ], [ -91.463303091050008, 41.63482785513046 ], [ -91.463327238381623, 41.631197516945207 ], [ -91.463333310752262, 41.62936550402511 ], [ -91.463459794918506, 41.629416324343943 ], [ -91.463461811365733, 41.629113050401941 ], [ -91.465556603489532, 41.629954706796639 ], [ -91.466758508887182, 41.63043674362612 ], [ -91.466881625838468, 41.628647819291935 ], [ -91.465797112470298, 41.628602534644116 ], [ -91.465856216719899, 41.627752401211197 ], [ -91.465861514269861, 41.62767619356385 ], [ -91.46694524308711, 41.627723395984709 ], [ -91.467519560121332, 41.627747557914311 ], [ -91.467519546646784, 41.627656855106736 ], [ -91.467519540444314, 41.627610118540481 ], [ -91.467519076538537, 41.624133234209324 ], [ -91.472989498074625, 41.624356638785166 ], [ -91.472995478604489, 41.627599915182856 ], [ -91.472996010921548, 41.627867821358947 ], [ -91.472996228146243, 41.627977596625541 ], [ -91.472995587355271, 41.628068159960272 ], [ -91.472994604657245, 41.628207517938236 ], [ -91.472980555171233, 41.6302087457018 ], [ -91.475431346235865, 41.630207371260397 ], [ -91.475438166626958, 41.629231071897749 ], [ -91.475442876802973, 41.628511366961632 ], [ -91.475445571758343, 41.628099707623093 ], [ -91.475445786953713, 41.628066775371202 ], [ -91.475446935400427, 41.627976221849337 ], [ -91.477947278702544, 41.627974779417642 ], [ -91.481090803504159, 41.627972857270564 ], [ -91.481195672906964, 41.627972792405096 ], [ -91.481266047589315, 41.627972749044602 ], [ -91.481542046126478, 41.628095970829612 ], [ -91.481820486855625, 41.628216060539955 ], [ -91.482894384355049, 41.628671174185932 ], [ -91.482896227636203, 41.628354231379973 ], [ -91.486644826810419, 41.629952307282061 ], [ -91.488949789009723, 41.630925886335312 ], [ -91.488969122335135, 41.630934051769067 ], [ -91.488972806801712, 41.630746125484251 ], [ -91.489007463876007, 41.628978772785352 ], [ -91.490104693628098, 41.628990876860577 ], [ -91.490114347175464, 41.628498123788908 ], [ -91.490126623453762, 41.627871511986264 ], [ -91.490139004723943, 41.626826739442286 ], [ -91.490140628917118, 41.626689526603094 ], [ -91.490157670189149, 41.625251335500458 ], [ -91.490159296730923, 41.625114121736786 ], [ -91.490169707636213, 41.624235345610984 ], [ -91.490174405185442, 41.623838884689121 ], [ -91.490177390010004, 41.623587151789799 ], [ -91.490169074808108, 41.622631569295642 ], [ -91.490151440439931, 41.620604902163727 ], [ -91.49019305800563, 41.620604341340218 ], [ -91.490953266655936, 41.620594088596384 ], [ -91.492559711243061, 41.620572405835496 ], [ -91.492574451358834, 41.616927245480518 ], [ -91.49569022201301, 41.616900204739039 ], [ -91.497412141833706, 41.616885224783857 ], [ -91.497412249563212, 41.616879054648358 ], [ -91.497473758830765, 41.613366417510022 ], [ -91.497476055682952, 41.613235280734202 ], [ -91.497476311688771, 41.613220601319128 ], [ -91.502348298415484, 41.613165693802024 ], [ -91.502347680707075, 41.609512282808282 ], [ -91.502348832939106, 41.605873729888664 ], [ -91.506789047963437, 41.605871678602938 ], [ -91.506785778044858, 41.604423242249403 ], [ -91.506676215574132, 41.604479621197079 ], [ -91.506675905113212, 41.604342401538169 ], [ -91.506785468553076, 41.604286022608832 ], [ -91.506785213036252, 41.60417300917743 ], [ -91.506479756894024, 41.602472448640263 ], [ -91.506435121038265, 41.602224803083089 ], [ -91.505794126875699, 41.598669065602948 ], [ -91.505777813347137, 41.598578518306539 ], [ -91.505947364752572, 41.598578326270392 ], [ -91.506021292403318, 41.598578242978206 ], [ -91.506037609894889, 41.59866878940236 ], [ -91.506678331962249, 41.602224597193754 ], [ -91.506723074573955, 41.602472784855799 ], [ -91.507026512152905, 41.604161968322352 ], [ -91.507135987417499, 41.604067033457952 ], [ -91.507136225541075, 41.604171950836061 ], [ -91.50713629764553, 41.604204253107191 ], [ -91.507026822151204, 41.604299187967818 ], [ -91.50703037859509, 41.605871561899995 ], [ -91.507130173829296, 41.605871513729674 ], [ -91.509545225949282, 41.60587031995 ], [ -91.511547801280557, 41.605869291578813 ], [ -91.511548860704067, 41.605823999222835 ], [ -91.51155006997412, 41.605809237984111 ], [ -91.511914899828568, 41.605808970404098 ], [ -91.516491487229317, 41.605805626597203 ], [ -91.51771243884069, 41.605804704303978 ], [ -91.517837739083092, 41.605804607646128 ], [ -91.517960920204416, 41.605804510634798 ], [ -91.518052753478528, 41.605940280692003 ], [ -91.517925491890139, 41.605940389072551 ], [ -91.516738684623405, 41.60594128825889 ], [ -91.515364758644481, 41.605942299698107 ], [ -91.513775150905985, 41.605943466672379 ], [ -91.512061331823404, 41.605944477004428 ], [ -91.511915071098116, 41.605944818470029 ], [ -91.511925944362034, 41.608860833045526 ], [ -91.511928436265066, 41.609529168059794 ], [ -91.511945155360991, 41.613145523677844 ], [ -91.511913194529271, 41.616793339445408 ], [ -91.511906274464096, 41.619545913081112 ], [ -91.511889927583084, 41.620315421222244 ], [ -91.511888959932449, 41.620361010362735 ], [ -91.511890573753178, 41.620453526598105 ], [ -91.510518710723176, 41.620454300261628 ], [ -91.507040077681708, 41.620458870703999 ], [ -91.507039706575313, 41.620504151292785 ], [ -91.504625854825704, 41.620507229837038 ], [ -91.503862127446823, 41.620508193991988 ], [ -91.503862022228716, 41.620462901572409 ], [ -91.503860578601731, 41.619815172680852 ], [ -91.50386031091864, 41.619695187741826 ], [ -91.503238570017501, 41.61969596828876 ], [ -91.503238990269182, 41.61988529948767 ], [ -91.503240274008832, 41.620463682121134 ], [ -91.503240245293583, 41.62050894432177 ], [ -91.502408547890681, 41.620509883514558 ], [ -91.502408309032191, 41.620509883901256 ], [ -91.502211652111427, 41.620510227754302 ], [ -91.502221629361259, 41.62156354619259 ], [ -91.502198498331651, 41.624089456308496 ], [ -91.502165286050513, 41.627714553486797 ], [ -91.502209470871179, 41.627714615161338 ], [ -91.502439104517379, 41.627714933762057 ], [ -91.502916258906225, 41.627715594949159 ], [ -91.503026612344414, 41.627715747868294 ], [ -91.503203392480231, 41.627715992054583 ], [ -91.503386279812958, 41.627716244789994 ], [ -91.503569168346843, 41.627716497257495 ], [ -91.503752055709995, 41.627716748515738 ], [ -91.503934944219239, 41.627717001306351 ], [ -91.504076741163544, 41.627717195683672 ], [ -91.504117831585191, 41.627717251987583 ], [ -91.504300718924966, 41.627717503280415 ], [ -91.504483607465971, 41.627717754305401 ], [ -91.504666494808603, 41.627718005021201 ], [ -91.504776227716789, 41.627718154600352 ], [ -91.504977404256891, 41.627718430502512 ], [ -91.505178580826197, 41.627718705155345 ], [ -91.505379757397222, 41.627718979459146 ], [ -91.505599221965838, 41.627719278942998 ], [ -91.505921799691691, 41.627719718004741 ], [ -91.506103114621993, 41.627719964624021 ], [ -91.506986785103976, 41.627727403058273 ], [ -91.507635743086453, 41.627728558565451 ], [ -91.511693603564936, 41.627727357002712 ], [ -91.511849094864814, 41.627727366067084 ], [ -91.511869838697251, 41.624089908925185 ], [ -91.511886661885967, 41.621139644819586 ], [ -91.512007353260557, 41.621139140809291 ], [ -91.512128529991088, 41.621138621580819 ], [ -91.515749575383339, 41.621123471296826 ], [ -91.516316170770608, 41.621786833738462 ], [ -91.515500370920293, 41.621972155076662 ], [ -91.515494133558576, 41.622927162710845 ], [ -91.515493056751254, 41.623091823775205 ], [ -91.514487695360842, 41.623088124323473 ], [ -91.514482109564739, 41.624073415562187 ], [ -91.514461457649375, 41.627715599764151 ], [ -91.51491866903298, 41.627713538267663 ], [ -91.515119842642193, 41.627712631116772 ], [ -91.515321016273219, 41.627711722716604 ], [ -91.515522188644127, 41.627710815747058 ], [ -91.515723362236614, 41.627709907548876 ], [ -91.515903832735006, 41.627709092275737 ], [ -91.516056176060744, 41.62770840418132 ], [ -91.516235512031955, 41.62770759419324 ], [ -91.516486138932635, 41.627706460982473 ], [ -91.51668105175861, 41.62770557909338 ], [ -91.516727874707243, 41.627705367853586 ], [ -91.516965777790034, 41.62770431132958 ], [ -91.517151745137951, 41.627702966715546 ], [ -91.517344506016357, 41.627702112648855 ], [ -91.517535365245863, 41.627701267170103 ], [ -91.517725564204014, 41.627700423596195 ], [ -91.517915765556708, 41.627699579751322 ], [ -91.518105965677393, 41.627698736474066 ], [ -91.518291521886184, 41.62769634188745 ], [ -91.518542111051275, 41.627695218898758 ], [ -91.518792663015788, 41.627694094732753 ], [ -91.519043214944389, 41.627692970925452 ], [ -91.519293765664585, 41.627691846556182 ], [ -91.519513228808123, 41.627690860610912 ], [ -91.519768426734245, 41.627689714639999 ], [ -91.520023549040502, 41.627688567716469 ], [ -91.520278673709981, 41.627687421172688 ], [ -91.520534237775394, 41.627686271663542 ], [ -91.520753698481954, 41.627685283329058 ], [ -91.521027659403018, 41.627684048751995 ], [ -91.521301986425243, 41.627682813472163 ], [ -91.521410511437779, 41.627682324176035 ], [ -91.521509173999178, 41.627682279780068 ], [ -91.521583480772051, 41.627682290667721 ], [ -91.522166444026453, 41.627684193790309 ], [ -91.526356915593851, 41.627697929187022 ], [ -91.526700914172594, 41.627699050674977 ], [ -91.526900044715944, 41.627699745444808 ], [ -91.526717301360733, 41.627387357504162 ], [ -91.525921552843585, 41.626076463201642 ], [ -91.523875052507179, 41.622592902339626 ], [ -91.523791767359867, 41.622450340102134 ], [ -91.523709535997043, 41.622307434610448 ], [ -91.523628358303881, 41.622164189467377 ], [ -91.523548238909683, 41.622020610157783 ], [ -91.523473253506182, 41.621879640958063 ], [ -91.523395244394166, 41.621729142015155 ], [ -91.523321015611714, 41.621579660327654 ], [ -91.523249104569018, 41.621437557257657 ], [ -91.523175483402682, 41.621289038670966 ], [ -91.523105684589964, 41.621140108786214 ], [ -91.52303779108756, 41.620991211343153 ], [ -91.522974194081385, 41.620847247776211 ], [ -91.522906950205595, 41.620697884885473 ], [ -91.52283738353421, 41.620541334100523 ], [ -91.522784150223814, 41.620410281941709 ], [ -91.522728329234099, 41.62026969036809 ], [ -91.522673670416665, 41.620134719541383 ], [ -91.522628063919797, 41.6200153928758 ], [ -91.522587286368392, 41.619902314212531 ], [ -91.522801171854766, 41.619850788961486 ], [ -91.526007762086621, 41.619236255432213 ], [ -91.52618448081769, 41.619246348201912 ], [ -91.526473604995161, 41.619262859474127 ], [ -91.527034002725657, 41.619294861819064 ], [ -91.527801784780394, 41.61935250219139 ], [ -91.528657785838831, 41.619290822459227 ], [ -91.530606529636316, 41.619011832864302 ], [ -91.532622539958055, 41.619228161523459 ], [ -91.533582292514424, 41.619281103452451 ], [ -91.533663323727453, 41.62045109761079 ], [ -91.533727982229252, 41.621384664378212 ], [ -91.535433340554761, 41.621394893601746 ], [ -91.535473194520833, 41.621395133147367 ], [ -91.535868363296501, 41.621702604325122 ], [ -91.536281577088531, 41.622046837637704 ], [ -91.536544221186645, 41.622290322122119 ], [ -91.53677718354858, 41.622541587140162 ], [ -91.536831798950672, 41.622632353122626 ], [ -91.537076619179899, 41.623140204895776 ], [ -91.537184594615681, 41.623471755211582 ], [ -91.53715368162726, 41.623875285162498 ], [ -91.537053498919107, 41.624156813642095 ], [ -91.536993173563573, 41.624156612569216 ], [ -91.536951201053895, 41.624283394258669 ], [ -91.536900806505287, 41.624408436813262 ], [ -91.536842116726007, 41.62453142546827 ], [ -91.536775279407991, 41.624652050627461 ], [ -91.536700462755448, 41.624770008642571 ], [ -91.536617855061905, 41.624885002577649 ], [ -91.536527664236587, 41.624996742956732 ], [ -91.536430117281199, 41.625104948492627 ], [ -91.536325459719038, 41.625209346795224 ], [ -91.536213954976915, 41.625309675057181 ], [ -91.536095883722339, 41.625405680715772 ], [ -91.535971543157103, 41.62549712208876 ], [ -91.5358412462692, 41.625583768982963 ], [ -91.535295374869747, 41.625931653496231 ], [ -91.534774456379239, 41.626107714782023 ], [ -91.533785507905193, 41.626865720197252 ], [ -91.533133534708895, 41.627747532917425 ], [ -91.533598438736362, 41.627755676415283 ], [ -91.533624631362272, 41.627725457430977 ], [ -91.533912343590544, 41.627403264215495 ], [ -91.534529193364676, 41.626712473122026 ], [ -91.537053690602775, 41.625167747580086 ], [ -91.53766611997878, 41.624078423815483 ], [ -91.538090430395044, 41.624079424929832 ], [ -91.538296078096707, 41.624079909794581 ], [ -91.538369229309851, 41.624080082264825 ], [ -91.540920867231577, 41.624086073063303 ], [ -91.540934574105208, 41.623695205271588 ], [ -91.541001570866158, 41.621788683970074 ], [ -91.541035654655104, 41.62044628102776 ], [ -91.541094296255935, 41.617302095107654 ], [ -91.541120111404524, 41.615917795314871 ], [ -91.538139606809651, 41.615907534669617 ], [ -91.537920964277632, 41.613261149466005 ], [ -91.541169359604595, 41.613277712527157 ], [ -91.542512576769852, 41.61329028577039 ], [ -91.543620682193264, 41.617328592809649 ], [ -91.54387492221214, 41.618260684333563 ], [ -91.543970856074779, 41.618699707351787 ], [ -91.544049892154902, 41.619140622763588 ], [ -91.544111961896689, 41.619583063801052 ], [ -91.544157015932356, 41.62002666401343 ], [ -91.544185015767098, 41.620471054424094 ], [ -91.544195938746213, 41.620916218457324 ], [ -91.544189747375555, 41.621361433197073 ], [ -91.544166446394897, 41.621806328573165 ], [ -91.54425956750292, 41.621806846018849 ], [ -91.544251346269647, 41.621938787935726 ], [ -91.544153636673713, 41.623444215898616 ], [ -91.544767135716612, 41.623430515452078 ], [ -91.546198421833608, 41.623398541772588 ], [ -91.546221947514923, 41.623892214647135 ], [ -91.54477123049476, 41.623931141614008 ], [ -91.544734276448906, 41.623932133108553 ], [ -91.544120898997463, 41.623948586883571 ], [ -91.544109700986326, 41.624121117822561 ], [ -91.544061491171547, 41.62486385625526 ], [ -91.544060219873828, 41.624883043109513 ], [ -91.544056768355645, 41.624935121441744 ], [ -91.544075034525719, 41.624935803397683 ], [ -91.544035122684647, 41.625538030931637 ], [ -91.543915528588172, 41.625536456974963 ], [ -91.543863715868852, 41.625535775411166 ], [ -91.54383860764041, 41.625919712270608 ], [ -91.543761742272252, 41.626547314028087 ], [ -91.542745436138574, 41.626525508635403 ], [ -91.54273312193331, 41.626668247119845 ], [ -91.542702091850018, 41.627135639106726 ], [ -91.543732664965546, 41.627152606920234 ], [ -91.543825138201186, 41.627154129552238 ], [ -91.543763575625377, 41.627651574149603 ], [ -91.543746014654715, 41.627731922368177 ], [ -91.543693128305264, 41.627973898404306 ], [ -91.543649545402332, 41.628155707405092 ], [ -91.543586372747299, 41.628355116102945 ], [ -91.543461287101479, 41.62871973222412 ], [ -91.54334844751628, 41.628997285437556 ], [ -91.543250890501341, 41.629206784056002 ], [ -91.543153794903219, 41.629401957115249 ], [ -91.543057154740524, 41.629576082338836 ], [ -91.542978430052912, 41.629713943209779 ], [ -91.542884240058882, 41.629870903431005 ], [ -91.542734557364881, 41.630103904826761 ], [ -91.542602074562453, 41.630289276604394 ], [ -91.542369421471633, 41.63059489262649 ], [ -91.542297306969957, 41.630680109433086 ], [ -91.542452047430004, 41.63068153175994 ], [ -91.54272284653446, 41.630684010933976 ], [ -91.543329872409885, 41.630688990033718 ], [ -91.543457889753313, 41.630690119398409 ], [ -91.544719788122407, 41.630701254652912 ], [ -91.544713285397776, 41.631316092275945 ], [ -91.545516598331687, 41.631317521904748 ], [ -91.54919329967926, 41.631331054365766 ], [ -91.549171219443821, 41.631901435430471 ], [ -91.549105885260559, 41.634912740188994 ], [ -91.549075199092542, 41.635716773387692 ], [ -91.549077316912886, 41.63577664143542 ], [ -91.549088116700631, 41.635835979983042 ], [ -91.549107469901614, 41.63589408257134 ], [ -91.549135146126744, 41.635950257454162 ], [ -91.549170815894129, 41.636003835834096 ], [ -91.549214054550575, 41.636054179825187 ], [ -91.549264347326854, 41.636100690047584 ], [ -91.5493210954658, 41.636142812763872 ], [ -91.549383623350494, 41.636180046472063 ], [ -91.550166933081186, 41.636585274008993 ], [ -91.551887423202913, 41.637475171363427 ], [ -91.553180639119361, 41.637605949507694 ], [ -91.554976692006989, 41.637139262414927 ], [ -91.559721638391039, 41.63589840143004 ], [ -91.559843542817489, 41.635866520032174 ], [ -91.559875156056663, 41.634932621321276 ], [ -91.55991040236799, 41.633891410799542 ], [ -91.559919788115408, 41.633600600154701 ], [ -91.559939867313744, 41.632977615899293 ], [ -91.559753971635658, 41.632888021171908 ], [ -91.559563222712939, 41.632804365238258 ], [ -91.5593679574243, 41.632726795834323 ], [ -91.559168520620474, 41.632655449946789 ], [ -91.558965264515479, 41.632590453571268 ], [ -91.558758548064731, 41.6325319214899 ], [ -91.558548736331431, 41.632479957068682 ], [ -91.558336199842188, 41.632434652075105 ], [ -91.558121313932844, 41.632396086516145 ], [ -91.557904458086085, 41.632364328497033 ], [ -91.557686015261595, 41.632339434101013 ], [ -91.557466371219945, 41.632321447290487 ], [ -91.55724591384201, 41.632310399829272 ], [ -91.557025032444116, 41.632306311226571 ], [ -91.556804117090962, 41.632309188702621 ], [ -91.55658355790726, 41.632319027175861 ], [ -91.555366635846241, 41.632392584052923 ], [ -91.555146583480578, 41.632405885525962 ], [ -91.555176878093192, 41.631542831164332 ], [ -91.55518172005435, 41.631404874964829 ], [ -91.555186563194795, 41.631266918779325 ], [ -91.556462269448261, 41.631189806906143 ], [ -91.556703457280449, 41.631178493546138 ], [ -91.556945029658721, 41.631173647664305 ], [ -91.557186678597276, 41.631175275438807 ], [ -91.557428096012814, 41.631183374794539 ], [ -91.557668974116979, 41.631197935405353 ], [ -91.557909005808497, 41.631218938707697 ], [ -91.5581478850645, 41.631246357923821 ], [ -91.55838530733034, 41.63128015809626 ], [ -91.558620969907636, 41.631320296132124 ], [ -91.558854572339939, 41.631366720858125 ], [ -91.559085816795573, 41.631419373085699 ], [ -91.559314408447108, 41.631478185686539 ], [ -91.559540055846966, 41.63154308367794 ], [ -91.559762471298896, 41.631613984318498 ], [ -91.559981371224481, 41.631690797213487 ], [ -91.559985204506276, 41.631571889095206 ], [ -91.56010589050031, 41.631573807693123 ], [ -91.560724359511426, 41.631583638653353 ], [ -91.563485474307697, 41.631627485466559 ], [ -91.564961283041114, 41.631650894347722 ], [ -91.563488204289428, 41.62971225988597 ], [ -91.561571039424919, 41.627759018720752 ], [ -91.563345975355389, 41.62778278934244 ], [ -91.564962242540119, 41.62780493723438 ], [ -91.564966391667298, 41.627804993881917 ], [ -91.567316749119485, 41.627837162319608 ], [ -91.568296196164454, 41.627850554551721 ], [ -91.569693999005011, 41.627869651603 ], [ -91.56981468495465, 41.627871299022686 ], [ -91.569740547924198, 41.629906782722671 ], [ -91.569748698019438, 41.630033385796395 ], [ -91.569766412406011, 41.630159437712557 ], [ -91.56979363402904, 41.630284532087693 ], [ -91.569830275181573, 41.630408265622954 ], [ -91.569876217786629, 41.630530239404706 ], [ -91.569931313777275, 41.630650060190391 ], [ -91.569995385573264, 41.63076734167668 ], [ -91.570068226653049, 41.630881705744919 ], [ -91.570149602219061, 41.630992783680398 ], [ -91.57023924995417, 41.631100217361151 ], [ -91.570336880867103, 41.631203660412865 ], [ -91.570442180223665, 41.631302779325694 ], [ -91.570554808561269, 41.631397254529752 ], [ -91.570656292956372, 41.631326000596495 ], [ -91.57116498085189, 41.630968862690025 ], [ -91.571262531264779, 41.630902850963061 ], [ -91.571882195226522, 41.630483520340633 ], [ -91.571957012923278, 41.630432883378624 ], [ -91.572138764056874, 41.630319529818429 ], [ -91.572323753012043, 41.630209164210157 ], [ -91.572514815343567, 41.630108638943668 ], [ -91.572708706414858, 41.630011210447911 ], [ -91.572707946761369, 41.629881361839189 ], [ -91.572889105594996, 41.629789608721445 ], [ -91.573072683743362, 41.629700603822151 ], [ -91.573254610890132, 41.629616377499651 ], [ -91.573438707839273, 41.629534848562884 ], [ -91.573627580440032, 41.62945472811942 ], [ -91.573818544376067, 41.629377448868127 ], [ -91.574011523730874, 41.629303041528139 ], [ -91.574430120397835, 41.629159866607225 ], [ -91.574490700011211, 41.629139145664922 ], [ -91.574667990627248, 41.62904222191208 ], [ -91.574668694321232, 41.629016502366689 ], [ -91.574891467756174, 41.629007691573342 ], [ -91.574890598860975, 41.62902749949572 ], [ -91.574860210462717, 41.6297192964876 ], [ -91.574725946005074, 41.62979718208075 ], [ -91.574511441511362, 41.634279191464508 ], [ -91.57438296461936, 41.634277669194041 ], [ -91.573518108479064, 41.634267423775349 ], [ -91.573499370196103, 41.634702041770439 ], [ -91.57348028343722, 41.635144753060757 ], [ -91.573471433557629, 41.635316803519309 ], [ -91.573462644010959, 41.635480954863318 ], [ -91.573447179340732, 41.63578261223698 ], [ -91.573431713274346, 41.636084271360836 ], [ -91.573423882211813, 41.636237016221003 ], [ -91.573172495727533, 41.636149547198244 ], [ -91.572863797955733, 41.636646479557889 ], [ -91.572118932326717, 41.636386505716317 ], [ -91.572118530109449, 41.636387157370642 ], [ -91.571919431623343, 41.636709034423987 ], [ -91.571908316367669, 41.63673157474674 ], [ -91.571902141201392, 41.636755157282543 ], [ -91.571901064578512, 41.63677917692705 ], [ -91.571905114129734, 41.636803017359377 ], [ -91.571914185952892, 41.6368260668565 ], [ -91.571928047278476, 41.63684773398942 ], [ -91.571947100907778, 41.636868150774802 ], [ -91.571970396997258, 41.636885919656542 ], [ -91.571997292709526, 41.636900550313818 ], [ -91.572027045876425, 41.636911639022877 ], [ -91.5720588354787, 41.636918879797619 ], [ -91.572091784301833, 41.636922072833201 ], [ -91.572092917725712, 41.636922108791225 ], [ -91.572105387551716, 41.636922187351757 ], [ -91.572106521478034, 41.636922165679266 ], [ -91.572111053820052, 41.636922030300667 ], [ -91.572115580023535, 41.636921818268412 ], [ -91.572124608041875, 41.636921163242938 ], [ -91.572127582872099, 41.636920880384153 ], [ -91.572155865584577, 41.637084169228643 ], [ -91.573213183157208, 41.636977132643132 ], [ -91.573176796151159, 41.637662575262603 ], [ -91.573162239703535, 41.637936792589834 ], [ -91.573147589957046, 41.63821274200702 ], [ -91.573147239704781, 41.638212731683389 ], [ -91.572621581986894, 41.6381975212798 ], [ -91.572783928994781, 41.638406514137451 ], [ -91.573117778256517, 41.638774206583335 ], [ -91.57312108727757, 41.639144497270571 ], [ -91.574290737224317, 41.639162166758901 ], [ -91.574288865999776, 41.639225722819802 ], [ -91.574281058552216, 41.63949066968685 ], [ -91.574238122928975, 41.640947678132882 ], [ -91.576353870958968, 41.642449367589393 ], [ -91.578395702960265, 41.642485797181394 ], [ -91.579040270976577, 41.642493389143205 ], [ -91.583888348323711, 41.642531126366777 ], [ -91.585102479177934, 41.642540407604649 ], [ -91.585395149358021, 41.64254269629226 ], [ -91.586316882421443, 41.64254989766507 ], [ -91.588619387830278, 41.642567855569901 ], [ -91.588736691044204, 41.642568768755588 ], [ -91.593728922668262, 41.642605938800699 ], [ -91.599344048119335, 41.642647512924171 ], [ -91.599421259688029, 41.642648082345367 ], [ -91.599596616438291, 41.64264869414454 ], [ -91.599611246819023, 41.642648744799274 ], [ -91.600479606098517, 41.642651752659923 ], [ -91.601180435762217, 41.642654175776244 ], [ -91.60229297624727, 41.642658012717874 ], [ -91.602581526243426, 41.642659006295432 ], [ -91.602896102622068, 41.642656918946514 ], [ -91.603174919431112, 41.642565989098756 ], [ -91.603239709326232, 41.642543146201234 ], [ -91.603304041036395, 41.642519584301972 ], [ -91.603367899976348, 41.642495309467272 ], [ -91.603431271586956, 41.642470326863432 ], [ -91.603494142509433, 41.642444641676342 ], [ -91.603556498132534, 41.64241826087256 ], [ -91.603618325149753, 41.642391187837809 ], [ -91.604377910472877, 41.642063433824802 ], [ -91.605789795420463, 41.641443675592058 ], [ -91.60607151704275, 41.641317537893769 ], [ -91.608227274022568, 41.640372121511902 ], [ -91.609086598623037, 41.639986715086543 ], [ -91.609086939842186, 41.640140379478609 ], [ -91.609087990328007, 41.640613536499032 ], [ -91.609088493923579, 41.640840962323288 ], [ -91.609088954642345, 41.641047997039436 ], [ -91.609089414137955, 41.641255032622929 ], [ -91.609089873636492, 41.641462068193206 ], [ -91.609090334364041, 41.641669102869706 ], [ -91.609090893231269, 41.641921173421991 ], [ -91.60909125907753, 41.64208591815207 ], [ -91.609091786992494, 41.642323772265613 ], [ -91.609092377639769, 41.642589948412081 ], [ -91.609092531236115, 41.642667823609493 ], [ -91.609249249256607, 41.642668400547741 ], [ -91.610354014123018, 41.642673527437324 ], [ -91.610165334710985, 41.646304733313215 ], [ -91.609977911898696, 41.649922797025305 ], [ -91.609977891711026, 41.649923493755523 ], [ -91.609949414342736, 41.650940993481527 ], [ -91.610542596522166, 41.650944763435369 ], [ -91.610547125887933, 41.651740621714339 ], [ -91.609927143674383, 41.651736681688405 ], [ -91.609907262854108, 41.652400108898668 ], [ -91.609907242143194, 41.652400823631709 ], [ -91.609875106109698, 41.653527596666585 ], [ -91.609875085398087, 41.653528311399313 ], [ -91.60987459831253, 41.653545410211379 ], [ -91.609874577600934, 41.653546124944064 ], [ -91.611402033988369, 41.653549752643684 ], [ -91.613599372151654, 41.65355494713188 ], [ -91.618421974262517, 41.653566201855398 ], [ -91.618327693203767, 41.65657849056236 ], [ -91.61831452637179, 41.656982558813141 ], [ -91.618314189430464, 41.656996277430459 ], [ -91.618308017369742, 41.657172833328922 ], [ -91.617624497278598, 41.657166824567376 ], [ -91.611541313243706, 41.657137725476282 ], [ -91.609772002885649, 41.657132525273887 ], [ -91.60976409894792, 41.657418426041417 ], [ -91.60966616986947, 41.660758189222534 ], [ -91.60966614915327, 41.660758903953543 ], [ -91.609560040234612, 41.664383980273563 ], [ -91.609553238619597, 41.664814751834932 ], [ -91.609550801031574, 41.666464817085249 ], [ -91.610118521140663, 41.666471594287174 ], [ -91.615492960696344, 41.670337005104336 ], [ -91.614798566482676, 41.670334286830567 ], [ -91.613062753533896, 41.6703274739641 ], [ -91.613049208335454, 41.670327439151954 ], [ -91.610992223034046, 41.670319180866521 ], [ -91.608382911962039, 41.670308948558628 ], [ -91.608286324180213, 41.670308610887737 ], [ -91.607558953055218, 41.670305711351467 ], [ -91.607427373257366, 41.670301633860511 ], [ -91.607296525220832, 41.670290472310981 ], [ -91.607167086489312, 41.670272284498488 ], [ -91.607039727307694, 41.670247164601179 ], [ -91.606915107150684, 41.670215242692066 ], [ -91.606828230570386, 41.670188400628192 ], [ -91.606743306064246, 41.670158250464866 ], [ -91.606711674293521, 41.670146266108212 ], [ -91.604659136876677, 41.669368576100482 ], [ -91.604560872716917, 41.669335160202614 ], [ -91.604459206812351, 41.669308063008842 ], [ -91.604354860380468, 41.669287476745673 ], [ -91.60424857365193, 41.669273547451169 ], [ -91.604141100619984, 41.669266373939031 ], [ -91.60403320369231, 41.66926600709774 ], [ -91.603230472939075, 41.669295535935099 ], [ -91.603071043378634, 41.669300040868698 ], [ -91.602892076310297, 41.669308397590555 ], [ -91.602714016574936, 41.669323299050582 ], [ -91.602713869612501, 41.669323313758092 ], [ -91.602537011003463, 41.669344733245978 ], [ -91.602536850599378, 41.669344755838672 ], [ -91.602361443915356, 41.669372670570063 ], [ -91.602188070729667, 41.669406992430638 ], [ -91.602029241267672, 41.669438694551076 ], [ -91.601853934594317, 41.669467146784868 ], [ -91.601853699363559, 41.669467181661069 ], [ -91.601676633704557, 41.669489170134213 ], [ -91.601676506002534, 41.669489183354429 ], [ -91.601498274849646, 41.669504622309063 ], [ -91.601498085815464, 41.669504638127705 ], [ -91.601319080338797, 41.669513501539129 ], [ -91.601318869852122, 41.669513511602794 ], [ -91.601139288796531, 41.669515782006457 ], [ -91.601139219139341, 41.669515781766812 ], [ -91.60095977526241, 41.669511443810194 ], [ -91.600959533042854, 41.669511429938353 ], [ -91.600780761391562, 41.669500507691218 ], [ -91.600780683514216, 41.669500501012642 ], [ -91.6006026800802, 41.669482999651493 ], [ -91.600602471895314, 41.66948297192674 ], [ -91.600425957722095, 41.669458962700425 ], [ -91.600425772452382, 41.669458931748281 ], [ -91.600251020289775, 41.669428454252667 ], [ -91.600250896142512, 41.669428427903554 ], [ -91.600078292159552, 41.66939154520778 ], [ -91.600078064352928, 41.669391490142992 ], [ -91.599908183738052, 41.669348332356293 ], [ -91.599767618982384, 41.669312912408223 ], [ -91.599624708203507, 41.669283235641025 ], [ -91.599479875219572, 41.669259389143036 ], [ -91.599333539595222, 41.669241441022457 ], [ -91.599186124940829, 41.669229444145756 ], [ -91.599038069822598, 41.669223432714332 ], [ -91.599004738564901, 41.669222755902744 ], [ -91.599001977198611, 41.669298855546231 ], [ -91.598990504082352, 41.669299296870633 ], [ -91.598979264338638, 41.669301078670117 ], [ -91.598968534797976, 41.669304157059635 ], [ -91.598958579724879, 41.669308456219653 ], [ -91.598949644309144, 41.669313870263515 ], [ -91.59894194862693, 41.669320265845364 ], [ -91.598935682220443, 41.669327485444406 ], [ -91.598930999429442, 41.669335351244541 ], [ -91.598928015590019, 41.669343669513914 ], [ -91.598926804193752, 41.669352235376429 ], [ -91.598926502216173, 41.669360492441314 ], [ -91.598923139571014, 41.669453052218827 ], [ -91.59891598215421, 41.669521898314052 ], [ -91.59889958993962, 41.669589850662462 ], [ -91.598874130458583, 41.669656214660883 ], [ -91.59885023481381, 41.66971566308063 ], [ -91.598832416548291, 41.669776298359494 ], [ -91.598820778163031, 41.669837771746316 ], [ -91.598815386615357, 41.669899729668479 ], [ -91.598804894079407, 41.670188711921504 ], [ -91.599913654275852, 41.670211350000216 ], [ -91.599910660410103, 41.670293649979534 ], [ -91.599880726190804, 41.671116647928216 ], [ -91.599855844934638, 41.67158769620216 ], [ -91.599840626379276, 41.672001168611708 ], [ -91.598755264014187, 41.671978702157773 ], [ -91.598641199356237, 41.671976340924928 ], [ -91.598634485359668, 41.671976202060719 ], [ -91.598627516745978, 41.673758646541685 ], [ -91.598532486532491, 41.673759375543128 ], [ -91.595492998309695, 41.673782666968911 ], [ -91.595492958663229, 41.67378266721861 ], [ -91.594703192866675, 41.673788705789534 ], [ -91.59470315562146, 41.673788706078341 ], [ -91.592046353696276, 41.673808981496933 ], [ -91.590673370417818, 41.676498443972307 ], [ -91.590391180290396, 41.677048540155049 ], [ -91.589846420877493, 41.678110460482429 ], [ -91.588295979565146, 41.677304952969386 ], [ -91.584368149776083, 41.675261443537671 ], [ -91.582268755405678, 41.674169096110553 ], [ -91.582558585606833, 41.673652974441815 ], [ -91.583105561512994, 41.672678916452021 ], [ -91.581211224519862, 41.671707509005955 ], [ -91.579972145219244, 41.67107208171263 ], [ -91.579851301151407, 41.671010109145108 ], [ -91.578414981076435, 41.670273497801887 ], [ -91.578337099848738, 41.671724927133994 ], [ -91.578337073320668, 41.671725827288427 ], [ -91.578324898065802, 41.672144255822175 ], [ -91.577488288792992, 41.671711275457071 ], [ -91.572844029579059, 41.669305763780585 ], [ -91.570301338307502, 41.667991551557847 ], [ -91.56883239441062, 41.667227910421865 ], [ -91.568598466136365, 41.667105885153632 ], [ -91.568429926554387, 41.667352311826008 ], [ -91.568393874451388, 41.667387405749565 ], [ -91.568393822564559, 41.667387454418325 ], [ -91.568352854388451, 41.667419345895347 ], [ -91.568352778225162, 41.667419403165887 ], [ -91.568307352608628, 41.667447733285982 ], [ -91.568307291517741, 41.667447768292512 ], [ -91.568257917864329, 41.667472207809951 ], [ -91.567343918143592, 41.667942643529003 ], [ -91.565680731250225, 41.668798651003826 ], [ -91.565675368799205, 41.668798027528261 ], [ -91.565463869705056, 41.668773462527994 ], [ -91.563275832299169, 41.667877490704349 ], [ -91.559372643414676, 41.666278990831145 ], [ -91.559368088215848, 41.666417166551838 ], [ -91.559364796555585, 41.666517040197526 ], [ -91.559346842766729, 41.667061731236672 ], [ -91.559337264130065, 41.667352315046301 ], [ -91.559328174186177, 41.667628089447994 ], [ -91.559322040621254, 41.667814168588556 ], [ -91.559314039762427, 41.668056895678305 ], [ -91.559820631156683, 41.668180559414914 ], [ -91.559994303647898, 41.668223062584012 ], [ -91.560604057035292, 41.668480290387258 ], [ -91.56064201477821, 41.668499372870073 ], [ -91.561113314301693, 41.668736294460615 ], [ -91.561171376262521, 41.668765481592089 ], [ -91.561643951967469, 41.669098233321428 ], [ -91.561753142561955, 41.669197193683473 ], [ -91.561942431803601, 41.669368748436774 ], [ -91.562164994180165, 41.669570455960098 ], [ -91.562390471804562, 41.669856930057257 ], [ -91.562615777324794, 41.670205011574595 ], [ -91.562732656360282, 41.670733442124209 ], [ -91.562862734721335, 41.671473480157054 ], [ -91.562980681386748, 41.671946059462584 ], [ -91.56302950343192, 41.672131429538467 ], [ -91.563098151603398, 41.672392074692375 ], [ -91.563396740998243, 41.672901902866222 ], [ -91.563411304867003, 41.672923110087588 ], [ -91.563592164780388, 41.673186483613762 ], [ -91.563753464990981, 41.673421372294065 ], [ -91.56394116891056, 41.673608635643035 ], [ -91.564509064690611, 41.6741751866168 ], [ -91.564617026663058, 41.67442612512869 ], [ -91.564650397939431, 41.674503687328752 ], [ -91.564661834306278, 41.674559789822794 ], [ -91.564725819447247, 41.674873672956188 ], [ -91.564656952644128, 41.675134737082026 ], [ -91.564652549314673, 41.675152855658553 ], [ -91.564623769982617, 41.675197872738202 ], [ -91.5643388818837, 41.675643496775706 ], [ -91.563479475054493, 41.676466453370082 ], [ -91.562511743402126, 41.677013619945853 ], [ -91.561292964575529, 41.677589414825377 ], [ -91.560038010349544, 41.678182523089156 ], [ -91.559372173901409, 41.678488730242442 ], [ -91.55916903174375, 41.678581430116822 ], [ -91.559045495234017, 41.678637151033783 ], [ -91.559025268096576, 41.678647032591456 ], [ -91.558960801866917, 41.67867407874224 ], [ -91.558894541717677, 41.678699724135598 ], [ -91.558825146995417, 41.678719006567029 ], [ -91.558727236179749, 41.678749943732619 ], [ -91.558667343808537, 41.678770427963194 ], [ -91.558651218799085, 41.678778217569437 ], [ -91.558573653921528, 41.678825821072529 ], [ -91.558491351552547, 41.678847387361508 ], [ -91.558488647969099, 41.678848095916059 ], [ -91.558485943158161, 41.678848805350619 ], [ -91.558409105919878, 41.678871967936978 ], [ -91.558332268546565, 41.678895133172595 ], [ -91.558255187328584, 41.67892644377141 ], [ -91.5581781084379, 41.678957754358812 ], [ -91.558101269680634, 41.678980919420553 ], [ -91.55802443086867, 41.679004084431213 ], [ -91.557925605991343, 41.679035029945922 ], [ -91.557848768280607, 41.679058193959669 ], [ -91.557749456650285, 41.679105432869953 ], [ -91.557672132186809, 41.679144890311697 ], [ -91.55756534535179, 41.679206015393476 ], [ -91.557563404582311, 41.6792071266566 ], [ -91.557561462611986, 41.679208237899658 ], [ -91.557484380626462, 41.67923954888267 ], [ -91.557458609527274, 41.679247318209519 ], [ -91.557407542544496, 41.679262711702144 ], [ -91.557330704354371, 41.679285876270818 ], [ -91.557254108852291, 41.679300894457128 ], [ -91.557177027836929, 41.679332204354701 ], [ -91.557099703985259, 41.679371660531416 ], [ -91.557011506500857, 41.679410933650544 ], [ -91.556934667995122, 41.679434097955514 ], [ -91.556846955861587, 41.679457080088625 ], [ -91.556770360073671, 41.679472097054308 ], [ -91.556671533864076, 41.679503042395083 ], [ -91.556594451128916, 41.679534351882985 ], [ -91.556517370694309, 41.67956566225967 ], [ -91.556429415443276, 41.6795967886044 ], [ -91.556352577738991, 41.679619951642053 ], [ -91.556350362357193, 41.6796210051495 ], [ -91.556348142092006, 41.679622061276852 ], [ -91.556253262940174, 41.679667190141323 ], [ -91.556176423889525, 41.679690353041572 ], [ -91.556099583583517, 41.679713515870603 ], [ -91.55602225860008, 41.679752972223547 ], [ -91.555944690668355, 41.679800573051132 ], [ -91.555867365514615, 41.679840028399411 ], [ -91.555790283195165, 41.679871337369001 ], [ -91.555755876542449, 41.67988531261431 ], [ -91.555713200801563, 41.679902646287012 ], [ -91.555625244684705, 41.67993377291814 ], [ -91.555569177003662, 41.679989884226629 ], [ -91.55555608770446, 41.680011426862933 ], [ -91.555534858962886, 41.680046360037977 ], [ -91.555511412111514, 41.680103018945012 ], [ -91.555477092733497, 41.680159495617026 ], [ -91.555442772122177, 41.680215971357647 ], [ -91.555419325129606, 41.68027263024284 ], [ -91.55540485208283, 41.680287115110382 ], [ -91.555363260554984, 41.680328742405834 ], [ -91.555339569319656, 41.680393545776525 ], [ -91.555316123374155, 41.68045020465761 ], [ -91.555294549197171, 41.680480801030065 ], [ -91.555291794472765, 41.680491678188034 ], [ -91.555289848463431, 41.68055691808911 ], [ -91.555279042250532, 41.680919193631091 ], [ -91.555289738268399, 41.680985908966662 ], [ -91.555326081984404, 41.681043548408788 ], [ -91.555349742415913, 41.681100975247475 ], [ -91.555347758776577, 41.681167478041779 ], [ -91.555358740675473, 41.681224693264326 ], [ -91.555382117836402, 41.681291620234745 ], [ -91.555418459403157, 41.681349259602243 ], [ -91.555429440220834, 41.681406473894604 ], [ -91.555453102049128, 41.681463901625989 ], [ -91.555463799535403, 41.681530616954255 ], [ -91.555460399223833, 41.681644620445425 ], [ -91.555484061165942, 41.681702048166215 ], [ -91.555520404252519, 41.681759687514713 ], [ -91.555569424861758, 41.681817540218894 ], [ -91.555605485980749, 41.681884678798994 ], [ -91.555629148111038, 41.681942107386192 ], [ -91.555661739318566, 41.682132808975879 ], [ -91.555717180483882, 41.682304296501073 ], [ -91.555720843279587, 41.682315620732304 ], [ -91.555742087856274, 41.682381330275284 ], [ -91.555759036039859, 41.68240133012899 ], [ -91.555782277261088, 41.682457736645532 ], [ -91.555853394873438, 41.682580300744391 ], [ -91.555889092891903, 41.682636917770068 ], [ -91.555924512753379, 41.682702864795097 ], [ -91.555947755399345, 41.682759272193515 ], [ -91.555970996911569, 41.682815678666039 ], [ -91.556042393499695, 41.682928911724964 ], [ -91.556065636355157, 41.682985318195698 ], [ -91.556088879197205, 41.683041726461099 ], [ -91.556112120932426, 41.683098132900426 ], [ -91.556147540042716, 41.683164080728027 ], [ -91.556170783046284, 41.683220488073843 ], [ -91.556206481718178, 41.68327710409072 ], [ -91.556254636091097, 41.683333928767311 ], [ -91.556290336152415, 41.683390542976305 ], [ -91.556326034994512, 41.683447159853706 ], [ -91.556349277052831, 41.683503567138686 ], [ -91.556397431717684, 41.683560391752223 ], [ -91.556433131973506, 41.683617007713664 ], [ -91.556468829916682, 41.683673622722822 ], [ -91.556479616463804, 41.683729821329067 ], [ -91.55652777138279, 41.683786646784768 ], [ -91.556588105168288, 41.683853011785047 ], [ -91.556648717277838, 41.683910044042847 ], [ -91.556696872531148, 41.68396686762506 ], [ -91.556720115095885, 41.68402327482687 ], [ -91.556743358874854, 41.684079682943228 ], [ -91.556779058515005, 41.684136298769246 ], [ -91.556818850253364, 41.684222858552808 ], [ -91.556825824526612, 41.684239780459322 ], [ -91.556849067300377, 41.684296187630522 ], [ -91.5568723101144, 41.684352594796096 ], [ -91.556883098322785, 41.684408793373109 ], [ -91.556930141604056, 41.684502944084009 ], [ -91.556953384562036, 41.684559351229758 ], [ -91.556976351831551, 41.684625090218333 ], [ -91.556987139000825, 41.684681287860656 ], [ -91.557010382071695, 41.684737694991789 ], [ -91.557045526089013, 41.684812973440067 ], [ -91.557068492340093, 41.684878712385128 ], [ -91.557079280777998, 41.684934911834787 ], [ -91.557090066886587, 41.684991109441974 ], [ -91.55712576732742, 41.685047725145502 ], [ -91.557136554668716, 41.685103923666652 ], [ -91.557147342055501, 41.685160121285612 ], [ -91.557163600033448, 41.685199570288667 ], [ -91.557165632261189, 41.685204507154829 ], [ -91.557170586636715, 41.685216528396367 ], [ -91.55720628724427, 41.685273144971362 ], [ -91.557241987940614, 41.685329760634275 ], [ -91.557446494688477, 41.686041305880657 ], [ -91.557771062304823, 41.687358369004457 ], [ -91.558082980484485, 41.68870367119861 ], [ -91.558433040493696, 41.690666628625586 ], [ -91.558491412052746, 41.691761317305875 ], [ -91.558432165296097, 41.692738798744756 ], [ -91.557978735476127, 41.693791712223906 ], [ -91.557356738538743, 41.694457979671817 ], [ -91.556731472986328, 41.694911907910338 ], [ -91.556144499578124, 41.695217318270352 ], [ -91.555524899612209, 41.695499404850295 ], [ -91.554781120512914, 41.695718151096351 ], [ -91.553727395454757, 41.695727696154229 ], [ -91.552514657094747, 41.695450280302232 ], [ -91.551862532512047, 41.695284552993478 ], [ -91.551122785975608, 41.69506192433311 ], [ -91.550660362726944, 41.694888992978626 ], [ -91.54913998330359, 41.694413509972094 ], [ -91.548087963503747, 41.694181396530297 ], [ -91.547353743780789, 41.69402306130042 ], [ -91.547429890348937, 41.693645475246377 ], [ -91.547474532947234, 41.693424107457588 ], [ -91.547566199162603, 41.693434492762265 ], [ -91.547577144049939, 41.693380222482482 ], [ -91.547561657094391, 41.693380383384493 ], [ -91.547437056097323, 41.693299120988989 ], [ -91.547208831181209, 41.693273263665333 ], [ -91.547248663967707, 41.693075776201674 ], [ -91.547265865496385, 41.69297878098314 ], [ -91.547278426171744, 41.692881386597747 ], [ -91.547286329932135, 41.692783717747211 ], [ -91.547289626189183, 41.692656498833038 ], [ -91.547285023136155, 41.692529302720239 ], [ -91.547272530785662, 41.692402404809918 ], [ -91.547252176231581, 41.692276079855915 ], [ -91.547224003590003, 41.692150601370024 ], [ -91.547188073903357, 41.692026241029701 ], [ -91.547144465007861, 41.691903268090044 ], [ -91.547093271364531, 41.691781948800681 ], [ -91.547035181816426, 41.691663643481554 ], [ -91.546969879832119, 41.691547470526103 ], [ -91.546897504223722, 41.691433676814974 ], [ -91.546818208833201, 41.69132250417146 ], [ -91.546732162205302, 41.691214188847574 ], [ -91.546639547228978, 41.691108961022138 ], [ -91.546540560748568, 41.691007044311739 ], [ -91.546435413145417, 41.690908655295573 ], [ -91.54606916314242, 41.690581683880389 ], [ -91.545961960262687, 41.690490368285246 ], [ -91.545849220518946, 41.690402879272092 ], [ -91.545731186754665, 41.690319405277315 ], [ -91.54555921498708, 41.690208765119522 ], [ -91.545564661241571, 41.690035892951798 ], [ -91.545556178007658, 41.690030744552089 ], [ -91.545333333512275, 41.68990017860424 ], [ -91.545104860851424, 41.689775197669341 ], [ -91.544871009063854, 41.689655937961881 ], [ -91.544632033046611, 41.689542529460205 ], [ -91.544305610671699, 41.689393176875001 ], [ -91.544291310977172, 41.689386634386352 ], [ -91.544277938848921, 41.689379050230016 ], [ -91.544273745682801, 41.689314773350823 ], [ -91.543982019810358, 41.689055932834535 ], [ -91.543973923449826, 41.688927586552133 ], [ -91.544584379137476, 41.688401052831495 ], [ -91.544639535520076, 41.688024404584255 ], [ -91.545603801090763, 41.687703768022715 ], [ -91.545638056534628, 41.68770446749334 ], [ -91.54568449649112, 41.686230267051698 ], [ -91.545693151732308, 41.685955499353163 ], [ -91.545696673115501, 41.685843726148214 ], [ -91.544825653327848, 41.685951412339215 ], [ -91.539699891921629, 41.686673616737721 ], [ -91.535661751631821, 41.687237825006392 ], [ -91.535031874339239, 41.687318572234766 ], [ -91.534399008445433, 41.687384899084229 ], [ -91.533763738969796, 41.687436742465671 ], [ -91.533126657682914, 41.6874740547266 ], [ -91.532488355980917, 41.687496800829436 ], [ -91.531849424856262, 41.687504959251108 ], [ -91.531210460818713, 41.687498524785966 ], [ -91.521549213050704, 41.687263988892504 ], [ -91.511921093638776, 41.687041432726815 ], [ -91.511929786283034, 41.687496878395436 ], [ -91.512034599761108, 41.69299154508365 ], [ -91.512034610252144, 41.692992107239171 ], [ -91.512034620660799, 41.69299267209508 ], [ -91.511505960760175, 41.692989854181306 ], [ -91.511505973544217, 41.69299053795757 ], [ -91.511561313488841, 41.695920703086188 ], [ -91.509647120927994, 41.695903127003561 ], [ -91.508043415599317, 41.695876579415177 ], [ -91.506931494196351, 41.695873156824902 ], [ -91.50239074092714, 41.69585907092906 ], [ -91.502402765303316, 41.696615660549604 ], [ -91.497552741338041, 41.696619837747434 ], [ -91.492691268212084, 41.696619123647309 ], [ -91.492685693146299, 41.696028188426418 ], [ -91.492683863550468, 41.695834334692989 ], [ -91.494689217098369, 41.693987161753469 ], [ -91.49548260970704, 41.693298240972034 ] ], [ [ -91.562450241884889, 41.656162562394933 ], [ -91.562468395984737, 41.655545231160829 ], [ -91.563148373664845, 41.655686926935729 ], [ -91.563534705050216, 41.655741632457513 ], [ -91.563538012439082, 41.655626596197344 ], [ -91.5635424316024, 41.655472859829167 ], [ -91.563716162120144, 41.655500735089937 ], [ -91.564405612949798, 41.655611356867361 ], [ -91.564402042744163, 41.655391070497657 ], [ -91.564393016108269, 41.654834114799577 ], [ -91.56438786400301, 41.654516164133717 ], [ -91.564383193707997, 41.65422802779586 ], [ -91.564382526354876, 41.654186865456815 ], [ -91.56437985815117, 41.654022216115614 ], [ -91.564378746730355, 41.653953611325754 ], [ -91.564374299763486, 41.653679195732188 ], [ -91.564370741016688, 41.653459663220303 ], [ -91.564367183494099, 41.653240130713286 ], [ -91.564363625995512, 41.653020598191127 ], [ -91.564360068494096, 41.652801066553913 ], [ -91.564356512297024, 41.652581532221213 ], [ -91.564352953670053, 41.652361999633634 ], [ -91.564349396267332, 41.652142467050972 ], [ -91.564343836973265, 41.651799447345191 ], [ -91.564341168965001, 41.65163479788054 ], [ -91.564335610957784, 41.651291778140205 ], [ -91.564335306251081, 41.651264334391989 ], [ -91.564309984952573, 41.649698612530827 ], [ -91.563984708468681, 41.649700387396216 ], [ -91.563866080568673, 41.649703777335723 ], [ -91.56374809873094, 41.649713651046312 ], [ -91.563631392053921, 41.649729955879721 ], [ -91.563516582837764, 41.649752604895745 ], [ -91.563404283266806, 41.649781477325917 ], [ -91.56329509214558, 41.649816419217153 ], [ -91.563189591706475, 41.6498572442528 ], [ -91.563088344505402, 41.649903734745642 ], [ -91.562991890422566, 41.64995564279878 ], [ -91.562258531803622, 41.650374857496921 ], [ -91.562178332322446, 41.650415933995646 ], [ -91.562093880170011, 41.650451899597371 ], [ -91.562005751836054, 41.650482508155626 ], [ -91.561914552748974, 41.650507550032749 ], [ -91.561820902819932, 41.650526853660175 ], [ -91.561725447216773, 41.650540286619176 ], [ -91.561628835906774, 41.650547757100242 ], [ -91.561531732083793, 41.650549213143648 ], [ -91.561341118460632, 41.650547030014785 ], [ -91.56064435137236, 41.650539047967236 ], [ -91.560277143235652, 41.650534840020363 ], [ -91.559602242190522, 41.650527101271265 ], [ -91.559481507615303, 41.650525716858837 ], [ -91.559555001550521, 41.652385344137926 ], [ -91.559434258908396, 41.6523842766087 ], [ -91.558908110511268, 41.65237962116295 ], [ -91.558903450462296, 41.652220836097641 ], [ -91.558852382728887, 41.652220919744508 ], [ -91.558695040152173, 41.652221177809373 ], [ -91.558457195651457, 41.652221564929064 ], [ -91.558288619067341, 41.652221839701781 ], [ -91.558219353494778, 41.652221953401472 ], [ -91.557981510161866, 41.652222340465933 ], [ -91.55774366682617, 41.65222272704257 ], [ -91.557505823487645, 41.652223113131441 ], [ -91.557267978946044, 41.652223498712488 ], [ -91.557047516847234, 41.652223855317963 ], [ -91.556814316987285, 41.652211100520255 ], [ -91.556815741166886, 41.652252252269435 ], [ -91.556822575349628, 41.652449780085675 ], [ -91.556837044361714, 41.65279293468312 ], [ -91.556842832632697, 41.652930167522356 ], [ -91.556857193707373, 41.653270664373402 ], [ -91.556308316263014, 41.653269991542238 ], [ -91.556037535135658, 41.653269657824126 ], [ -91.555766755184436, 41.653269324394067 ], [ -91.55549597523607, 41.65326899033181 ], [ -91.555225195317263, 41.653268654737211 ], [ -91.554954415374468, 41.6532683194106 ], [ -91.554736208609128, 41.6532681033977 ], [ -91.554741562405724, 41.653405262458179 ], [ -91.554754946382189, 41.653748160522653 ], [ -91.554766584234429, 41.654046293556483 ], [ -91.554768697776055, 41.65410040577391 ], [ -91.554773730671869, 41.654229364817269 ], [ -91.554779085880284, 41.654366522054758 ], [ -91.554781763452681, 41.654435102021488 ], [ -91.55478443983047, 41.654503681966524 ], [ -91.554789793830025, 41.654640840971958 ], [ -91.554795147825288, 41.654778000871516 ], [ -91.55480050307014, 41.654915159884901 ], [ -91.554805857110452, 41.65505231977221 ], [ -91.554806806087214, 41.655076629473882 ], [ -91.554352653890049, 41.655075295677094 ], [ -91.554342642038222, 41.655075266405483 ], [ -91.554169544444775, 41.655074756989336 ], [ -91.553729993401546, 41.655073463096997 ], [ -91.553275512244795, 41.655072124064205 ], [ -91.553092512094196, 41.65507158370918 ], [ -91.553092181890193, 41.655071582668945 ], [ -91.552637700786548, 41.655070240236704 ], [ -91.552601109165451, 41.655070131948591 ], [ -91.552359596499187, 41.655069418444604 ], [ -91.550142436671948, 41.655056127046983 ], [ -91.550760398696411, 41.655504967212757 ], [ -91.55240973654773, 41.656706868668159 ], [ -91.552548728568993, 41.656807642250961 ], [ -91.55265825965904, 41.656892205457737 ], [ -91.552809107194363, 41.657008479927434 ], [ -91.553564575645382, 41.657551294257857 ], [ -91.557762329827725, 41.660576436567624 ], [ -91.558031706950516, 41.660580249213325 ], [ -91.55955975534701, 41.660601863076593 ], [ -91.559665484269999, 41.657185476126998 ], [ -91.559674392492781, 41.656904248253248 ], [ -91.559674878332103, 41.656889935907081 ], [ -91.561148199311759, 41.656881026240363 ], [ -91.561530828295687, 41.656878709775619 ], [ -91.561988253642866, 41.656875892068243 ], [ -91.562078410987596, 41.656875337105461 ], [ -91.56208098482567, 41.656243989878725 ], [ -91.562249169534738, 41.656238736965008 ], [ -91.562450241884889, 41.656162562394933 ] ] ] ] } },
{ "type": "Feature", "properties": { "OBJECTID": 12, "NAME": "Washington Twp", "Shape_Area": 1020056525.8687612 }, "geometry": { "type": "MultiPolygon", "coordinates": [ [ [ [ -91.8292318437625, 41.511473183458676 ], [ -91.829175997640746, 41.515107352666519 ], [ -91.8291201464788, 41.51874151920218 ], [ -91.829040259063703, 41.522391896889843 ], [ -91.828961057180962, 41.526010605704123 ], [ -91.828878543181645, 41.529708731255894 ], [ -91.828799490167327, 41.533251401051089 ], [ -91.828729393355616, 41.536810641318773 ], [ -91.828643263652978, 41.540515369072828 ], [ -91.828506441677575, 41.54418958459943 ], [ -91.828374166520518, 41.547740944350338 ], [ -91.828266402106365, 41.551368398231091 ], [ -91.828158300380238, 41.555006781989142 ], [ -91.828047440510147, 41.558616222893576 ], [ -91.827936658785191, 41.562271927286339 ], [ -91.827842222359124, 41.565886297203903 ], [ -91.827747774274343, 41.569500663303074 ], [ -91.827630851085061, 41.57313085745205 ], [ -91.827502925563792, 41.576724790660904 ], [ -91.827409224961841, 41.58035876997392 ], [ -91.827315515144903, 41.583992744505053 ], [ -91.827314479787233, 41.58408505560611 ], [ -91.827287323244647, 41.586505510744345 ], [ -91.82727474470903, 41.587626525007572 ], [ -91.827233969754047, 41.591260300739492 ], [ -91.827193042375384, 41.594882799900653 ], [ -91.827129627651189, 41.600495066246054 ], [ -91.826236805667676, 41.600494393847029 ], [ -91.824816716765952, 41.600486822225768 ], [ -91.82430635174947, 41.600484997103052 ], [ -91.823416391832282, 41.600481809273717 ], [ -91.822858519925859, 41.600479312049494 ], [ -91.821187723590299, 41.600471817186381 ], [ -91.819619271792959, 41.60046475840371 ], [ -91.818590261908483, 41.600460116867126 ], [ -91.818050819113168, 41.60045767927479 ], [ -91.813755399525348, 41.600438182803885 ], [ -91.813243194639554, 41.600435849002338 ], [ -91.808920521126595, 41.600416050338488 ], [ -91.808566954321961, 41.600415306534458 ], [ -91.808363813977095, 41.600414878181049 ], [ -91.804072652930515, 41.600405753891479 ], [ -91.803527377969942, 41.600404582615653 ], [ -91.799224787479915, 41.600395254653201 ], [ -91.798650131626502, 41.600390691550906 ], [ -91.79689101602402, 41.600376706323992 ], [ -91.79432446727877, 41.600356253719738 ], [ -91.793833344617312, 41.600352333370957 ], [ -91.789515979056901, 41.600292405160985 ], [ -91.789307541337564, 41.600291427524319 ], [ -91.789121010025326, 41.600291696927158 ], [ -91.788927432632534, 41.600291958350411 ], [ -91.784636567875708, 41.600297875831167 ], [ -91.78418950146154, 41.600299277628324 ], [ -91.779840085204185, 41.600304300047888 ], [ -91.779508335792642, 41.600306666954573 ], [ -91.779387841040872, 41.600307525582245 ], [ -91.778138779802632, 41.600316426619933 ], [ -91.774586367545524, 41.600341596734602 ], [ -91.770311218604235, 41.600330560831701 ], [ -91.769784710126771, 41.600329614443901 ], [ -91.764983084687415, 41.600311240388784 ], [ -91.76072571495682, 41.600296128343878 ], [ -91.76018106622486, 41.600292030128834 ], [ -91.75861435717465, 41.600280227117082 ], [ -91.755846011502257, 41.600259322375614 ], [ -91.755250851213987, 41.600251432773 ], [ -91.752829551728496, 41.60021904794106 ], [ -91.751402512221304, 41.600200351832235 ], [ -91.750832459880812, 41.600192297855003 ], [ -91.750408254673076, 41.600186611615172 ], [ -91.748136186783924, 41.600154543201441 ], [ -91.746196165825225, 41.600127124752319 ], [ -91.74556562710589, 41.600118207310906 ], [ -91.744057075135501, 41.600119893442269 ], [ -91.743974532095308, 41.600119985452217 ], [ -91.741336917602354, 41.600122884685661 ], [ -91.74076341528766, 41.600123507173834 ], [ -91.736423931399244, 41.600128125637561 ], [ -91.735888527290101, 41.600116728969226 ], [ -91.731453556493008, 41.600115823463746 ], [ -91.731122930962385, 41.600115749363219 ], [ -91.729107164012163, 41.600115275748301 ], [ -91.728627105442484, 41.600115158729956 ], [ -91.72676035270797, 41.600114022992067 ], [ -91.72629696715542, 41.600114665678234 ], [ -91.721821391465596, 41.600113591370075 ], [ -91.721463241351799, 41.600113495136121 ], [ -91.720406827285046, 41.600113516395247 ], [ -91.719532750274922, 41.600113016363849 ], [ -91.717014106342788, 41.600112342860371 ], [ -91.716520914839975, 41.600112088902485 ], [ -91.712281314752076, 41.600086870058377 ], [ -91.712243599020013, 41.597331212037027 ], [ -91.712207233609092, 41.594673959916001 ], [ -91.712210981050077, 41.594001095206032 ], [ -91.71222721038157, 41.591087591621644 ], [ -91.712261072775078, 41.58741418745209 ], [ -91.712268211863005, 41.586639661084142 ], [ -91.712285471985666, 41.584767193471656 ], [ -91.712293035460462, 41.583946604272796 ], [ -91.712294006297327, 41.583841256508144 ], [ -91.712303065803155, 41.580210636272085 ], [ -91.712312126698293, 41.576580012249018 ], [ -91.712323736890923, 41.576352682037481 ], [ -91.712363118074435, 41.572960496407596 ], [ -91.712413214013466, 41.569428611538264 ], [ -91.712417220247772, 41.569247481071343 ], [ -91.712521922339434, 41.565704563579075 ], [ -91.712537410987295, 41.565182116234929 ], [ -91.712587642165076, 41.563487765947691 ], [ -91.71260824523462, 41.562792784561069 ], [ -91.712629727672578, 41.562068146483391 ], [ -91.712654080211465, 41.561154144613219 ], [ -91.712723496374821, 41.558450554901277 ], [ -91.712833703960754, 41.554835958395827 ], [ -91.712904952163541, 41.551205659412979 ], [ -91.712976190071018, 41.547575355736612 ], [ -91.71305219670036, 41.543958652653792 ], [ -91.713133367719792, 41.540344341141733 ], [ -91.713189116544584, 41.536713317523976 ], [ -91.713244860392393, 41.533082289343895 ], [ -91.713323240876406, 41.5294565323643 ], [ -91.713401611484471, 41.525830770796475 ], [ -91.713488070741704, 41.522209477770545 ], [ -91.713574520436921, 41.518588180200425 ], [ -91.713661697712581, 41.514966036602544 ], [ -91.713748812623805, 41.511343888573556 ], [ -91.718597952296662, 41.511369976280065 ], [ -91.723447095805284, 41.511395861694702 ], [ -91.72824190007978, 41.511421072246506 ], [ -91.733036706845098, 41.511446084116002 ], [ -91.737863544757147, 41.511485898186159 ], [ -91.742690389737746, 41.51152551094907 ], [ -91.747519574101887, 41.511562079398544 ], [ -91.752348787049712, 41.511598454541904 ], [ -91.757148471776574, 41.511633077529289 ], [ -91.761945988111421, 41.511663580911375 ], [ -91.766730700529052, 41.511692443513546 ], [ -91.771551129481267, 41.511727310983837 ], [ -91.776359825851827, 41.511721599341442 ], [ -91.781187107624177, 41.51172159177365 ], [ -91.786016953463772, 41.511721381191819 ], [ -91.790818152634529, 41.51172097278203 ], [ -91.795751894131698, 41.51168939353137 ], [ -91.800452662824824, 41.511659110500261 ], [ -91.805288406290927, 41.511627758585796 ], [ -91.80554122827553, 41.511626112447018 ], [ -91.805782390304756, 41.511624543601663 ], [ -91.810119175610197, 41.511596235593728 ], [ -91.814794305521758, 41.511565537016097 ], [ -91.814949004323736, 41.511564518029957 ], [ -91.815050755576721, 41.511563847296671 ], [ -91.819713630213386, 41.511533030065429 ], [ -91.824604497720614, 41.511500507242907 ], [ -91.828866708826851, 41.511475346941253 ], [ -91.8292318437625, 41.511473183458676 ] ] ] ] } },
{ "type": "Feature", "properties": { "OBJECTID": 13, "NAME": "Union Twp", "Shape_Area": 936195824.5578599 }, "geometry": { "type": "MultiPolygon", "coordinates": [ [ [ [ -91.617328290974115, 41.671652986063286 ], [ -91.615492960696344, 41.670337005104336 ], [ -91.610118521140663, 41.666471594287174 ], [ -91.609550791427765, 41.66646481692873 ], [ -91.609553238619597, 41.664814751834932 ], [ -91.609560040234612, 41.664383980273563 ], [ -91.60966614915327, 41.660758903953543 ], [ -91.60966616986947, 41.660758189222534 ], [ -91.60976409894792, 41.657418426041417 ], [ -91.609772002885649, 41.657132525273887 ], [ -91.611541313243706, 41.657137725476282 ], [ -91.617624497278598, 41.657166824567376 ], [ -91.618308017369742, 41.657172833328922 ], [ -91.618314189430464, 41.656996277430459 ], [ -91.61831452637179, 41.656982558813141 ], [ -91.618327693203767, 41.65657849056236 ], [ -91.618421974262517, 41.653566201855398 ], [ -91.613599372151654, 41.65355494713188 ], [ -91.611402033988369, 41.653549752643684 ], [ -91.609874577600934, 41.653546124944064 ], [ -91.609875085398087, 41.653528311399313 ], [ -91.609875106109698, 41.653527596666585 ], [ -91.609907242143194, 41.652400823631709 ], [ -91.609907262854108, 41.652400108898668 ], [ -91.609927143674383, 41.651736681688405 ], [ -91.610547125887933, 41.651740621714339 ], [ -91.610542596522166, 41.650944763435369 ], [ -91.609949414342736, 41.650940993481527 ], [ -91.609977891711026, 41.649923493755523 ], [ -91.609977911898696, 41.649922797025305 ], [ -91.610165334710985, 41.646304733313215 ], [ -91.610354014123018, 41.642673527437324 ], [ -91.609249249256607, 41.642668400547741 ], [ -91.609092531236115, 41.642667823609493 ], [ -91.609092377639769, 41.642589948412081 ], [ -91.609091786992494, 41.642323772265613 ], [ -91.60909125907753, 41.64208591815207 ], [ -91.609090893231269, 41.641921173421991 ], [ -91.609090334364041, 41.641669102869706 ], [ -91.609089873636492, 41.641462068193206 ], [ -91.609089414137955, 41.641255032622929 ], [ -91.609088954642345, 41.641047997039436 ], [ -91.609088493923579, 41.640840962323288 ], [ -91.609087990328007, 41.640613536499032 ], [ -91.609086939842186, 41.640140379478609 ], [ -91.609086598623037, 41.639986715086543 ], [ -91.608227274022568, 41.640372121511902 ], [ -91.60607151704275, 41.641317537893769 ], [ -91.605789795420463, 41.641443675592058 ], [ -91.604377910472877, 41.642063433824802 ], [ -91.603618325149753, 41.642391187837809 ], [ -91.603556498132534, 41.64241826087256 ], [ -91.603494142509433, 41.642444641676342 ], [ -91.603431271586956, 41.642470326863432 ], [ -91.603367899976348, 41.642495309467272 ], [ -91.603304041036395, 41.642519584301972 ], [ -91.603239709326232, 41.642543146201234 ], [ -91.603174919431112, 41.642565989098756 ], [ -91.602893500798118, 41.642657995820421 ], [ -91.602581526243426, 41.642659006295432 ], [ -91.60229297624727, 41.642658012717874 ], [ -91.601180435762217, 41.642654175776244 ], [ -91.600479606098517, 41.642651752659923 ], [ -91.599611246819023, 41.642648744799274 ], [ -91.599596616438291, 41.64264869414454 ], [ -91.599421259688029, 41.642648082345367 ], [ -91.599344048119335, 41.642647512924171 ], [ -91.593728922668262, 41.642605938800699 ], [ -91.588736691044204, 41.642568768755588 ], [ -91.588619387830278, 41.642567855569901 ], [ -91.586316882421443, 41.64254989766507 ], [ -91.585395149358021, 41.64254269629226 ], [ -91.585102479177934, 41.642540407604649 ], [ -91.583888353574949, 41.642530906706909 ], [ -91.583908024982378, 41.641805735515547 ], [ -91.58398005446341, 41.639148586198232 ], [ -91.583985577269033, 41.638944798311535 ], [ -91.584070007574283, 41.635295606245727 ], [ -91.584216973683084, 41.63165818147688 ], [ -91.584363359968819, 41.628034710630672 ], [ -91.58437800669833, 41.627572521770709 ], [ -91.584391980141874, 41.627131624633606 ], [ -91.584406819660543, 41.626663345340248 ], [ -91.584477900342819, 41.624420333504567 ], [ -91.58451895881646, 41.622880646096874 ], [ -91.584560172929315, 41.620829973441708 ], [ -91.584618532049916, 41.617926020473107 ], [ -91.58463703219924, 41.617189720106602 ], [ -91.584728584153282, 41.61364555563307 ], [ -91.584734852804033, 41.613468214993055 ], [ -91.584896631690867, 41.609896458741446 ], [ -91.584979535495293, 41.606284752904216 ], [ -91.585072747996435, 41.602642772037335 ], [ -91.585110046293678, 41.599010798595764 ], [ -91.589400606842261, 41.599055730141295 ], [ -91.589935884167858, 41.599059251654779 ], [ -91.594323542286688, 41.599088020440043 ], [ -91.59477786030692, 41.599090989694282 ], [ -91.597834891543243, 41.599110923632942 ], [ -91.599956473204685, 41.599124711494817 ], [ -91.60024541466025, 41.599126585772346 ], [ -91.602514350757033, 41.599141281658071 ], [ -91.602514892970248, 41.59914128513293 ], [ -91.602667965988559, 41.599142274911188 ], [ -91.604930461398553, 41.599156881961001 ], [ -91.607526996895459, 41.599173591775468 ], [ -91.608722063526173, 41.599181905333857 ], [ -91.609761028271251, 41.599193101803237 ], [ -91.612385893200596, 41.59922134674126 ], [ -91.613296440348293, 41.599231131065665 ], [ -91.614591280112037, 41.599245032385419 ], [ -91.617124212293277, 41.599272183865473 ], [ -91.617244852975631, 41.599273474871765 ], [ -91.619421533633059, 41.599296761537737 ], [ -91.621252165563774, 41.599316313892452 ], [ -91.621826490816915, 41.59932244202944 ], [ -91.624256487016098, 41.599348339192005 ], [ -91.626408135524727, 41.599371228046564 ], [ -91.629092669050081, 41.599399728531033 ], [ -91.629468829721716, 41.599401627658885 ], [ -91.631234133728299, 41.599410528488157 ], [ -91.633913267960338, 41.599423984644197 ], [ -91.636059992233456, 41.599434721554317 ], [ -91.636227227284081, 41.599435557052622 ], [ -91.638780812160903, 41.599448273637783 ], [ -91.63890145157832, 41.599449696969579 ], [ -91.640579538650812, 41.599469480214381 ], [ -91.6408845922832, 41.599473074194734 ], [ -91.643596940632179, 41.59950499174937 ], [ -91.645759972836714, 41.599541543881671 ], [ -91.645969611712104, 41.599543973233892 ], [ -91.64845882886155, 41.599572788537344 ], [ -91.650577700926007, 41.599597274986422 ], [ -91.65317423267274, 41.599674593012089 ], [ -91.655357306008327, 41.599700074592192 ], [ -91.657990908201953, 41.599716652049899 ], [ -91.660214283546068, 41.599730601191119 ], [ -91.662762153226666, 41.599746535779524 ], [ -91.662828947757319, 41.599746952615419 ], [ -91.665062677642382, 41.599760873793528 ], [ -91.665197935195366, 41.599762234624492 ], [ -91.667680547401147, 41.599787173883257 ], [ -91.669997077438296, 41.599810397340342 ], [ -91.672327317830494, 41.599833711448454 ], [ -91.672494245203978, 41.599835380420473 ], [ -91.674931848166963, 41.599859713802481 ], [ -91.67516581785938, 41.599862378931213 ], [ -91.6758791495769, 41.599870227972872 ], [ -91.677324648037001, 41.599886255955347 ], [ -91.67979119215623, 41.599913562987282 ], [ -91.682169185388076, 41.599939840921365 ], [ -91.684599860868346, 41.59996665038512 ], [ -91.686979760325528, 41.599992848600337 ], [ -91.687390370022229, 41.599997364477368 ], [ -91.688309072510918, 41.600007462027527 ], [ -91.689595742951212, 41.600021592161006 ], [ -91.689940583148839, 41.60002537678907 ], [ -91.692415842307923, 41.600057182809124 ], [ -91.694346661367604, 41.600052127741428 ], [ -91.694423460583351, 41.600051953669883 ], [ -91.696604785547407, 41.600063148715236 ], [ -91.698143206621538, 41.600063239106902 ], [ -91.699115429486369, 41.600063176983952 ], [ -91.70031466556182, 41.600063087733119 ], [ -91.701519905820149, 41.600064234709087 ], [ -91.704222867197203, 41.60006474309364 ], [ -91.705371020131068, 41.60006353162391 ], [ -91.705558558468496, 41.600063427800329 ], [ -91.706320857233038, 41.600065939748497 ], [ -91.707212414091359, 41.600068871311755 ], [ -91.708822843674056, 41.600074148650052 ], [ -91.710077652150048, 41.600078244938963 ], [ -91.711147047521848, 41.600082561870202 ], [ -91.712281314752076, 41.600086870058377 ], [ -91.716520914839975, 41.600112088902485 ], [ -91.717014106342788, 41.600112342860371 ], [ -91.719532750274922, 41.600113016363849 ], [ -91.720406827285046, 41.600113516395247 ], [ -91.721463241351799, 41.600113495136121 ], [ -91.721821391465596, 41.600113591370075 ], [ -91.72629696715542, 41.600114665678234 ], [ -91.72676035270797, 41.600114022992067 ], [ -91.728627105442484, 41.600115158729956 ], [ -91.729107164012163, 41.600115275748301 ], [ -91.731122930962385, 41.600115749363219 ], [ -91.731107232752521, 41.603744957392294 ], [ -91.731113971878017, 41.606257101710234 ], [ -91.731109654521191, 41.606636197295174 ], [ -91.731109766160458, 41.60737834921089 ], [ -91.731102720404891, 41.610990346228732 ], [ -91.731096094386785, 41.613551803047351 ], [ -91.731093296893093, 41.614629692350356 ], [ -91.731091774252803, 41.616575908192083 ], [ -91.731092332681541, 41.616691112309873 ], [ -91.731089418406015, 41.619266709118989 ], [ -91.731092240900182, 41.621688115542362 ], [ -91.731089001742404, 41.621873822585272 ], [ -91.731133804006106, 41.623527773832549 ], [ -91.731189305161536, 41.625554543703387 ], [ -91.731235860805313, 41.629005207387657 ], [ -91.731237480830103, 41.629125276854353 ], [ -91.731236481939035, 41.629186397098167 ], [ -91.731178187043042, 41.632752163478571 ], [ -91.731179368609062, 41.636376150309133 ], [ -91.731147137687159, 41.640007602464934 ], [ -91.731145642606492, 41.64349440155361 ], [ -91.731145577780808, 41.643639733697434 ], [ -91.726297245010841, 41.643557132365395 ], [ -91.721453800833729, 41.643469282472701 ], [ -91.716599957214115, 41.643381046735037 ], [ -91.71655956202865, 41.647038553654163 ], [ -91.716519163534628, 41.650696055520172 ], [ -91.716501791462292, 41.654336303027343 ], [ -91.716484799002586, 41.6578964970589 ], [ -91.716484058065106, 41.658006290261447 ], [ -91.716460018192421, 41.661571561826186 ], [ -91.716437907717946, 41.665162401873381 ], [ -91.716422112572602, 41.668798156152775 ], [ -91.716399321611391, 41.67234304245877 ], [ -91.716398887712657, 41.672433605616256 ], [ -91.710137791831315, 41.672503093494889 ], [ -91.705362563714829, 41.672544183663838 ], [ -91.70147815412416, 41.672580366883558 ], [ -91.70049399130076, 41.672587797280912 ], [ -91.695643873160051, 41.672637308690163 ], [ -91.690800780520803, 41.672573528943715 ], [ -91.685953756568594, 41.672454146206285 ], [ -91.683417956790009, 41.672413276471787 ], [ -91.681103226912668, 41.67237592034197 ], [ -91.676252671749396, 41.672297489301201 ], [ -91.671419919157231, 41.672220238204574 ], [ -91.666577577903013, 41.672177541270017 ], [ -91.663438650074823, 41.67213818670222 ], [ -91.661683441783836, 41.672116143944891 ], [ -91.656889364419371, 41.672057740034894 ], [ -91.652021801436902, 41.671986304789925 ], [ -91.647154247941643, 41.671914665306154 ], [ -91.644240767283208, 41.671879537120688 ], [ -91.644234030001371, 41.671879456360195 ], [ -91.644097927881631, 41.671877813062132 ], [ -91.642276805146082, 41.671855816038651 ], [ -91.642156460384925, 41.671853891458632 ], [ -91.640709949118445, 41.671830745999827 ], [ -91.638555235896263, 41.671796235971257 ], [ -91.637450758889344, 41.671778530500433 ], [ -91.637399374330613, 41.67177819088289 ], [ -91.637329967735539, 41.671777731176469 ], [ -91.637281852074622, 41.671777412474583 ], [ -91.632552139112676, 41.671745972966356 ], [ -91.627663045357721, 41.671713345154942 ], [ -91.626614484313023, 41.671704992677824 ], [ -91.622804457707915, 41.671674563905768 ], [ -91.619649944665198, 41.671662220162368 ], [ -91.617863492880559, 41.671655191991363 ], [ -91.617328290974115, 41.671652986063286 ] ] ] ] } },
{ "type": "Feature", "properties": { "OBJECTID": 14, "NAME": "Hardin Twp", "Shape_Area": 949898656.98048913 }, "geometry": { "type": "MultiPolygon", "coordinates": [ [ [ [ -91.71655956202865, 41.647038553654163 ], [ -91.716599957214115, 41.643381046735037 ], [ -91.721453800833729, 41.643469282472701 ], [ -91.726297245010841, 41.643557132365395 ], [ -91.731145577780808, 41.643639733697434 ], [ -91.731145642606492, 41.64349440155361 ], [ -91.731147137687159, 41.640007602464934 ], [ -91.731179368609062, 41.636376150309133 ], [ -91.731178187043042, 41.632752163478571 ], [ -91.731236481939035, 41.629186397098167 ], [ -91.731237480830103, 41.629125276854353 ], [ -91.731235860805313, 41.629005207387657 ], [ -91.731189305161536, 41.625554543703387 ], [ -91.731133804006106, 41.623527773832549 ], [ -91.731089001742404, 41.621873822585272 ], [ -91.731092240900182, 41.621688115542362 ], [ -91.731089418406015, 41.619266709118989 ], [ -91.731092332681541, 41.616691112309873 ], [ -91.731091774252803, 41.616575908192083 ], [ -91.731093296893093, 41.614629692350356 ], [ -91.731096094386785, 41.613551803047351 ], [ -91.731102720404891, 41.610990346228732 ], [ -91.731109766160458, 41.60737834921089 ], [ -91.731109654521191, 41.606636197295174 ], [ -91.731113971878017, 41.606257101710234 ], [ -91.731107232752521, 41.603744957392294 ], [ -91.731122930962385, 41.600115749363219 ], [ -91.731453556493008, 41.600115823463746 ], [ -91.735888527290101, 41.600116728969226 ], [ -91.736423931399244, 41.600128125637561 ], [ -91.74076341528766, 41.600123507173834 ], [ -91.741336917602354, 41.600122884685661 ], [ -91.743974532095308, 41.600119985452217 ], [ -91.744057075135501, 41.600119893442269 ], [ -91.74556562710589, 41.600118207310906 ], [ -91.746196165825225, 41.600127124752319 ], [ -91.748136186783924, 41.600154543201441 ], [ -91.750408254673076, 41.600186611615172 ], [ -91.750832459880812, 41.600192297855003 ], [ -91.751402512221304, 41.600200351832235 ], [ -91.752829551728496, 41.60021904794106 ], [ -91.755250851213987, 41.600251432773 ], [ -91.755846011526316, 41.60025932147537 ], [ -91.75861435717465, 41.600280227117082 ], [ -91.76018106622486, 41.600292030128834 ], [ -91.760725716156102, 41.600296128361904 ], [ -91.764983084687415, 41.600311240388784 ], [ -91.769784710126771, 41.600329614443901 ], [ -91.770311218604235, 41.600330560831701 ], [ -91.774586367545524, 41.600341596734602 ], [ -91.778138779802632, 41.600316426619933 ], [ -91.779387841040872, 41.600307525582245 ], [ -91.779508335792642, 41.600306666954573 ], [ -91.779840085204185, 41.600304300047888 ], [ -91.78418950146154, 41.600299277628324 ], [ -91.784636567875708, 41.600297875831167 ], [ -91.788927432632534, 41.600291958350411 ], [ -91.789121010025326, 41.600291696927158 ], [ -91.789307541337564, 41.600291427524319 ], [ -91.789515979056901, 41.600292405160985 ], [ -91.793833344617312, 41.600352333370957 ], [ -91.79432446727877, 41.600356253719738 ], [ -91.79689101602402, 41.600376706323992 ], [ -91.798650131626502, 41.600390691550906 ], [ -91.799224787479915, 41.600395254653201 ], [ -91.803527377969942, 41.600404582615653 ], [ -91.804072652930515, 41.600405753891479 ], [ -91.808363813977095, 41.600414878181049 ], [ -91.808566954321961, 41.600415306534458 ], [ -91.808920521126595, 41.600416050338488 ], [ -91.813243194639554, 41.600435849002338 ], [ -91.813755399525348, 41.600438182803885 ], [ -91.818050819113168, 41.60045767927479 ], [ -91.818590261908483, 41.600460116867126 ], [ -91.819619271792959, 41.60046475840371 ], [ -91.821187723590299, 41.600471817186381 ], [ -91.822858519925859, 41.600479312049494 ], [ -91.823416391832282, 41.600481809273717 ], [ -91.82430635174947, 41.600484997103052 ], [ -91.824816716765952, 41.600486822225768 ], [ -91.826236805667676, 41.600494393847029 ], [ -91.827129627651189, 41.600495066246054 ], [ -91.827684608628445, 41.600497628164099 ], [ -91.832151995360661, 41.600518063934153 ], [ -91.83284529178475, 41.600521219302976 ], [ -91.83299335231419, 41.600521893081364 ], [ -91.832995104003558, 41.60232653425043 ], [ -91.832996855789517, 41.604131174452981 ], [ -91.832997605268403, 41.605040678386764 ], [ -91.832998084523524, 41.605495660506648 ], [ -91.832998563762288, 41.605950643465178 ], [ -91.833000142481936, 41.607633079708378 ], [ -91.833000230676561, 41.607727176760676 ], [ -91.832984127051333, 41.611372883211509 ], [ -91.832968114668518, 41.614981862312092 ], [ -91.832961102619052, 41.61860051104906 ], [ -91.832952805413427, 41.622227621492307 ], [ -91.833021483274806, 41.625845463142042 ], [ -91.83309016993249, 41.62946330168527 ], [ -91.833087306026712, 41.633093946213613 ], [ -91.833084472134502, 41.636687873485847 ], [ -91.833124145663405, 41.640325905294958 ], [ -91.83313342108552, 41.64387903893742 ], [ -91.833237317567566, 41.647483083948366 ], [ -91.833341904234089, 41.651110706389495 ], [ -91.833445373533138, 41.654699136466363 ], [ -91.833550433686042, 41.658342355335691 ], [ -91.833628871810191, 41.661951640283398 ], [ -91.833707340768996, 41.665561934497347 ], [ -91.833763617431927, 41.669179931299105 ], [ -91.833815991841718, 41.672787821356359 ], [ -91.833908581462254, 41.676406127534911 ], [ -91.834001180877067, 41.68002440152695 ], [ -91.834097421687161, 41.683646213853642 ], [ -91.834178485803761, 41.686696507206833 ], [ -91.834096871810132, 41.68669815250334 ], [ -91.828761527507638, 41.686805594511007 ], [ -91.828074063585674, 41.686819420243857 ], [ -91.823822960109155, 41.686904826010689 ], [ -91.823239152870343, 41.686915378968585 ], [ -91.818921617135544, 41.686993333578258 ], [ -91.818235439290319, 41.687005708568492 ], [ -91.814034134692577, 41.687081384519914 ], [ -91.813287827180488, 41.687095332265336 ], [ -91.809105078156946, 41.687174399213589 ], [ -91.80848043946709, 41.687186193983784 ], [ -91.80600744342081, 41.68723285435523 ], [ -91.804184143899533, 41.68726722618014 ], [ -91.804145578969241, 41.687267952191583 ], [ -91.803673103350832, 41.687272326863663 ], [ -91.799119588843254, 41.687331074633043 ], [ -91.79880995999406, 41.687335846741583 ], [ -91.794288163262465, 41.687405447816765 ], [ -91.793946695195501, 41.687410696244221 ], [ -91.789455513497998, 41.687426126664072 ], [ -91.789082419215745, 41.687427400487081 ], [ -91.784504783758607, 41.687447850411537 ], [ -91.784218140758327, 41.687443900826473 ], [ -91.77959918756865, 41.687461772289183 ], [ -91.779353836108456, 41.687462462688217 ], [ -91.776292131037849, 41.687470350603562 ], [ -91.774693590500121, 41.687475486802207 ], [ -91.77448959094329, 41.687476290008192 ], [ -91.769816627134503, 41.687473393795678 ], [ -91.769629830406274, 41.687473274228388 ], [ -91.764948870430246, 41.687467977075585 ], [ -91.764769288256431, 41.687470054034044 ], [ -91.7599442383233, 41.687459236679658 ], [ -91.75993613063352, 41.687459218671187 ], [ -91.75518299835592, 41.687445115718262 ], [ -91.755089846742564, 41.687445859301562 ], [ -91.750322978255966, 41.687454804729065 ], [ -91.750241437002231, 41.687454910779124 ], [ -91.745503591965573, 41.687460968999844 ], [ -91.74539851917848, 41.68746110115584 ], [ -91.740647602977347, 41.687474073831247 ], [ -91.740562119829065, 41.687474124001341 ], [ -91.735807569652891, 41.687476785122016 ], [ -91.735731698357142, 41.687476940049791 ], [ -91.730950946511555, 41.687491798916888 ], [ -91.730908614124999, 41.687491837934026 ], [ -91.726082539877765, 41.687481320856349 ], [ -91.726081094482822, 41.687481324875407 ], [ -91.721208568174646, 41.687495273575848 ], [ -91.721204980517456, 41.687495283417384 ], [ -91.716327420133268, 41.68750869515813 ], [ -91.716327828585435, 41.687424295482131 ], [ -91.716338776041241, 41.685165391023737 ], [ -91.716340338168422, 41.684836072513953 ], [ -91.716347543482868, 41.68331725357541 ], [ -91.716351960311044, 41.682385775575241 ], [ -91.716364723862199, 41.679694744975414 ], [ -91.716356892614826, 41.676071736890307 ], [ -91.716397665619766, 41.672539548209713 ], [ -91.716398887712657, 41.672433605616256 ], [ -91.716399321611391, 41.67234304245877 ], [ -91.716422112572602, 41.668798156152775 ], [ -91.716437907717946, 41.665162401873381 ], [ -91.716460018192421, 41.661571561826186 ], [ -91.716484058065106, 41.658006290261447 ], [ -91.716484799002586, 41.6578964970589 ], [ -91.716501791462292, 41.654336303027343 ], [ -91.716519163534628, 41.650696055520172 ], [ -91.71655956202865, 41.647038553654163 ] ] ] ] } },
{ "type": "Feature", "properties": { "OBJECTID": 15, "NAME": "East Lucas Twp", "Shape_Area": 124435851.2682703 }, "geometry": { "type": "MultiPolygon", "coordinates": [ [ [ [ -91.502221629361259, 41.62156354619259 ], [ -91.502211652111427, 41.620510227754302 ], [ -91.502408309032191, 41.620509883901256 ], [ -91.502408547890681, 41.620509883514558 ], [ -91.503240245293583, 41.62050894432177 ], [ -91.503240274008832, 41.620463682121134 ], [ -91.503238990269182, 41.61988529948767 ], [ -91.503238570017501, 41.61969596828876 ], [ -91.50386031091864, 41.619695187741826 ], [ -91.503860578601731, 41.619815172680852 ], [ -91.503862022228716, 41.620462901572409 ], [ -91.503862127446823, 41.620508193991988 ], [ -91.504625854825704, 41.620507229837038 ], [ -91.507039706575313, 41.620504151292785 ], [ -91.507040077681708, 41.620458870703999 ], [ -91.510518710723176, 41.620454300261628 ], [ -91.511890573753178, 41.620453526598105 ], [ -91.511888959932449, 41.620361010362735 ], [ -91.511889927583084, 41.620315421222244 ], [ -91.511906274464096, 41.619545913081112 ], [ -91.511913194529271, 41.616793339445408 ], [ -91.511945155360991, 41.613145523677844 ], [ -91.511928436265066, 41.609529168059794 ], [ -91.511925944362034, 41.608860833045526 ], [ -91.511915071098116, 41.605944818470029 ], [ -91.512061331823404, 41.605944477004428 ], [ -91.513775150905985, 41.605943466672379 ], [ -91.515364758644481, 41.605942299698107 ], [ -91.516738684623405, 41.60594128825889 ], [ -91.517925491890139, 41.605940389072551 ], [ -91.518052753478528, 41.605940280692003 ], [ -91.517960920204416, 41.605804510634798 ], [ -91.517837739083092, 41.605804607646128 ], [ -91.51771243884069, 41.605804704303978 ], [ -91.516491487229317, 41.605805626597203 ], [ -91.511914899828568, 41.605808970404098 ], [ -91.51155006997412, 41.605809237984111 ], [ -91.511548860704067, 41.605823999222835 ], [ -91.511547801280557, 41.605869291578813 ], [ -91.509545225949282, 41.60587031995 ], [ -91.507130173829296, 41.605871513729674 ], [ -91.50703037859509, 41.605871561899995 ], [ -91.507026822151204, 41.604299187967818 ], [ -91.50713629764553, 41.604204253107191 ], [ -91.507136225541075, 41.604171950836061 ], [ -91.507135987417499, 41.604067033457952 ], [ -91.507026512152905, 41.604161968322352 ], [ -91.506723074573955, 41.602472784855799 ], [ -91.506678331962249, 41.602224597193754 ], [ -91.506037609894889, 41.59866878940236 ], [ -91.506021292403318, 41.598578242978206 ], [ -91.507222614380893, 41.598576870446152 ], [ -91.510801796636855, 41.598572708401882 ], [ -91.512082607494705, 41.598571190991905 ], [ -91.51491435764197, 41.598551239102562 ], [ -91.514953585231879, 41.598551184297989 ], [ -91.515731042628431, 41.598550118842446 ], [ -91.517002408638078, 41.598548364615205 ], [ -91.520640657199991, 41.598543268557428 ], [ -91.521922279490568, 41.598541445517348 ], [ -91.525757612791892, 41.598556261391195 ], [ -91.525907610722882, 41.598557582112093 ], [ -91.526816439876129, 41.59856558356649 ], [ -91.526129860254997, 41.598946316194287 ], [ -91.523844592926707, 41.599378149426542 ], [ -91.522266290072494, 41.600055462772161 ], [ -91.521749955165916, 41.600737603188819 ], [ -91.521352229339954, 41.601594503938749 ], [ -91.521494161500144, 41.602168292306317 ], [ -91.522333378614647, 41.603684111836799 ], [ -91.522424602135104, 41.604525738114525 ], [ -91.522696073622384, 41.606321234110851 ], [ -91.522405693679019, 41.607724758075214 ], [ -91.522370849915944, 41.608494336416527 ], [ -91.522923943975769, 41.609072599749332 ], [ -91.523872110521367, 41.609470472945951 ], [ -91.524919252269385, 41.609495000179642 ], [ -91.528105197373264, 41.608353375813117 ], [ -91.529736435945452, 41.608859469388179 ], [ -91.530342213801035, 41.609906190912049 ], [ -91.53028604209446, 41.611180835831242 ], [ -91.52969250127957, 41.612074297021145 ], [ -91.528535221301112, 41.613165202240111 ], [ -91.525965014413828, 41.615375938132495 ], [ -91.525610551941554, 41.616137739436326 ], [ -91.52561209224487, 41.616797423575008 ], [ -91.525764322582461, 41.617731912973731 ], [ -91.52646265134311, 41.618438671457952 ], [ -91.527544624757596, 41.618779211310596 ], [ -91.529040279246686, 41.618679747949336 ], [ -91.52987137738495, 41.618195573311894 ], [ -91.531074371850437, 41.616788231010176 ], [ -91.531948511870553, 41.615338980975736 ], [ -91.53341403261777, 41.614430356568938 ], [ -91.534567535117191, 41.614242184911589 ], [ -91.535707286553134, 41.614510658324541 ], [ -91.536516629976276, 41.615188339572597 ], [ -91.536720071542703, 41.615783441756392 ], [ -91.535539593521449, 41.617911802653971 ], [ -91.534959623087147, 41.619738730155476 ], [ -91.535132072257937, 41.620434494198065 ], [ -91.535437543485401, 41.620859798186871 ], [ -91.536454283875443, 41.621562028766888 ], [ -91.537476422821058, 41.622970380535961 ], [ -91.53766611997878, 41.624078423815483 ], [ -91.537053690602775, 41.625167747580086 ], [ -91.534529193364676, 41.626712473122026 ], [ -91.533912343590544, 41.627403264215495 ], [ -91.533624631362272, 41.627725457430977 ], [ -91.533598438736362, 41.627755676415283 ], [ -91.533133534708895, 41.627747532917425 ], [ -91.533785507905193, 41.626865720197252 ], [ -91.534774456379239, 41.626107714782023 ], [ -91.535295374869747, 41.625931653496231 ], [ -91.5358412462692, 41.625583768982963 ], [ -91.535971543157132, 41.625497122088788 ], [ -91.536095883722396, 41.625405680715815 ], [ -91.536213954977001, 41.625309675057217 ], [ -91.536325459719123, 41.62520934679528 ], [ -91.536430117281299, 41.625104948492684 ], [ -91.536527664236687, 41.624996742956768 ], [ -91.536617855062019, 41.624885002577706 ], [ -91.536700462755547, 41.624770008642621 ], [ -91.536775279408076, 41.624652050627503 ], [ -91.536842116726092, 41.624531425468277 ], [ -91.536900806505344, 41.624408436813269 ], [ -91.536951201053924, 41.624283394258683 ], [ -91.536993173563573, 41.624156612569216 ], [ -91.537053498919107, 41.624156813642095 ], [ -91.53715368162726, 41.623875285162498 ], [ -91.537184594615681, 41.623471755211582 ], [ -91.537076619179899, 41.623140204895776 ], [ -91.536831798950672, 41.622632353122626 ], [ -91.53677718354858, 41.622541587140162 ], [ -91.536544221186645, 41.622290322122119 ], [ -91.536281577088531, 41.622046837637704 ], [ -91.535868363296501, 41.621702604325122 ], [ -91.535473194520833, 41.621395133147367 ], [ -91.535433340554761, 41.621394893601746 ], [ -91.533727982229252, 41.621384664378212 ], [ -91.533663323727453, 41.62045109761079 ], [ -91.533582292514424, 41.619281103452451 ], [ -91.532622539958055, 41.619228161523459 ], [ -91.530606529636316, 41.619011832864302 ], [ -91.528657785838831, 41.619290822459227 ], [ -91.527801784780394, 41.61935250219139 ], [ -91.527034002725657, 41.619294861819064 ], [ -91.526473604995161, 41.619262859474127 ], [ -91.52618448081769, 41.619246348201912 ], [ -91.526007762086621, 41.619236255432213 ], [ -91.522801171854766, 41.619850788961486 ], [ -91.522587286368392, 41.619902314212531 ], [ -91.522628063919797, 41.6200153928758 ], [ -91.522673670416665, 41.620134719541383 ], [ -91.522728329234099, 41.62026969036809 ], [ -91.522784150223814, 41.620410281941709 ], [ -91.52283738353421, 41.620541334100523 ], [ -91.522906950205595, 41.620697884885473 ], [ -91.522974194081385, 41.620847247776211 ], [ -91.52303779108756, 41.620991211343153 ], [ -91.523105684589964, 41.621140108786214 ], [ -91.523175483402682, 41.621289038670966 ], [ -91.523249104569018, 41.621437557257657 ], [ -91.523321015611714, 41.621579660327654 ], [ -91.523395244394166, 41.621729142015155 ], [ -91.523473253506182, 41.621879640958063 ], [ -91.523548238909683, 41.622020610157783 ], [ -91.523628358303881, 41.622164189467377 ], [ -91.523709535997043, 41.622307434610448 ], [ -91.523791767359867, 41.622450340102134 ], [ -91.523875052507179, 41.622592902339626 ], [ -91.525921552843585, 41.626076463201642 ], [ -91.526717301360733, 41.627387357504162 ], [ -91.526900044715944, 41.627699745444808 ], [ -91.526700914172594, 41.627699050674977 ], [ -91.526356915593851, 41.627697929187022 ], [ -91.522166444026453, 41.627684193790309 ], [ -91.521583480772051, 41.627682290667721 ], [ -91.521509173999178, 41.627682279780068 ], [ -91.521410511437779, 41.627682324176035 ], [ -91.521301986425243, 41.627682813472163 ], [ -91.521027659403018, 41.627684048751995 ], [ -91.520753698481954, 41.627685283329058 ], [ -91.520534237775394, 41.627686271663542 ], [ -91.520278673709981, 41.627687421172688 ], [ -91.520023549040502, 41.627688567716469 ], [ -91.519768426734245, 41.627689714639999 ], [ -91.519513228808123, 41.627690860610912 ], [ -91.519293765664585, 41.627691846556182 ], [ -91.519043214944389, 41.627692970925452 ], [ -91.518792663015788, 41.627694094732753 ], [ -91.518542111051275, 41.627695218898758 ], [ -91.518291521886184, 41.62769634188745 ], [ -91.518105965677393, 41.627698736474066 ], [ -91.517915765556708, 41.627699579751322 ], [ -91.517725564204014, 41.627700423596195 ], [ -91.517535365245863, 41.627701267170103 ], [ -91.517344506016357, 41.627702112648855 ], [ -91.517151745137951, 41.627702966715546 ], [ -91.516965777790034, 41.62770431132958 ], [ -91.516727874707243, 41.627705367853586 ], [ -91.51668105175861, 41.62770557909338 ], [ -91.516486138932635, 41.627706460982473 ], [ -91.516235512031955, 41.62770759419324 ], [ -91.516056176060744, 41.62770840418132 ], [ -91.515903832735006, 41.627709092275737 ], [ -91.515723362236614, 41.627709907548876 ], [ -91.515522188644127, 41.627710815747058 ], [ -91.515321016273219, 41.627711722716604 ], [ -91.515119842642193, 41.627712631116772 ], [ -91.51491866903298, 41.627713538267663 ], [ -91.514461457649375, 41.627715599764151 ], [ -91.514482109564739, 41.624073415562187 ], [ -91.514487695360842, 41.623088124323473 ], [ -91.515493056751254, 41.623091823775205 ], [ -91.515494133558576, 41.622927162710845 ], [ -91.515500370920293, 41.621972155076662 ], [ -91.516316170770608, 41.621786833738462 ], [ -91.515749575383339, 41.621123471296826 ], [ -91.512128529991088, 41.621138621580819 ], [ -91.512007353260557, 41.621139140809291 ], [ -91.511886661885967, 41.621139644819586 ], [ -91.511869838697251, 41.624089908925185 ], [ -91.511849094864814, 41.627727366067084 ], [ -91.511693603564936, 41.627727357002712 ], [ -91.507635743086453, 41.627728558565451 ], [ -91.506986785103976, 41.627727403058273 ], [ -91.506103114621993, 41.627719964624021 ], [ -91.505921799691691, 41.627719718004741 ], [ -91.505599221965838, 41.627719278942998 ], [ -91.505379757397222, 41.627718979459146 ], [ -91.505178580826197, 41.627718705155345 ], [ -91.504977404256891, 41.627718430502512 ], [ -91.504776227716789, 41.627718154600352 ], [ -91.504666494808603, 41.627718005021201 ], [ -91.504483607465971, 41.627717754305401 ], [ -91.504300718924966, 41.627717503280415 ], [ -91.504117831585191, 41.627717251987583 ], [ -91.504076741163544, 41.627717195683672 ], [ -91.503934944219239, 41.627717001306351 ], [ -91.503752055709995, 41.627716748515738 ], [ -91.503569168346843, 41.627716497257495 ], [ -91.503386279812958, 41.627716244789994 ], [ -91.503203392480231, 41.627715992054583 ], [ -91.503026612344414, 41.627715747868294 ], [ -91.502916258906225, 41.627715594949159 ], [ -91.502439104517379, 41.627714933762057 ], [ -91.502209470871179, 41.627714615161338 ], [ -91.502165286050513, 41.627714553486797 ], [ -91.502198498331651, 41.624089456308496 ], [ -91.502221629361259, 41.62156354619259 ] ] ], [ [ [ -91.482922852682833, 41.605980877783843 ], [ -91.482961343618797, 41.603234310357294 ], [ -91.48300223060734, 41.600316432152532 ], [ -91.483026802016539, 41.598562855835418 ], [ -91.486806142985955, 41.598556621278028 ], [ -91.487844854968515, 41.598554887779287 ], [ -91.491636194900281, 41.598548484334607 ], [ -91.492686451980305, 41.598547352474732 ], [ -91.4963902931635, 41.598560847714793 ], [ -91.497621369720036, 41.598565307018426 ], [ -91.501168160854206, 41.598578079299074 ], [ -91.502362620493287, 41.598582344271435 ], [ -91.505777813347137, 41.598578518306539 ], [ -91.505794126875699, 41.598669065602948 ], [ -91.506435121038265, 41.602224803083089 ], [ -91.506479756894024, 41.602472448640263 ], [ -91.506785213036252, 41.60417300917743 ], [ -91.506785468553076, 41.604286022608832 ], [ -91.506675905113212, 41.604342401538169 ], [ -91.506676215574132, 41.604479621197079 ], [ -91.506785778044858, 41.604423242249403 ], [ -91.506789047963437, 41.605871678602938 ], [ -91.502348832939106, 41.605873729888664 ], [ -91.502347680707075, 41.609512282808282 ], [ -91.502348298415484, 41.613165693802024 ], [ -91.497476311688771, 41.613220601319128 ], [ -91.497476055682952, 41.613235280734202 ], [ -91.497473758830765, 41.613366417510022 ], [ -91.497412249563212, 41.616879054648358 ], [ -91.497412141833706, 41.616885224783857 ], [ -91.49569022201301, 41.616900204739039 ], [ -91.492574451358834, 41.616927245480518 ], [ -91.492559711243061, 41.620572405835496 ], [ -91.490953266655936, 41.620594088596384 ], [ -91.49019305800563, 41.620604341340218 ], [ -91.490151440439931, 41.620604902163727 ], [ -91.490169074808108, 41.622631569295642 ], [ -91.490177390010004, 41.623587151789799 ], [ -91.490174405185442, 41.623838884689121 ], [ -91.490169707636213, 41.624235345610984 ], [ -91.490159296730923, 41.625114121736786 ], [ -91.490157670189149, 41.625251335500458 ], [ -91.490140628917118, 41.626689526603094 ], [ -91.490139004723943, 41.626826739442286 ], [ -91.490126623453762, 41.627871511986264 ], [ -91.490114347175464, 41.628498123788908 ], [ -91.490104693628098, 41.628990876860577 ], [ -91.489007463876007, 41.628978772785352 ], [ -91.488972806801712, 41.630746125484251 ], [ -91.488969122335135, 41.630934051769067 ], [ -91.488949789009723, 41.630925886335312 ], [ -91.486644826810419, 41.629952307282061 ], [ -91.482896227636203, 41.628354231379973 ], [ -91.482898328871642, 41.627971748969181 ], [ -91.482891178640145, 41.624314650829227 ], [ -91.48290671721027, 41.620680774432941 ], [ -91.482896599012335, 41.617043673595234 ], [ -91.482887863473238, 41.61394624391982 ], [ -91.482886518360118, 41.613397119980412 ], [ -91.482904680026266, 41.60968899857405 ], [ -91.482922852682833, 41.605980877783843 ] ] ], [ [ [ -91.52174983695717, 41.693039843675557 ], [ -91.521735936192428, 41.692731111520949 ], [ -91.521735372519657, 41.692717021928047 ], [ -91.521731857141575, 41.692629078727762 ], [ -91.521722902157293, 41.692464335962896 ], [ -91.521702333441468, 41.692086070886297 ], [ -91.521690185707527, 41.691569586468134 ], [ -91.521671432366517, 41.691171111219987 ], [ -91.521670796213868, 41.691157589563161 ], [ -91.521662637632446, 41.690893932000854 ], [ -91.521659516131834, 41.69074471858282 ], [ -91.521655788558846, 41.690566463956493 ], [ -91.521650894270323, 41.690332509777505 ], [ -91.521647480698974, 41.690169326633239 ], [ -91.52163984381788, 41.689849966696791 ], [ -91.521630389122976, 41.689454518163991 ], [ -91.521630189772921, 41.689446201315754 ], [ -91.52160648367331, 41.688809326003579 ], [ -91.521605974446146, 41.688795582249817 ], [ -91.521600875737477, 41.688658396767188 ], [ -91.521600367686162, 41.688644653933345 ], [ -91.521591936969074, 41.688417100217343 ], [ -91.521578019436632, 41.688041480490099 ], [ -91.521563446198229, 41.687648160814589 ], [ -91.521549213050704, 41.687263988892504 ], [ -91.531210460818713, 41.687498524785966 ], [ -91.531849424856262, 41.687504959251108 ], [ -91.532488355980917, 41.687496800829436 ], [ -91.533126657682914, 41.6874740547266 ], [ -91.533763738969796, 41.687436742465671 ], [ -91.534399008445433, 41.687384899084229 ], [ -91.535031874339239, 41.687318572234766 ], [ -91.535661751631821, 41.687237825006392 ], [ -91.539699891921629, 41.686673616737721 ], [ -91.544825653327848, 41.685951412339215 ], [ -91.545696673115501, 41.685843726148214 ], [ -91.545693151732308, 41.685955499353163 ], [ -91.54568449649112, 41.686230267051698 ], [ -91.545638056534628, 41.68770446749334 ], [ -91.545603801090763, 41.687703768022715 ], [ -91.544639535520076, 41.688024404584255 ], [ -91.544584379137476, 41.688401052831495 ], [ -91.543973923449826, 41.688927586552133 ], [ -91.543982019810358, 41.689055932834535 ], [ -91.544273745682801, 41.689314773350823 ], [ -91.544277938848921, 41.689379050230016 ], [ -91.544291310977172, 41.689386634386352 ], [ -91.544305610671699, 41.689393176875001 ], [ -91.544632033046611, 41.689542529460205 ], [ -91.54487100906384, 41.689655937961909 ], [ -91.545104860851382, 41.68977519766937 ], [ -91.545333333512232, 41.689900178604269 ], [ -91.545556178007658, 41.690030744552089 ], [ -91.545564661241571, 41.690035892951798 ], [ -91.54555921498708, 41.690208765119522 ], [ -91.545731186754665, 41.690319405277315 ], [ -91.545849220518974, 41.690402879272057 ], [ -91.54596196026273, 41.690490368285225 ], [ -91.54606916314242, 41.690581683880389 ], [ -91.546435413145417, 41.690908655295573 ], [ -91.546540560748539, 41.691007044311746 ], [ -91.546639547228935, 41.691108961022167 ], [ -91.546732162205259, 41.691214188847596 ], [ -91.546818208833159, 41.691322504171481 ], [ -91.546897504223665, 41.691433676814988 ], [ -91.546969879832076, 41.69154747052611 ], [ -91.547035181816412, 41.691663643481569 ], [ -91.547093271364531, 41.691781948800681 ], [ -91.547144465007847, 41.691903268090044 ], [ -91.547188073903342, 41.692026241029701 ], [ -91.547224003589974, 41.692150601370024 ], [ -91.547252176231567, 41.692276079855915 ], [ -91.547272530785648, 41.692402404809918 ], [ -91.547285023136141, 41.692529302720239 ], [ -91.547289626189183, 41.692656498833038 ], [ -91.547286329932135, 41.692783717747211 ], [ -91.547278426171744, 41.692881386597747 ], [ -91.547265865496399, 41.69297878098314 ], [ -91.547248663967707, 41.693075776201674 ], [ -91.547208831181209, 41.693273263665333 ], [ -91.547437056097323, 41.693299120988989 ], [ -91.547561657094391, 41.693380383384493 ], [ -91.547577144049939, 41.693380222482482 ], [ -91.547566199162603, 41.693434492762265 ], [ -91.547474532947234, 41.693424107457588 ], [ -91.547429890348937, 41.693645475246377 ], [ -91.547353743780789, 41.69402306130042 ], [ -91.546403951387262, 41.693728245615993 ], [ -91.546283768336266, 41.693712439516489 ], [ -91.546091771598228, 41.693691207518434 ], [ -91.545917728667888, 41.693673627750286 ], [ -91.545688642607175, 41.693620799954154 ], [ -91.545427797152769, 41.69355610907003 ], [ -91.545122760203981, 41.69351732712591 ], [ -91.544833762808679, 41.69348092472034 ], [ -91.544504726987299, 41.69345370028109 ], [ -91.544262501993288, 41.693456593179476 ], [ -91.544092961167749, 41.693441896390532 ], [ -91.54383074957066, 41.693430728233999 ], [ -91.543644410404028, 41.69343002383777 ], [ -91.543643949965912, 41.693429991759025 ], [ -91.543496435606727, 41.693419845107243 ], [ -91.543322485595894, 41.693381441228176 ], [ -91.54299474085775, 41.693335380296688 ], [ -91.542708639620415, 41.693306148720637 ], [ -91.542528615656565, 41.693286736510409 ], [ -91.542240066240836, 41.693219492466959 ], [ -91.541943673572248, 41.693217848918202 ], [ -91.541699618334547, 41.69322377029858 ], [ -91.54145661787345, 41.693241613042808 ], [ -91.541340084249654, 41.693253133421329 ], [ -91.54133897264839, 41.693252978668369 ], [ -91.541164432027315, 41.693228724324683 ], [ -91.540929947803789, 41.69320343790266 ], [ -91.540703591367219, 41.693190294983602 ], [ -91.540477599355953, 41.693184217546822 ], [ -91.540477395772697, 41.693184234822589 ], [ -91.540309661620583, 41.693198575687354 ], [ -91.540159232076178, 41.693203052556569 ], [ -91.539959462729541, 41.693222994821205 ], [ -91.539844291857449, 41.693230224666181 ], [ -91.539687133501701, 41.693230784043614 ], [ -91.539435359355025, 41.693284952090586 ], [ -91.539193142348381, 41.693375857002188 ], [ -91.539062306007082, 41.693455947969973 ], [ -91.53891692104277, 41.693502841009035 ], [ -91.538710973715808, 41.693606981542864 ], [ -91.538566937312609, 41.693730747516746 ], [ -91.538417916125837, 41.693861384355593 ], [ -91.538313441523286, 41.694098664373861 ], [ -91.538341247434104, 41.694246025256227 ], [ -91.538293053152799, 41.694327713232873 ], [ -91.538259042231886, 41.694536720467866 ], [ -91.538249932418907, 41.694738755659195 ], [ -91.538300686944993, 41.695008751356056 ], [ -91.538363324711668, 41.69515440989484 ], [ -91.538399968796327, 41.695257417168698 ], [ -91.538458071313471, 41.695442513509349 ], [ -91.538517498441223, 41.695545551008308 ], [ -91.538566868646711, 41.695697372157667 ], [ -91.538702022417141, 41.695818354113506 ], [ -91.538720069873676, 41.695853080799566 ], [ -91.538768814235482, 41.696012905657959 ], [ -91.538865305770656, 41.696167635812593 ], [ -91.538899865881689, 41.696250931447011 ], [ -91.538995401374649, 41.696412458317617 ], [ -91.53909043391198, 41.696550737635725 ], [ -91.539210598205187, 41.69674264326872 ], [ -91.539328024109196, 41.69691659235324 ], [ -91.539433224670859, 41.6970890415014 ], [ -91.539498936789656, 41.697210701709572 ], [ -91.539557947749302, 41.697311862799474 ], [ -91.539613411225588, 41.697454547991398 ], [ -91.539697844959335, 41.697615025652475 ], [ -91.539787948064216, 41.697789301549847 ], [ -91.539844531741963, 41.69787375145178 ], [ -91.539899838365685, 41.697970862825542 ], [ -91.539959699903207, 41.698093211910944 ], [ -91.540020750997598, 41.69822020650134 ], [ -91.540106732746949, 41.698420582856869 ], [ -91.540180162200514, 41.698592554038775 ], [ -91.540245701877083, 41.698713891094997 ], [ -91.540288731491458, 41.698821663281727 ], [ -91.540358159337089, 41.699006296638224 ], [ -91.540418755656589, 41.699126848530668 ], [ -91.540475062784878, 41.699244464070084 ], [ -91.540522053948266, 41.699346677020124 ], [ -91.540571056662102, 41.699464765358293 ], [ -91.540584109951993, 41.699506273486854 ], [ -91.54058506367339, 41.699518238671146 ], [ -91.540576214265343, 41.699644476816601 ], [ -91.540641609060387, 41.69974998679676 ], [ -91.54063727103879, 41.69982473399795 ], [ -91.540716534844535, 41.700009630377238 ], [ -91.540737815198327, 41.700071082333416 ], [ -91.540765586192137, 41.700153232336881 ], [ -91.540835546363411, 41.700396764093391 ], [ -91.54094420409254, 41.700543948795669 ], [ -91.540992462378057, 41.700612976188083 ], [ -91.540529215700303, 41.700605594956819 ], [ -91.536247082929094, 41.700537279891385 ], [ -91.531423538659837, 41.700460135568441 ], [ -91.526644632041751, 41.700383507304622 ], [ -91.521888199829291, 41.700307045358471 ], [ -91.521807938417652, 41.696678635799067 ], [ -91.52174983695717, 41.693039843675557 ] ] ] ] } },
{ "type": "Feature", "properties": { "OBJECTID": 16, "NAME": "Hills", "Shape_Area": 22927595.897711352 }, "geometry": { "type": "MultiPolygon", "coordinates": [ [ [ [ -91.536891409922177, 41.576463640477215 ], [ -91.536853858530904, 41.573567034139366 ], [ -91.531310006053999, 41.573629625065273 ], [ -91.531022279110715, 41.573634787426613 ], [ -91.530997581317365, 41.572398013619917 ], [ -91.533555555653336, 41.57236917310135 ], [ -91.53357751692478, 41.573466820189331 ], [ -91.536443242011401, 41.573434441893667 ], [ -91.536851995032876, 41.573429817739353 ], [ -91.536785475656146, 41.569548377191417 ], [ -91.53677988666297, 41.569172769855065 ], [ -91.536779350759772, 41.569136738239699 ], [ -91.536761098395672, 41.56791005492623 ], [ -91.536725694021399, 41.565527785281439 ], [ -91.536682077936462, 41.562595897079575 ], [ -91.536671467156197, 41.56188258096148 ], [ -91.536669632365161, 41.561759233419082 ], [ -91.536648827853398, 41.560693747215083 ], [ -91.531815274738179, 41.560744161921896 ], [ -91.527936154114229, 41.56080113839527 ], [ -91.527701195278084, 41.56068991846444 ], [ -91.528083198170151, 41.560708917899554 ], [ -91.528105288868943, 41.560710017241675 ], [ -91.528385716983436, 41.560603738862994 ], [ -91.528586287920831, 41.560433676568316 ], [ -91.528723494189009, 41.560260627852045 ], [ -91.528853606752449, 41.560070301144052 ], [ -91.528967756416634, 41.559988364219741 ], [ -91.529151435879896, 41.559873296260193 ], [ -91.529235307760274, 41.559701246849123 ], [ -91.529393124815329, 41.559511019032996 ], [ -91.529536566097619, 41.559500259106798 ], [ -91.52969443142463, 41.559289662051974 ], [ -91.529770150680633, 41.558882991432519 ], [ -91.529788289591821, 41.558646486140098 ], [ -91.529748057383131, 41.558398756561758 ], [ -91.529615690436827, 41.558295527107127 ], [ -91.529674385379593, 41.558294258840114 ], [ -91.529636884321476, 41.558191017736348 ], [ -91.5296104057702, 41.558106523546947 ], [ -91.529631306484561, 41.558036218014259 ], [ -91.529510078471333, 41.557528116267896 ], [ -91.529524424088578, 41.557427989945282 ], [ -91.529467393768755, 41.557141221784505 ], [ -91.529333583660232, 41.556621785432384 ], [ -91.528998103011702, 41.556070473560929 ], [ -91.528740750312096, 41.555960892523068 ], [ -91.528584859821265, 41.555840106870427 ], [ -91.52849470103564, 41.555734615175574 ], [ -91.528353288017186, 41.555521807282489 ], [ -91.528284071943602, 41.555237172455925 ], [ -91.528172302501687, 41.555026721615469 ], [ -91.52800592093007, 41.554790492107891 ], [ -91.527956886292344, 41.554708978972172 ], [ -91.52776539404779, 41.554534587859415 ], [ -91.527629601645344, 41.554487548568524 ], [ -91.527149868691083, 41.554097949735997 ], [ -91.526826685876145, 41.553888020399107 ], [ -91.526643369043683, 41.553768797331479 ], [ -91.526451896879678, 41.553644269816601 ], [ -91.525499089305555, 41.553024704012408 ], [ -91.525441430300233, 41.552987210807622 ], [ -91.525298885946071, 41.552988497944874 ], [ -91.524759542357799, 41.552598795247796 ], [ -91.524207273384008, 41.552401938208675 ], [ -91.523522179965596, 41.551978474198293 ], [ -91.522578766374451, 41.551677157201254 ], [ -91.522401641339926, 41.551613388800334 ], [ -91.522267550889381, 41.551521939085859 ], [ -91.52237139833376, 41.551521003567657 ], [ -91.526548914839694, 41.551483291194629 ], [ -91.526552684288845, 41.551018614681048 ], [ -91.530971725703836, 41.550995734412901 ], [ -91.531451340204612, 41.550993240699476 ], [ -91.534259024154267, 41.550970407980159 ], [ -91.534225940971226, 41.54825983953112 ], [ -91.532510713481287, 41.548260914097867 ], [ -91.532504222989459, 41.547268261035846 ], [ -91.532501725498307, 41.546669857592356 ], [ -91.534219457146378, 41.546664773474141 ], [ -91.534258714268205, 41.543677404771962 ], [ -91.536410142691565, 41.543651706802549 ], [ -91.536450824344683, 41.54727644455712 ], [ -91.536458475061522, 41.547958131803604 ], [ -91.536823803766836, 41.547956915007205 ], [ -91.536825714987145, 41.547956908683631 ], [ -91.536816953057311, 41.547365654497426 ], [ -91.540657145137757, 41.547361408762477 ], [ -91.540657888752165, 41.547647818936937 ], [ -91.540658631201765, 41.547934228167961 ], [ -91.54066009671962, 41.548507213750938 ], [ -91.540661560040903, 41.5490800334874 ], [ -91.540662348085618, 41.54936644247379 ], [ -91.540663090547341, 41.549652852466991 ], [ -91.541425585270915, 41.549650897879133 ], [ -91.541617230943899, 41.549650951027552 ], [ -91.541635718651264, 41.547264522247197 ], [ -91.541836498696341, 41.547264656683041 ], [ -91.541836653602928, 41.547264088299933 ], [ -91.542195554483129, 41.546015784684904 ], [ -91.542900436273527, 41.54362682965963 ], [ -91.54336668934873, 41.543629372657293 ], [ -91.545067588911351, 41.543638640978706 ], [ -91.544988220978411, 41.544841538652598 ], [ -91.544852063907825, 41.545210922267501 ], [ -91.544724708475485, 41.545582073614142 ], [ -91.544606195447813, 41.545954874324828 ], [ -91.544496562773332, 41.546329205503866 ], [ -91.544405957467347, 41.546665605551304 ], [ -91.544322524339492, 41.547003051033002 ], [ -91.544246284838522, 41.547341455649601 ], [ -91.544202777900779, 41.54755101245793 ], [ -91.544162029676059, 41.547760882006081 ], [ -91.544113386987078, 41.54803296437553 ], [ -91.544069391114633, 41.548305436823085 ], [ -91.544040219338569, 41.548504496288885 ], [ -91.544013521416588, 41.548703751561071 ], [ -91.543980955148598, 41.548977101489371 ], [ -91.543953043681356, 41.54925074167263 ], [ -91.543929757682832, 41.549525093114617 ], [ -91.543911163716018, 41.549799456247953 ], [ -91.543910075646949, 41.549818017050725 ], [ -91.543830854930889, 41.550073576564756 ], [ -91.543823620830594, 41.550096912273396 ], [ -91.54381531415649, 41.55034797681806 ], [ -91.543810696145073, 41.550622397658486 ], [ -91.543810738947826, 41.550896839574747 ], [ -91.543815444669974, 41.551171314309585 ], [ -91.54381716511098, 41.551233737488047 ], [ -91.543810121760146, 41.551447051614396 ], [ -91.543769099014725, 41.551610819156842 ], [ -91.543719606840583, 41.551773260660944 ], [ -91.543661720447119, 41.551934129070744 ], [ -91.543610170145286, 41.55205980737157 ], [ -91.543553495597408, 41.552184234533527 ], [ -91.543491750457434, 41.552307292697257 ], [ -91.542736441212085, 41.553691825797273 ], [ -91.541809226131079, 41.553573948199521 ], [ -91.541588225781069, 41.55355234679736 ], [ -91.541580865830113, 41.554562286574104 ], [ -91.541549170796586, 41.558179352243307 ], [ -91.541384738616173, 41.558180008208431 ], [ -91.541348199487999, 41.558180157572281 ], [ -91.541011866368819, 41.558181538696971 ], [ -91.540687370793904, 41.558182869644703 ], [ -91.540367774026535, 41.558184179905645 ], [ -91.540270545725079, 41.558184579069852 ], [ -91.540047040369416, 41.558185494361062 ], [ -91.539725178238712, 41.558186812243328 ], [ -91.53940214323687, 41.558188134592619 ], [ -91.53907794141027, 41.558189459700344 ], [ -91.53875257030775, 41.558190789316342 ], [ -91.53842602873064, 41.558192123410521 ], [ -91.538098281977327, 41.558193459583883 ], [ -91.536977182272494, 41.558198027661227 ], [ -91.536977905848047, 41.55824983986831 ], [ -91.53703052413411, 41.56187873598202 ], [ -91.53705575592123, 41.563149975001942 ], [ -91.537125183462933, 41.563149680054345 ], [ -91.537128553351351, 41.563376081371899 ], [ -91.541108494200117, 41.563359137995462 ], [ -91.541526620765723, 41.563361353076864 ], [ -91.541510118787414, 41.565471185874522 ], [ -91.541481665622186, 41.569112040373312 ], [ -91.541275045506993, 41.569113129758712 ], [ -91.537144820272147, 41.569134819339681 ], [ -91.53714531441274, 41.569168057386413 ], [ -91.537217455911403, 41.573424755785432 ], [ -91.541256845332697, 41.573377132497811 ], [ -91.541446287039491, 41.573374895077457 ], [ -91.54144915948261, 41.573512103994126 ], [ -91.541448790790184, 41.573561309012234 ], [ -91.541437439043648, 41.575074426007397 ], [ -91.54142712707889, 41.576410171353665 ], [ -91.541226095777048, 41.576412544340108 ], [ -91.541227050753719, 41.576289018642967 ], [ -91.540130765973245, 41.576301958301933 ], [ -91.540124451191318, 41.57600010856028 ], [ -91.539108121737584, 41.576012092799864 ], [ -91.539117013593213, 41.576437425530891 ], [ -91.537263407649917, 41.576459261689884 ], [ -91.537312469367791, 41.58011617577997 ], [ -91.537348580204878, 41.582393579495644 ], [ -91.537363483435172, 41.583782983525111 ], [ -91.537000982181723, 41.583786025556542 ], [ -91.536946977146272, 41.58012199191662 ], [ -91.536891409922177, 41.576463640477215 ] ] ] ] } },
{ "type": "Feature", "properties": { "OBJECTID": 17, "NAME": "Newport Twp", "Shape_Area": 670411390.32964647 }, "geometry": { "type": "MultiPolygon", "coordinates": [ [ [ [ -91.540992462378057, 41.700612976188083 ], [ -91.541076309837024, 41.700913952365518 ], [ -91.541446705491751, 41.701357934607067 ], [ -91.542345398533925, 41.702224452589611 ], [ -91.542626675699751, 41.702507959198819 ], [ -91.542925031746236, 41.702808522100284 ], [ -91.543020313620289, 41.702928317174738 ], [ -91.543299961776242, 41.703406974489781 ], [ -91.543640819355872, 41.704270565357596 ], [ -91.543752398377165, 41.704644505871372 ], [ -91.543887339433255, 41.705260222840302 ], [ -91.544000061836016, 41.706026415890307 ], [ -91.544182606964554, 41.706573133198276 ], [ -91.544174807126183, 41.707083709845371 ], [ -91.543794498308969, 41.70754189288651 ], [ -91.54320378995979, 41.707846617084961 ], [ -91.542937980323984, 41.707947088427261 ], [ -91.542743909436226, 41.707979504499825 ], [ -91.542562197755743, 41.708003126381413 ], [ -91.542246982027919, 41.70805128873068 ], [ -91.541932692347487, 41.708072374269214 ], [ -91.541521673235039, 41.708100639074878 ], [ -91.541412907444126, 41.708103345393752 ], [ -91.541196937065578, 41.708116593101799 ], [ -91.541141579764172, 41.708115657034561 ], [ -91.540952192253314, 41.708103213266121 ], [ -91.540832620160799, 41.708105497986068 ], [ -91.540684200336287, 41.708120815281198 ], [ -91.54052311869485, 41.70814389966597 ], [ -91.540371361307592, 41.708160811901621 ], [ -91.540189397603541, 41.708183853057747 ], [ -91.54003451135172, 41.708208127494437 ], [ -91.539852725684412, 41.708238306520101 ], [ -91.539691816007689, 41.708268798228879 ], [ -91.539530281457957, 41.708295167060342 ], [ -91.539382631566184, 41.70833683801385 ], [ -91.539224512148593, 41.708386580432688 ], [ -91.539094636838982, 41.708421110613322 ], [ -91.538947017000041, 41.708461683706417 ], [ -91.538801445364641, 41.708521770122374 ], [ -91.538637403232997, 41.708587615121644 ], [ -91.538479408963866, 41.708646415906621 ], [ -91.538297581631284, 41.708719673429798 ], [ -91.53811481281052, 41.708800875990462 ], [ -91.537960689351095, 41.708879494190555 ], [ -91.537828976802103, 41.708955706431951 ], [ -91.537655573235483, 41.709056809382218 ], [ -91.537510240004366, 41.709149281719931 ], [ -91.537413147635704, 41.70921861205516 ], [ -91.537308530258315, 41.709281516323777 ], [ -91.537198369676517, 41.709346256727748 ], [ -91.537091685492967, 41.709417912027455 ], [ -91.536964109547682, 41.709503795375447 ], [ -91.536792986359572, 41.709629085002319 ], [ -91.536601191126323, 41.709774095286548 ], [ -91.536444521021181, 41.709907016452732 ], [ -91.536325793225657, 41.709990566769157 ], [ -91.536238919678496, 41.710061152439479 ], [ -91.536061380752329, 41.710193209381835 ], [ -91.535938001564801, 41.710314014641391 ], [ -91.53582019208838, 41.710445883234655 ], [ -91.535699232851144, 41.710585937019154 ], [ -91.53562084484048, 41.710681903125888 ], [ -91.535507778319968, 41.710814395634856 ], [ -91.535368442690114, 41.710970093840132 ], [ -91.535232349574798, 41.711141761125312 ], [ -91.535092982488081, 41.711326279209246 ], [ -91.53502599143394, 41.711414913408923 ], [ -91.534896968746267, 41.711558393502806 ], [ -91.534805733418494, 41.711681387158201 ], [ -91.534670050506747, 41.71181325188239 ], [ -91.534548391077493, 41.711922756266866 ], [ -91.534414725057943, 41.71205111732661 ], [ -91.534325525801918, 41.712129192056693 ], [ -91.534191354317187, 41.712266869030188 ], [ -91.534068455008097, 41.712378811438718 ], [ -91.533953963282201, 41.712470696758622 ], [ -91.533823291841927, 41.7125840634898 ], [ -91.533678834034447, 41.712694836080075 ], [ -91.533557477301557, 41.712784879187197 ], [ -91.533390350422692, 41.712901579623718 ], [ -91.533249014352663, 41.713002018958726 ], [ -91.533151140523884, 41.713084510921448 ], [ -91.533001029201486, 41.713177835188567 ], [ -91.532872056022512, 41.713273144869746 ], [ -91.532702122710816, 41.713409465696607 ], [ -91.532595300920505, 41.713513435053692 ], [ -91.532496335625225, 41.713602484996741 ], [ -91.532303888863154, 41.713760438601234 ], [ -91.532132771797379, 41.713896512496497 ], [ -91.532004964949834, 41.714003935052958 ], [ -91.53186262017789, 41.71412273580809 ], [ -91.531813169990244, 41.714163389391096 ], [ -91.531684332986842, 41.714269307257688 ], [ -91.531562581303476, 41.714373069344049 ], [ -91.531409358114885, 41.714496494234872 ], [ -91.531269315902492, 41.714599720671885 ], [ -91.530964631804309, 41.714857449719176 ], [ -91.530928458001526, 41.714894741987735 ], [ -91.530858699673274, 41.714952410475732 ], [ -91.530718711028484, 41.715033360137667 ], [ -91.530672266944563, 41.7150733707889 ], [ -91.530625124826486, 41.715115954276918 ], [ -91.530572134127183, 41.715157415443805 ], [ -91.530522051998602, 41.715202181575357 ], [ -91.530469002632955, 41.715252418866399 ], [ -91.530424759804873, 41.715299403126721 ], [ -91.530373154032546, 41.715352934917512 ], [ -91.530330384061017, 41.715398826500092 ], [ -91.530286141115099, 41.715445808004766 ], [ -91.530241885854153, 41.715494984025476 ], [ -91.530191809952498, 41.715538653202529 ], [ -91.530147566811607, 41.715585634651958 ], [ -91.530107726592817, 41.715631538047397 ], [ -91.530067834502887, 41.715685118992575 ], [ -91.530032371059619, 41.715733232842879 ], [ -91.529996914280844, 41.715780249875088 ], [ -91.529967301732654, 41.715829485174567 ], [ -91.529934723099203, 41.715884191653039 ], [ -91.529909466002451, 41.715938927822201 ], [ -91.529888622884684, 41.715990393203391 ], [ -91.529864822774684, 41.716046233899696 ], [ -91.529842492037787, 41.716100981895856 ], [ -91.529826028104679, 41.716154658694506 ], [ -91.52980806072064, 41.716213812586041 ], [ -91.529791604679602, 41.716266391691654 ], [ -91.529767796517859, 41.716323327348483 ], [ -91.529741030130111, 41.716384638294876 ], [ -91.529718680209697, 41.716442676699955 ], [ -91.52969781543986, 41.716497431536204 ], [ -91.529672556704838, 41.716552167621813 ], [ -91.529647316205697, 41.716604709270065 ], [ -91.529623543785732, 41.716656161800749 ], [ -91.52959829405313, 41.716709801101899 ], [ -91.529574493512868, 41.716765639024494 ], [ -91.52955509117443, 41.716820399744755 ], [ -91.529540069387636, 41.716877370123456 ], [ -91.529527968542652, 41.716935450078907 ], [ -91.529514409338404, 41.7169924272686 ], [ -91.529506685358299, 41.717052719522179 ], [ -91.529500397125148, 41.717117404914688 ], [ -91.529498451023343, 41.717189784817826 ], [ -91.529495052097801, 41.717259965129358 ], [ -91.529497585479021, 41.717319202192378 ], [ -91.52950015729725, 41.71737295530631 ], [ -91.529499383244072, 41.717489212086655 ], [ -91.529504841983126, 41.717548460978577 ], [ -91.529511768184335, 41.717607716767361 ], [ -91.529512837717718, 41.717666947886244 ], [ -91.529516812430629, 41.717729481254338 ], [ -91.529523761239858, 41.717785446662518 ], [ -91.529536573536447, 41.717840338130799 ], [ -91.529550813710657, 41.717900719520941 ], [ -91.529562131640674, 41.717959993109488 ], [ -91.529571993632374, 41.718018163974143 ], [ -91.529584784614713, 41.718076346729667 ], [ -91.529596117255252, 41.718133426720598 ], [ -91.529607473718059, 41.718187215453653 ], [ -91.529618754555074, 41.718251972097669 ], [ -91.529627110007823, 41.718316717808968 ], [ -91.529632578085753, 41.718374869013878 ], [ -91.529635126283281, 41.718431912461519 ], [ -91.529639102416155, 41.718494444029858 ], [ -91.529640180004435, 41.718552578345076 ], [ -91.529642691050256, 41.718615103954946 ], [ -91.52964668176746, 41.718675444629156 ], [ -91.529647787486297, 41.718729190839596 ], [ -91.529648877358056, 41.718785130618954 ], [ -91.529649953758465, 41.718843264908145 ], [ -91.529655424331096, 41.718901415242534 ], [ -91.529663821468915, 41.718959579225739 ], [ -91.529676626163408, 41.719015568342527 ], [ -91.529689417462322, 41.719073750167325 ], [ -91.529706616332476, 41.719129757123874 ], [ -91.529722326350353, 41.719189048476601 ], [ -91.529740995912888, 41.719243964555183 ], [ -91.529761114776363, 41.719301080153663 ], [ -91.529778328411439, 41.719354893505553 ], [ -91.529797011482728, 41.719407616861993 ], [ -91.529820060682781, 41.719464744354909 ], [ -91.529838745047982, 41.719517466823056 ], [ -91.529853028562741, 41.719571268253375 ], [ -91.52986576951524, 41.719637126722496 ], [ -91.529877124060164, 41.719690915362008 ], [ -91.529889929109046, 41.719746903541861 ], [ -91.52990416328177, 41.719808382556245 ], [ -91.529922745398849, 41.71987645833201 ], [ -91.529935566254025, 41.719930256534752 ], [ -91.529952683335495, 41.719998325450739 ], [ -91.529966968278515, 41.720052125978889 ], [ -91.529973924494627, 41.720106992712338 ], [ -91.529979393005348, 41.720165144766881 ], [ -91.529981955066333, 41.720219992763255 ], [ -91.529975732318661, 41.72027480515122 ], [ -91.529960688802248, 41.72033506411239 ], [ -91.529932514523992, 41.720387589310249 ], [ -91.529897013786567, 41.720441181644262 ], [ -91.529858634550919, 41.720487084508449 ], [ -91.529818779053613, 41.720535175955931 ], [ -91.529774528148366, 41.720583246826173 ], [ -91.529730299746149, 41.720628027305359 ], [ -91.529683157987037, 41.720670604108399 ], [ -91.529631616487762, 41.720714257168908 ], [ -91.529584429531781, 41.720763411976527 ], [ -91.529535838311105, 41.720803788292493 ], [ -91.529490160300114, 41.720846369150955 ], [ -91.529445932779467, 41.720891147737674 ], [ -91.52927631899037, 41.721073590983309 ], [ -91.529227727374405, 41.721113966265591 ], [ -91.529130515886649, 41.721199102164533 ], [ -91.529081880139785, 41.721246056349102 ], [ -91.52904203715299, 41.721291951207625 ], [ -91.529000709975648, 41.721341129621202 ], [ -91.528955025731491, 41.721384806185469 ], [ -91.528903387284231, 41.721442714524713 ], [ -91.528860514660096, 41.721503950765999 ], [ -91.528826470941723, 41.721558642820938 ], [ -91.528790925907757, 41.721618812878795 ], [ -91.528754004910894, 41.721665815449185 ], [ -91.528715554463275, 41.721722682316326 ], [ -91.528680082641046, 41.721771884396659 ], [ -91.528640210941035, 41.721822164504708 ], [ -91.528601796382276, 41.721873548251146 ], [ -91.528569224195877, 41.721927148488163 ], [ -91.528538137302576, 41.721977466072701 ], [ -91.528504094294618, 41.72203215714422 ], [ -91.528472964438805, 41.722089055493136 ], [ -91.528441877421002, 41.722139372148938 ], [ -91.528412196802535, 41.722198468217449 ], [ -91.528391354347249, 41.722249925179746 ], [ -91.528374895854682, 41.722302496775356 ], [ -91.528354022805885, 41.722358339083463 ], [ -91.528330235218931, 41.722411976774985 ], [ -91.528303512932425, 41.722466697559675 ], [ -91.528278209274546, 41.722528005931757 ], [ -91.528255887953023, 41.722581649598368 ], [ -91.528233542775737, 41.722638582709976 ], [ -91.528214149358405, 41.722692238272927 ], [ -91.52819327724832, 41.722748080565012 ], [ -91.528172410621963, 41.722802826928231 ], [ -91.528152978583421, 41.722861965515101 ], [ -91.52813794881942, 41.722920026118572 ], [ -91.528122940477559, 41.722974796328103 ], [ -91.528112279973683, 41.723036166060339 ], [ -91.528110412620549, 41.72309647385643 ], [ -91.528110015904204, 41.723155694402948 ], [ -91.528106728563813, 41.72320941818149 ], [ -91.528097482412903, 41.723278469646552 ], [ -91.52810004986965, 41.72333221722203 ], [ -91.528101119577869, 41.723391442859423 ], [ -91.528102194836052, 41.723449571671729 ], [ -91.528104726152876, 41.723508803220902 ], [ -91.528107282583292, 41.723564742639674 ], [ -91.528108357849803, 41.72362287144859 ], [ -91.528113790177571, 41.723686503017746 ], [ -91.528113393542455, 41.723745720852307 ], [ -91.5281100927034, 41.723801637326993 ], [ -91.528100571667721, 41.723911264674825 ], [ -91.528098749555355, 41.723964992614654 ], [ -91.52810130471525, 41.724020934705038 ], [ -91.528102399004084, 41.72407577397486 ], [ -91.528119597993879, 41.72413177567234 ], [ -91.528123521159131, 41.724201978413163 ], [ -91.528118718956947, 41.72426337197988 ], [ -91.528113938222816, 41.724321474255746 ], [ -91.528113086169753, 41.724448683342167 ], [ -91.528111248123423, 41.724504605738147 ], [ -91.528110863009388, 41.724562727735041 ], [ -91.528111958571387, 41.724617565215048 ], [ -91.528108633888095, 41.724676770221279 ], [ -91.528105338573098, 41.724731588954832 ], [ -91.528107885872075, 41.724788626013179 ], [ -91.52810751302377, 41.724844555278139 ], [ -91.52810563646166, 41.724905959799905 ], [ -91.5281066903257, 41.72496737807117 ], [ -91.5281092162666, 41.725027702813144 ], [ -91.528110314238035, 41.725082540325452 ], [ -91.528114298574309, 41.725143971443693 ], [ -91.528118242070477, 41.725210882852139 ], [ -91.528126565365866, 41.725280007549451 ], [ -91.528139303449549, 41.725345860640431 ], [ -91.528147729572197, 41.725399633836716 ], [ -91.528160411334625, 41.725474260404368 ], [ -91.528176032300181, 41.725546706130658 ], [ -91.528188801083985, 41.725608172060575 ], [ -91.528201612701878, 41.725663059912534 ], [ -91.52821586023309, 41.725722340006079 ], [ -91.528234433258334, 41.725791508178872 ], [ -91.528253059507094, 41.725853000630615 ], [ -91.528273081975783, 41.725924368332258 ], [ -91.528296041738173, 41.725994652072117 ], [ -91.528316138914562, 41.726055053659586 ], [ -91.528333313539719, 41.726114346515295 ], [ -91.52834759736669, 41.726168144412121 ], [ -91.528364722511071, 41.726235112137736 ], [ -91.528384746366712, 41.726306481631831 ], [ -91.528410561156306, 41.726387742465739 ], [ -91.528430709348001, 41.726440467369585 ], [ -91.528449385551752, 41.726494283100607 ], [ -91.52846803243574, 41.726552485096455 ], [ -91.528480831015059, 41.726609565605365 ], [ -91.528493651048294, 41.726663355725066 ], [ -91.528507927210768, 41.726718249474331 ], [ -91.52852796488466, 41.726787424427677 ], [ -91.528545134382341, 41.726847813160546 ], [ -91.52856232293675, 41.726904911462285 ], [ -91.528583841872702, 41.726971899707678 ], [ -91.528603961043643, 41.727029010839686 ], [ -91.528626950947512, 41.727094906420604 ], [ -91.528647084795665, 41.727149826659165 ], [ -91.528667233387424, 41.727202552409047 ], [ -91.528716229574073, 41.727321200224054 ], [ -91.528739261277181, 41.727380516784116 ], [ -91.528759404504939, 41.727434338436552 ], [ -91.528786750824921, 41.727505738487281 ], [ -91.528814110708126, 41.727574944025626 ], [ -91.528845813386567, 41.727651844966637 ], [ -91.528873247891738, 41.727710085290141 ], [ -91.528906458806119, 41.727780412305648 ], [ -91.528935340421029, 41.727840852999854 ], [ -91.528958413367789, 41.727894686519114 ], [ -91.528990167095273, 41.727963910760387 ], [ -91.529013192513418, 41.728024324955854 ], [ -91.529037721737069, 41.728079262081344 ], [ -91.529060805863139, 41.728130903731738 ], [ -91.529099788043069, 41.728214415995019 ], [ -91.529127171103866, 41.728280332879272 ], [ -91.529151684679462, 41.728337462638855 ], [ -91.529177617244926, 41.72840117816294 ], [ -91.529200645394795, 41.728461592353497 ], [ -91.529222251028386, 41.728515420707332 ], [ -91.529248119579279, 41.728589006466443 ], [ -91.529269689266343, 41.728648317876925 ], [ -91.529307060221228, 41.728753755425394 ], [ -91.529328622112757, 41.728814162702925 ], [ -91.529348714388234, 41.72887566085803 ], [ -91.529367399925292, 41.728928381417838 ], [ -91.52938605631158, 41.728985484638784 ], [ -91.529407575581104, 41.729052472665906 ], [ -91.52942911750867, 41.729116169423548 ], [ -91.529447750161168, 41.729176564774782 ], [ -91.529461977065338, 41.729239133211003 ], [ -91.529476189341196, 41.729303895226785 ], [ -91.529486081274086, 41.729357672393633 ], [ -91.529492963847062, 41.729423498777017 ], [ -91.529494048457579, 41.729480527978865 ], [ -91.529489295529402, 41.729534241204703 ], [ -91.529484539293591, 41.729551934475566 ], [ -91.529504665100646, 41.729832729799043 ], [ -91.52960255129841, 41.730535091233833 ], [ -91.529897927898631, 41.731507174722246 ], [ -91.530107129620404, 41.731855684167826 ], [ -91.53048592488382, 41.732277142938791 ], [ -91.531037009961764, 41.73281984660197 ], [ -91.531533691445546, 41.733115469718896 ], [ -91.532114496039, 41.733295022395644 ], [ -91.533080957684319, 41.733423068583747 ], [ -91.533610275392988, 41.733444178613823 ], [ -91.533952780792845, 41.733435589163463 ], [ -91.534429299163136, 41.733382157841 ], [ -91.534967738087772, 41.733255378805509 ], [ -91.535597452596022, 41.733045460492839 ], [ -91.536242727786842, 41.732655593128769 ], [ -91.536743134983027, 41.732223578562795 ], [ -91.537588912291611, 41.73141096326183 ], [ -91.537998769064615, 41.731096880894306 ], [ -91.538519119948916, 41.730779046020615 ], [ -91.539105598060715, 41.730460404769893 ], [ -91.540053566451164, 41.730047753609846 ], [ -91.540974241348607, 41.729733376249577 ], [ -91.542276097294874, 41.729368537125531 ], [ -91.543587995334818, 41.729174499173446 ], [ -91.544666480667374, 41.729147186318947 ], [ -91.545894884299358, 41.729224725605931 ], [ -91.546907797828965, 41.729378284546399 ], [ -91.547781377406508, 41.729620506559918 ], [ -91.54812731532688, 41.730005733229582 ], [ -91.548225618654641, 41.730294697082144 ], [ -91.548247129060968, 41.730703086767377 ], [ -91.548184235369717, 41.731290154281908 ], [ -91.547948860143109, 41.732389336324466 ], [ -91.547743326256082, 41.733069295752287 ], [ -91.547584539660605, 41.734089671971951 ], [ -91.547563433366435, 41.735626392461228 ], [ -91.54776338209625, 41.736626045227787 ], [ -91.548357557291553, 41.738427668247127 ], [ -91.549171533732405, 41.740413938412544 ], [ -91.549491184949218, 41.741028546689485 ], [ -91.549751143766827, 41.741556418905681 ], [ -91.549998406787125, 41.742385267773493 ], [ -91.550952819334114, 41.743499387060545 ], [ -91.551125847285647, 41.744454248270486 ], [ -91.551676654866114, 41.745615252412428 ], [ -91.552228957718711, 41.746517498265014 ], [ -91.552620282950571, 41.748000785752332 ], [ -91.554234996267908, 41.751591959682891 ], [ -91.554429231646253, 41.751894524186511 ], [ -91.555843874911929, 41.752652771893906 ], [ -91.555891526419487, 41.752678312747747 ], [ -91.556546585908507, 41.753029410060634 ], [ -91.556798887295798, 41.753072897440042 ], [ -91.556900842931626, 41.753090470396032 ], [ -91.557051196232734, 41.753116384392179 ], [ -91.557094065947311, 41.753123773882763 ], [ -91.557303504304798, 41.753159870776422 ], [ -91.557506931596166, 41.75319493196077 ], [ -91.557555809107882, 41.753203356552405 ], [ -91.557702285027247, 41.753228601467029 ], [ -91.557808115477187, 41.753246840900509 ], [ -91.557880386107101, 41.753259297550208 ], [ -91.55806042816711, 41.753290325701421 ], [ -91.559197571848685, 41.75342713080763 ], [ -91.559575044591071, 41.753472538898571 ], [ -91.559706713229019, 41.753479141524096 ], [ -91.560149198739722, 41.753500950993299 ], [ -91.560781664379491, 41.753532120602344 ], [ -91.561278469584053, 41.753618946097944 ], [ -91.561576024665712, 41.753671144843821 ], [ -91.561730203752788, 41.753715096464575 ], [ -91.562053469134909, 41.753807624589896 ], [ -91.562835622331463, 41.754031494339664 ], [ -91.562869854010756, 41.754047427201115 ], [ -91.562982156923042, 41.754104700552361 ], [ -91.564572585586589, 41.754915766789217 ], [ -91.565336096007798, 41.755321087557178 ], [ -91.565492221110617, 41.755439533610229 ], [ -91.566240774096656, 41.756007417329592 ], [ -91.566651673046593, 41.756319137920975 ], [ -91.566734558132694, 41.756382015562977 ], [ -91.566811821378423, 41.756442478807244 ], [ -91.567509301320669, 41.757351986077978 ], [ -91.56755412751221, 41.757461033257201 ], [ -91.567784425194176, 41.758032640939881 ], [ -91.567791390865267, 41.758049928836975 ], [ -91.567800766083892, 41.758073200562201 ], [ -91.5679350442648, 41.758406480104298 ], [ -91.568113572012962, 41.758849582021156 ], [ -91.568140798975421, 41.758917158639299 ], [ -91.568149479973428, 41.758938703199121 ], [ -91.568245870502906, 41.759177939864408 ], [ -91.568296797118819, 41.75930361261338 ], [ -91.568397435800691, 41.759422192461464 ], [ -91.568501360929915, 41.759546648126637 ], [ -91.568729666938623, 41.760695757103598 ], [ -91.568776210457429, 41.760930017208381 ], [ -91.568824379510346, 41.761090831595439 ], [ -91.568850573650749, 41.761177348620215 ], [ -91.568969025131381, 41.761568573207967 ], [ -91.569018285619876, 41.76173126888137 ], [ -91.569029714524078, 41.762165671273472 ], [ -91.569042095683045, 41.762636227330958 ], [ -91.56904317113613, 41.762677144403433 ], [ -91.569040232878223, 41.762776213627049 ], [ -91.569031274102429, 41.76307827473395 ], [ -91.568912527176693, 41.763512027633858 ], [ -91.568853740333296, 41.763709107187864 ], [ -91.568794955538237, 41.763906186737891 ], [ -91.568734993503725, 41.76414285894586 ], [ -91.568653722240171, 41.764294299431434 ], [ -91.568570321722731, 41.764449706566296 ], [ -91.568519593551187, 41.764598128181419 ], [ -91.56844955585224, 41.764803052553866 ], [ -91.568392833718036, 41.764969011103126 ], [ -91.568278734527809, 41.765207351197603 ], [ -91.568225956179717, 41.765317598737454 ], [ -91.568168247235008, 41.765401003061378 ], [ -91.568112983434403, 41.765479305794834 ], [ -91.568057717042677, 41.765557610259869 ], [ -91.567835477598763, 41.76591041697926 ], [ -91.56747159853245, 41.766352098725285 ], [ -91.567250743004834, 41.766708049594527 ], [ -91.56675297107995, 41.767284159309675 ], [ -91.566079162356871, 41.76815487485807 ], [ -91.565927576282789, 41.768356891020133 ], [ -91.565592088786843, 41.768686233956188 ], [ -91.565507166353726, 41.768769353998721 ], [ -91.565443105513992, 41.768903147641758 ], [ -91.565318988991137, 41.769035940182654 ], [ -91.565194871961538, 41.769168732583616 ], [ -91.565162841070219, 41.769235628863782 ], [ -91.565070753196167, 41.769301525724771 ], [ -91.565008695467114, 41.769367920922761 ], [ -91.564793824317093, 41.769521678381061 ], [ -91.564639010581615, 41.769676436014961 ], [ -91.564328710532493, 41.77000841484972 ], [ -91.564045913094319, 41.770172288954647 ], [ -91.563677227327076, 41.770436105559405 ], [ -91.563459657391704, 41.770630536425443 ], [ -91.563350283626406, 41.770747547103753 ], [ -91.563242086155697, 41.770824966867877 ], [ -91.563132711672168, 41.770941977331766 ], [ -91.563077435874163, 41.771020278373683 ], [ -91.562858684062192, 41.771254298843893 ], [ -91.562696385631085, 41.771370427288986 ], [ -91.562531731101402, 41.771565738857248 ], [ -91.562200063189621, 41.772035542782028 ], [ -91.561927205212768, 41.772308271204331 ], [ -91.561814288197709, 41.772544056177608 ], [ -91.561691823932293, 41.772651255900634 ], [ -91.561590810836634, 41.772936442477317 ], [ -91.561366151702771, 41.77336841901608 ], [ -91.561298949187218, 41.774203107252831 ], [ -91.561042000129049, 41.774198467873816 ], [ -91.560183722700316, 41.774182969439046 ], [ -91.559910327296436, 41.774178031331779 ], [ -91.559859923719529, 41.77417712115809 ], [ -91.556245385449998, 41.774154051075435 ], [ -91.555822344535727, 41.774151342778048 ], [ -91.555081316031348, 41.774146596046165 ], [ -91.55485419632106, 41.774142177583464 ], [ -91.554671515329886, 41.774131789086461 ], [ -91.553719481364169, 41.774117339478657 ], [ -91.552822062422834, 41.774102612316611 ], [ -91.552253266037141, 41.7740954343057 ], [ -91.551561979437963, 41.774085372508949 ], [ -91.550666389648057, 41.774072329912279 ], [ -91.550301922798212, 41.774067020778858 ], [ -91.549092522236236, 41.77404682055321 ], [ -91.548181017203376, 41.774031588626897 ], [ -91.547985492903095, 41.774028320642657 ], [ -91.547189249150534, 41.774015006721463 ], [ -91.546456235216425, 41.774002746994064 ], [ -91.545517596762039, 41.774001672104255 ], [ -91.544569911867839, 41.773985555493816 ], [ -91.542717074838592, 41.773954024657378 ], [ -91.541590964225279, 41.77393484601275 ], [ -91.540741384512955, 41.773914849435819 ], [ -91.540315204585255, 41.773912006495863 ], [ -91.540063984620005, 41.773909601207755 ], [ -91.539999160745381, 41.773909155084503 ], [ -91.536724797647494, 41.773857323200758 ], [ -91.535884439757382, 41.773840629528252 ], [ -91.533230778154774, 41.773787874801187 ], [ -91.531820829571302, 41.773759820718752 ], [ -91.531023914586825, 41.773745936073574 ], [ -91.526963226073619, 41.77368660421638 ], [ -91.526199758806072, 41.773675432989357 ], [ -91.522106042378709, 41.773615447563344 ], [ -91.521814398451184, 41.773611169032023 ], [ -91.52149221788801, 41.773606440863048 ], [ -91.521375577424649, 41.773604729032904 ], [ -91.517148225285041, 41.773550454601825 ], [ -91.516507951477251, 41.77354222101043 ], [ -91.51217438449703, 41.773465215392456 ], [ -91.511759005933939, 41.773457825325977 ], [ -91.510799401036238, 41.773433864152594 ], [ -91.50715599067523, 41.773341652891787 ], [ -91.507077119277341, 41.773340843852381 ], [ -91.50695643371148, 41.773338963488996 ], [ -91.506904368932226, 41.773338147718121 ], [ -91.505690655823472, 41.77331911625857 ], [ -91.504295629612599, 41.773297226812716 ], [ -91.503536652430327, 41.773285310957846 ], [ -91.503387700907084, 41.773282970844967 ], [ -91.503168379437966, 41.773279526386737 ], [ -91.502214894326642, 41.773264546642956 ], [ -91.502027279558192, 41.773261487670155 ], [ -91.497584925455527, 41.773188987925906 ], [ -91.497542279507883, 41.773188291588838 ], [ -91.497343031903625, 41.77318503538752 ], [ -91.497272845164588, 41.773183888507809 ], [ -91.497209115575089, 41.773182846599461 ], [ -91.492388984663052, 41.773103974769299 ], [ -91.49233085017832, 41.773103022368794 ], [ -91.489317842536494, 41.773051539111236 ], [ -91.487536212707411, 41.773021386189733 ], [ -91.487487130213566, 41.773020544941026 ], [ -91.483110947281929, 41.772945233929214 ], [ -91.48264343433766, 41.772937212915771 ], [ -91.482553374085313, 41.772936123598974 ], [ -91.477606806640395, 41.772891092347997 ], [ -91.477474077736517, 41.772888960005325 ], [ -91.4771718263396, 41.772884098348172 ], [ -91.476887172755823, 41.772879521648846 ], [ -91.47266413728137, 41.772811531516332 ], [ -91.472642816703555, 41.77281118737011 ], [ -91.470186210481288, 41.772787867012703 ], [ -91.467794453981867, 41.77276542377993 ], [ -91.467708141096409, 41.772764612746883 ], [ -91.46311270738218, 41.772721348938276 ], [ -91.463157571124967, 41.769223062558297 ], [ -91.463204562208105, 41.765558465585471 ], [ -91.463270896397347, 41.761930643654587 ], [ -91.463337224403489, 41.758302817138599 ], [ -91.463335444929967, 41.754670517341019 ], [ -91.463333655003538, 41.751019443613025 ], [ -91.463343072543935, 41.747381602579225 ], [ -91.463352487398353, 41.743743751643386 ], [ -91.463404610699129, 41.740172973549832 ], [ -91.463404882129709, 41.740137220001579 ], [ -91.463405021027995, 41.740118779958124 ], [ -91.46340715630933, 41.739837176468399 ], [ -91.463432424641255, 41.736503122040702 ], [ -91.463426962927471, 41.734652506372377 ], [ -91.463421745688919, 41.732884452004008 ], [ -91.463469839664143, 41.729258709376097 ], [ -91.463465622777534, 41.725561885015452 ], [ -91.463520292711365, 41.72189902696099 ], [ -91.463541939251073, 41.720769110117828 ], [ -91.463561726388505, 41.720544718341799 ], [ -91.463590034550137, 41.718258292042222 ], [ -91.463595390126045, 41.717978521701625 ], [ -91.463623983211633, 41.716484837853976 ], [ -91.46364393526089, 41.715442445411234 ], [ -91.463659722889062, 41.714617553676447 ], [ -91.463618328796457, 41.712570329085679 ], [ -91.463598910748217, 41.71160993211425 ], [ -91.463586358121319, 41.710989070283297 ], [ -91.463513001524646, 41.707360582498872 ], [ -91.463437992841463, 41.703789410282063 ], [ -91.463433851550931, 41.703608315782773 ], [ -91.463346321690267, 41.700117074560133 ], [ -91.463324978273334, 41.698061697105132 ], [ -91.463331022581187, 41.696459667588591 ], [ -91.463315725189773, 41.692802256259789 ], [ -91.46325652066939, 41.689150021082277 ], [ -91.463199549678066, 41.685635152879598 ], [ -91.463198788990027, 41.685588246255051 ], [ -91.46319744774992, 41.685497781053691 ], [ -91.46320681943466, 41.685497767256599 ], [ -91.468006398511434, 41.685554859712433 ], [ -91.468008575930611, 41.685554885239291 ], [ -91.472842573476797, 41.685602017852567 ], [ -91.477640404770028, 41.685651396850233 ], [ -91.481602755713254, 41.685683733796068 ], [ -91.481699847267791, 41.68568452402819 ], [ -91.481701155148002, 41.685753147254225 ], [ -91.481769256176662, 41.689326295230458 ], [ -91.481770374133376, 41.68938491379091 ], [ -91.481828901451848, 41.692455382372707 ], [ -91.481834006259021, 41.692723175506664 ], [ -91.481838739981853, 41.692971481983115 ], [ -91.48218125750455, 41.692974305593204 ], [ -91.482535160687021, 41.692975397047654 ], [ -91.482937019997109, 41.692978076680177 ], [ -91.483550722176602, 41.692977320814563 ], [ -91.484191285323121, 41.692976529411979 ], [ -91.484996028214951, 41.692975528999405 ], [ -91.485689170645898, 41.692974662524762 ], [ -91.487794119018332, 41.692972006218 ], [ -91.490247107426754, 41.69296513833423 ], [ -91.492657635687422, 41.692958872813357 ], [ -91.495145907177658, 41.692961824942827 ], [ -91.495772262513483, 41.692962889194661 ], [ -91.49548260970704, 41.693298240972034 ], [ -91.494689217098369, 41.693987161753469 ], [ -91.492683863550468, 41.695834334692989 ], [ -91.492685693146299, 41.696028188426418 ], [ -91.492691268212084, 41.696619123647309 ], [ -91.497552741338041, 41.696619837747434 ], [ -91.502402765303316, 41.696615660549604 ], [ -91.50239074092714, 41.69585907092906 ], [ -91.506931494196351, 41.695873156824902 ], [ -91.508043415599317, 41.695876579415177 ], [ -91.509647120927994, 41.695903127003561 ], [ -91.511561321895783, 41.695920703230229 ], [ -91.511505967138433, 41.692990196519467 ], [ -91.512034610224703, 41.692992108139279 ], [ -91.511929786283034, 41.687496878395436 ], [ -91.511921093638776, 41.687041432726815 ], [ -91.521549213050704, 41.687263988892504 ], [ -91.521563446198229, 41.687648160814589 ], [ -91.521578019436632, 41.688041480490099 ], [ -91.521591936969074, 41.688417100217343 ], [ -91.521600367686162, 41.688644653933345 ], [ -91.521600875737477, 41.688658396767188 ], [ -91.521605973217959, 41.688795583129483 ], [ -91.521606482445151, 41.688809326883209 ], [ -91.521630189772921, 41.689446201315754 ], [ -91.521630387922102, 41.689454518143563 ], [ -91.52163984381788, 41.689849966696791 ], [ -91.521647480698974, 41.690169326633239 ], [ -91.521650894270323, 41.690332509777505 ], [ -91.521655788558846, 41.690566463956493 ], [ -91.521659516131834, 41.69074471858282 ], [ -91.521662637632446, 41.690893932000854 ], [ -91.521671113689692, 41.691164350381335 ], [ -91.521690185707527, 41.691569586468134 ], [ -91.521702333441468, 41.692086070886297 ], [ -91.521722902157293, 41.692464335962896 ], [ -91.521731857141575, 41.692629078727762 ], [ -91.521735653755542, 41.692724066714234 ], [ -91.521735936192428, 41.692731111520949 ], [ -91.521749836929843, 41.693039844575729 ], [ -91.521807938417652, 41.696678635799067 ], [ -91.521888199829291, 41.700307045358471 ], [ -91.526644632041751, 41.700383507304622 ], [ -91.531423538659837, 41.700460135568441 ], [ -91.536247082929094, 41.700537279891385 ], [ -91.540529215700303, 41.700605594956819 ], [ -91.540992462378057, 41.700612976188083 ] ] ] ] } },
{ "type": "Feature", "properties": { "OBJECTID": 18, "NAME": "Liberty Twp", "Shape_Area": 614256398.19278443 }, "geometry": { "type": "MultiPolygon", "coordinates": [ [ [ [ -91.526816439876129, 41.59856558356649 ], [ -91.527213965647334, 41.598242316117066 ], [ -91.527641636725619, 41.597373055555508 ], [ -91.527528413835938, 41.596592952638908 ], [ -91.527458325492219, 41.596037469385394 ], [ -91.528047150793967, 41.595229103772382 ], [ -91.528990010731746, 41.594759320491129 ], [ -91.529456660149066, 41.59440859854864 ], [ -91.529560748125064, 41.593787702033616 ], [ -91.529096257422836, 41.592608754681187 ], [ -91.527625917923061, 41.591866538588604 ], [ -91.525575062760751, 41.591379628915732 ], [ -91.524232090296437, 41.590706732843216 ], [ -91.523139374067185, 41.589742945856926 ], [ -91.522600529530749, 41.589269364953424 ], [ -91.522063918792242, 41.588476557306031 ], [ -91.522072477826043, 41.587138096383697 ], [ -91.522780701180764, 41.586239678497172 ], [ -91.524344593187635, 41.585734061456407 ], [ -91.526057665151598, 41.585847308190267 ], [ -91.527312558862548, 41.586606646453326 ], [ -91.528249109860511, 41.587110305543447 ], [ -91.529149284272748, 41.587127665425754 ], [ -91.529784403070607, 41.586933310988783 ], [ -91.53075151802021, 41.585073252045817 ], [ -91.530755919868781, 41.584452130332529 ], [ -91.530706703282164, 41.583674014591942 ], [ -91.530083187332181, 41.582595983605906 ], [ -91.527983110852063, 41.581226625107405 ], [ -91.527452070591238, 41.580824975376828 ], [ -91.527283106133666, 41.580301677326879 ], [ -91.527558402393566, 41.579575929653046 ], [ -91.528102975648622, 41.57891764094262 ], [ -91.529651518870722, 41.57808288416755 ], [ -91.530140875225001, 41.577759009165447 ], [ -91.530446095388982, 41.577319778550802 ], [ -91.530401356361835, 41.576616996427042 ], [ -91.530183549182809, 41.576201842580311 ], [ -91.529011125169419, 41.575536421300157 ], [ -91.527172335067448, 41.575054518323796 ], [ -91.526242369030669, 41.574540248646066 ], [ -91.52532219521423, 41.573749067645686 ], [ -91.524886267645016, 41.572955670616714 ], [ -91.52453029154087, 41.572270148500387 ], [ -91.524021288919059, 41.570855676520587 ], [ -91.524093419171166, 41.569909488457874 ], [ -91.524681384391428, 41.568975573039346 ], [ -91.525303380088687, 41.568446136602923 ], [ -91.526323090857318, 41.567901964912878 ], [ -91.527706133804571, 41.567524670170386 ], [ -91.528721796613283, 41.567206186766214 ], [ -91.529141584845064, 41.566758761327726 ], [ -91.528842438750573, 41.566244149950407 ], [ -91.528429790850026, 41.565946738760928 ], [ -91.527599993382793, 41.565466644251501 ], [ -91.526023292969313, 41.564811384870033 ], [ -91.52583060323883, 41.564731303490476 ], [ -91.525767615667917, 41.564674634570451 ], [ -91.525102093957059, 41.564075861937759 ], [ -91.524980754942703, 41.563966692948881 ], [ -91.524864469255917, 41.563760027115386 ], [ -91.524760378227043, 41.563575029448785 ], [ -91.524068051614634, 41.56234456221258 ], [ -91.524432759145597, 41.561810750354894 ], [ -91.525175420229274, 41.561238757182529 ], [ -91.525386613308257, 41.560597214103794 ], [ -91.524874985731856, 41.559460269454434 ], [ -91.525607808798398, 41.559375459726709 ], [ -91.525700243643584, 41.559364761704181 ], [ -91.52582242560004, 41.559374105492104 ], [ -91.52617537160863, 41.559401099120414 ], [ -91.526328876218571, 41.559412838733664 ], [ -91.526637175939186, 41.559636037259253 ], [ -91.52685700019039, 41.559946879636527 ], [ -91.526931362123733, 41.560052031249917 ], [ -91.527089072448518, 41.560182711830343 ], [ -91.527701195278084, 41.56068991846444 ], [ -91.527936154114229, 41.56080113839527 ], [ -91.531815274738179, 41.560744161921896 ], [ -91.536648827853398, 41.560693747215083 ], [ -91.536669632365161, 41.561759233419082 ], [ -91.536671467156197, 41.56188258096148 ], [ -91.536682077936462, 41.562595897079575 ], [ -91.536725694021399, 41.565527785281439 ], [ -91.536761098395672, 41.56791005492623 ], [ -91.536779350759772, 41.569136738239699 ], [ -91.53677988666297, 41.569172769855065 ], [ -91.536785475656146, 41.569548377191417 ], [ -91.536851995032876, 41.573429817739353 ], [ -91.536443242011401, 41.573434441893667 ], [ -91.53357751692478, 41.573466820189331 ], [ -91.533555555653336, 41.57236917310135 ], [ -91.530997581317365, 41.572398013619917 ], [ -91.531022279110715, 41.573634787426613 ], [ -91.531310006053999, 41.573629625065273 ], [ -91.536853858530904, 41.573567034139366 ], [ -91.536891409922177, 41.576463640477215 ], [ -91.536946977146272, 41.58012199191662 ], [ -91.537000982181723, 41.583786025556542 ], [ -91.537363483435172, 41.583782983525111 ], [ -91.537348580204878, 41.582393579495644 ], [ -91.537312469367791, 41.58011617577997 ], [ -91.537263407649917, 41.576459261689884 ], [ -91.539117013593213, 41.576437425530891 ], [ -91.539108121737584, 41.576012092799864 ], [ -91.540124451191318, 41.57600010856028 ], [ -91.540130765973245, 41.576301958301933 ], [ -91.541227050753719, 41.576289018642967 ], [ -91.541226095777048, 41.576412544340108 ], [ -91.54142712707889, 41.576410171353665 ], [ -91.541437439043648, 41.575074426007397 ], [ -91.541448790790184, 41.573561309012234 ], [ -91.54144915948261, 41.573512103994126 ], [ -91.541446287039491, 41.573374895077457 ], [ -91.541256845332697, 41.573377132497811 ], [ -91.537217455911403, 41.573424755785432 ], [ -91.53714531441274, 41.569168057386413 ], [ -91.537144820272147, 41.569134819339681 ], [ -91.541275045506993, 41.569113129758712 ], [ -91.541481665622186, 41.569112040373312 ], [ -91.541510118787414, 41.565471185874522 ], [ -91.541526620765723, 41.563361353076864 ], [ -91.541108494200117, 41.563359137995462 ], [ -91.537128553351351, 41.563376081371899 ], [ -91.537125183462933, 41.563149680054345 ], [ -91.53705575592123, 41.563149975001942 ], [ -91.53703052413411, 41.56187873598202 ], [ -91.536977905848047, 41.55824983986831 ], [ -91.536977182272494, 41.558198027661227 ], [ -91.538098281977327, 41.558193459583883 ], [ -91.53842602873064, 41.558192123410521 ], [ -91.53875257030775, 41.558190789316342 ], [ -91.53907794141027, 41.558189459700344 ], [ -91.53940214323687, 41.558188134592619 ], [ -91.539725178238712, 41.558186812243328 ], [ -91.540047040369416, 41.558185494361062 ], [ -91.540270545725079, 41.558184579069852 ], [ -91.540367774026535, 41.558184179905645 ], [ -91.540687370793904, 41.558182869644703 ], [ -91.541011866368819, 41.558181538696971 ], [ -91.541348199487999, 41.558180157572281 ], [ -91.541384738616173, 41.558180008208431 ], [ -91.541549170796586, 41.558179352243307 ], [ -91.541580865830113, 41.554562286574104 ], [ -91.541588225781069, 41.55355234679736 ], [ -91.541809226131079, 41.553573948199521 ], [ -91.542736441212085, 41.553691825797273 ], [ -91.543491750457434, 41.552307292697257 ], [ -91.543553495597422, 41.552184234533527 ], [ -91.5436101701453, 41.55205980737157 ], [ -91.543661720447119, 41.551934129070744 ], [ -91.543719606840625, 41.551773260660966 ], [ -91.543769099014753, 41.55161081915687 ], [ -91.543810121760146, 41.551447051614396 ], [ -91.54381716511098, 41.551233737488047 ], [ -91.543815444669974, 41.551171314309585 ], [ -91.543810738947826, 41.550896839574747 ], [ -91.543810696145073, 41.550622397658486 ], [ -91.54381531415649, 41.55034797681806 ], [ -91.543823620830594, 41.550096912273396 ], [ -91.543830854930889, 41.550073576564756 ], [ -91.543910075646949, 41.549818017050725 ], [ -91.543911163716018, 41.549799456247953 ], [ -91.543929757682832, 41.549525093114617 ], [ -91.543953043681356, 41.54925074167263 ], [ -91.543980955148598, 41.548977101489371 ], [ -91.544013521416588, 41.548703751561071 ], [ -91.544040219338598, 41.548504496288899 ], [ -91.544069391114633, 41.548305436823085 ], [ -91.544113386987078, 41.54803296437553 ], [ -91.544162029676059, 41.547760882006081 ], [ -91.54420277790075, 41.54755101245793 ], [ -91.544246284838522, 41.547341455649601 ], [ -91.544322524339535, 41.547003051033016 ], [ -91.54440595746739, 41.546665605551304 ], [ -91.544496562773332, 41.546329205503866 ], [ -91.544606195447827, 41.545954874324828 ], [ -91.544724708475485, 41.545582073614163 ], [ -91.54485206390784, 41.545210922267501 ], [ -91.544988220978411, 41.544841538652598 ], [ -91.545067588911351, 41.543638640978706 ], [ -91.54336668934873, 41.543629372657293 ], [ -91.542900436273527, 41.54362682965963 ], [ -91.542195554483129, 41.546015784684904 ], [ -91.541836653602928, 41.547264088299933 ], [ -91.541836498696341, 41.547264656683041 ], [ -91.541635718651264, 41.547264522247197 ], [ -91.541617230943899, 41.549650951027552 ], [ -91.541425585270915, 41.549650897879133 ], [ -91.540663090547341, 41.549652852466991 ], [ -91.540662348085618, 41.54936644247379 ], [ -91.540661560040903, 41.5490800334874 ], [ -91.54066009671962, 41.548507213750938 ], [ -91.540658631201765, 41.547934228167961 ], [ -91.540657888752165, 41.547647818936937 ], [ -91.540657145137757, 41.547361408762477 ], [ -91.536816953057311, 41.547365654497426 ], [ -91.536825714987145, 41.547956908683631 ], [ -91.536823803766836, 41.547956915007205 ], [ -91.536458475061522, 41.547958131803604 ], [ -91.536450824344683, 41.54727644455712 ], [ -91.536410142691565, 41.543651706802549 ], [ -91.534258714268205, 41.543677404771962 ], [ -91.534219457146378, 41.546664773474141 ], [ -91.532501725498307, 41.546669857592356 ], [ -91.532504222989459, 41.547268261035846 ], [ -91.532510713481287, 41.548260914097867 ], [ -91.534225940971226, 41.54825983953112 ], [ -91.534259024154267, 41.550970407980159 ], [ -91.531451340204612, 41.550993240699476 ], [ -91.530971725703836, 41.550995734412901 ], [ -91.526552684288845, 41.551018614681048 ], [ -91.526548914839694, 41.551483291194629 ], [ -91.52237139833376, 41.551521003567657 ], [ -91.522267550889381, 41.551521939085859 ], [ -91.522081901970822, 41.551395326639899 ], [ -91.52190248347425, 41.551311994229849 ], [ -91.521826255589218, 41.551254287734317 ], [ -91.520912384339823, 41.550629071109597 ], [ -91.52083176531994, 41.550525730941111 ], [ -91.520716381501515, 41.550330682412522 ], [ -91.520650531903428, 41.550025840546105 ], [ -91.520715822886572, 41.549586569170955 ], [ -91.520990899483195, 41.549181252917194 ], [ -91.521051786430405, 41.549082466643732 ], [ -91.521099060255239, 41.548946016212369 ], [ -91.521109787248946, 41.54884325644381 ], [ -91.521092958351048, 41.548728587616743 ], [ -91.521085698262027, 41.548633145254001 ], [ -91.521102070804147, 41.548595298290124 ], [ -91.521082479491255, 41.548404327788191 ], [ -91.521127736629964, 41.548250685676862 ], [ -91.521549018675984, 41.547746980603989 ], [ -91.521590416945898, 41.547341169800049 ], [ -91.521328663905933, 41.546814451166767 ], [ -91.520938901896074, 41.54635104387345 ], [ -91.52085118118903, 41.546238564016036 ], [ -91.520661194343958, 41.546143811374833 ], [ -91.520393102826958, 41.546030564985792 ], [ -91.520132271793713, 41.546012761387935 ], [ -91.519912823493087, 41.546052854667927 ], [ -91.519620683897202, 41.546146989192934 ], [ -91.519474614368818, 41.546194056638086 ], [ -91.518896040448681, 41.546327261566027 ], [ -91.518283459238859, 41.546494698573035 ], [ -91.517804081006062, 41.546697870686437 ], [ -91.517146556635311, 41.547149332114813 ], [ -91.516968766917003, 41.547321672770217 ], [ -91.516821237462096, 41.547500250513416 ], [ -91.516713180919183, 41.54767874134199 ], [ -91.516567782179237, 41.547991562443599 ], [ -91.516408707128051, 41.548299573817594 ], [ -91.516171687978726, 41.548667253592164 ], [ -91.515897971342397, 41.548822697660661 ], [ -91.5156195380318, 41.548882742757201 ], [ -91.515408749554908, 41.54872090290759 ], [ -91.514563737954987, 41.548987744692027 ], [ -91.514484911777203, 41.548068530851204 ], [ -91.515029635682367, 41.54692831521146 ], [ -91.515299767971712, 41.545925617108971 ], [ -91.515437900563654, 41.544422330706659 ], [ -91.516190836175696, 41.543454992246637 ], [ -91.517136907429602, 41.542767206190312 ], [ -91.517768897518323, 41.542473648763774 ], [ -91.519694489872776, 41.541349528561561 ], [ -91.520552443461, 41.539759548243801 ], [ -91.520555642750352, 41.53975361817696 ], [ -91.521354607756976, 41.539486985798327 ], [ -91.522440511006849, 41.539567293388515 ], [ -91.523260561172108, 41.539728860539952 ], [ -91.526238782259313, 41.539466457608064 ], [ -91.528132634785308, 41.538829078224857 ], [ -91.529382588172822, 41.539006067698239 ], [ -91.530383357392495, 41.539215851541798 ], [ -91.530456558085504, 41.539231196349853 ], [ -91.531058560537147, 41.538950166269544 ], [ -91.531575389473559, 41.538593186799197 ], [ -91.532268642369331, 41.537758807022662 ], [ -91.532359885245512, 41.537092012750897 ], [ -91.531933836818183, 41.536273844452253 ], [ -91.530620363449799, 41.535387114907699 ], [ -91.528409602087137, 41.53509900683089 ], [ -91.527614011576873, 41.534717993100777 ], [ -91.526771872334351, 41.533760951104249 ], [ -91.526301280411474, 41.532883272408718 ], [ -91.526274918249072, 41.531571761247569 ], [ -91.526942170238385, 41.530661330764516 ], [ -91.528072723452368, 41.529947379696431 ], [ -91.530201330368214, 41.529538658714579 ], [ -91.53318617676328, 41.529630671508599 ], [ -91.533974728621942, 41.52910044579928 ], [ -91.534431156106294, 41.528271432300528 ], [ -91.534509783381154, 41.527676226411678 ], [ -91.533921304681414, 41.526274729022759 ], [ -91.533311031534808, 41.525482814966665 ], [ -91.531989498771722, 41.524779462447597 ], [ -91.531234686972653, 41.524832254700016 ], [ -91.530621257508315, 41.525264809939564 ], [ -91.530178476911416, 41.526192477564173 ], [ -91.52995476543785, 41.5266531815682 ], [ -91.529454554546518, 41.52691729739427 ], [ -91.528902026694368, 41.527028236801591 ], [ -91.527791018966383, 41.526808107461598 ], [ -91.527167815525587, 41.526116593865645 ], [ -91.526921034993848, 41.524908155403622 ], [ -91.526565652909767, 41.524367180990915 ], [ -91.525730030531349, 41.523920494992431 ], [ -91.525580537385039, 41.523840581502796 ], [ -91.524209147553549, 41.523567016544455 ], [ -91.523164555384952, 41.523305837465294 ], [ -91.522237132383623, 41.522460258477608 ], [ -91.522095633788865, 41.521565790418244 ], [ -91.523198771004303, 41.519830591816799 ], [ -91.523429863086065, 41.519046998045049 ], [ -91.523268216825443, 41.518050398272891 ], [ -91.521534649906883, 41.517674932566479 ], [ -91.519231385963863, 41.517402480130428 ], [ -91.518507756733243, 41.51669838238093 ], [ -91.518669772185191, 41.51606457709827 ], [ -91.52014127180756, 41.515545292930042 ], [ -91.522343667163241, 41.515623965172225 ], [ -91.523416975121648, 41.515863796760414 ], [ -91.525302247485854, 41.516964318629469 ], [ -91.526325474476209, 41.5170255328213 ], [ -91.527053495691462, 41.516885661505306 ], [ -91.527999367486885, 41.516647469845488 ], [ -91.528704980690961, 41.516413385268955 ], [ -91.529054570543522, 41.516105841447889 ], [ -91.529207979983852, 41.515659021646826 ], [ -91.529166536822387, 41.515223527273122 ], [ -91.528891031173529, 41.514587162691818 ], [ -91.528295437655274, 41.513707439565508 ], [ -91.527009893537553, 41.512906192954112 ], [ -91.525198552045538, 41.512530748948272 ], [ -91.52307244698207, 41.512436943515851 ], [ -91.52176169732526, 41.512668310423116 ], [ -91.520588174892325, 41.512681686829126 ], [ -91.51964262725464, 41.512189703263068 ], [ -91.519444330671519, 41.511530023119022 ], [ -91.519448094321561, 41.511075825312496 ], [ -91.520303593108792, 41.511084577339432 ], [ -91.521773695763855, 41.511099602943723 ], [ -91.526573279663765, 41.511108139171128 ], [ -91.531372863581481, 41.511116477215552 ], [ -91.535149500781486, 41.511096955867856 ], [ -91.535515986066954, 41.511095054610244 ], [ -91.535625714009555, 41.511094485446129 ], [ -91.535849823291272, 41.511093322209511 ], [ -91.536184469420718, 41.511091584559672 ], [ -91.540996071581333, 41.51106649183771 ], [ -91.541690474304616, 41.511065061608583 ], [ -91.545129030154328, 41.511057917760951 ], [ -91.545571833028788, 41.511057129685319 ], [ -91.545838447219481, 41.511056430759965 ], [ -91.550667374162956, 41.51104619723052 ], [ -91.551758730999239, 41.511032879512051 ], [ -91.555482308360595, 41.510986894280585 ], [ -91.560283749490296, 41.510927422556499 ], [ -91.560646690127669, 41.510923862045672 ], [ -91.560889972160524, 41.51092147385851 ], [ -91.565072316442823, 41.510880352597958 ], [ -91.569860875285727, 41.510833084460494 ], [ -91.574698853480768, 41.510788401133595 ], [ -91.579536825098685, 41.510743513736905 ], [ -91.580401845815672, 41.510735867952263 ], [ -91.584404829519556, 41.510700400143904 ], [ -91.590136152026616, 41.510659112526021 ], [ -91.594209613665015, 41.510668606097475 ], [ -91.595878199536884, 41.510663156344883 ], [ -91.599040961337636, 41.510652759479363 ], [ -91.599041393938137, 41.51065275757891 ], [ -91.598992801187705, 41.514301525583058 ], [ -91.59898365806886, 41.515453318440237 ], [ -91.598983463351402, 41.515477978116586 ], [ -91.598964050547508, 41.517923640286206 ], [ -91.598969349958011, 41.52092706224277 ], [ -91.598970476475202, 41.521565530635861 ], [ -91.598976711018295, 41.525097995970604 ], [ -91.598976713877121, 41.52509966938527 ], [ -91.598976856912685, 41.525181276778717 ], [ -91.598976903171931, 41.52520741557727 ], [ -91.598966783242346, 41.52883732690298 ], [ -91.598956660989785, 41.532467234593213 ], [ -91.598808816096621, 41.53611138917676 ], [ -91.598762668405953, 41.537352738195906 ], [ -91.59867739451515, 41.539646434367647 ], [ -91.59867350941866, 41.539750949330383 ], [ -91.598673586702603, 41.539814741860916 ], [ -91.598674967296759, 41.540958508423891 ], [ -91.598677952233288, 41.543428762728418 ], [ -91.598677096102747, 41.543965713256036 ], [ -91.598680889042186, 41.547105938798289 ], [ -91.598600187279118, 41.550747178187166 ], [ -91.598533432681549, 41.554388415986814 ], [ -91.598509326904178, 41.55695953247286 ], [ -91.598507578189341, 41.55714581964093 ], [ -91.598500222148289, 41.557930270762135 ], [ -91.598467909282903, 41.561370396490702 ], [ -91.598467059097189, 41.561460934415443 ], [ -91.598432168471106, 41.565104975697324 ], [ -91.598397273949345, 41.56874901317569 ], [ -91.598316172820034, 41.572350339398618 ], [ -91.598231485094857, 41.576000956835351 ], [ -91.598147780256326, 41.579608807440863 ], [ -91.598076676077909, 41.583222853003228 ], [ -91.598021210223436, 41.586867862471124 ], [ -91.597966200486809, 41.590482626760192 ], [ -91.597889266837512, 41.594105298604561 ], [ -91.59786489225533, 41.596349216942166 ], [ -91.597834891543243, 41.599110923632942 ], [ -91.59477786030692, 41.599090989694282 ], [ -91.594323542286688, 41.599088020440043 ], [ -91.589935884167858, 41.599059251654779 ], [ -91.589400606842261, 41.599055730141295 ], [ -91.585110046293678, 41.599010798595764 ], [ -91.58452787457405, 41.599006244570781 ], [ -91.580071407935776, 41.598971293224487 ], [ -91.579762613187896, 41.598968799172511 ], [ -91.577388140365599, 41.598949592986941 ], [ -91.577084692135713, 41.598947134571219 ], [ -91.575533842907859, 41.598934559720817 ], [ -91.575109604792061, 41.598931115842575 ], [ -91.574864618070123, 41.598929127374994 ], [ -91.570556175627416, 41.598894058906829 ], [ -91.570076487518577, 41.598890145230698 ], [ -91.565745753452333, 41.598854716596556 ], [ -91.565289962868803, 41.598850978455211 ], [ -91.560879164665721, 41.598814710145582 ], [ -91.560600771477382, 41.598813002472937 ], [ -91.560480129878442, 41.59881175061652 ], [ -91.556026057855732, 41.598784825834215 ], [ -91.555634102700964, 41.598782403378159 ], [ -91.554382059427127, 41.59877465599083 ], [ -91.553559133714373, 41.598769556663918 ], [ -91.553154900885716, 41.598767049275786 ], [ -91.552347911987809, 41.598762040678849 ], [ -91.55118448363622, 41.598754809671306 ], [ -91.550813495388226, 41.598752501067025 ], [ -91.548511975007713, 41.598756258222778 ], [ -91.547492345328095, 41.598747473334278 ], [ -91.54647737290982, 41.5987254323963 ], [ -91.546391456718979, 41.598724894476369 ], [ -91.545933306240087, 41.598722024760214 ], [ -91.541794107152512, 41.598696014630512 ], [ -91.541285459861271, 41.598692019203916 ], [ -91.541053154668504, 41.598690003364837 ], [ -91.540632105668877, 41.598686348426774 ], [ -91.539040045458023, 41.598672516968549 ], [ -91.538671518330034, 41.598669311404265 ], [ -91.536776817341078, 41.598652815300142 ], [ -91.535980139675175, 41.598645868886955 ], [ -91.535437409658854, 41.598641135007732 ], [ -91.53435595627866, 41.598631692460991 ], [ -91.531935097985439, 41.598610519069155 ], [ -91.530885860722009, 41.598601326493764 ], [ -91.527364866223621, 41.598570409783278 ], [ -91.527124622395377, 41.598568295708844 ], [ -91.526816439876129, 41.59856558356649 ] ] ], [ [ [ -91.527064225604093, 41.554207298694081 ], [ -91.527149868691083, 41.554097949735997 ], [ -91.527629601645344, 41.554487548568524 ], [ -91.52776539404779, 41.554534587859415 ], [ -91.527956886292344, 41.554708978972172 ], [ -91.52800592093007, 41.554790492107891 ], [ -91.528172302501687, 41.555026721615469 ], [ -91.528284071943602, 41.555237172455925 ], [ -91.528353288017186, 41.555521807282489 ], [ -91.52849470103564, 41.555734615175574 ], [ -91.528584859821265, 41.555840106870427 ], [ -91.528740750312096, 41.555960892523068 ], [ -91.528998103011702, 41.556070473560929 ], [ -91.529333583660232, 41.556621785432384 ], [ -91.529467393768755, 41.557141221784505 ], [ -91.529524424088578, 41.557427989945282 ], [ -91.529510078471333, 41.557528116267896 ], [ -91.529631306484561, 41.558036218014259 ], [ -91.5296104057702, 41.558106523546947 ], [ -91.529636884321476, 41.558191017736348 ], [ -91.529674385379593, 41.558294258840114 ], [ -91.529615690436827, 41.558295527107127 ], [ -91.529532170751509, 41.558231015658109 ], [ -91.529511610599172, 41.557913845746029 ], [ -91.52923596338799, 41.556651099747263 ], [ -91.529101957610891, 41.556381930171192 ], [ -91.528881762086129, 41.556109386745547 ], [ -91.528431998416863, 41.555790996553469 ], [ -91.528265601363046, 41.555586089578846 ], [ -91.528195305685074, 41.5553084720881 ], [ -91.528043894078081, 41.555027566615053 ], [ -91.527788075579778, 41.554674347656743 ], [ -91.52756929605421, 41.554543977523899 ], [ -91.527064225604093, 41.554207298694081 ] ] ] ] } },
{ "type": "Feature", "properties": { "OBJECTID": 19, "NAME": "Cedar Twp", "Shape_Area": 1002153626.8621171 }, "geometry": { "type": "MultiPolygon", "coordinates": [ [ [ [ -91.366083800845615, 41.845474589185926 ], [ -91.36611034656508, 41.841805302095338 ], [ -91.366078757465488, 41.838314453785081 ], [ -91.366077936614289, 41.838223867935262 ], [ -91.36607711817247, 41.838133282126613 ], [ -91.366045614069819, 41.834651470649376 ], [ -91.36602084080954, 41.831913479222393 ], [ -91.366013778542182, 41.831132811900538 ], [ -91.36599790875799, 41.827523593984665 ], [ -91.365997774490381, 41.8274931174534 ], [ -91.365982756797621, 41.824077315277933 ], [ -91.365982040735233, 41.823914371305889 ], [ -91.365965865344805, 41.820234934550818 ], [ -91.365955576917571, 41.817894419648589 ], [ -91.365949690581274, 41.816555492853965 ], [ -91.36593382150852, 41.812876031117931 ], [ -91.365918990858432, 41.809437063491593 ], [ -91.36591795302806, 41.809196564470575 ], [ -91.365899865886433, 41.805439984718817 ], [ -91.365890252628176, 41.803442962887374 ], [ -91.365889203889978, 41.80322507618596 ], [ -91.365882669004364, 41.801793672521434 ], [ -91.365882621219583, 41.801783386843191 ], [ -91.365889136126384, 41.798183127711049 ], [ -91.365877671271051, 41.794599013809837 ], [ -91.365902248743396, 41.791046130795458 ], [ -91.365902163888293, 41.790982078638244 ], [ -91.36590307120531, 41.79086498410949 ], [ -91.36590874378976, 41.787345043502647 ], [ -91.365902596551322, 41.783704310729384 ], [ -91.365896451204151, 41.780063573309128 ], [ -91.365985862586243, 41.776457644048477 ], [ -91.366075261666069, 41.772851710096852 ], [ -91.370783396855913, 41.772842531626203 ], [ -91.370826593989804, 41.772842447050692 ], [ -91.375349326508811, 41.772833449067996 ], [ -91.37559222933433, 41.772832961305035 ], [ -91.375620207684378, 41.772832904652027 ], [ -91.380517013967903, 41.772822952439057 ], [ -91.380528522201445, 41.77282292914191 ], [ -91.385414936471761, 41.772812791690725 ], [ -91.38542426613364, 41.772812798501 ], [ -91.390211762997566, 41.772816597628015 ], [ -91.394996004953342, 41.772820197255221 ], [ -91.395044517881047, 41.772820232418802 ], [ -91.395238130435303, 41.772820373920069 ], [ -91.399845218093574, 41.7728236432975 ], [ -91.400058572656988, 41.772823791430532 ], [ -91.401129878762589, 41.772824523465204 ], [ -91.401592497769656, 41.772824836444464 ], [ -91.404634569210799, 41.772826849260269 ], [ -91.404840333778495, 41.772826983202144 ], [ -91.409507115990536, 41.77278515527815 ], [ -91.409723310079812, 41.772783213159585 ], [ -91.412597660173986, 41.772757352156994 ], [ -91.414281506546246, 41.772742168502404 ], [ -91.414727108862877, 41.772738146661311 ], [ -91.415467036615539, 41.772735261035791 ], [ -91.415635346421908, 41.772734604730594 ], [ -91.419132837458946, 41.772720896442131 ], [ -91.4195364653513, 41.772719308630563 ], [ -91.424009019310446, 41.772701609514151 ], [ -91.424258414964925, 41.772700618216554 ], [ -91.424355267932469, 41.772700233221123 ], [ -91.428864938858979, 41.772691565107579 ], [ -91.429197988867145, 41.772690919824612 ], [ -91.43369907168848, 41.772682081242941 ], [ -91.434040773417081, 41.772681403049894 ], [ -91.437987653198476, 41.772664030989034 ], [ -91.438536569374392, 41.772661603894477 ], [ -91.438887761470326, 41.772660050480425 ], [ -91.443374075454628, 41.772640105811462 ], [ -91.443858617341505, 41.772637942273001 ], [ -91.448010675006685, 41.77265619756642 ], [ -91.44842325424591, 41.772658004213568 ], [ -91.451900774796272, 41.772670511463311 ], [ -91.452318243210797, 41.772672005921613 ], [ -91.453059276572844, 41.772674655184794 ], [ -91.453166261847159, 41.772675037104193 ], [ -91.453409165015586, 41.772675904183188 ], [ -91.45344697880104, 41.772676038984358 ], [ -91.457906800531475, 41.772699517649073 ], [ -91.458226579189187, 41.772700483135182 ], [ -91.462709463184083, 41.77271966630645 ], [ -91.462749469088266, 41.772719832919584 ], [ -91.46311270738218, 41.772721348938276 ], [ -91.467708141096409, 41.772764612746883 ], [ -91.467794453981867, 41.77276542377993 ], [ -91.470186210481288, 41.772787867012703 ], [ -91.472642816703555, 41.77281118737011 ], [ -91.47266413728137, 41.772811531516332 ], [ -91.476887172755823, 41.772879521648846 ], [ -91.4771718263396, 41.772884098348172 ], [ -91.477474077736517, 41.772888960005325 ], [ -91.477606806640395, 41.772891092347997 ], [ -91.482553374085313, 41.772936123598974 ], [ -91.48264343433766, 41.772937212915771 ], [ -91.482601266631079, 41.776553464367538 ], [ -91.482572904543716, 41.778917477657586 ], [ -91.48257163244142, 41.77902345901613 ], [ -91.482558626103184, 41.780107646973342 ], [ -91.482556452048314, 41.780288761333814 ], [ -91.48251402028832, 41.783825023284045 ], [ -91.482471456594467, 41.787371986431864 ], [ -91.482470451539584, 41.787455718896211 ], [ -91.482469756159034, 41.787553100452485 ], [ -91.482444504815376, 41.791088282864898 ], [ -91.482441487229352, 41.791293554198568 ], [ -91.482432142642878, 41.791828961594952 ], [ -91.482416631840039, 41.792123912159134 ], [ -91.482408490602921, 41.792633888276711 ], [ -91.482399561509382, 41.793193256994478 ], [ -91.48239496079303, 41.793481406590644 ], [ -91.4823910185426, 41.79372836815601 ], [ -91.482387076262214, 41.793975329699542 ], [ -91.482383132749163, 41.794222291200249 ], [ -91.482379410000689, 41.794455533577754 ], [ -91.482375685213285, 41.79468880201744 ], [ -91.482375116230926, 41.79472450166508 ], [ -91.482372174689161, 41.794921990404752 ], [ -91.482367468016761, 41.795237884640372 ], [ -91.482365016573453, 41.795402527152255 ], [ -91.482360726756085, 41.795690459481648 ], [ -91.482357048920051, 41.795937423645306 ], [ -91.482353369881153, 41.796184386866081 ], [ -91.482349771886803, 41.796425863383135 ], [ -91.482346175096481, 41.796667339 ], [ -91.482341996068769, 41.79694788933157 ], [ -91.482339544496725, 41.7971125317423 ], [ -91.482335380026996, 41.79739206733781 ], [ -91.482331713074686, 41.797638208419684 ], [ -91.482327785234034, 41.797901882692578 ], [ -91.482323756843556, 41.798172252749588 ], [ -91.482320902864373, 41.798363841321965 ], [ -91.482319554739192, 41.798454394743182 ], [ -91.48231508777026, 41.798754236452538 ], [ -91.482311577590622, 41.798983362933875 ], [ -91.482305643870873, 41.799370710186416 ], [ -91.48230186096626, 41.799617672206203 ], [ -91.482298078004959, 41.7998646351041 ], [ -91.482294293812132, 41.80011159795913 ], [ -91.482290512024306, 41.800358559933841 ], [ -91.482287290685591, 41.800568780204067 ], [ -91.482286727774081, 41.80060552274486 ], [ -91.482282992212589, 41.800849439747338 ], [ -91.482279212472335, 41.80109610000202 ], [ -91.482275432041547, 41.80134289801061 ], [ -91.48227164804247, 41.801589887757387 ], [ -91.482266998882181, 41.801893377787067 ], [ -91.48226518807563, 41.802007655805873 ], [ -91.480107559076302, 41.801989610686213 ], [ -91.480106303291677, 41.802099380203977 ], [ -91.480103078536985, 41.802385041174837 ], [ -91.480418403835941, 41.802988256143898 ], [ -91.480093917085171, 41.803083218950377 ], [ -91.480753466243684, 41.804002386673666 ], [ -91.481694960483338, 41.804008327908505 ], [ -91.481698668872511, 41.803679034819908 ], [ -91.482217635065837, 41.803682305719747 ], [ -91.482162118845196, 41.80563722408337 ], [ -91.482058910055713, 41.809271304338893 ], [ -91.482044989350001, 41.812066386304501 ], [ -91.482044087905564, 41.812247294681818 ], [ -91.482040906987876, 41.812885866058245 ], [ -91.482040022949818, 41.812953752587106 ], [ -91.481993734114525, 41.816510460518806 ], [ -91.481911956607092, 41.820212458279869 ], [ -91.481833265071188, 41.823774459834574 ], [ -91.481792391076596, 41.827398902742395 ], [ -91.481754749700357, 41.831052541883473 ], [ -91.481693908985619, 41.83466252586495 ], [ -91.48163443113954, 41.838279980902193 ], [ -91.481635015055488, 41.841869101117062 ], [ -91.481635592584567, 41.845409267592672 ], [ -91.481635608688819, 41.845508226443869 ], [ -91.481635229840492, 41.845590421779058 ], [ -91.481624063025677, 41.847327418271739 ], [ -91.48161775437876, 41.849149885035175 ], [ -91.48161236542164, 41.850074625771988 ], [ -91.481596683091382, 41.852766013407617 ], [ -91.481587039942767, 41.854169438714798 ], [ -91.481584762779391, 41.85442539870197 ], [ -91.481572000654509, 41.856357108224174 ], [ -91.481545617744388, 41.859681217241956 ], [ -91.478181286901929, 41.859671757515891 ], [ -91.473312437639819, 41.859657893829223 ], [ -91.468496036454766, 41.859645253077176 ], [ -91.463679638358485, 41.859632412982357 ], [ -91.458703438919642, 41.859623291660803 ], [ -91.453727240862264, 41.859613958425548 ], [ -91.448910059567652, 41.85961011107117 ], [ -91.444092876447769, 41.859606064242506 ], [ -91.439187473022827, 41.859595267583934 ], [ -91.434282071239963, 41.859584264124607 ], [ -91.429422938268075, 41.859579578097005 ], [ -91.424564020433891, 41.859574689373332 ], [ -91.424563949369997, 41.85957468900579 ], [ -91.424563914425718, 41.859574689282859 ], [ -91.424563806009573, 41.859574689149333 ], [ -91.419730062061873, 41.859661853134 ], [ -91.414855110390818, 41.859749555591613 ], [ -91.413029328062692, 41.859751391276177 ], [ -91.410349115699191, 41.859754033733857 ], [ -91.41001623305884, 41.859754358374381 ], [ -91.40605092570712, 41.859758142341789 ], [ -91.405180581320622, 41.859758954990347 ], [ -91.404837257787904, 41.859761316479528 ], [ -91.400204967550764, 41.859793076911444 ], [ -91.398864174175458, 41.859799253823894 ], [ -91.396988783840499, 41.859807866672988 ], [ -91.395359404499089, 41.859815325733258 ], [ -91.390514003154763, 41.859877986098027 ], [ -91.385886147103292, 41.859950240366622 ], [ -91.385702636189919, 41.859953101463084 ], [ -91.380822591718456, 41.859984857693625 ], [ -91.37594247900654, 41.860022444629443 ], [ -91.371094757669724, 41.860045031736263 ], [ -91.366201201015173, 41.860073740135611 ], [ -91.366200575139089, 41.859983183820965 ], [ -91.36619551415184, 41.859250507236474 ], [ -91.366176037501958, 41.85643015439161 ], [ -91.366158116625058, 41.852779872826694 ], [ -91.366120956238618, 41.849127227630177 ], [ -91.366083800845615, 41.845474589185926 ] ] ] ] } },
{ "type": "Feature", "properties": { "OBJECTID": 20, "NAME": "Clear Creek Twp", "Shape_Area": 358360322.22264689 }, "geometry": { "type": "MultiPolygon", "coordinates": [ [ [ [ -91.646881380709516, 41.730627118369 ], [ -91.646900362937203, 41.727004784107557 ], [ -91.64696607562496, 41.723400146303433 ], [ -91.647087030595074, 41.723401336609314 ], [ -91.651837340167546, 41.723444011590651 ], [ -91.651797612557985, 41.727087124882836 ], [ -91.656686374089745, 41.727113045319904 ], [ -91.661554186599247, 41.727195869461397 ], [ -91.661568636111099, 41.723541866564148 ], [ -91.666351266305796, 41.723620393403174 ], [ -91.666581338329664, 41.723622267353214 ], [ -91.669624173064221, 41.72364822676689 ], [ -91.671027038227066, 41.7236601680547 ], [ -91.671268851901331, 41.723662224896287 ], [ -91.671298347634348, 41.723662475179779 ], [ -91.671320048557391, 41.720023831983404 ], [ -91.67078626908291, 41.720018381623355 ], [ -91.670463448135209, 41.720015083858158 ], [ -91.666626468991367, 41.719975818524674 ], [ -91.66659358164101, 41.719975481944822 ], [ -91.666443228538, 41.719973941201246 ], [ -91.666449574233852, 41.718022958735254 ], [ -91.666449823829865, 41.717963297756874 ], [ -91.666450290344017, 41.717851331069426 ], [ -91.666450748068726, 41.717741257220091 ], [ -91.66645120957169, 41.717630579149386 ], [ -91.666451673528044, 41.717519215785778 ], [ -91.666452578073887, 41.717300138654942 ], [ -91.666453407734764, 41.717102988111186 ], [ -91.666456495027546, 41.716351824832124 ], [ -91.667019486991052, 41.716357101228247 ], [ -91.667329241801028, 41.716360004436766 ], [ -91.667332774626161, 41.716360036797482 ], [ -91.66737914086913, 41.716360471620561 ], [ -91.671335915458513, 41.716397510347385 ], [ -91.673522191994323, 41.716417305548376 ], [ -91.676214040875649, 41.716441621293306 ], [ -91.678647063272606, 41.716449859809487 ], [ -91.679774763345208, 41.716453678665012 ], [ -91.681080115389349, 41.716458081113068 ], [ -91.681087894861093, 41.714162389281327 ], [ -91.681090348665379, 41.713438332413801 ], [ -91.681090985214496, 41.713250128008809 ], [ -91.681091843497526, 41.712996966050575 ], [ -91.681092449841884, 41.712818240443184 ], [ -91.681092680865916, 41.712749978886087 ], [ -91.68109353985237, 41.712502992040193 ], [ -91.681094374805369, 41.712256004797723 ], [ -91.681095209751973, 41.712009017534989 ], [ -91.681096045918707, 41.711762029370782 ], [ -91.681097016086866, 41.711475360077024 ], [ -91.681096734782585, 41.711341269374351 ], [ -91.681098149304503, 41.711140389929305 ], [ -91.681098511621983, 41.711033362146637 ], [ -91.681098908351885, 41.710916015371858 ], [ -91.681099296647474, 41.710801468304517 ], [ -91.681099687969379, 41.710685520907944 ], [ -91.681100080466095, 41.71056957442584 ], [ -91.681100475188657, 41.710453160583093 ], [ -91.681100865505513, 41.710337679648077 ], [ -91.681101259304981, 41.71022121264884 ], [ -91.681101649287811, 41.710105786634024 ], [ -91.681102040470606, 41.709990360633654 ], [ -91.68110238230166, 41.709869511576436 ], [ -91.681119815752609, 41.70986943444899 ], [ -91.6811245299142, 41.709177879023805 ], [ -91.681121529854494, 41.708977178812894 ], [ -91.685670006448603, 41.709384312137544 ], [ -91.685891075803099, 41.709593583400917 ], [ -91.685923364004907, 41.709624148744332 ], [ -91.685928711846202, 41.712834911888862 ], [ -91.686086291281114, 41.712835829120294 ], [ -91.688375587054125, 41.712849126679792 ], [ -91.690804039059941, 41.712863183744538 ], [ -91.690815122925201, 41.711017603920851 ], [ -91.690816970765624, 41.710709769435695 ], [ -91.688061300256621, 41.709765137412084 ], [ -91.688099389934379, 41.709702748654713 ], [ -91.687892905723132, 41.709631963382435 ], [ -91.687771539619931, 41.709665813563618 ], [ -91.687414923403907, 41.709543559551825 ], [ -91.687237735753911, 41.709486718001209 ], [ -91.687057035916737, 41.709436467144158 ], [ -91.686873260172774, 41.709392928304119 ], [ -91.686686852225847, 41.709356206599161 ], [ -91.686498262132361, 41.709326390688162 ], [ -91.686307945215077, 41.709303552557024 ], [ -91.686135506475509, 41.709405240979237 ], [ -91.686006214026818, 41.709481485413967 ], [ -91.685922995968298, 41.70940270870905 ], [ -91.685766702151568, 41.709254754210463 ], [ -91.681122592751109, 41.70883906104077 ], [ -91.681123130230347, 41.708825142279338 ], [ -91.681106033927819, 41.708441785371839 ], [ -91.685551153016888, 41.708817474968818 ], [ -91.685917949941953, 41.708785623437635 ], [ -91.685922106807695, 41.705572336191537 ], [ -91.685925416779668, 41.703008908753155 ], [ -91.681138478018937, 41.703154608179915 ], [ -91.677342004671601, 41.703247502195048 ], [ -91.676345590695377, 41.703271861783691 ], [ -91.670572542814028, 41.703409923041789 ], [ -91.669314258311644, 41.703439249377617 ], [ -91.669011635977171, 41.703447336498179 ], [ -91.669013900679943, 41.703171613625656 ], [ -91.669030637921168, 41.701806415382592 ], [ -91.66901853381853, 41.70041446947554 ], [ -91.669000531728315, 41.698343728358388 ], [ -91.668999744311961, 41.698253139596254 ], [ -91.668998990995647, 41.69816839514975 ], [ -91.67141497472376, 41.698183982352141 ], [ -91.671364380820606, 41.694522848667702 ], [ -91.672423483681058, 41.69449191662946 ], [ -91.676211544700053, 41.694600662018935 ], [ -91.676209807020015, 41.693824890936568 ], [ -91.673923933937019, 41.693763396194527 ], [ -91.671360102566652, 41.693553539666311 ], [ -91.671348440664801, 41.690910931479301 ], [ -91.671345083837593, 41.690107229792197 ], [ -91.671344396999544, 41.689942569728977 ], [ -91.671342418870339, 41.689469167890685 ], [ -91.671342369404144, 41.689457182335985 ], [ -91.671338053866876, 41.688423863167124 ], [ -91.671333837353799, 41.687413788018183 ], [ -91.67133363761458, 41.687367155165951 ], [ -91.671333263818127, 41.687276571761174 ], [ -91.671318413791298, 41.687276506130218 ], [ -91.666466385754816, 41.687254924836182 ], [ -91.663946479818719, 41.68723924390023 ], [ -91.663946475845165, 41.687239299672832 ], [ -91.663941330160085, 41.687329780606341 ], [ -91.663906973957253, 41.687924882004914 ], [ -91.663907615256477, 41.688225632483423 ], [ -91.663513851643899, 41.688211090504808 ], [ -91.663322642234974, 41.68820359270056 ], [ -91.663015634646428, 41.688191552460751 ], [ -91.661658700434813, 41.688140818850371 ], [ -91.661623184199598, 41.690847172359497 ], [ -91.66163706109721, 41.690847265228335 ], [ -91.662649812390669, 41.692751857379349 ], [ -91.662732115559933, 41.692906505062055 ], [ -91.662011072875927, 41.693032857676897 ], [ -91.6608971919607, 41.693403897456129 ], [ -91.660034741949971, 41.693460498073399 ], [ -91.659285909932407, 41.693509636748971 ], [ -91.656802815425706, 41.69358788098625 ], [ -91.656784781160965, 41.693588449173973 ], [ -91.656358053778916, 41.693574269375532 ], [ -91.654896233740843, 41.693647255939382 ], [ -91.652884160920351, 41.693709861944882 ], [ -91.651931179842066, 41.693685869598518 ], [ -91.651930861997414, 41.693563366932807 ], [ -91.651923608318938, 41.690766784921429 ], [ -91.651922122315639, 41.690193906823986 ], [ -91.651914382742177, 41.687145621631551 ], [ -91.647085521875653, 41.687094036437742 ], [ -91.642886598138773, 41.687049292086527 ], [ -91.642257906375562, 41.687042579018467 ], [ -91.642250292910617, 41.687042497646971 ], [ -91.637541878434178, 41.686992117450146 ], [ -91.637430298517046, 41.686990920763066 ], [ -91.637314214327347, 41.686991033145077 ], [ -91.63486691537652, 41.68699336713663 ], [ -91.634166882762969, 41.686994026115443 ], [ -91.633341120716324, 41.686994797124612 ], [ -91.633162789344411, 41.686994963007734 ], [ -91.632556221195983, 41.686995524676107 ], [ -91.628729608543154, 41.686999519535782 ], [ -91.627682143202236, 41.686999923860789 ], [ -91.627691741029508, 41.688952640495103 ], [ -91.627699763773578, 41.690584683321497 ], [ -91.627703212332605, 41.691286377345079 ], [ -91.624609888552399, 41.690862687320994 ], [ -91.622795266426024, 41.690632992557362 ], [ -91.622009194455245, 41.690545826706 ], [ -91.621381572582806, 41.690483143696582 ], [ -91.620570309439174, 41.690394833424676 ], [ -91.619727842459326, 41.690304014330891 ], [ -91.619674138257793, 41.690298316977959 ], [ -91.619620208637343, 41.690293978524217 ], [ -91.619566115964702, 41.690291002681839 ], [ -91.619511917750856, 41.69028939488549 ], [ -91.619457680069232, 41.690289155305329 ], [ -91.619403461735573, 41.69029028579525 ], [ -91.619349324097342, 41.690292783747196 ], [ -91.619295330903938, 41.690296646592301 ], [ -91.61924154112711, 41.690301870783749 ], [ -91.619188015017343, 41.690308450093866 ], [ -91.619134817707021, 41.690316375672332 ], [ -91.619082004669025, 41.690325640313667 ], [ -91.619029638686044, 41.690336233328615 ], [ -91.618977777814919, 41.690348141249693 ], [ -91.618926482488646, 41.690361351548589 ], [ -91.618875809589483, 41.690375849838361 ], [ -91.618825814876772, 41.690391619012203 ], [ -91.618776558939956, 41.690408641141069 ], [ -91.618728095214948, 41.690426896379108 ], [ -91.618680478364666, 41.690446363999463 ], [ -91.618527375124373, 41.690520718181546 ], [ -91.618203441769964, 41.690665229953808 ], [ -91.617890647958788, 41.690811047244786 ], [ -91.617882249984135, 41.686923992134538 ], [ -91.617778911008543, 41.68256306808842 ], [ -91.617586353338993, 41.682562422497426 ], [ -91.612981767210911, 41.682546638234861 ], [ -91.610258153141274, 41.682485765073793 ], [ -91.60985443210356, 41.682476738190012 ], [ -91.609310418085954, 41.682464571833428 ], [ -91.60933862172898, 41.678849591032161 ], [ -91.609323642408398, 41.675235019047811 ], [ -91.612999196625537, 41.675252467199364 ], [ -91.613010762653573, 41.674434043758197 ], [ -91.615653174511408, 41.67379107674747 ], [ -91.61760187865454, 41.673473057099478 ], [ -91.617847997261237, 41.67343321902424 ], [ -91.617858689600055, 41.672037040623522 ], [ -91.617328290974115, 41.671652986063286 ], [ -91.617863492880559, 41.671655191991363 ], [ -91.619649944665198, 41.671662220162368 ], [ -91.622804457707915, 41.671674563905768 ], [ -91.626614484313023, 41.671704992677824 ], [ -91.627663045357721, 41.671713345154942 ], [ -91.632552139112676, 41.671745972966356 ], [ -91.637281852074622, 41.671777412474583 ], [ -91.637329967735539, 41.671777731176469 ], [ -91.637399374330613, 41.67177819088289 ], [ -91.637450758889344, 41.671778530500433 ], [ -91.638555235896263, 41.671796235971257 ], [ -91.640709949118445, 41.671830745999827 ], [ -91.642156460384925, 41.671853891458632 ], [ -91.642276805146082, 41.671855816038651 ], [ -91.644097927881631, 41.671877813062132 ], [ -91.644234030001371, 41.671879456360195 ], [ -91.644240767283208, 41.671879537120688 ], [ -91.647154247941643, 41.671914665306154 ], [ -91.652021801436902, 41.671986304789925 ], [ -91.656889364419371, 41.672057740034894 ], [ -91.661683441783836, 41.672116143944891 ], [ -91.663438650074823, 41.67213818670222 ], [ -91.666577577903013, 41.672177541270017 ], [ -91.671419919157231, 41.672220238204574 ], [ -91.676252671749396, 41.672297489301201 ], [ -91.681103226912668, 41.67237592034197 ], [ -91.683417956790009, 41.672413276471787 ], [ -91.685953756568594, 41.672454146206285 ], [ -91.690800780520803, 41.672573528943715 ], [ -91.695643873160051, 41.672637308690163 ], [ -91.70049399130076, 41.672587797280912 ], [ -91.70147815412416, 41.672580366883558 ], [ -91.705362563714829, 41.672544183663838 ], [ -91.710137791831315, 41.672503093494889 ], [ -91.716398887712657, 41.672433605616256 ], [ -91.716397665619766, 41.672539548209713 ], [ -91.716356892614826, 41.676071736890307 ], [ -91.716364723862199, 41.679694744975414 ], [ -91.716351960311044, 41.682385775575241 ], [ -91.716347543482868, 41.68331725357541 ], [ -91.716340338168422, 41.684836072513953 ], [ -91.716338776041241, 41.685165391023737 ], [ -91.716327828585435, 41.687424295482131 ], [ -91.716327420133268, 41.68750869515813 ], [ -91.716034080770513, 41.68750784813907 ], [ -91.716033511970707, 41.687600991597996 ], [ -91.716011619603123, 41.691180673707748 ], [ -91.715989552498627, 41.694788688690984 ], [ -91.715984409661189, 41.695629334155377 ], [ -91.715984244358438, 41.695656448328378 ], [ -91.715966981541769, 41.698478855901037 ], [ -91.715945455544443, 41.702003823167566 ], [ -91.715944862336684, 41.702094380317803 ], [ -91.715944349236068, 41.702184952205087 ], [ -91.715924573037256, 41.705689759775204 ], [ -91.715945969945068, 41.707623830985987 ], [ -91.715965597543359, 41.709397971321771 ], [ -91.71593388743662, 41.711481352499156 ], [ -91.715929228228859, 41.711787429520555 ], [ -91.715910245899636, 41.713034570922872 ], [ -91.715886271028509, 41.714609581318143 ], [ -91.715879947395621, 41.715025036092456 ], [ -91.715854888048725, 41.716671167018724 ], [ -91.715804160682367, 41.720301988981447 ], [ -91.715782333945924, 41.721927591862453 ], [ -91.715753427682799, 41.723932805627783 ], [ -91.715719171241872, 41.727591857507335 ], [ -91.715615872126676, 41.731224678086811 ], [ -91.715214340549736, 41.731224026891908 ], [ -91.710083427529483, 41.731215590373431 ], [ -91.705384079555174, 41.731207663764657 ], [ -91.705247983745664, 41.731207066746094 ], [ -91.705142411419089, 41.731206539775087 ], [ -91.700421623906607, 41.731182849875367 ], [ -91.695585751083115, 41.731158383573359 ], [ -91.690749953170993, 41.731125521962582 ], [ -91.688287635988203, 41.731108711116441 ], [ -91.68591740072624, 41.731092480784874 ], [ -91.685793563539434, 41.731091631030303 ], [ -91.685675617264152, 41.731090822765751 ], [ -91.681004720362424, 41.731058685554238 ], [ -91.676261023998734, 41.731027652925668 ], [ -91.676213413705526, 41.731026708760858 ], [ -91.676120915574245, 41.731024883851376 ], [ -91.676040763478653, 41.731023858890445 ], [ -91.675066273414316, 41.731001459767285 ], [ -91.67135213664244, 41.730945232603176 ], [ -91.671242300571464, 41.730943396399162 ], [ -91.671242228470177, 41.730943395263566 ], [ -91.666403272022109, 41.730848562137751 ], [ -91.663393196833837, 41.730857612194718 ], [ -91.661623526083687, 41.730838084278453 ], [ -91.661502633952466, 41.730837250734467 ], [ -91.661381747181494, 41.730835929046627 ], [ -91.656654224061185, 41.730784107490997 ], [ -91.651757880527796, 41.730730232810949 ], [ -91.647008869131838, 41.730629816806136 ], [ -91.646881380709516, 41.730627118369 ] ] ] ] } },
{ "type": "Feature", "properties": { "OBJECTID": 21, "NAME": "Tiffin", "Shape_Area": 120976319.45738666 }, "geometry": { "type": "MultiPolygon", "coordinates": [ [ [ [ -91.651797612557985, 41.727087124882836 ], [ -91.651837340167546, 41.723444011590651 ], [ -91.647087030595074, 41.723401336609314 ], [ -91.64696607562496, 41.723400146303433 ], [ -91.646951736840123, 41.719762975018462 ], [ -91.646801175466138, 41.71976128482315 ], [ -91.642917318231142, 41.719717605309221 ], [ -91.6420415001013, 41.719707737452012 ], [ -91.642037059649255, 41.716070827051354 ], [ -91.642087341834696, 41.712463201107312 ], [ -91.642138531416833, 41.708789945635722 ], [ -91.642189159976439, 41.7051566117078 ], [ -91.642213163710494, 41.703422419883296 ], [ -91.642104567480246, 41.703409240649272 ], [ -91.642106576463831, 41.702881442605985 ], [ -91.642082959515733, 41.702455145606621 ], [ -91.641999005657013, 41.701914699656243 ], [ -91.641914003176069, 41.701545005860631 ], [ -91.64170259111674, 41.700837664566606 ], [ -91.641427616898625, 41.700111281584164 ], [ -91.640946911731604, 41.699241139930344 ], [ -91.640420558957572, 41.698299851300398 ], [ -91.639844804507462, 41.697251973949413 ], [ -91.639196822133059, 41.696062113116071 ], [ -91.638601981027449, 41.695016066448581 ], [ -91.638250127787046, 41.694355233381422 ], [ -91.63617899256424, 41.690624096114433 ], [ -91.634166882762969, 41.686994026115443 ], [ -91.63486691537652, 41.68699336713663 ], [ -91.637314214327347, 41.686991033145077 ], [ -91.637430298517046, 41.686990920763066 ], [ -91.637541878434178, 41.686992117450146 ], [ -91.642250292910617, 41.687042497646971 ], [ -91.642257906375562, 41.687042579018467 ], [ -91.642886598138773, 41.687049292086527 ], [ -91.647085521875653, 41.687094036437742 ], [ -91.651914382742177, 41.687145621631551 ], [ -91.651922122315639, 41.690193906823986 ], [ -91.651923608318938, 41.690766784921429 ], [ -91.651930861997414, 41.693563366932807 ], [ -91.651931179842066, 41.693685869598518 ], [ -91.652884160920351, 41.693709861944882 ], [ -91.654896233740843, 41.693647255939382 ], [ -91.656358053778916, 41.693574269375532 ], [ -91.656784781160965, 41.693588449173973 ], [ -91.656802815425706, 41.69358788098625 ], [ -91.659285909932407, 41.693509636748971 ], [ -91.660034741949971, 41.693460498073399 ], [ -91.6608971919607, 41.693403897456129 ], [ -91.662011072875927, 41.693032857676897 ], [ -91.662732115559933, 41.692906505062055 ], [ -91.662649812390669, 41.692751857379349 ], [ -91.66163706109721, 41.690847265228335 ], [ -91.661623184199598, 41.690847172359497 ], [ -91.661658700434813, 41.688140818850371 ], [ -91.663015634646428, 41.688191552460751 ], [ -91.663322642234974, 41.68820359270056 ], [ -91.663907615256477, 41.688225632483423 ], [ -91.663906973957253, 41.687924882004914 ], [ -91.663941330160085, 41.687329780606341 ], [ -91.663946475845165, 41.687239299672832 ], [ -91.663946479818719, 41.68723924390023 ], [ -91.666466385754816, 41.687254924836182 ], [ -91.671318413791298, 41.687276506130218 ], [ -91.671333263818127, 41.687276571761174 ], [ -91.67133363761458, 41.687367155165951 ], [ -91.671333837353799, 41.687413788018183 ], [ -91.671338053866876, 41.688423863167124 ], [ -91.671342369404144, 41.689457182335985 ], [ -91.671342418870339, 41.689469167890685 ], [ -91.671344396999544, 41.689942569728977 ], [ -91.671345083837593, 41.690107229792197 ], [ -91.671348440664801, 41.690910931479301 ], [ -91.671360102566652, 41.693553539666311 ], [ -91.673923933937019, 41.693763396194527 ], [ -91.676209807020015, 41.693824890936568 ], [ -91.676211544700053, 41.694600662018935 ], [ -91.672423483681058, 41.69449191662946 ], [ -91.671364380820606, 41.694522848667702 ], [ -91.67141497472376, 41.698183982352141 ], [ -91.668998990995647, 41.69816839514975 ], [ -91.668999744311961, 41.698253139596254 ], [ -91.669000531728315, 41.698343728358388 ], [ -91.66901853381853, 41.70041446947554 ], [ -91.669030637921168, 41.701806415382592 ], [ -91.669013900679943, 41.703171613625656 ], [ -91.669011635977171, 41.703447336498179 ], [ -91.669314258311644, 41.703439249377617 ], [ -91.670572542814028, 41.703409923041789 ], [ -91.676345590695377, 41.703271861783691 ], [ -91.677342004671601, 41.703247502195048 ], [ -91.681138478018937, 41.703154608179915 ], [ -91.685925416779668, 41.703008908753155 ], [ -91.685922106807695, 41.705572336191537 ], [ -91.685917949941953, 41.708785623437635 ], [ -91.685551153016888, 41.708817474968818 ], [ -91.681106033927819, 41.708441785371839 ], [ -91.681123130230347, 41.708825142279338 ], [ -91.681122592751109, 41.70883906104077 ], [ -91.685766702151568, 41.709254754210463 ], [ -91.685922995968298, 41.70940270870905 ], [ -91.686006214026818, 41.709481485413967 ], [ -91.686135506475509, 41.709405240979237 ], [ -91.686307945215077, 41.709303552557024 ], [ -91.686498262132361, 41.709326390688162 ], [ -91.686686852225847, 41.709356206599161 ], [ -91.686873260172774, 41.709392928304119 ], [ -91.687057035916737, 41.709436467144158 ], [ -91.687237735753911, 41.709486718001209 ], [ -91.687414923403907, 41.709543559551825 ], [ -91.687771539619931, 41.709665813563618 ], [ -91.687892905723132, 41.709631963382435 ], [ -91.688099389934379, 41.709702748654713 ], [ -91.688061300256621, 41.709765137412084 ], [ -91.690816970765624, 41.710709769435695 ], [ -91.690815122925201, 41.711017603920851 ], [ -91.690804039059941, 41.712863183744538 ], [ -91.688375587054125, 41.712849126679792 ], [ -91.686086291281114, 41.712835829120294 ], [ -91.685928711846202, 41.712834911888862 ], [ -91.685923364004907, 41.709624148744332 ], [ -91.685891075803099, 41.709593583400917 ], [ -91.685670006448603, 41.709384312137544 ], [ -91.681121529854494, 41.708977178812894 ], [ -91.6811245299142, 41.709177879023805 ], [ -91.681119815752609, 41.70986943444899 ], [ -91.68110238230166, 41.709869511576436 ], [ -91.681102040470606, 41.709990360633654 ], [ -91.681101649287811, 41.710105786634024 ], [ -91.681101259304981, 41.71022121264884 ], [ -91.681100865505513, 41.710337679648077 ], [ -91.681100475188657, 41.710453160583093 ], [ -91.681100080466095, 41.71056957442584 ], [ -91.681099687969379, 41.710685520907944 ], [ -91.681099296647474, 41.710801468304517 ], [ -91.681098908351885, 41.710916015371858 ], [ -91.681098511621983, 41.711033362146637 ], [ -91.681098149304503, 41.711140389929305 ], [ -91.681097628065061, 41.711294235374481 ], [ -91.681097016086866, 41.711475360077024 ], [ -91.681096045918707, 41.711762029370782 ], [ -91.681095209751973, 41.712009017534989 ], [ -91.681094374805369, 41.712256004797723 ], [ -91.68109353985237, 41.712502992040193 ], [ -91.681092680865916, 41.712749978886087 ], [ -91.681092449841884, 41.712818240443184 ], [ -91.681091843497526, 41.712996966050575 ], [ -91.681090985214496, 41.713250128008809 ], [ -91.681090348665379, 41.713438332413801 ], [ -91.681087894861093, 41.714162389281327 ], [ -91.681080115389349, 41.716458081113068 ], [ -91.679774763345208, 41.716453678665012 ], [ -91.678647063272606, 41.716449859809487 ], [ -91.676214040875649, 41.716441621293306 ], [ -91.673522191994323, 41.716417305548376 ], [ -91.671335915458513, 41.716397510347385 ], [ -91.66737914086913, 41.716360471620561 ], [ -91.667332774626161, 41.716360036797482 ], [ -91.667329241801028, 41.716360004436766 ], [ -91.667019486991052, 41.716357101228247 ], [ -91.666456495027546, 41.716351824832124 ], [ -91.666453407734764, 41.717102988111186 ], [ -91.666452578073887, 41.717300138654942 ], [ -91.666451673528044, 41.717519215785778 ], [ -91.66645120957169, 41.717630579149386 ], [ -91.666450748068726, 41.717741257220091 ], [ -91.666450290344017, 41.717851331069426 ], [ -91.666449823829865, 41.717963297756874 ], [ -91.666449574233852, 41.718022958735254 ], [ -91.666443228538, 41.719973941201246 ], [ -91.66659358164101, 41.719975481944822 ], [ -91.666626468991367, 41.719975818524674 ], [ -91.670463448135209, 41.720015083858158 ], [ -91.67078626908291, 41.720018381623355 ], [ -91.671320048557391, 41.720023831983404 ], [ -91.671298347634348, 41.723662475179779 ], [ -91.671268851901331, 41.723662224896287 ], [ -91.671027038227066, 41.7236601680547 ], [ -91.669624173064221, 41.72364822676689 ], [ -91.666581338329664, 41.723622267353214 ], [ -91.666351266305796, 41.723620393403174 ], [ -91.661568636111099, 41.723541866564148 ], [ -91.661554186599247, 41.727195869461397 ], [ -91.656686374089745, 41.727113045319904 ], [ -91.651797612557985, 41.727087124882836 ] ] ] ] } },
{ "type": "Feature", "properties": { "OBJECTID": 22, "NAME": "Scott Twp", "Shape_Area": 957427491.48268521 }, "geometry": { "type": "MultiPolygon", "coordinates": [ [ [ [ -91.366226432340838, 41.685466241876149 ], [ -91.366254146542971, 41.681843782795859 ], [ -91.366261175152687, 41.680925139186947 ], [ -91.366373350683801, 41.680925968469516 ], [ -91.366739406755812, 41.680928697861972 ], [ -91.367529824655961, 41.680711223831082 ], [ -91.367532320414028, 41.680522943857866 ], [ -91.367622406989923, 41.680523614483391 ], [ -91.36795185520927, 41.680526067977929 ], [ -91.368691687215005, 41.680531573797339 ], [ -91.368866991198743, 41.680532876866636 ], [ -91.368872815548187, 41.679993633295616 ], [ -91.368876435508668, 41.679658533467091 ], [ -91.368878956110038, 41.679425272312209 ], [ -91.368881476693446, 41.679192011139797 ], [ -91.368883996028657, 41.678958750827903 ], [ -91.368886516575998, 41.678725489620575 ], [ -91.3688897285504, 41.678428040680508 ], [ -91.368891685901659, 41.678246920729244 ], [ -91.367647145330324, 41.678237658606172 ], [ -91.366398263287536, 41.678228351911791 ], [ -91.366281812128136, 41.67822748265209 ], [ -91.366272917885667, 41.674564438885334 ], [ -91.366285655002201, 41.670948807770571 ], [ -91.366322616747667, 41.667431906476935 ], [ -91.366329423753271, 41.665696359199409 ], [ -91.366337321991082, 41.663682723216269 ], [ -91.366364998822519, 41.660098462054989 ], [ -91.366393296944494, 41.656433443602431 ], [ -91.366393720188356, 41.652827321238881 ], [ -91.366394140790788, 41.649263084913102 ], [ -91.366426911949858, 41.645563675761046 ], [ -91.366459004269387, 41.641940298313628 ], [ -91.366434475022473, 41.638287324136584 ], [ -91.366439036499074, 41.634673069845611 ], [ -91.366452535004839, 41.631093758455819 ], [ -91.366466134155274, 41.627487311857813 ], [ -91.366472168492294, 41.623846499803228 ], [ -91.36647814980833, 41.620237423762987 ], [ -91.366465222207026, 41.616905509519476 ], [ -91.366464157752986, 41.616631025732929 ], [ -91.366463906105253, 41.616566110586461 ], [ -91.366449851627749, 41.612943531531315 ], [ -91.366434626512017, 41.609318774374927 ], [ -91.366419404287569, 41.60569401331162 ], [ -91.366409389296621, 41.602108740998744 ], [ -91.36639937306721, 41.598523463026993 ], [ -91.366399545980457, 41.598523459005925 ], [ -91.36639980409241, 41.59852345475246 ], [ -91.366540062695364, 41.598520647984913 ], [ -91.366565803619721, 41.598520133046236 ], [ -91.371226123722423, 41.598457028673479 ], [ -91.371245577429747, 41.598456875429726 ], [ -91.373769476142314, 41.598436993876057 ], [ -91.373836798926689, 41.598436463138434 ], [ -91.376174167332508, 41.598428607357334 ], [ -91.376342743109348, 41.598428711676142 ], [ -91.377812099475605, 41.598429605630436 ], [ -91.380937682820203, 41.598432053619547 ], [ -91.38134139870499, 41.598433379818154 ], [ -91.38580078412302, 41.598447934627863 ], [ -91.386237853593826, 41.598449814557839 ], [ -91.390621929723295, 41.598468586656161 ], [ -91.39110519583754, 41.598470696639879 ], [ -91.395297535159813, 41.598488918841014 ], [ -91.395541732146469, 41.598489974426094 ], [ -91.395969115514418, 41.598491822739255 ], [ -91.398394388938982, 41.598490444269117 ], [ -91.400306597512255, 41.598489320979731 ], [ -91.400819662317346, 41.598489013239593 ], [ -91.405115985898675, 41.598486343202325 ], [ -91.405926738529573, 41.598485820786983 ], [ -91.40997494515436, 41.598498781221949 ], [ -91.410698718712652, 41.598501081281661 ], [ -91.410722929388641, 41.59850115850255 ], [ -91.411838851629923, 41.598502400107769 ], [ -91.414814892821894, 41.598505659384173 ], [ -91.415008094363714, 41.598505868737377 ], [ -91.415345973333643, 41.598506233006823 ], [ -91.415660499078356, 41.598506571558211 ], [ -91.419712434482875, 41.598494228854314 ], [ -91.420694828089125, 41.598491215128526 ], [ -91.421321052963037, 41.598489289809621 ], [ -91.424477765007708, 41.598479532247396 ], [ -91.425840303444943, 41.59848291753184 ], [ -91.429326011206385, 41.598491505477725 ], [ -91.430635525611365, 41.598494703607393 ], [ -91.43415074869813, 41.598503218729888 ], [ -91.435645392456578, 41.59850680683202 ], [ -91.43919963305251, 41.598507166413796 ], [ -91.440534843361561, 41.598507275538829 ], [ -91.443745128902336, 41.598507469725703 ], [ -91.443811451584693, 41.598507473219257 ], [ -91.444951319700834, 41.598507523970866 ], [ -91.444984355085822, 41.598507524494153 ], [ -91.445378131448805, 41.598507536214399 ], [ -91.445401022145347, 41.598507535948222 ], [ -91.448671475433883, 41.598509344187789 ], [ -91.450173504104214, 41.598510142182356 ], [ -91.453545688477249, 41.598511867173634 ], [ -91.45981267338118, 41.598514808986316 ], [ -91.460777414068616, 41.598515231744003 ], [ -91.463210190216572, 41.598516261981288 ], [ -91.464502790682999, 41.598516788701843 ], [ -91.464635073924072, 41.598516842082645 ], [ -91.464751188987364, 41.598517136376572 ], [ -91.468013514074613, 41.598525381788185 ], [ -91.469474830603517, 41.598529045096093 ], [ -91.472831217060133, 41.598537389258468 ], [ -91.472831327441313, 41.598537389388419 ], [ -91.474341673345876, 41.598541113309899 ], [ -91.477654123887007, 41.598549209777914 ], [ -91.479209330114969, 41.598552978678079 ], [ -91.481993848371772, 41.598564527560661 ], [ -91.482367829602495, 41.598563926503147 ], [ -91.482690117036782, 41.598563403196046 ], [ -91.482862575800453, 41.598563122044816 ], [ -91.483026802016539, 41.598562855835418 ], [ -91.48300223060734, 41.600316432152532 ], [ -91.482961343618797, 41.603234310357294 ], [ -91.482922852682833, 41.605980877783843 ], [ -91.482904680026266, 41.60968899857405 ], [ -91.482886518360118, 41.613397119980412 ], [ -91.482887863473238, 41.61394624391982 ], [ -91.482896599012335, 41.617043673595234 ], [ -91.482896650908586, 41.617051002928335 ], [ -91.48290671721027, 41.620680774432941 ], [ -91.482891178640145, 41.624314650829227 ], [ -91.482898328871642, 41.627971748969181 ], [ -91.482896227636203, 41.628354231379973 ], [ -91.482894384355049, 41.628671174185932 ], [ -91.481820486855625, 41.628216060539955 ], [ -91.481542046126364, 41.628095970829783 ], [ -91.481266047589315, 41.627972749044602 ], [ -91.481195672906964, 41.627972792405096 ], [ -91.481090803504159, 41.627972857270564 ], [ -91.477947278702544, 41.627974779417642 ], [ -91.475446935400427, 41.627976221849337 ], [ -91.475445786953713, 41.628066775371202 ], [ -91.475445571758343, 41.628099707623093 ], [ -91.475442876802973, 41.628511366961632 ], [ -91.475438166626958, 41.629231071897749 ], [ -91.475431346235865, 41.630207371260397 ], [ -91.472980555171233, 41.6302087457018 ], [ -91.472994604657245, 41.628207517938236 ], [ -91.472995587355271, 41.628068159960272 ], [ -91.472996228146243, 41.627977596625541 ], [ -91.472996010921548, 41.627867821358947 ], [ -91.472995478604489, 41.627599915182856 ], [ -91.472989498074625, 41.624356638785166 ], [ -91.467519076538537, 41.624133234209324 ], [ -91.467519540444314, 41.627610118540481 ], [ -91.467519546646784, 41.627656855106736 ], [ -91.467519560121332, 41.627747557914311 ], [ -91.46694524308711, 41.627723395984709 ], [ -91.465861514269861, 41.62767619356385 ], [ -91.465856216719899, 41.627752401211197 ], [ -91.465797112470298, 41.628602534644116 ], [ -91.466881625838468, 41.628647819291935 ], [ -91.466758508887182, 41.63043674362612 ], [ -91.465556603489532, 41.629954706796639 ], [ -91.463461811365733, 41.629113050401941 ], [ -91.463459794918506, 41.629416324343943 ], [ -91.463333310752262, 41.62936550402511 ], [ -91.463327238381623, 41.631197516945207 ], [ -91.463303091050008, 41.63482785513046 ], [ -91.463423492167038, 41.634830713359875 ], [ -91.468119371255227, 41.634942112382738 ], [ -91.472653888719165, 41.635049503095011 ], [ -91.472946494945276, 41.63505642642086 ], [ -91.472959275094908, 41.633237424258844 ], [ -91.477718324705748, 41.635143883379669 ], [ -91.477889647968325, 41.635212686021191 ], [ -91.478809606179851, 41.635582130089908 ], [ -91.479541192656242, 41.63587591761997 ], [ -91.48267699900083, 41.637135101747774 ], [ -91.482676998937791, 41.637135724979188 ], [ -91.482676273023372, 41.639884327678622 ], [ -91.482675584074016, 41.642497398369251 ], [ -91.482682518046261, 41.645146736166076 ], [ -91.482682230848638, 41.645311398328197 ], [ -91.482681839375786, 41.646790068670363 ], [ -91.482288972427256, 41.6467900622985 ], [ -91.481698985971505, 41.646790141424887 ], [ -91.48115967507384, 41.646790210968568 ], [ -91.479535484172615, 41.646790405376628 ], [ -91.479535226769912, 41.647105687391857 ], [ -91.479534815095903, 41.647610970190286 ], [ -91.479534487205527, 41.648011327322024 ], [ -91.47953447774411, 41.648024463640034 ], [ -91.479533960419516, 41.648657395091114 ], [ -91.479532427055574, 41.649625795026267 ], [ -91.479533225219782, 41.649757138569726 ], [ -91.477504984669949, 41.649737671376514 ], [ -91.476893923104541, 41.649732189353429 ], [ -91.476892923542508, 41.649822253112127 ], [ -91.476386616596898, 41.649816174280289 ], [ -91.476233573257772, 41.649811656703626 ], [ -91.476081107949952, 41.64980071391561 ], [ -91.475929699824263, 41.649783380305955 ], [ -91.475779824708169, 41.649759710348704 ], [ -91.475631953610062, 41.64972977843091 ], [ -91.475486551238589, 41.649693678618895 ], [ -91.475344074541894, 41.649651524362497 ], [ -91.472811790860163, 41.648833670715064 ], [ -91.472811748044776, 41.648836361931963 ], [ -91.472811441715393, 41.64885529760187 ], [ -91.472811212438657, 41.648887246835514 ], [ -91.472803751213576, 41.649331734659604 ], [ -91.47279562433387, 41.649835151212073 ], [ -91.472788308836726, 41.650288349585999 ], [ -91.472782992477875, 41.6506176489357 ], [ -91.472777677293479, 41.65094694737229 ], [ -91.472777545087197, 41.650955180362402 ], [ -91.472772360799311, 41.651276247554087 ], [ -91.472767044307432, 41.651605545901553 ], [ -91.472761730134224, 41.651934845157101 ], [ -91.472756412306794, 41.652264144315566 ], [ -91.472751096826102, 41.652593443481976 ], [ -91.472745781319659, 41.652922741714065 ], [ -91.472740464503417, 41.653252041691452 ], [ -91.472735147689406, 41.653581339834375 ], [ -91.472729830793796, 41.653910638843364 ], [ -91.472723441648711, 41.653910580284979 ], [ -91.47236612881656, 41.653907334951569 ], [ -91.47196145195106, 41.653903658270288 ], [ -91.4717419131036, 41.653901663106993 ], [ -91.471419920810447, 41.653898736320897 ], [ -91.471134522738026, 41.653896141777118 ], [ -91.470849122315954, 41.653893545588886 ], [ -91.470827209238763, 41.653893346774751 ], [ -91.470830296374686, 41.653701679734255 ], [ -91.470833836709573, 41.653481859023778 ], [ -91.470835109946407, 41.653402761548264 ], [ -91.470839793987224, 41.653111980902409 ], [ -91.470839945013836, 41.653102572030889 ], [ -91.470840467657325, 41.653070218175849 ], [ -91.471261239372566, 41.653074040842895 ], [ -91.471263877378206, 41.652910900356197 ], [ -91.471264822132397, 41.652852422299532 ], [ -91.471268839178478, 41.65260363772952 ], [ -91.471274513810656, 41.652252300223338 ], [ -91.471002112141093, 41.652249826324251 ], [ -91.470989116227145, 41.651982650487057 ], [ -91.470986085632688, 41.651920340047113 ], [ -91.470972313236246, 41.651637173526332 ], [ -91.470970060542399, 41.651590851954687 ], [ -91.470953953168788, 41.651259690825619 ], [ -91.470947527059025, 41.651127582043877 ], [ -91.470938008475244, 41.650931874719468 ], [ -91.470921983870696, 41.650602386518919 ], [ -91.47091730775773, 41.650506242329079 ], [ -91.470905958227945, 41.650272898261264 ], [ -91.47088993394722, 41.64994340998863 ], [ -91.470879145424774, 41.649721566756575 ], [ -91.470213798052399, 41.649506965234302 ], [ -91.470163369068047, 41.649490718714965 ], [ -91.470012116658154, 41.649441915682743 ], [ -91.470065545452215, 41.649348729454523 ], [ -91.47016243681621, 41.64917973833748 ], [ -91.470371266186788, 41.648815510246493 ], [ -91.470689152774384, 41.648261062875044 ], [ -91.47078870924156, 41.648087431025097 ], [ -91.469318819626437, 41.647611391850219 ], [ -91.469214751891357, 41.647792597022871 ], [ -91.469189031535109, 41.647845097915372 ], [ -91.469174134880575, 41.64788966900862 ], [ -91.469164996360433, 41.647935105134273 ], [ -91.469161726848697, 41.647988225182594 ], [ -91.469166341241248, 41.648041289042752 ], [ -91.469178782491014, 41.648093640474613 ], [ -91.469207024487986, 41.64819632077004 ], [ -91.469227399480431, 41.648300043543671 ], [ -91.469239840877023, 41.648404469991164 ], [ -91.469244308000313, 41.648509259008037 ], [ -91.469240786220155, 41.648614068303914 ], [ -91.469229287001937, 41.648718555520489 ], [ -91.469213036525886, 41.648806975527258 ], [ -91.469191070671158, 41.648894697950297 ], [ -91.469163441424499, 41.648981515084827 ], [ -91.469134548797086, 41.649071210987152 ], [ -91.469110789977236, 41.64916175056613 ], [ -91.469092208343298, 41.649252968598311 ], [ -91.469075773336144, 41.649372776628965 ], [ -91.469068266818951, 41.649493085451624 ], [ -91.469068022696476, 41.649504357899147 ], [ -91.469063966298663, 41.649726685334691 ], [ -91.469061329323239, 41.649870531061524 ], [ -91.469062272458601, 41.649962913848107 ], [ -91.469066197444818, 41.650029067392893 ], [ -91.469072824156655, 41.650095099612145 ], [ -91.46908277988932, 41.650197449846353 ], [ -91.469088117759171, 41.650297737447062 ], [ -91.46908879817633, 41.650398103634096 ], [ -91.469085759820501, 41.650583031493021 ], [ -91.469086440133253, 41.650590024549174 ], [ -91.469088692919286, 41.650596829567874 ], [ -91.469092452821556, 41.650603249122881 ], [ -91.469097610758695, 41.650609096970904 ], [ -91.46910401708962, 41.650614203454865 ], [ -91.469111485954855, 41.650618420426085 ], [ -91.469119800668679, 41.650621625542264 ], [ -91.469128720005571, 41.650623725816835 ], [ -91.469137985198699, 41.650624660316922 ], [ -91.469147327447175, 41.650624401930891 ], [ -91.469422909789827, 41.650599050872508 ], [ -91.469419090640571, 41.650737346920465 ], [ -91.469416718716758, 41.650894572410614 ], [ -91.469212853599927, 41.650978491622809 ], [ -91.469020374638276, 41.651057724022692 ], [ -91.468651777202766, 41.651209451416015 ], [ -91.468420629713862, 41.651481514509456 ], [ -91.468300526668926, 41.651622875230331 ], [ -91.468302019851961, 41.651790277929926 ], [ -91.468139316967978, 41.652010653189862 ], [ -91.467590460485695, 41.652013404843849 ], [ -91.467589079967695, 41.651858129197258 ], [ -91.467583518290411, 41.651233636789769 ], [ -91.467579683659892, 41.650803166416623 ], [ -91.468648060638358, 41.650797750480983 ], [ -91.468815761247541, 41.650653800789627 ], [ -91.468824455706795, 41.650652607574408 ], [ -91.468832782056481, 41.650650383088369 ], [ -91.468840524358882, 41.65064718502191 ], [ -91.468847481823147, 41.650643096314504 ], [ -91.468853474012818, 41.650638223003789 ], [ -91.468858345525092, 41.65063269147543 ], [ -91.468861970021294, 41.650626645185412 ], [ -91.468864253503213, 41.650620240939709 ], [ -91.468864943196863, 41.650616388269626 ], [ -91.468865145270911, 41.650612503984 ], [ -91.468865220139023, 41.65059197645936 ], [ -91.4688687987354, 41.650395388665615 ], [ -91.468869076411096, 41.650374556678379 ], [ -91.468921664725855, 41.647483507869119 ], [ -91.468002882581288, 41.647185115474016 ], [ -91.468005218057328, 41.647033250560661 ], [ -91.468007061275557, 41.64691341407449 ], [ -91.468025729760711, 41.645699742469873 ], [ -91.468027840300863, 41.645562533938758 ], [ -91.468030998531006, 41.645562560466111 ], [ -91.468050966920686, 41.644035813730788 ], [ -91.465633883795945, 41.644017092083367 ], [ -91.465414374928912, 41.644015389288619 ], [ -91.465400677849217, 41.645008467668418 ], [ -91.465403649327314, 41.645068390936338 ], [ -91.465414188288889, 41.645127832280188 ], [ -91.46543219963894, 41.645186255233973 ], [ -91.465457520841994, 41.645243132521436 ], [ -91.465489923388404, 41.645297950814943 ], [ -91.465529114855997, 41.645350215368282 ], [ -91.466024586564004, 41.645943156279017 ], [ -91.46606055995629, 41.645992609710348 ], [ -91.466088325287942, 41.646044954594537 ], [ -91.466107477787432, 41.646099427869622 ], [ -91.466117738235127, 41.646155235445029 ], [ -91.466118957034865, 41.646211563777165 ], [ -91.46611111639605, 41.646267591729014 ], [ -91.466094330594288, 41.646322502540407 ], [ -91.466068844306861, 41.646375495734411 ], [ -91.466027600058496, 41.646447332108067 ], [ -91.465979842336637, 41.646530510174024 ], [ -91.465948477154271, 41.646520379090582 ], [ -91.465900736036417, 41.646603327756381 ], [ -91.465846055560931, 41.646698450914961 ], [ -91.465488191432144, 41.647321031893007 ], [ -91.465167433630924, 41.647878974751073 ], [ -91.464765840270999, 41.64787517690192 ], [ -91.464451668039132, 41.647872207186658 ], [ -91.464139710595063, 41.647869256593289 ], [ -91.463443592001596, 41.647862671049644 ], [ -91.463340091591562, 41.647861690730167 ], [ -91.463316254116748, 41.647861427839267 ], [ -91.463177258792896, 41.647859895055412 ], [ -91.463158601436675, 41.649302859109461 ], [ -91.463119236176496, 41.652032039547819 ], [ -91.463239192696264, 41.652032963149423 ], [ -91.463283098760982, 41.65203330112292 ], [ -91.463757516744238, 41.65203694327154 ], [ -91.46431740718451, 41.652041237397498 ], [ -91.464316884003054, 41.652076967724547 ], [ -91.464313969925982, 41.65227625284637 ], [ -91.464311147928996, 41.652469278426587 ], [ -91.464308388153128, 41.652658078454188 ], [ -91.464305190856862, 41.652876708497196 ], [ -91.46430406225231, 41.652953996533896 ], [ -91.464302823803763, 41.653038728107077 ], [ -91.464301878425616, 41.653103451135173 ], [ -91.464298189893626, 41.653356054903107 ], [ -91.464297418719781, 41.653409194444194 ], [ -91.464294705834291, 41.653596104829106 ], [ -91.464291224157549, 41.65383611605241 ], [ -91.464195871996282, 41.653835280606074 ], [ -91.463872707384425, 41.653832440163022 ], [ -91.463258736089529, 41.65382704210775 ], [ -91.463214827934905, 41.653826655475925 ], [ -91.463100047720516, 41.653825645406663 ], [ -91.463064814961427, 41.65654726816129 ], [ -91.463062569948107, 41.658977155348879 ], [ -91.463063623260595, 41.660158886353891 ], [ -91.463063718459381, 41.661467379877728 ], [ -91.463184488375646, 41.661467349345422 ], [ -91.463228403326013, 41.661467337041081 ], [ -91.463740754134065, 41.661467201438668 ], [ -91.463960333573581, 41.661467142382442 ], [ -91.46427722361048, 41.661467057329773 ], [ -91.464277737485119, 41.662548584215521 ], [ -91.463185020193649, 41.662548875067216 ], [ -91.463064249418409, 41.662548907421296 ], [ -91.46307029214563, 41.663773195366275 ], [ -91.468816750684908, 41.663846635559828 ], [ -91.468816305504461, 41.663756046921911 ], [ -91.468812500440549, 41.662981514703311 ], [ -91.469038235887496, 41.662978037732891 ], [ -91.469112950204405, 41.662976813511442 ], [ -91.469355972213322, 41.662972827162491 ], [ -91.469834921611479, 41.662964971018127 ], [ -91.469816613565925, 41.663769044443313 ], [ -91.469814547864544, 41.663859584598114 ], [ -91.470736220293006, 41.663871544399477 ], [ -91.470734626995664, 41.663965625043794 ], [ -91.470720269818528, 41.663965467507815 ], [ -91.47071172603448, 41.664388109705179 ], [ -91.470708970167692, 41.664525297992448 ], [ -91.47065272170866, 41.667308494359098 ], [ -91.470649453646047, 41.667470275779991 ], [ -91.46779172033753, 41.667439300805533 ], [ -91.467755344712756, 41.669304321683754 ], [ -91.467725809523017, 41.670818545024844 ], [ -91.467724655013285, 41.67089343108816 ], [ -91.467721662300832, 41.671044135079697 ], [ -91.47254357628843, 41.671085715259352 ], [ -91.472542792191106, 41.671116185667415 ], [ -91.473609586197568, 41.671131541694422 ], [ -91.473746977520335, 41.671133211397233 ], [ -91.473884363155619, 41.671131430572196 ], [ -91.474021594132822, 41.671126199319446 ], [ -91.474158513998646, 41.671117526615582 ], [ -91.474294971213993, 41.671105417921183 ], [ -91.474430809018543, 41.671089892115589 ], [ -91.474565876878714, 41.671070960982526 ], [ -91.474700025042694, 41.671048649829459 ], [ -91.47483310024144, 41.671022981201205 ], [ -91.474941276773734, 41.67099919052265 ], [ -91.474990236965283, 41.670987728429424 ], [ -91.474990917271626, 41.6707500457766 ], [ -91.474993298285398, 41.669918292343304 ], [ -91.474993753884107, 41.669757501323872 ], [ -91.474993909690582, 41.669740185166468 ], [ -91.474995516122192, 41.669562410567124 ], [ -91.47499725151269, 41.669370311181979 ], [ -91.474999357726062, 41.669136992478329 ], [ -91.475000845037314, 41.668972335066414 ], [ -91.475013009093246, 41.667625358798865 ], [ -91.47501332818949, 41.667590175413096 ], [ -91.473793317385272, 41.667540033355401 ], [ -91.472596069651956, 41.667491378678797 ], [ -91.47259903012916, 41.667326200181108 ], [ -91.47263099072579, 41.66459496163074 ], [ -91.472632671626158, 41.664450806299776 ], [ -91.472638025846976, 41.663987225694868 ], [ -91.472639089668036, 41.663896218639593 ], [ -91.475245333890697, 41.663994308534534 ], [ -91.47525139708759, 41.663903859819598 ], [ -91.475263963119644, 41.663716382927149 ], [ -91.47527406759859, 41.663565633538234 ], [ -91.475284170802496, 41.663414885020416 ], [ -91.475294275160024, 41.663264136515501 ], [ -91.475304379498851, 41.663113387102385 ], [ -91.475321375747754, 41.663114027845872 ], [ -91.475522408545416, 41.663121604322768 ], [ -91.475723440189398, 41.66312918043031 ], [ -91.475924471908073, 41.663136755289365 ], [ -91.476125504845854, 41.663144330721018 ], [ -91.476207927419182, 41.66314743602647 ], [ -91.476326536629912, 41.66315190578328 ], [ -91.476743003047261, 41.663167597016489 ], [ -91.476838475174205, 41.663171194301519 ], [ -91.477118459297571, 41.663181741104388 ], [ -91.477065498794076, 41.663972215534038 ], [ -91.477059439307595, 41.664062664362859 ], [ -91.478653100793991, 41.664122690179489 ], [ -91.478652204554962, 41.664031992194495 ], [ -91.478647185701575, 41.663524438634887 ], [ -91.47869323958443, 41.663526173407888 ], [ -91.479015113089986, 41.66353829401973 ], [ -91.479018081698072, 41.664042454280796 ], [ -91.479018625974462, 41.664139448647738 ], [ -91.479352202278022, 41.664150976041697 ], [ -91.479350162201342, 41.664241581415865 ], [ -91.479341226855254, 41.66463854790112 ], [ -91.479316188381674, 41.665750757564673 ], [ -91.479301698308745, 41.666392156480711 ], [ -91.47929860942763, 41.666529354080552 ], [ -91.479293655724106, 41.666749364286822 ], [ -91.479289641999898, 41.666927722888687 ], [ -91.479285624736036, 41.667106078717254 ], [ -91.479280697971419, 41.667325100475786 ], [ -91.479276990441633, 41.667489738973273 ], [ -91.478519596641164, 41.667480338328957 ], [ -91.477428894036251, 41.667467903064995 ], [ -91.477425569535001, 41.667689279063787 ], [ -91.477425444414095, 41.667697611197809 ], [ -91.477410053273346, 41.668720754117935 ], [ -91.477399478423436, 41.669424312051923 ], [ -91.477393472296157, 41.669823246446299 ], [ -91.477392071635236, 41.66991676551217 ], [ -91.479670827614498, 41.669496148375963 ], [ -91.480050504815509, 41.669426057213919 ], [ -91.481827836777043, 41.669097932984506 ], [ -91.481825098362876, 41.669188426984974 ], [ -91.481824685307146, 41.669252494135037 ], [ -91.481809875791882, 41.671490694611258 ], [ -91.481814171138936, 41.675029392896064 ], [ -91.481819854843124, 41.678646660136032 ], [ -91.481708690349066, 41.682268672959808 ], [ -91.481639631090019, 41.684494135065314 ], [ -91.481613340506115, 41.685341328915875 ], [ -91.481602714886293, 41.685683733085867 ], [ -91.477642583508668, 41.685651418616779 ], [ -91.477638227232163, 41.685651375104655 ], [ -91.472842573476797, 41.685602017852567 ], [ -91.468008575930611, 41.685554885239291 ], [ -91.468006398511434, 41.685554859712433 ], [ -91.46320681943466, 41.685497767256599 ], [ -91.463197322812078, 41.685497780661635 ], [ -91.458354448802282, 41.685504813075077 ], [ -91.458335485572718, 41.685504839618403 ], [ -91.453511573763237, 41.685511643368848 ], [ -91.453465189896335, 41.685511746523694 ], [ -91.448704867071882, 41.685521142776452 ], [ -91.443842157201018, 41.685527618734582 ], [ -91.443767162170332, 41.685527902626681 ], [ -91.439046498346343, 41.685545666138601 ], [ -91.434206884977328, 41.685563676620156 ], [ -91.429284266491834, 41.685560037020522 ], [ -91.424481407923437, 41.685556283951222 ], [ -91.424428213600848, 41.685556241056595 ], [ -91.419639399431816, 41.685584325530279 ], [ -91.41956589078859, 41.685584432205687 ], [ -91.414807644087119, 41.685591118014962 ], [ -91.414795063424762, 41.685591123366073 ], [ -91.409934408185137, 41.685592921846826 ], [ -91.405119121693943, 41.685594500142969 ], [ -91.400246336027664, 41.685623083596433 ], [ -91.39539279484552, 41.685650940691282 ], [ -91.395357659320695, 41.685651083269057 ], [ -91.390553488898689, 41.685616604567301 ], [ -91.390550409066179, 41.685616581893477 ], [ -91.385743162686026, 41.685581882239617 ], [ -91.385714196294899, 41.685580923866077 ], [ -91.380838568990129, 41.685543794862291 ], [ -91.380790918483711, 41.685543430639669 ], [ -91.375974352388283, 41.685506548211777 ], [ -91.375948495618516, 41.685506581890678 ], [ -91.37103110117522, 41.685482234017691 ], [ -91.371003853782, 41.685482098775367 ], [ -91.366226432340838, 41.685466241876149 ] ] ] ] } },
{ "type": "Feature", "properties": { "OBJECTID": 23, "NAME": "Graham Twp", "Shape_Area": 843999195.99659252 }, "geometry": { "type": "MultiPolygon", "coordinates": [ [ [ [ -91.463197322812078, 41.685497780661635 ], [ -91.463198788990027, 41.685588246255051 ], [ -91.463199549678066, 41.685635152879598 ], [ -91.46325652066939, 41.689150021082277 ], [ -91.463315725189773, 41.692802256259789 ], [ -91.463331022581187, 41.696459667588591 ], [ -91.463324978273334, 41.698061697105132 ], [ -91.463346321690267, 41.700117074560133 ], [ -91.463433851550931, 41.703608315782773 ], [ -91.463437992841463, 41.703789410282063 ], [ -91.463513001524646, 41.707360582498872 ], [ -91.463586358121319, 41.710989070283297 ], [ -91.463598910748217, 41.71160993211425 ], [ -91.463618328796457, 41.712570329085679 ], [ -91.463659722889062, 41.714617553676447 ], [ -91.46364393526089, 41.715442445411234 ], [ -91.463623983211633, 41.716484837853976 ], [ -91.463595391327431, 41.717978521722728 ], [ -91.463590034550137, 41.718258292042222 ], [ -91.463561726388505, 41.720544718341799 ], [ -91.463541939251073, 41.720769110117828 ], [ -91.463520292711365, 41.72189902696099 ], [ -91.463465622777534, 41.725561885015452 ], [ -91.463469839664143, 41.729258709376097 ], [ -91.463421745688919, 41.732884452004008 ], [ -91.463426962927471, 41.734652506372377 ], [ -91.463432424641255, 41.736503122040702 ], [ -91.46340715630933, 41.739837176468399 ], [ -91.463405021027995, 41.740118779958124 ], [ -91.463404882129709, 41.740137220001579 ], [ -91.463404610699129, 41.740172973549832 ], [ -91.463352487398353, 41.743743751643386 ], [ -91.463343072543935, 41.747381602579225 ], [ -91.463333655003538, 41.751019443613025 ], [ -91.463335444929967, 41.754670517341019 ], [ -91.463337224403489, 41.758302817138599 ], [ -91.463270896397347, 41.761930643654587 ], [ -91.463204562208105, 41.765558465585471 ], [ -91.463157571124967, 41.769223062558297 ], [ -91.46311270738218, 41.772721348938276 ], [ -91.462749469088266, 41.772719832919584 ], [ -91.462709463184083, 41.77271966630645 ], [ -91.45822657916095, 41.772700484035255 ], [ -91.457906800531475, 41.772699517649073 ], [ -91.45344697880104, 41.772676038984358 ], [ -91.453409165015586, 41.772675904183188 ], [ -91.453166261847159, 41.772675037104193 ], [ -91.453059276572844, 41.772674655184794 ], [ -91.452318243210797, 41.772672005921613 ], [ -91.451900774796272, 41.772670511463311 ], [ -91.44842325424591, 41.772658004213568 ], [ -91.448010675006685, 41.77265619756642 ], [ -91.443858617341505, 41.772637942273001 ], [ -91.443374075454628, 41.772640105811462 ], [ -91.438887761470326, 41.772660050480425 ], [ -91.438536569374392, 41.772661603894477 ], [ -91.437987653198476, 41.772664030989034 ], [ -91.434040773417081, 41.772681403049894 ], [ -91.43369907168848, 41.772682081242941 ], [ -91.429197988867145, 41.772690919824612 ], [ -91.428864938858979, 41.772691565107579 ], [ -91.424355267932469, 41.772700233221123 ], [ -91.424258414964925, 41.772700618216554 ], [ -91.424009019310446, 41.772701609514151 ], [ -91.4195364653513, 41.772719308630563 ], [ -91.419132837458946, 41.772720896442131 ], [ -91.415635346421908, 41.772734604730594 ], [ -91.415467036615539, 41.772735261035791 ], [ -91.414727108862877, 41.772738146661311 ], [ -91.414281506546246, 41.772742168502404 ], [ -91.412597660173986, 41.772757352156994 ], [ -91.409723310079812, 41.772783213159585 ], [ -91.409507115990536, 41.77278515527815 ], [ -91.404840333778495, 41.772826983202144 ], [ -91.404634569210799, 41.772826849260269 ], [ -91.401592497769656, 41.772824836444464 ], [ -91.401129878762589, 41.772824523465204 ], [ -91.400058572656988, 41.772823791430532 ], [ -91.399845218093574, 41.7728236432975 ], [ -91.395238130435303, 41.772820373920069 ], [ -91.395044517881047, 41.772820232418802 ], [ -91.394996004953342, 41.772820197255221 ], [ -91.390211762997566, 41.772816597628015 ], [ -91.38542426613364, 41.772812798501 ], [ -91.385414936471761, 41.772812791690725 ], [ -91.380528522201445, 41.77282292914191 ], [ -91.380517013967903, 41.772822952439057 ], [ -91.375620207684378, 41.772832904652027 ], [ -91.37559222933433, 41.772832961305035 ], [ -91.375349326508811, 41.772833449067996 ], [ -91.370826593989804, 41.772842447050692 ], [ -91.370783396855913, 41.772842531626203 ], [ -91.366075261666069, 41.772851710096852 ], [ -91.365906419398314, 41.772852035378399 ], [ -91.36596193532128, 41.769242670027246 ], [ -91.366018841150492, 41.765542489627947 ], [ -91.36601705254219, 41.764482751955619 ], [ -91.366012774297275, 41.761948951338951 ], [ -91.366006654643144, 41.758325516384566 ], [ -91.366006557462015, 41.758267342446445 ], [ -91.36598098542936, 41.754635529135911 ], [ -91.365955268015611, 41.750982582928962 ], [ -91.365967410519488, 41.747355085518592 ], [ -91.365979548783798, 41.743727573807 ], [ -91.36599541643514, 41.740090092332977 ], [ -91.366011282314972, 41.736452606371756 ], [ -91.36604465892033, 41.732851551114543 ], [ -91.366062810914784, 41.729168867975162 ], [ -91.366049341715367, 41.725554547562837 ], [ -91.366095041168023, 41.72190506550298 ], [ -91.366107881394683, 41.718268831219596 ], [ -91.36612066799465, 41.714647913123891 ], [ -91.366137423394406, 41.711018139310347 ], [ -91.366177414704268, 41.707338827547233 ], [ -91.366180594987853, 41.703711847724222 ], [ -91.366183801057076, 41.70005503231161 ], [ -91.366193793647014, 41.696420681232347 ], [ -91.366203785093816, 41.692786326751914 ], [ -91.366215109982647, 41.689126285591314 ], [ -91.366226432340838, 41.685466241876149 ], [ -91.371003853782, 41.685482098775367 ], [ -91.37103110117522, 41.685482234017691 ], [ -91.375948495618516, 41.685506581890678 ], [ -91.375974352388283, 41.685506548211777 ], [ -91.380790918483711, 41.685543430639669 ], [ -91.380838568990129, 41.685543794862291 ], [ -91.385714196294899, 41.685580923866077 ], [ -91.385743162686026, 41.685581882239617 ], [ -91.390550409066179, 41.685616581893477 ], [ -91.390553488898689, 41.685616604567301 ], [ -91.395357659320695, 41.685651083269057 ], [ -91.39539279484552, 41.685650940691282 ], [ -91.400246336027664, 41.685623083596433 ], [ -91.405119121693943, 41.685594500142969 ], [ -91.409934408185137, 41.685592921846826 ], [ -91.414795063424762, 41.685591123366073 ], [ -91.414807644087119, 41.685591118014962 ], [ -91.41956589078859, 41.685584432205687 ], [ -91.419639399431816, 41.685584325530279 ], [ -91.424428213600848, 41.685556241056595 ], [ -91.424481407923437, 41.685556283951222 ], [ -91.429284266491834, 41.685560037020522 ], [ -91.434206884977328, 41.685563676620156 ], [ -91.439046498346343, 41.685545666138601 ], [ -91.443767162170332, 41.685527902626681 ], [ -91.443842157201018, 41.685527618734582 ], [ -91.448704867071882, 41.685521142776452 ], [ -91.453465189896335, 41.685511746523694 ], [ -91.453511573763237, 41.685511643368848 ], [ -91.458335485572718, 41.685504839618403 ], [ -91.463197322812078, 41.685497780661635 ] ] ] ] } },
{ "type": "Feature", "properties": { "OBJECTID": 24, "NAME": "Swisher", "Shape_Area": 26046149.255445477 }, "geometry": { "type": "MultiPolygon", "coordinates": [ [ [ [ -91.695132428186483, 41.851107242245249 ], [ -91.695128692717006, 41.851088386059516 ], [ -91.695124744403287, 41.851068780044763 ], [ -91.695120734442355, 41.8510491820781 ], [ -91.695116664088246, 41.851029590378019 ], [ -91.69511252970419, 41.851010005788446 ], [ -91.695108334852051, 41.850990430165787 ], [ -91.695104077199005, 41.850970860772243 ], [ -91.695099756695114, 41.850951299408088 ], [ -91.69509537577332, 41.85093174521046 ], [ -91.695090932000824, 41.850912199042298 ], [ -91.695086426581526, 41.850892660922106 ], [ -91.695081859540508, 41.850873129949889 ], [ -91.695077230802923, 41.85085360882583 ], [ -91.69507253923986, 41.850834094831086 ], [ -91.695067786030236, 41.850814588884319 ], [ -91.69506297232806, 41.850795092804468 ], [ -91.695058095800519, 41.850775603853798 ], [ -91.695053156372765, 41.850756124732683 ], [ -91.695048157706566, 41.850736653696949 ], [ -91.695043096165108, 41.850717191590562 ], [ -91.695037972927551, 41.850697739332439 ], [ -91.69503278804379, 41.850678295122215 ], [ -91.695027542667887, 41.850658860778935 ], [ -91.695022234416996, 41.850639435365025 ], [ -91.695016864470148, 41.85062001979928 ], [ -91.695011434056354, 41.850600613200292 ], [ -91.695005941946604, 41.850581216449456 ], [ -91.695000388116128, 41.850561830446892 ], [ -91.694994772589837, 41.850542454292487 ], [ -91.694989096596785, 41.850523087104797 ], [ -91.694983357704174, 41.850503729746528 ], [ -91.694977558294795, 41.85048438315517 ], [ -91.69497169836886, 41.850465047330772 ], [ -91.694965776747438, 41.850445721354497 ], [ -91.694959793405559, 41.850426406126402 ], [ -91.694953749547182, 41.850407101665247 ], [ -91.694947643943522, 41.850387808852354 ], [ -91.694941477873428, 41.850368525006111 ], [ -91.694935251237055, 41.850349253727046 ], [ -91.694928961701564, 41.850329992277302 ], [ -91.694922612828833, 41.850310742513216 ], [ -91.694916202211004, 41.850291504397482 ], [ -91.694909731077033, 41.850272277048497 ], [ -91.694903198173151, 41.850253062247944 ], [ -91.694896605957126, 41.850233858232883 ], [ -91.694640411710566, 41.849536064397732 ], [ -91.694255958629114, 41.849545233153542 ], [ -91.694258935283543, 41.849554103508552 ], [ -91.694541576191128, 41.850303457083029 ], [ -91.694547730541743, 41.850321380094613 ], [ -91.694553825579604, 41.850339313891553 ], [ -91.694559867374196, 41.850357256767055 ], [ -91.694565855850414, 41.850375211421593 ], [ -91.694571788650507, 41.850393176017469 ], [ -91.694577665799443, 41.850411149654555 ], [ -91.694583488450945, 41.850429134151838 ], [ -91.694589256655078, 41.850447127709081 ], [ -91.694594967953975, 41.850465132089106 ], [ -91.694600626009333, 41.850483145547791 ], [ -91.694606228388196, 41.850501168947901 ], [ -91.694611775090664, 41.850519202289348 ], [ -91.694617268524368, 41.850537245609658 ], [ -91.694622705152611, 41.850555296152287 ], [ -91.69462808607922, 41.850573357536469 ], [ -91.694633412558133, 41.850591427980703 ], [ -91.694638684589236, 41.850609507484883 ], [ -91.69464390099354, 41.850627595130277 ], [ -91.694649060542233, 41.850645691798327 ], [ -91.69465416564293, 41.850663797526401 ], [ -91.694659216295747, 41.850681912314535 ], [ -91.694664211321538, 41.850700035243868 ], [ -91.694669149516542, 41.850718166295735 ], [ -91.694674034467297, 41.850736306426398 ], [ -91.694678862587082, 41.850754454679574 ], [ -91.694683635079812, 41.850772611073999 ], [ -91.694688351945331, 41.850790775609717 ], [ -91.694693013183709, 41.850808948286733 ], [ -91.694697619998763, 41.850827129123701 ], [ -91.694702171211489, 41.850845317201767 ], [ -91.694706665617971, 41.850863512502379 ], [ -91.694711104372061, 41.850881716844341 ], [ -91.694715488752678, 41.850899927546088 ], [ -91.694719816301927, 41.850918146370439 ], [ -91.694724089452521, 41.850936372454598 ], [ -91.694728304617726, 41.850954604842542 ], [ -91.694732465334283, 41.850972846290603 ], [ -91.694736571677055, 41.850991094098461 ], [ -91.694740620059292, 41.85100934730977 ], [ -91.694744614017694, 41.851027608681207 ], [ -91.694748551194451, 41.851045876375082 ], [ -91.6947524327433, 41.851064152210235 ], [ -91.694756258764272, 41.851082432586267 ], [ -91.694760027978361, 41.851100720184867 ], [ -91.694763742793469, 41.851119015043395 ], [ -91.693188384715711, 41.851166055089735 ], [ -91.691986659714658, 41.851201923730748 ], [ -91.691932734978053, 41.849600611699699 ], [ -91.691822715208787, 41.849603234416307 ], [ -91.691584657232568, 41.849609275462413 ], [ -91.6915874283238, 41.84884386503041 ], [ -91.69158941494581, 41.848295036711839 ], [ -91.691591500206371, 41.847718755815023 ], [ -91.691591685046603, 41.847667938125376 ], [ -91.691591922360445, 41.847602242040885 ], [ -91.690492881546803, 41.847620847917085 ], [ -91.690492820675431, 41.847617928400062 ], [ -91.690492761032999, 41.847615008001654 ], [ -91.680639386383959, 41.847806304406859 ], [ -91.680537724805276, 41.842341856208257 ], [ -91.680658827846401, 41.842339885990206 ], [ -91.681392673353628, 41.842327956240737 ], [ -91.681392577204747, 41.842319121549451 ], [ -91.683095065687851, 41.842290648514549 ], [ -91.68561146612528, 41.842248518278524 ], [ -91.685589718964735, 41.840423596656109 ], [ -91.689484621625098, 41.840354202286669 ], [ -91.689484261154959, 41.840382246003493 ], [ -91.69021804187976, 41.840371951946771 ], [ -91.690343638556115, 41.840368941202868 ], [ -91.690384789116848, 41.838347992541273 ], [ -91.690169673134136, 41.837666165960407 ], [ -91.690155518164588, 41.837630414776214 ], [ -91.690142955924884, 41.83759433267587 ], [ -91.69013200223668, 41.837557956827446 ], [ -91.690122670339051, 41.837521330662312 ], [ -91.690114967602909, 41.837484492117547 ], [ -91.690108902452423, 41.837447484549436 ], [ -91.690104487123179, 41.837410344169456 ], [ -91.690101720359777, 41.837373115984256 ], [ -91.690100607075564, 41.837335839693239 ], [ -91.690101147318956, 41.83729855672118 ], [ -91.690103344774556, 41.837261307648689 ], [ -91.690107193547661, 41.837224131106403 ], [ -91.690112689925641, 41.83718707386322 ], [ -91.690119828088982, 41.837150171849288 ], [ -91.690188570009681, 41.836755784383264 ], [ -91.690193111661813, 41.836732910752438 ], [ -91.690201343709631, 41.836683308626505 ], [ -91.690207405815471, 41.836633534044644 ], [ -91.690211295402833, 41.836583636495526 ], [ -91.690213001294552, 41.836533671637511 ], [ -91.690212526857479, 41.836483691753187 ], [ -91.690209869465178, 41.836433748131036 ], [ -91.690205033537865, 41.836383898473024 ], [ -91.69019802372101, 41.836334192379539 ], [ -91.690188846967203, 41.836284683089005 ], [ -91.690177516197039, 41.836235425733669 ], [ -91.690164039691766, 41.836186469069744 ], [ -91.69014843393245, 41.836137870085729 ], [ -91.689969327378734, 41.835590066222586 ], [ -91.689958177148171, 41.835568382840727 ], [ -91.689948031619892, 41.835546424230238 ], [ -91.689938900874196, 41.835524217563922 ], [ -91.689930796169648, 41.835501790933385 ], [ -91.689923725304524, 41.83547916697318 ], [ -91.689917700640763, 41.835456377394209 ], [ -91.689912725161975, 41.835433444756006 ], [ -91.6899088088729, 41.835410398931636 ], [ -91.689905952274557, 41.835387265143545 ], [ -91.689904159403838, 41.835364071370826 ], [ -91.689903435475927, 41.835340846511279 ], [ -91.68990377860969, 41.835317614849735 ], [ -91.689905186723593, 41.835294407871942 ], [ -91.689907662775923, 41.835271249037476 ], [ -91.689911201099335, 41.835248168875644 ], [ -91.689915797380351, 41.835225192533798 ], [ -91.689921448409052, 41.835202348778445 ], [ -91.689928146261082, 41.835179662700753 ], [ -91.689935880504848, 41.835157162954694 ], [ -91.689944645623441, 41.835134874668746 ], [ -91.689954428853127, 41.835112823759069 ], [ -91.689965219712334, 41.835091040679892 ], [ -91.689977005612846, 41.835069545046544 ], [ -91.689989771308873, 41.835048365437906 ], [ -91.690003504086931, 41.835027525969792 ], [ -91.6900181863694, 41.835007052483391 ], [ -91.690033800653552, 41.834986968119338 ], [ -91.690050329411889, 41.834967296918464 ], [ -91.690067750302433, 41.834948062846649 ], [ -91.69008604587296, 41.8349292872444 ], [ -91.690105192578145, 41.834910994058731 ], [ -91.690106585375204, 41.834909753210653 ], [ -91.690107979400892, 41.834908511481224 ], [ -91.690125170583499, 41.834893203692445 ], [ -91.690417379852093, 41.834580903121193 ], [ -91.690634527622095, 41.834360302550863 ], [ -91.690682122525146, 41.834407070552075 ], [ -91.690731749589418, 41.834452643646507 ], [ -91.690783352470476, 41.834496969625135 ], [ -91.690836878233995, 41.834540003536297 ], [ -91.690892266773432, 41.83458169851572 ], [ -91.690949459185347, 41.834622007717748 ], [ -91.691008394058343, 41.834660887860075 ], [ -91.691069005116091, 41.834698297385408 ], [ -91.69113122964238, 41.834734196593317 ], [ -91.691160390373966, 41.834749904148687 ], [ -91.691194998877421, 41.834768546589842 ], [ -91.691234594857136, 41.83478853363809 ], [ -91.691284396273431, 41.834813919549894 ], [ -91.691332954609322, 41.83484062067258 ], [ -91.691367603747821, 41.834861139474249 ], [ -91.691380204618554, 41.834868601772897 ], [ -91.691547477646637, 41.8348581892946 ], [ -91.695307137003397, 41.834779161463807 ], [ -91.69529983255461, 41.836602000652029 ], [ -91.693507071044991, 41.836638298965333 ], [ -91.693374692283001, 41.836665080396955 ], [ -91.69358440963812, 41.836843760565721 ], [ -91.694148475932721, 41.837312604259445 ], [ -91.694839147905967, 41.837892593885712 ], [ -91.694890402885946, 41.83793490075567 ], [ -91.695021386127905, 41.838042221815115 ], [ -91.695155678441253, 41.838147231047181 ], [ -91.695293206894874, 41.83824987141162 ], [ -91.695293698599073, 41.838133733898843 ], [ -91.695298083172958, 41.83703840952424 ], [ -91.6952980879948, 41.837037324475077 ], [ -91.696737522965961, 41.837841814007916 ], [ -91.697448893416492, 41.838239717017295 ], [ -91.697062151594096, 41.838596628518331 ], [ -91.696646303764695, 41.838980406326314 ], [ -91.696561958729745, 41.83905851838891 ], [ -91.696798359689595, 41.8392001978659 ], [ -91.697266149748458, 41.839478580604485 ], [ -91.698063739305297, 41.839947907689847 ], [ -91.698148063546924, 41.839867131423233 ], [ -91.698317410871709, 41.839704889834401 ], [ -91.698610624718, 41.839278190619346 ], [ -91.69897221924731, 41.839489256403645 ], [ -91.699414403274261, 41.839497054520876 ], [ -91.700138230042754, 41.839509815034759 ], [ -91.700141262810334, 41.840060953507184 ], [ -91.700142178942485, 41.840225610822309 ], [ -91.700215572072253, 41.840225611272629 ], [ -91.701610067572304, 41.840225627642781 ], [ -91.704999514637947, 41.840221378602607 ], [ -91.704997563840067, 41.843870385222047 ], [ -91.704997276167859, 41.844406668238001 ], [ -91.704997209726898, 41.84452953509458 ], [ -91.708922714558852, 41.84453065235963 ], [ -91.70892065127002, 41.845055447557925 ], [ -91.709695594353278, 41.845058823173559 ], [ -91.709816022683682, 41.845059347103593 ], [ -91.709808875112657, 41.846825387486994 ], [ -91.709688341085027, 41.846825477915509 ], [ -91.709104218306521, 41.846825915749427 ], [ -91.709101902072092, 41.847409009333965 ], [ -91.709101493491616, 41.847511958566969 ], [ -91.704995609750071, 41.8475149608363 ], [ -91.704994564333418, 41.847514961809679 ], [ -91.700139621449452, 41.847517908823555 ], [ -91.700085559943673, 41.851109031683926 ], [ -91.700023403018406, 41.854767718617865 ], [ -91.699902994022537, 41.854765665023358 ], [ -91.695227975695602, 41.854757134646825 ], [ -91.695263076182442, 41.851104100809287 ], [ -91.695132428186483, 41.851107242245249 ] ] ] ] } },
{ "type": "Feature", "properties": { "OBJECTID": 25, "NAME": "Jefferson Twp", "Shape_Area": 667475873.47885227 }, "geometry": { "type": "MultiPolygon", "coordinates": [ [ [ [ -91.597795467210602, 41.86072521019527 ], [ -91.597782321427303, 41.85828484612545 ], [ -91.597765396945505, 41.854677784827921 ], [ -91.597724885334202, 41.851054732012038 ], [ -91.597685868465859, 41.847431702275586 ], [ -91.597672050658772, 41.843818501206179 ], [ -91.597650800797922, 41.840170540901219 ], [ -91.59762166195847, 41.836547983978519 ], [ -91.597592532281084, 41.832925425918241 ], [ -91.597560886684988, 41.829333539193414 ], [ -91.597570495760976, 41.825676940875773 ], [ -91.597586063917575, 41.82208456995069 ], [ -91.597583558067043, 41.818463089309283 ], [ -91.597618657781823, 41.814832464672392 ], [ -91.597653683423417, 41.81120929781175 ], [ -91.59765711460264, 41.810854469980747 ], [ -91.597684362885644, 41.808035399574536 ], [ -91.598661944267548, 41.807779998014723 ], [ -91.599722032234922, 41.807518694200681 ], [ -91.600415948840279, 41.807174111129363 ], [ -91.601776636760192, 41.806395507409206 ], [ -91.604966919777624, 41.805068353865536 ], [ -91.606771328270838, 41.804363662318359 ], [ -91.607800469156771, 41.803735304794195 ], [ -91.608682297482432, 41.803060051482902 ], [ -91.609179733533296, 41.802311801727058 ], [ -91.609354159915014, 41.801424824792385 ], [ -91.608949131312571, 41.800016773095358 ], [ -91.607526739667335, 41.797813566915508 ], [ -91.606343655648104, 41.796698437594308 ], [ -91.605193486268362, 41.795937125988701 ], [ -91.603565379315341, 41.794440172168862 ], [ -91.602170706049222, 41.792990751392324 ], [ -91.601648656194584, 41.792057832260625 ], [ -91.601273674868693, 41.791504556701376 ], [ -91.600983007221231, 41.790721642088741 ], [ -91.600881393764638, 41.790094173380844 ], [ -91.600790842377748, 41.788978973785099 ], [ -91.601026041491352, 41.787971510227933 ], [ -91.60159313652504, 41.786801176484261 ], [ -91.602190582560297, 41.786072282685325 ], [ -91.603006268047849, 41.785503729717504 ], [ -91.604143625938136, 41.78492917760456 ], [ -91.605462228904173, 41.784508369104799 ], [ -91.606847640907986, 41.784241702042252 ], [ -91.60800706272606, 41.784134379272963 ], [ -91.609236964064436, 41.78413560244752 ], [ -91.609239040756748, 41.784135604721698 ], [ -91.610049741354416, 41.784269663455881 ], [ -91.611177830179088, 41.784709470281932 ], [ -91.611924541837709, 41.785141495196029 ], [ -91.612775028772361, 41.785859513311834 ], [ -91.613692651764936, 41.786615374189743 ], [ -91.614433691992744, 41.787608008924579 ], [ -91.615567203472693, 41.788570828715415 ], [ -91.617266679536911, 41.789479322119718 ], [ -91.621304732226164, 41.790560037819645 ], [ -91.627193728827365, 41.791588661786548 ], [ -91.632737850764286, 41.792549775845288 ], [ -91.634970219164472, 41.7935387660565 ], [ -91.636454969667369, 41.794755894882478 ], [ -91.636953661101998, 41.796460919520094 ], [ -91.636932824535563, 41.798414273667227 ], [ -91.636136983239695, 41.800064445725461 ], [ -91.632177430377538, 41.805164718798778 ], [ -91.631532022365519, 41.807272392939069 ], [ -91.631869826798905, 41.808663272792934 ], [ -91.634569116540703, 41.809941644052756 ], [ -91.636484957101501, 41.810430753036485 ], [ -91.638794128761447, 41.810786976994976 ], [ -91.640705712233867, 41.810726258023287 ], [ -91.642426781271837, 41.810433417124514 ], [ -91.643558709514792, 41.809868298786959 ], [ -91.64492215783433, 41.808961324603324 ], [ -91.646122899964993, 41.808320274151079 ], [ -91.648099077156346, 41.807685349197072 ], [ -91.652523756257892, 41.806351840803018 ], [ -91.654657118308819, 41.806450756790795 ], [ -91.654796269706139, 41.805553379650405 ], [ -91.654177329929098, 41.804975771940654 ], [ -91.654663665602001, 41.804006387819015 ], [ -91.655296390231285, 41.803475061340968 ], [ -91.657570526451224, 41.801688960012726 ], [ -91.658362994987513, 41.800499941702128 ], [ -91.657932273351562, 41.799169047961819 ], [ -91.65790258479268, 41.798349849407941 ], [ -91.658883190246655, 41.797592586224496 ], [ -91.661173831570053, 41.796927955221548 ], [ -91.664062936830263, 41.796170801287374 ], [ -91.669408935253429, 41.795408376032476 ], [ -91.670803622839813, 41.794804987999548 ], [ -91.672353426435549, 41.793502618000119 ], [ -91.673308691940491, 41.793264118144045 ], [ -91.676666779800968, 41.794322484245903 ], [ -91.67592716730131, 41.795730587098149 ], [ -91.676595421252671, 41.79679466823255 ], [ -91.677622459559686, 41.79729520164458 ], [ -91.678053474547269, 41.79763153624878 ], [ -91.679537929449481, 41.799546022909617 ], [ -91.680328475165766, 41.800063011761644 ], [ -91.681481513648109, 41.80037115090316 ], [ -91.681859233087849, 41.800462944407784 ], [ -91.683659776492803, 41.800693913606921 ], [ -91.684923887776378, 41.800722113675121 ], [ -91.685696708193447, 41.800548267000515 ], [ -91.686520565623127, 41.800163946939158 ], [ -91.687013478621537, 41.799250888852143 ], [ -91.687286111381113, 41.798223796714915 ], [ -91.687848417691399, 41.797497362829432 ], [ -91.688754297213393, 41.797004446652338 ], [ -91.689910156550425, 41.796861893497741 ], [ -91.69106300974893, 41.797142468999752 ], [ -91.691299324870968, 41.797263799820605 ], [ -91.692537301660579, 41.797823900805639 ], [ -91.693836201033847, 41.798224373121549 ], [ -91.69512237572296, 41.798269706042802 ], [ -91.696881677896883, 41.797950541060686 ], [ -91.698457244252921, 41.797332730478196 ], [ -91.699423620012993, 41.796282929254055 ], [ -91.699716364739118, 41.795360782716529 ], [ -91.699723669352252, 41.794825623096266 ], [ -91.699466644342039, 41.79350334549062 ], [ -91.699657292007728, 41.793142923151287 ], [ -91.700192247739551, 41.792990646816307 ], [ -91.700530624351785, 41.793007630922283 ], [ -91.702452116584013, 41.794166458502296 ], [ -91.703083297605559, 41.794210022387411 ], [ -91.703959212823491, 41.793978496512018 ], [ -91.704438586791326, 41.793634449950652 ], [ -91.704856126314709, 41.79307403756642 ], [ -91.705946582242277, 41.791524714562577 ], [ -91.706369566589714, 41.791336879898317 ], [ -91.707103471136023, 41.791339755832695 ], [ -91.707359084810406, 41.79172076230553 ], [ -91.707844254433198, 41.792323002806569 ], [ -91.708900518888015, 41.792922379287823 ], [ -91.711795233667274, 41.792781047122247 ], [ -91.712515490065698, 41.792559893534083 ], [ -91.713945256893311, 41.79206964297817 ], [ -91.714530057616372, 41.791709496596155 ], [ -91.71462674813219, 41.791649950628461 ], [ -91.714659004119341, 41.791274954339215 ], [ -91.714836673384113, 41.790864456197198 ], [ -91.714834870899594, 41.791950337049506 ], [ -91.714834567918842, 41.792132346416103 ], [ -91.714833264904826, 41.792917620872537 ], [ -91.714827261555769, 41.796533010461758 ], [ -91.714821256897579, 41.800148418795864 ], [ -91.714815343769175, 41.803708519915553 ], [ -91.714808853809743, 41.807437677433775 ], [ -91.714764512336203, 41.811061090053293 ], [ -91.714737268182816, 41.814698955495224 ], [ -91.714710020980661, 41.818336816134561 ], [ -91.714673466600232, 41.822001885946591 ], [ -91.714636909276678, 41.825666951765037 ], [ -91.714620279668694, 41.827479154227568 ], [ -91.714603641030124, 41.829291343653118 ], [ -91.714596101054269, 41.830193158474309 ], [ -91.71458754179568, 41.831099243804971 ], [ -91.714566214552462, 41.832906709483275 ], [ -91.714562094020778, 41.834735194169404 ], [ -91.714560013784592, 41.83565831887438 ], [ -91.714560483298428, 41.836571508319459 ], [ -91.714556893414354, 41.837024272393691 ], [ -91.714555831508321, 41.837477063503876 ], [ -91.714554769587423, 41.837929854538366 ], [ -91.714551470781387, 41.839336423644511 ], [ -91.71454939530733, 41.840221465051414 ], [ -91.714540945481502, 41.84387029121654 ], [ -91.71453134981877, 41.847509007340584 ], [ -91.714611246920981, 41.851145663333995 ], [ -91.714649783989643, 41.854781148017906 ], [ -91.714589077960383, 41.858420211962546 ], [ -91.714528776861414, 41.862034673584603 ], [ -91.714528651058544, 41.862042236804434 ], [ -91.713526305717892, 41.862033750256337 ], [ -91.709753582087501, 41.862001726916759 ], [ -91.704809832706616, 41.861967269700436 ], [ -91.699911564344788, 41.861932921731729 ], [ -91.695001561875571, 41.861898285361548 ], [ -91.690156540808687, 41.861841356570039 ], [ -91.685311528246473, 41.861784226059605 ], [ -91.680445078341023, 41.861727917217436 ], [ -91.675578636859754, 41.861671405767595 ], [ -91.670705398030037, 41.861612365807403 ], [ -91.665832169250095, 41.861553122690871 ], [ -91.66581093421307, 41.858750549117829 ], [ -91.665808088785411, 41.858215448184595 ], [ -91.662484556418761, 41.858204300428689 ], [ -91.6624423200264, 41.855187705084504 ], [ -91.662437408979386, 41.854836884767558 ], [ -91.660832583952171, 41.854817979033129 ], [ -91.658264457749354, 41.854779792414455 ], [ -91.65825289479352, 41.853997313222095 ], [ -91.658250461703616, 41.853832673313896 ], [ -91.658215198857889, 41.851446459516026 ], [ -91.65817771290746, 41.848909469272165 ], [ -91.658167572418634, 41.848222471488228 ], [ -91.658163316978872, 41.847935183804076 ], [ -91.658161721034958, 41.847826510655416 ], [ -91.658529188399228, 41.847829750943063 ], [ -91.665728677717098, 41.847893006444743 ], [ -91.66576216003601, 41.844172417117221 ], [ -91.66576779054806, 41.842883564791606 ], [ -91.665778007698336, 41.840544751272382 ], [ -91.665780398722973, 41.840059239112044 ], [ -91.66579006836335, 41.838096484644048 ], [ -91.665795857632034, 41.836921340124768 ], [ -91.664393225765551, 41.836900576160154 ], [ -91.663712620951642, 41.836901614770817 ], [ -91.660962960362369, 41.8369057758159 ], [ -91.658515659488373, 41.836909426974216 ], [ -91.658508832034144, 41.837302621181379 ], [ -91.65740656383403, 41.837291078159694 ], [ -91.657413153612396, 41.836911905834832 ], [ -91.657339767969546, 41.836911194047062 ], [ -91.656230863454979, 41.836913305451333 ], [ -91.656229224751783, 41.837004236105258 ], [ -91.656214964423256, 41.837827053777502 ], [ -91.6568770574127, 41.837833658572556 ], [ -91.657323655865468, 41.837838112713307 ], [ -91.657318886658473, 41.838112508919387 ], [ -91.65620946767325, 41.838101716727955 ], [ -91.656205505051688, 41.838282809747483 ], [ -91.657315737324367, 41.8382936103201 ], [ -91.657296657630937, 41.839391192951119 ], [ -91.65618494187396, 41.839380363527049 ], [ -91.656180976749752, 41.839561454621375 ], [ -91.657293508198407, 41.839572293365279 ], [ -91.657279204584313, 41.840395478742472 ], [ -91.656166237211323, 41.840384652053729 ], [ -91.656163146697651, 41.840536931179159 ], [ -91.656035456398513, 41.840539775485475 ], [ -91.6559143862453, 41.840537722229627 ], [ -91.654974039136292, 41.840521778041861 ], [ -91.654582613605584, 41.840515137081226 ], [ -91.653812094290444, 41.840502064106971 ], [ -91.652632503129325, 41.840482039296162 ], [ -91.652568414865726, 41.840480952658574 ], [ -91.651017604767091, 41.840454933802135 ], [ -91.648817980889646, 41.840417202670601 ], [ -91.648826193713703, 41.839949112424669 ], [ -91.648838276077043, 41.839454269649657 ], [ -91.648838984281937, 41.839220236993803 ], [ -91.648853045268595, 41.83847688402647 ], [ -91.648874882711056, 41.837518533341687 ], [ -91.648881031763395, 41.837248736283328 ], [ -91.648892673924138, 41.83687293292062 ], [ -91.648983353906047, 41.833202215172754 ], [ -91.646439763652424, 41.833172280643595 ], [ -91.644322543919472, 41.833133180252148 ], [ -91.644113750532739, 41.833129321771516 ], [ -91.6439680485406, 41.833126628569644 ], [ -91.641506762099496, 41.833081094218741 ], [ -91.637201088667808, 41.833003250255707 ], [ -91.636573818593547, 41.832991896599943 ], [ -91.636555841593136, 41.834086855521946 ], [ -91.636528952507703, 41.835724464324421 ], [ -91.636526308042804, 41.835885591455252 ], [ -91.636522417630331, 41.836122643830507 ], [ -91.63659764055329, 41.836241068383316 ], [ -91.636679398718826, 41.836357045261799 ], [ -91.636767550055424, 41.836470372883745 ], [ -91.636861941377049, 41.836580854270686 ], [ -91.636962408649211, 41.836688297390289 ], [ -91.637068777273967, 41.836792515490224 ], [ -91.637180862393251, 41.836893327422914 ], [ -91.637528279325437, 41.837197077638422 ], [ -91.637288751139266, 41.837196596055612 ], [ -91.63724045999092, 41.837196614895142 ], [ -91.636553555552624, 41.837196884913645 ], [ -91.636504779104001, 41.837196903774959 ], [ -91.635880671637963, 41.837197147818777 ], [ -91.63505935221967, 41.837197462100519 ], [ -91.63507258550878, 41.836619764292301 ], [ -91.635073394151064, 41.836478858845574 ], [ -91.631869618021938, 41.83647855230236 ], [ -91.631869334887384, 41.836495702847202 ], [ -91.631838898518808, 41.838341221082288 ], [ -91.631807391706147, 41.840251521117111 ], [ -91.632347355376055, 41.8402515752244 ], [ -91.633051205342284, 41.840251641299034 ], [ -91.633595646377231, 41.840251691257158 ], [ -91.634027391408551, 41.840251727719334 ], [ -91.636454656859968, 41.84025190530852 ], [ -91.640809814595883, 41.840305168307957 ], [ -91.64086287224616, 41.840305815810183 ], [ -91.64136176056391, 41.84031151644102 ], [ -91.641291645061244, 41.840570140022798 ], [ -91.641283046324773, 41.841595401540687 ], [ -91.641273079140888, 41.842783801703916 ], [ -91.641268249330125, 41.843359766600628 ], [ -91.641259097292277, 41.843990918538488 ], [ -91.641217922143113, 41.847480091067091 ], [ -91.641217614903951, 41.847526902619734 ], [ -91.641216438379828, 41.847617436045013 ], [ -91.641217797515921, 41.847708038813515 ], [ -91.641218495854474, 41.847754558455762 ], [ -91.641224597359184, 41.848160993241102 ], [ -91.641270925411263, 41.851248180445083 ], [ -91.645383024697153, 41.851290244847505 ], [ -91.646043073569899, 41.851297085753863 ], [ -91.646044827687817, 41.851387634210788 ], [ -91.644954879073069, 41.851376483537187 ], [ -91.641272196999822, 41.851338733060814 ], [ -91.641321035281536, 41.854878877781744 ], [ -91.645427238797794, 41.854925058556603 ], [ -91.646051083169709, 41.854932061812065 ], [ -91.64623467039074, 41.854934124567102 ], [ -91.646289521889926, 41.858113558594781 ], [ -91.646473114525378, 41.858116084703006 ], [ -91.651130558366575, 41.858180094878207 ], [ -91.65199788577813, 41.858191995036613 ], [ -91.656040713146794, 41.858248238643917 ], [ -91.65604519159362, 41.858717407450378 ], [ -91.656071024646778, 41.861424649828614 ], [ -91.651186722474861, 41.861357683437888 ], [ -91.646342095644272, 41.861291056838787 ], [ -91.641465564536759, 41.861231466682888 ], [ -91.636575521412212, 41.861171507789358 ], [ -91.631927782486727, 41.861132345913717 ], [ -91.631725171473832, 41.861130635147944 ], [ -91.630401800983989, 41.861119447838611 ], [ -91.629329466158126, 41.861110372263141 ], [ -91.626874826473596, 41.861089559417131 ], [ -91.622047479571322, 41.861030011003322 ], [ -91.619867504936849, 41.86100953490363 ], [ -91.617192648203797, 41.860984355361126 ], [ -91.617078487153918, 41.860982718950865 ], [ -91.616947103260074, 41.860980836018307 ], [ -91.612280805211867, 41.860913867267442 ], [ -91.607477024253981, 41.860828323403517 ], [ -91.602651404524266, 41.860780526924515 ], [ -91.597795467210602, 41.86072521019527 ] ], [ [ -91.690101147318956, 41.83729855672118 ], [ -91.690100607075564, 41.837335839693239 ], [ -91.690101720359777, 41.837373115984256 ], [ -91.690104487123179, 41.837410344169456 ], [ -91.690108902452423, 41.837447484549436 ], [ -91.690114967602909, 41.837484492117547 ], [ -91.690122670339051, 41.837521330662312 ], [ -91.69013200223668, 41.837557956827446 ], [ -91.690142955924884, 41.83759433267587 ], [ -91.690155518164588, 41.837630414776214 ], [ -91.690169673134136, 41.837666165960407 ], [ -91.690384789116848, 41.838347992541273 ], [ -91.690343638556115, 41.840368941202868 ], [ -91.69021804187976, 41.840371951946771 ], [ -91.689484261154959, 41.840382246003493 ], [ -91.689484621625098, 41.840354202286669 ], [ -91.685589718964735, 41.840423596656109 ], [ -91.68561146612528, 41.842248518278524 ], [ -91.683095065687851, 41.842290648514549 ], [ -91.681392577204747, 41.842319121549451 ], [ -91.681392673353628, 41.842327956240737 ], [ -91.680658827846401, 41.842339885990206 ], [ -91.680537724805276, 41.842341856208257 ], [ -91.680639386383959, 41.847806304406859 ], [ -91.690492761032999, 41.847615008001654 ], [ -91.690492820675431, 41.847617928400062 ], [ -91.690492881546803, 41.847620847917085 ], [ -91.691591922360445, 41.847602242040885 ], [ -91.691591685046603, 41.847667938125376 ], [ -91.691591500206371, 41.847718755815023 ], [ -91.69158941494581, 41.848295036711839 ], [ -91.6915874283238, 41.84884386503041 ], [ -91.691584657232568, 41.849609275462413 ], [ -91.691822715208787, 41.849603234416307 ], [ -91.691932734978053, 41.849600611699699 ], [ -91.691986659714658, 41.851201923730748 ], [ -91.693188384715711, 41.851166055089735 ], [ -91.694763742793469, 41.851119015043395 ], [ -91.694760027978361, 41.851100720184867 ], [ -91.694756258764272, 41.851082432586267 ], [ -91.6947524327433, 41.851064152210235 ], [ -91.694748551194451, 41.851045876375082 ], [ -91.694744614017694, 41.851027608681207 ], [ -91.694740620059292, 41.85100934730977 ], [ -91.694736571677055, 41.850991094098461 ], [ -91.694732465334283, 41.850972846290603 ], [ -91.694728304617726, 41.850954604842542 ], [ -91.694724089452521, 41.850936372454598 ], [ -91.694719816301927, 41.850918146370439 ], [ -91.694715488752678, 41.850899927546088 ], [ -91.694711104372061, 41.850881716844341 ], [ -91.694706665617971, 41.850863512502379 ], [ -91.694702171211489, 41.850845317201767 ], [ -91.694697619998763, 41.850827129123701 ], [ -91.694693013183709, 41.850808948286733 ], [ -91.694688351945331, 41.850790775609717 ], [ -91.694683635079812, 41.850772611073999 ], [ -91.694678862587082, 41.850754454679574 ], [ -91.694674034467297, 41.850736306426398 ], [ -91.694669149516542, 41.850718166295735 ], [ -91.694664211321538, 41.850700035243868 ], [ -91.694659216295747, 41.850681912314535 ], [ -91.69465416564293, 41.850663797526401 ], [ -91.694649060542233, 41.850645691798327 ], [ -91.69464390099354, 41.850627595130277 ], [ -91.694638684589236, 41.850609507484883 ], [ -91.694633412558133, 41.850591427980703 ], [ -91.69462808607922, 41.850573357536469 ], [ -91.694622705152611, 41.850555296152287 ], [ -91.694617268524368, 41.850537245609658 ], [ -91.694611775090664, 41.850519202289348 ], [ -91.694606228388196, 41.850501168947901 ], [ -91.694600626009333, 41.850483145547791 ], [ -91.694594967953975, 41.850465132089106 ], [ -91.694589256655078, 41.850447127709081 ], [ -91.694583488450945, 41.850429134151838 ], [ -91.694577665799443, 41.850411149654555 ], [ -91.694571788650507, 41.850393176017469 ], [ -91.694565855850414, 41.850375211421593 ], [ -91.694559867374196, 41.850357256767055 ], [ -91.694553825579604, 41.850339313891553 ], [ -91.694547730541743, 41.850321380094613 ], [ -91.694541576191128, 41.850303457083029 ], [ -91.694258935283543, 41.849554103508552 ], [ -91.694255958629114, 41.849545233153542 ], [ -91.694640411710566, 41.849536064397732 ], [ -91.694896605957126, 41.850233858232883 ], [ -91.694903198173151, 41.850253062247944 ], [ -91.694909731077033, 41.850272277048497 ], [ -91.694916202211004, 41.850291504397482 ], [ -91.694922612828833, 41.850310742513216 ], [ -91.694928961701564, 41.850329992277302 ], [ -91.694935251237055, 41.850349253727046 ], [ -91.694941477873428, 41.850368525006111 ], [ -91.694947643943522, 41.850387808852354 ], [ -91.694953749547182, 41.850407101665247 ], [ -91.694959793405559, 41.850426406126402 ], [ -91.694965776747438, 41.850445721354497 ], [ -91.69497169836886, 41.850465047330772 ], [ -91.694977558294795, 41.85048438315517 ], [ -91.694983357704174, 41.850503729746528 ], [ -91.694989096596785, 41.850523087104797 ], [ -91.694994772589837, 41.850542454292487 ], [ -91.695000388116128, 41.850561830446892 ], [ -91.695005941946604, 41.850581216449456 ], [ -91.695011434056354, 41.850600613200292 ], [ -91.695016864470148, 41.85062001979928 ], [ -91.695022234416996, 41.850639435365025 ], [ -91.695027542667887, 41.850658860778935 ], [ -91.69503278804379, 41.850678295122215 ], [ -91.695037972927551, 41.850697739332439 ], [ -91.695043096165108, 41.850717191590562 ], [ -91.695048157706566, 41.850736653696949 ], [ -91.695053156372765, 41.850756124732683 ], [ -91.695058095800519, 41.850775603853798 ], [ -91.69506297232806, 41.850795092804468 ], [ -91.695067786030236, 41.850814588884319 ], [ -91.69507253923986, 41.850834094831086 ], [ -91.695077230802923, 41.85085360882583 ], [ -91.695081859540508, 41.850873129949889 ], [ -91.695086426581526, 41.850892660922106 ], [ -91.695090932000824, 41.850912199042298 ], [ -91.69509537577332, 41.85093174521046 ], [ -91.695099756695114, 41.850951299408088 ], [ -91.695104077199005, 41.850970860772243 ], [ -91.695108334852051, 41.850990430165787 ], [ -91.69511252970419, 41.851010005788446 ], [ -91.695116664088246, 41.851029590378019 ], [ -91.695120734442355, 41.8510491820781 ], [ -91.695124744403287, 41.851068780044763 ], [ -91.695128692717006, 41.851088386059516 ], [ -91.695132428186483, 41.851107242245249 ], [ -91.695263076182442, 41.851104100809287 ], [ -91.695227975695602, 41.854757134646825 ], [ -91.699902994022537, 41.854765665023358 ], [ -91.700023403018406, 41.854767718617865 ], [ -91.700085559943673, 41.851109031683926 ], [ -91.700139621449452, 41.847517908823555 ], [ -91.704994564333418, 41.847514961809679 ], [ -91.704995609750071, 41.8475149608363 ], [ -91.709101493491616, 41.847511958566969 ], [ -91.709101902072092, 41.847409009333965 ], [ -91.709104218306521, 41.846825915749427 ], [ -91.709688341085027, 41.846825477915509 ], [ -91.709808875112657, 41.846825387486994 ], [ -91.709816022683682, 41.845059347103593 ], [ -91.709695594353278, 41.845058823173559 ], [ -91.70892065127002, 41.845055447557925 ], [ -91.708922714558852, 41.84453065235963 ], [ -91.704997209726898, 41.84452953509458 ], [ -91.704997276167859, 41.844406668238001 ], [ -91.704997563840067, 41.843870385222047 ], [ -91.704999514637947, 41.840221378602607 ], [ -91.701610067572304, 41.840225627642781 ], [ -91.700215572072253, 41.840225611272629 ], [ -91.700142178942485, 41.840225610822309 ], [ -91.700141262810334, 41.840060953507184 ], [ -91.700138230042754, 41.839509815034759 ], [ -91.699414403274261, 41.839497054520876 ], [ -91.69897221924731, 41.839489256403645 ], [ -91.698610624718, 41.839278190619346 ], [ -91.698317410871709, 41.839704889834401 ], [ -91.698148063546924, 41.839867131423233 ], [ -91.698063739305297, 41.839947907689847 ], [ -91.697266149748458, 41.839478580604485 ], [ -91.696798359689595, 41.8392001978659 ], [ -91.696561958729745, 41.83905851838891 ], [ -91.696646303764695, 41.838980406326314 ], [ -91.697062151594096, 41.838596628518331 ], [ -91.697448893416492, 41.838239717017295 ], [ -91.696737522965961, 41.837841814007916 ], [ -91.6952980879948, 41.837037324475077 ], [ -91.695298083172958, 41.83703840952424 ], [ -91.695293698599073, 41.838133733898843 ], [ -91.695293206894874, 41.83824987141162 ], [ -91.695155678441253, 41.838147231047181 ], [ -91.695021386127905, 41.838042221815115 ], [ -91.694890402885946, 41.83793490075567 ], [ -91.694839147905967, 41.837892593885712 ], [ -91.694148475932721, 41.837312604259445 ], [ -91.69358440963812, 41.836843760565721 ], [ -91.693374692283001, 41.836665080396955 ], [ -91.693507071044991, 41.836638298965333 ], [ -91.69529983255461, 41.836602000652029 ], [ -91.695307137003397, 41.834779161463807 ], [ -91.691547477646637, 41.8348581892946 ], [ -91.691380204618554, 41.834868601772897 ], [ -91.691367603747821, 41.834861139474249 ], [ -91.691332954609322, 41.83484062067258 ], [ -91.691284396273431, 41.834813919549894 ], [ -91.691234594857136, 41.83478853363809 ], [ -91.691194998877421, 41.834768546589842 ], [ -91.691160390373966, 41.834749904148687 ], [ -91.69113122964238, 41.834734196593317 ], [ -91.691069005116091, 41.834698297385408 ], [ -91.691008394058343, 41.834660887860075 ], [ -91.690949459185347, 41.834622007717748 ], [ -91.690892266773432, 41.83458169851572 ], [ -91.690836878233995, 41.834540003536297 ], [ -91.690783352470476, 41.834496969625135 ], [ -91.690731749589418, 41.834452643646507 ], [ -91.690682122525146, 41.834407070552075 ], [ -91.690634527622095, 41.834360302550863 ], [ -91.690417379852093, 41.834580903121193 ], [ -91.690125170583499, 41.834893203692445 ], [ -91.690107979400892, 41.834908511481224 ], [ -91.690106585375204, 41.834909753210653 ], [ -91.690105192578145, 41.834910994058731 ], [ -91.69008604587296, 41.8349292872444 ], [ -91.690067750302433, 41.834948062846649 ], [ -91.690050329411889, 41.834967296918464 ], [ -91.690033800653552, 41.834986968119338 ], [ -91.6900181863694, 41.835007052483391 ], [ -91.690003504086931, 41.835027525969792 ], [ -91.689989771308873, 41.835048365437906 ], [ -91.689977005612846, 41.835069545046544 ], [ -91.689965219712334, 41.835091040679892 ], [ -91.689954428853127, 41.835112823759069 ], [ -91.689944645623441, 41.835134874668746 ], [ -91.689935880504848, 41.835157162954694 ], [ -91.689928146261082, 41.835179662700753 ], [ -91.689921448409052, 41.835202348778445 ], [ -91.689915797380351, 41.835225192533798 ], [ -91.689911201099335, 41.835248168875644 ], [ -91.689907662775923, 41.835271249037476 ], [ -91.689905186723593, 41.835294407871942 ], [ -91.68990377860969, 41.835317614849735 ], [ -91.689903435475927, 41.835340846511279 ], [ -91.689904159403838, 41.835364071370826 ], [ -91.689905952274557, 41.835387265143545 ], [ -91.6899088088729, 41.835410398931636 ], [ -91.689912725161975, 41.835433444756006 ], [ -91.689917700640763, 41.835456377394209 ], [ -91.689923725304524, 41.83547916697318 ], [ -91.689930796169648, 41.835501790933385 ], [ -91.689938900874196, 41.835524217563922 ], [ -91.689948031619892, 41.835546424230238 ], [ -91.689958177148171, 41.835568382840727 ], [ -91.689969327378734, 41.835590066222586 ], [ -91.69014843393245, 41.836137870085729 ], [ -91.690164039691766, 41.836186469069744 ], [ -91.690177516197039, 41.836235425733669 ], [ -91.690188846967203, 41.836284683089005 ], [ -91.69019802372101, 41.836334192379539 ], [ -91.690205033537865, 41.836383898473024 ], [ -91.690209869465178, 41.836433748131036 ], [ -91.690212526857479, 41.836483691753187 ], [ -91.690213001294552, 41.836533671637511 ], [ -91.690211295402833, 41.836583636495526 ], [ -91.690207405815471, 41.836633534044644 ], [ -91.690201343709631, 41.836683308626505 ], [ -91.690193111661813, 41.836732910752438 ], [ -91.690188570009681, 41.836755784383264 ], [ -91.690119828088982, 41.837150171849288 ], [ -91.690112689925641, 41.83718707386322 ], [ -91.690107193547661, 41.837224131106403 ], [ -91.690103344774556, 41.837261307648689 ], [ -91.690101147318956, 41.83729855672118 ] ] ] ] } },
{ "type": "Feature", "properties": { "OBJECTID": 26, "NAME": "Coralville", "Shape_Area": 354734723.88631594 }, "geometry": { "type": "MultiPolygon", "coordinates": [ [ [ [ -91.561097040276707, 41.726786065005818 ], [ -91.561071897922488, 41.726025935243896 ], [ -91.561009675406822, 41.724020115046308 ], [ -91.560996443587484, 41.723590745853095 ], [ -91.560979679443307, 41.723103357003801 ], [ -91.560976301856854, 41.722998286358681 ], [ -91.56096344288494, 41.722596956574478 ], [ -91.560889064727107, 41.720127569911696 ], [ -91.56093505903884, 41.720130754460897 ], [ -91.560953123926637, 41.720039864228305 ], [ -91.560979571334926, 41.719950133537878 ], [ -91.561014273487046, 41.719861995793565 ], [ -91.561057062737405, 41.719775876703558 ], [ -91.561107732381743, 41.719692192224365 ], [ -91.561166037656136, 41.719611346551652 ], [ -91.56123169691972, 41.719533730168216 ], [ -91.561304393015291, 41.719459717958181 ], [ -91.561383774801712, 41.719389667396435 ], [ -91.561469458849984, 41.719323916822191 ], [ -91.561561031295412, 41.719262783805114 ], [ -91.561658049836794, 41.719206563611586 ], [ -91.561760045872418, 41.71915552777881 ], [ -91.561866526763552, 41.719109922803597 ], [ -91.561976978213536, 41.71906996895185 ], [ -91.563066479644547, 41.718711227376943 ], [ -91.56370433180679, 41.718467932040795 ], [ -91.563789047424564, 41.718584199425216 ], [ -91.563881891593653, 41.718696928927749 ], [ -91.5639826018798, 41.718805801856107 ], [ -91.564090893606561, 41.718910510419292 ], [ -91.564206460659832, 41.719010758597783 ], [ -91.564328976352996, 41.719106262980567 ], [ -91.564458094350371, 41.719196753566656 ], [ -91.564593449646196, 41.719281974528471 ], [ -91.564864721276336, 41.719447311325453 ], [ -91.565024499611681, 41.719551996316923 ], [ -91.565179624951242, 41.719660538756123 ], [ -91.565329931450606, 41.719772822616548 ], [ -91.565475258413997, 41.719888727871655 ], [ -91.565615450465984, 41.720008130623206 ], [ -91.566366339411019, 41.721003229708387 ], [ -91.566649160290538, 41.721356162813699 ], [ -91.567451805633766, 41.72230022167404 ], [ -91.567325171234373, 41.722305982802723 ], [ -91.567319229697361, 41.722306253125723 ], [ -91.56731328816025, 41.722306523448445 ], [ -91.565978726023062, 41.722367264716887 ], [ -91.566017119744444, 41.722412456112373 ], [ -91.566119770736734, 41.722533283392707 ], [ -91.566222423338203, 41.72265410969765 ], [ -91.566325076293907, 41.722774936807454 ], [ -91.566427729657335, 41.72289576292188 ], [ -91.566530382200185, 41.723016588921062 ], [ -91.566633036298782, 41.723137415745121 ], [ -91.566714289394994, 41.723233052548011 ], [ -91.568048868564262, 41.723172303758865 ], [ -91.568194145155957, 41.723099581335241 ], [ -91.569114525270805, 41.724147849245632 ], [ -91.569312179622614, 41.724376193579424 ], [ -91.569516704199827, 41.724601117039384 ], [ -91.569727993614407, 41.724822503649378 ], [ -91.569945938986763, 41.725040239255826 ], [ -91.570170428001944, 41.725254211586531 ], [ -91.570401344967394, 41.725464310308809 ], [ -91.570503819707682, 41.725555070907369 ], [ -91.570718490571352, 41.725549528252479 ], [ -91.570637815677344, 41.722690141543943 ], [ -91.57063644711242, 41.722638159802521 ], [ -91.572291131229065, 41.722651203571459 ], [ -91.572312098558115, 41.722713760215278 ], [ -91.572551783577453, 41.723428882072334 ], [ -91.573623265042102, 41.724100523502777 ], [ -91.573907785733255, 41.724109220371048 ], [ -91.573887264533482, 41.723446815249595 ], [ -91.575056483812872, 41.723841901958565 ], [ -91.575480705265335, 41.723854863749928 ], [ -91.578154119522949, 41.723936513589457 ], [ -91.578212126453352, 41.722870175484019 ], [ -91.577864157643063, 41.722859541605906 ], [ -91.577814984271939, 41.719149017899909 ], [ -91.577791927946478, 41.717299053880396 ], [ -91.5753617703608, 41.717257132778911 ], [ -91.575340968243495, 41.715430122294016 ], [ -91.575291986108738, 41.713741207903468 ], [ -91.57527547592602, 41.713171897588154 ], [ -91.575246983707743, 41.712189419990047 ], [ -91.57523504074986, 41.711777570061379 ], [ -91.573422350031947, 41.711755504920426 ], [ -91.57318618844694, 41.711752627712976 ], [ -91.571408179265262, 41.711730953714088 ], [ -91.570566287360478, 41.711720681612938 ], [ -91.569724438327142, 41.711711886476202 ], [ -91.568506330918808, 41.711699867780716 ], [ -91.567861607207163, 41.711693500783177 ], [ -91.56698221278323, 41.711684811846418 ], [ -91.565577922706979, 41.711670921551452 ], [ -91.565572441250282, 41.711728199261607 ], [ -91.565573985725663, 41.711986957642374 ], [ -91.565576217561059, 41.712361031126115 ], [ -91.565576625699094, 41.712429473363073 ], [ -91.565579858856893, 41.712971083922554 ], [ -91.565582951174065, 41.713489341684173 ], [ -91.565515122216013, 41.713489805310736 ], [ -91.56389845199476, 41.713500831210354 ], [ -91.563288990259224, 41.713504982316572 ], [ -91.563129966866185, 41.713506065423054 ], [ -91.563129967642084, 41.713506039319043 ], [ -91.563129968444741, 41.713506012314895 ], [ -91.563141422496273, 41.713248600112252 ], [ -91.563219808030055, 41.712900353170511 ], [ -91.56375933578154, 41.711619863173993 ], [ -91.563569341366957, 41.711611496357605 ], [ -91.563569233330298, 41.711611491853468 ], [ -91.563560257294768, 41.711611097145898 ], [ -91.563551227200932, 41.711610701535676 ], [ -91.562737519938779, 41.711575029336103 ], [ -91.56128890029953, 41.711511511149901 ], [ -91.561197982738094, 41.711507524033223 ], [ -91.560787552676317, 41.711489524715553 ], [ -91.560787420640963, 41.711489518907314 ], [ -91.56078728860561, 41.711489513099039 ], [ -91.560547919423513, 41.711479020462086 ], [ -91.560547177532072, 41.711478990954532 ], [ -91.560546435453091, 41.711478967748029 ], [ -91.560073448861132, 41.711464182188479 ], [ -91.559990092812683, 41.711458005093498 ], [ -91.559989371312383, 41.711458017350161 ], [ -91.559988651013285, 41.711458029626968 ], [ -91.559023065906672, 41.711474419615023 ], [ -91.558857518684817, 41.711474166503791 ], [ -91.558562545897331, 41.711486812532208 ], [ -91.558259027899283, 41.711479842377678 ], [ -91.55825875875567, 41.711479839676372 ], [ -91.558258489504766, 41.711479840575635 ], [ -91.557406546547384, 41.711482903667822 ], [ -91.557267697706607, 41.711487018073157 ], [ -91.556160567925119, 41.711495208102669 ], [ -91.555799803066961, 41.711508724774752 ], [ -91.555648324600227, 41.711511264910435 ], [ -91.555648042947908, 41.711504833602355 ], [ -91.555647762523918, 41.711498401414183 ], [ -91.555175442064382, 41.711509835745133 ], [ -91.554791083197955, 41.711519139068031 ], [ -91.553595543526228, 41.711548068387636 ], [ -91.553121171638352, 41.711559543725585 ], [ -91.552982447065276, 41.711562898602708 ], [ -91.552713970427178, 41.711569393651224 ], [ -91.552421125754009, 41.711576475256791 ], [ -91.552053787675661, 41.711585357166634 ], [ -91.551540686106392, 41.711597763810012 ], [ -91.551052585117773, 41.711609562205162 ], [ -91.550868505164246, 41.711614010903311 ], [ -91.550858812915109, 41.711497205762264 ], [ -91.550840520752985, 41.711349418235848 ], [ -91.550815939176772, 41.711202143822305 ], [ -91.550779295964446, 41.711030602332308 ], [ -91.550735683517431, 41.710859978659286 ], [ -91.550685142515746, 41.710690431740993 ], [ -91.550627720092322, 41.710522119510976 ], [ -91.550565282640079, 41.710368722793262 ], [ -91.550488136633874, 41.710195219585067 ], [ -91.550404792700519, 41.710023333473771 ], [ -91.550315311155885, 41.709853188752675 ], [ -91.550252966914755, 41.709728934459505 ], [ -91.55019634319487, 41.709603151900573 ], [ -91.550145506509594, 41.709475988900842 ], [ -91.550100516569998, 41.709347594906738 ], [ -91.550073160918544, 41.709222586376406 ], [ -91.550054819901447, 41.709096656081734 ], [ -91.550045546588493, 41.708970168761567 ], [ -91.550045367785458, 41.708843490766107 ], [ -91.550054283957209, 41.708716988995661 ], [ -91.550072269226888, 41.708591029838111 ], [ -91.550108101393164, 41.708437411863777 ], [ -91.550152538252732, 41.708285061441252 ], [ -91.55020550084275, 41.70813424908637 ], [ -91.550266895063885, 41.707985242582133 ], [ -91.550303214086014, 41.707880527855338 ], [ -91.550493273795112, 41.707881130294034 ], [ -91.550677205043726, 41.707881824020724 ], [ -91.551680509545008, 41.707891408856149 ], [ -91.551848039524614, 41.707566979306726 ], [ -91.551847940046699, 41.707565482658914 ], [ -91.551847841770041, 41.707563986031339 ], [ -91.551826674206325, 41.70724280482365 ], [ -91.551454278813964, 41.707185738574239 ], [ -91.55109160233873, 41.707095222516379 ], [ -91.551090591204641, 41.707095236157677 ], [ -91.551089580070553, 41.707095249799053 ], [ -91.55061379770892, 41.707101702351522 ], [ -91.550600120837373, 41.707051654675354 ], [ -91.550580482167206, 41.707002733964003 ], [ -91.550555041457287, 41.706955338150308 ], [ -91.550524005660321, 41.706909852762337 ], [ -91.550986071814847, 41.706904798533984 ], [ -91.550987198288894, 41.706904785929908 ], [ -91.550988324762955, 41.706904773325874 ], [ -91.551128966629534, 41.706516761832503 ], [ -91.55123302085029, 41.706229736746316 ], [ -91.550929704439369, 41.706133229975485 ], [ -91.550329252829329, 41.706518599223365 ], [ -91.550137114339492, 41.706641914211708 ], [ -91.550136996707863, 41.706641989686176 ], [ -91.550059557262571, 41.706570902620996 ], [ -91.549976263180241, 41.706503635041734 ], [ -91.549887449166519, 41.706440457239857 ], [ -91.5497934721039, 41.706381623072787 ], [ -91.549694709617611, 41.706327368943896 ], [ -91.549437806584677, 41.706195547922412 ], [ -91.549232759330621, 41.706090517801272 ], [ -91.549106214297069, 41.706025582698167 ], [ -91.549100799360062, 41.705295112013083 ], [ -91.549096724701059, 41.704745653579018 ], [ -91.549093261417397, 41.704278386930419 ], [ -91.549511954177746, 41.704278318603045 ], [ -91.549840445718957, 41.704278265032897 ], [ -91.550060166383943, 41.704278227496978 ], [ -91.550101022931287, 41.704278220479779 ], [ -91.550701019398645, 41.704278116485249 ], [ -91.550702912200563, 41.703923012140777 ], [ -91.550704814774534, 41.703566254435088 ], [ -91.550706716153428, 41.703209495767283 ], [ -91.550709152829953, 41.702752350885042 ], [ -91.550713060477776, 41.702019652491494 ], [ -91.550713984046922, 41.701846377167911 ], [ -91.550717151164463, 41.701846357415896 ], [ -91.550720319483133, 41.701846337683953 ], [ -91.550726515145527, 41.700978951742705 ], [ -91.55072904955847, 41.700575104275316 ], [ -91.55201817210208, 41.700596849814374 ], [ -91.552210370384472, 41.700600091085747 ], [ -91.553917168227073, 41.700628857326528 ], [ -91.554985747521144, 41.700647533308057 ], [ -91.555554374870496, 41.700657040371169 ], [ -91.556999268007232, 41.700681187245117 ], [ -91.557743962308422, 41.70069362491968 ], [ -91.560402123464584, 41.700737983264368 ], [ -91.56239809109384, 41.70075163166122 ], [ -91.562400588899067, 41.700751649048279 ], [ -91.562403087905423, 41.700751666455382 ], [ -91.562486300331273, 41.70075223528891 ], [ -91.562414686595091, 41.699777007607608 ], [ -91.562408940898635, 41.699635335028276 ], [ -91.562412497739302, 41.699493622073142 ], [ -91.562425348450716, 41.699352211615036 ], [ -91.562447461880566, 41.699211445792763 ], [ -91.562478784466492, 41.699071665183226 ], [ -91.562519240366356, 41.698933207977625 ], [ -91.562568731642216, 41.69879640916303 ], [ -91.562627138497831, 41.698661599712167 ], [ -91.562694319569061, 41.698529105782725 ], [ -91.562770112266293, 41.698399247928201 ], [ -91.562840224397846, 41.698292542860358 ], [ -91.562916152235388, 41.698188097161996 ], [ -91.562997766390382, 41.698086088781089 ], [ -91.563084927788282, 41.697986691512249 ], [ -91.56317748790562, 41.697890074700638 ], [ -91.563267864548379, 41.697795399645578 ], [ -91.563352511798698, 41.697697795258186 ], [ -91.563431260909482, 41.697597456145928 ], [ -91.563503954895751, 41.697494582367938 ], [ -91.563570448847528, 41.697389379036167 ], [ -91.56341902776559, 41.697271441669834 ], [ -91.563552673210268, 41.696981436804236 ], [ -91.563780374219249, 41.696923254005902 ], [ -91.563823295134071, 41.696799009469181 ], [ -91.563873555570737, 41.69667632067393 ], [ -91.563934528201344, 41.696548641090338 ], [ -91.564003449013114, 41.696423253140431 ], [ -91.564080165288019, 41.696300434582461 ], [ -91.564164507042364, 41.696180457481525 ], [ -91.563872926902121, 41.696177667101985 ], [ -91.56442230645969, 41.695901977041011 ], [ -91.564953921817548, 41.69544377816662 ], [ -91.565032530259273, 41.695349884421596 ], [ -91.56510669010234, 41.695253979312668 ], [ -91.565906203336112, 41.694147387074686 ], [ -91.566263350562522, 41.693458332205033 ], [ -91.566287025722872, 41.693412656141973 ], [ -91.566085173271517, 41.692466772203225 ], [ -91.565534938528785, 41.691397258528859 ], [ -91.564864423463504, 41.690818500569378 ], [ -91.564424468805143, 41.69043874462298 ], [ -91.564250920987732, 41.689780012631488 ], [ -91.564055049905036, 41.6897788116855 ], [ -91.563777301108402, 41.689396270056896 ], [ -91.563727963435696, 41.689340446709913 ], [ -91.563831034453514, 41.689078258066871 ], [ -91.563798096285652, 41.688911060258661 ], [ -91.56377448698511, 41.688742978416585 ], [ -91.563760247539577, 41.688574304859152 ], [ -91.563755402640467, 41.688405332931701 ], [ -91.563759960640553, 41.688236356496255 ], [ -91.563773913539919, 41.68806766942042 ], [ -91.56379723700033, 41.687899565066338 ], [ -91.563829890388192, 41.687732335780566 ], [ -91.563871816845548, 41.68756627238561 ], [ -91.563849583343014, 41.686973181826424 ], [ -91.563805317945992, 41.686103986286589 ], [ -91.559730032420532, 41.686072806282368 ], [ -91.557446494688477, 41.686041305880657 ], [ -91.557241987940614, 41.685329760634275 ], [ -91.55720628724427, 41.685273144971362 ], [ -91.557170586636715, 41.685216528396367 ], [ -91.557165632261189, 41.685204507154829 ], [ -91.557163600033448, 41.685199570288667 ], [ -91.557147342055501, 41.685160121285612 ], [ -91.557136554668716, 41.685103923666652 ], [ -91.55712576732742, 41.685047725145502 ], [ -91.557090066886587, 41.684991109441974 ], [ -91.557079280777998, 41.684934911834787 ], [ -91.557068492340093, 41.684878712385128 ], [ -91.557045526089013, 41.684812973440067 ], [ -91.557010382071695, 41.684737694991789 ], [ -91.556987139000825, 41.684681287860656 ], [ -91.556976351831551, 41.684625090218333 ], [ -91.556953384562036, 41.684559351229758 ], [ -91.556930141604056, 41.684502944084009 ], [ -91.556883098322785, 41.684408793373109 ], [ -91.5568723101144, 41.684352594796096 ], [ -91.556849067300377, 41.684296187630522 ], [ -91.556825824526612, 41.684239780459322 ], [ -91.556818850253364, 41.684222858552808 ], [ -91.556779058515005, 41.684136298769246 ], [ -91.556743358874854, 41.684079682943228 ], [ -91.556720115095885, 41.68402327482687 ], [ -91.556696872531148, 41.68396686762506 ], [ -91.556648717277838, 41.683910044042847 ], [ -91.556588105168288, 41.683853011785047 ], [ -91.55652777138279, 41.683786646784768 ], [ -91.556479616463804, 41.683729821329067 ], [ -91.556468829916682, 41.683673622722822 ], [ -91.556433131973506, 41.683617007713664 ], [ -91.556397431717684, 41.683560391752223 ], [ -91.556349277052831, 41.683503567138686 ], [ -91.556326034994512, 41.683447159853706 ], [ -91.556290336152415, 41.683390542976305 ], [ -91.556254636091097, 41.683333928767311 ], [ -91.556206481718178, 41.68327710409072 ], [ -91.556170783046284, 41.683220488073843 ], [ -91.556147540042716, 41.683164080728027 ], [ -91.556112120932426, 41.683098132900426 ], [ -91.556088879197205, 41.683041726461099 ], [ -91.556065636355157, 41.682985318195698 ], [ -91.556042393499695, 41.682928911724964 ], [ -91.555970996911569, 41.682815678666039 ], [ -91.555947755399345, 41.682759272193515 ], [ -91.555924512753379, 41.682702864795097 ], [ -91.555889092891903, 41.682636917770068 ], [ -91.555853394873438, 41.682580300744391 ], [ -91.555782277261088, 41.682457736645532 ], [ -91.555759036039859, 41.68240133012899 ], [ -91.555742087856274, 41.682381330275284 ], [ -91.555720843279587, 41.682315620732304 ], [ -91.555717180483882, 41.682304296501073 ], [ -91.555661739318566, 41.682132808975879 ], [ -91.555629148111038, 41.681942107386192 ], [ -91.555605485980749, 41.681884678798994 ], [ -91.555569424861758, 41.681817540218894 ], [ -91.555520404252519, 41.681759687514713 ], [ -91.555484061165942, 41.681702048166215 ], [ -91.555460399223833, 41.681644620445425 ], [ -91.555463799535403, 41.681530616954255 ], [ -91.555453102049128, 41.681463901625989 ], [ -91.555429440220834, 41.681406473894604 ], [ -91.555418459403157, 41.681349259602243 ], [ -91.555382117836402, 41.681291620234745 ], [ -91.555358740675473, 41.681224693264326 ], [ -91.555347758776577, 41.681167478041779 ], [ -91.555349742415913, 41.681100975247475 ], [ -91.555326081984404, 41.681043548408788 ], [ -91.555289738268399, 41.680985908966662 ], [ -91.555279042250532, 41.680919193631091 ], [ -91.555289848463431, 41.68055691808911 ], [ -91.555291794472765, 41.680491678188034 ], [ -91.555294549197171, 41.680480801030065 ], [ -91.555316123374155, 41.68045020465761 ], [ -91.555339569319656, 41.680393545776525 ], [ -91.555363260554984, 41.680328742405834 ], [ -91.55540485208283, 41.680287115110382 ], [ -91.555419325129606, 41.68027263024284 ], [ -91.555442772122177, 41.680215971357647 ], [ -91.555477092733497, 41.680159495617026 ], [ -91.555511412111514, 41.680103018945012 ], [ -91.555534858962886, 41.680046360037977 ], [ -91.55555608770446, 41.680011426862933 ], [ -91.555569177003662, 41.679989884226629 ], [ -91.555625244684705, 41.67993377291814 ], [ -91.555713200801563, 41.679902646287012 ], [ -91.555755876542449, 41.67988531261431 ], [ -91.555790283195165, 41.679871337369001 ], [ -91.555867365514615, 41.679840028399411 ], [ -91.555944690668355, 41.679800573051132 ], [ -91.55602225860008, 41.679752972223547 ], [ -91.556099583583517, 41.679713515870603 ], [ -91.556176423889525, 41.679690353041572 ], [ -91.556253262940174, 41.679667190141323 ], [ -91.556348142092006, 41.679622061276852 ], [ -91.556350362357193, 41.6796210051495 ], [ -91.556352577738991, 41.679619951642053 ], [ -91.556429415443276, 41.6795967886044 ], [ -91.556517370694309, 41.67956566225967 ], [ -91.556594451128916, 41.679534351882985 ], [ -91.556671533864076, 41.679503042395083 ], [ -91.556770360073671, 41.679472097054308 ], [ -91.556846955861587, 41.679457080088625 ], [ -91.556934667995122, 41.679434097955514 ], [ -91.557011506500857, 41.679410933650544 ], [ -91.557099703985259, 41.679371660531416 ], [ -91.557177027836929, 41.679332204354701 ], [ -91.557254108852291, 41.679300894457128 ], [ -91.557330704354371, 41.679285876270818 ], [ -91.557407542544496, 41.679262711702144 ], [ -91.557458609527274, 41.679247318209519 ], [ -91.557484380626462, 41.67923954888267 ], [ -91.557561462611986, 41.679208237899658 ], [ -91.557563404582311, 41.6792071266566 ], [ -91.55756534535179, 41.679206015393476 ], [ -91.557672132186809, 41.679144890311697 ], [ -91.557749456650285, 41.679105432869953 ], [ -91.557848768280607, 41.679058193959669 ], [ -91.557925605991343, 41.679035029945922 ], [ -91.55802443086867, 41.679004084431213 ], [ -91.558101269680634, 41.678980919420553 ], [ -91.5581781084379, 41.678957754358812 ], [ -91.558255187328584, 41.67892644377141 ], [ -91.558332268546565, 41.678895133172595 ], [ -91.558409105919878, 41.678871967936978 ], [ -91.558485943158161, 41.678848805350619 ], [ -91.558488647969099, 41.678848095916059 ], [ -91.558491351552547, 41.678847387361508 ], [ -91.558573653921528, 41.678825821072529 ], [ -91.558651218799085, 41.678778217569437 ], [ -91.558667343808537, 41.678770427963194 ], [ -91.558727236179749, 41.678749943732619 ], [ -91.558825146995417, 41.678719006567029 ], [ -91.558894541717677, 41.678699724135598 ], [ -91.558960801866917, 41.67867407874224 ], [ -91.559025268096576, 41.678647032591456 ], [ -91.559045495234017, 41.678637151033783 ], [ -91.55916903174375, 41.678581430116822 ], [ -91.559372173901409, 41.678488730242442 ], [ -91.560038010349544, 41.678182523089156 ], [ -91.561292964575529, 41.677589414825377 ], [ -91.562511743402126, 41.677013619945853 ], [ -91.562920175845917, 41.676782689386485 ], [ -91.563460602484, 41.676477123804233 ], [ -91.563479475054493, 41.676466453370082 ], [ -91.563482248346247, 41.676463796975604 ], [ -91.56348502283852, 41.676461140601035 ], [ -91.5643388818837, 41.675643496775706 ], [ -91.564623769982617, 41.675197872738202 ], [ -91.564652549314673, 41.675152855658553 ], [ -91.564656952644128, 41.675134737082026 ], [ -91.564725819447247, 41.674873672956188 ], [ -91.564661834306278, 41.674559789822794 ], [ -91.564650397939431, 41.674503687328752 ], [ -91.564617026663058, 41.67442612512869 ], [ -91.564509064690611, 41.6741751866168 ], [ -91.56394116891056, 41.673608635643035 ], [ -91.563753464990981, 41.673421372294065 ], [ -91.563592164780388, 41.673186483613762 ], [ -91.563411304867003, 41.672923110087588 ], [ -91.563396740998243, 41.672901902866222 ], [ -91.563098151603398, 41.672392074692375 ], [ -91.56302950343192, 41.672131429538467 ], [ -91.562980681386748, 41.671946059462584 ], [ -91.562862734721335, 41.671473480157054 ], [ -91.562732656360282, 41.670733442124209 ], [ -91.562615777324794, 41.670205011574595 ], [ -91.562390471804562, 41.669856930057257 ], [ -91.562164994180165, 41.669570455960098 ], [ -91.561942431803601, 41.669368748436774 ], [ -91.561753142561955, 41.669197193683473 ], [ -91.561643951967469, 41.669098233321428 ], [ -91.561171376262521, 41.668765481592089 ], [ -91.561113314301693, 41.668736294460615 ], [ -91.56064201477821, 41.668499372870073 ], [ -91.560604057035292, 41.668480290387258 ], [ -91.559994303647898, 41.668223062584012 ], [ -91.559820631156683, 41.668180559414914 ], [ -91.559314039762427, 41.668056895678305 ], [ -91.559322040621254, 41.667814168588556 ], [ -91.559328174186177, 41.667628089447994 ], [ -91.559337264130065, 41.667352315046301 ], [ -91.559346842766729, 41.667061731236672 ], [ -91.559364796555585, 41.666517040197526 ], [ -91.559368088215848, 41.666417166551838 ], [ -91.559372643414676, 41.666278990831145 ], [ -91.563275832299169, 41.667877490704349 ], [ -91.565463869705056, 41.668773462527994 ], [ -91.565675368799205, 41.668798027528261 ], [ -91.565680731250225, 41.668798651003826 ], [ -91.567343918143592, 41.667942643529003 ], [ -91.568257917864329, 41.667472207809951 ], [ -91.568307291517741, 41.667447768292512 ], [ -91.568307352608628, 41.667447733285982 ], [ -91.568352778225162, 41.667419403165887 ], [ -91.568352854388451, 41.667419345895347 ], [ -91.568393822564559, 41.667387454418325 ], [ -91.568393874451388, 41.667387405749565 ], [ -91.568429926554387, 41.667352311826008 ], [ -91.568598466136365, 41.667105885153632 ], [ -91.56883239441062, 41.667227910421865 ], [ -91.570301338307502, 41.667991551557847 ], [ -91.572844029579059, 41.669305763780585 ], [ -91.577488288792992, 41.671711275457071 ], [ -91.578324898065802, 41.672144255822175 ], [ -91.578337073320668, 41.671725827288427 ], [ -91.578337099848738, 41.671724927133994 ], [ -91.578414981076435, 41.670273497801887 ], [ -91.579851301151407, 41.671010109145108 ], [ -91.579972145219244, 41.67107208171263 ], [ -91.581211224519862, 41.671707509005955 ], [ -91.583105561512994, 41.672678916452021 ], [ -91.582558585606833, 41.673652974441815 ], [ -91.582268755405678, 41.674169096110553 ], [ -91.584368149776083, 41.675261443537671 ], [ -91.588295979565146, 41.677304952969386 ], [ -91.589846420877493, 41.678110460482429 ], [ -91.590391180290396, 41.677048540155049 ], [ -91.590673370417818, 41.676498443972307 ], [ -91.592046353696276, 41.673808981496933 ], [ -91.59470315562146, 41.673788706078341 ], [ -91.594703192866675, 41.673788705789534 ], [ -91.595492958663229, 41.67378266721861 ], [ -91.595492998309695, 41.673782666968911 ], [ -91.598532486532491, 41.673759375543128 ], [ -91.598627516745978, 41.673758646541685 ], [ -91.598634485359668, 41.671976202060719 ], [ -91.598641199356237, 41.671976340924928 ], [ -91.598755264014187, 41.671978702157773 ], [ -91.599840626379276, 41.672001168611708 ], [ -91.599855844934638, 41.67158769620216 ], [ -91.599880726190804, 41.671116647928216 ], [ -91.599910660410103, 41.670293649979534 ], [ -91.599913654275852, 41.670211350000216 ], [ -91.598804894079407, 41.670188711921504 ], [ -91.598815386615357, 41.669899729668479 ], [ -91.59882077816296, 41.669837771746302 ], [ -91.598832416548206, 41.669776298359487 ], [ -91.598850234813753, 41.66971566308063 ], [ -91.598874130458583, 41.669656214660883 ], [ -91.598899589939762, 41.669589850662483 ], [ -91.598915982154352, 41.669521898314059 ], [ -91.598923139571014, 41.669453052218827 ], [ -91.598926502216173, 41.669360492441314 ], [ -91.598926804193752, 41.669352235376429 ], [ -91.598928015589792, 41.669343669513836 ], [ -91.598930999429058, 41.669335351244392 ], [ -91.59893568221996, 41.669327485444171 ], [ -91.598941948626418, 41.669320265845052 ], [ -91.598949644308661, 41.669313870263124 ], [ -91.598958579724467, 41.669308456219248 ], [ -91.598968534797649, 41.669304157059258 ], [ -91.598979264338439, 41.669301078669818 ], [ -91.598990504082266, 41.669299296870477 ], [ -91.599001977198611, 41.669298855546231 ], [ -91.599004738564901, 41.669222755902744 ], [ -91.599038069822598, 41.669223432714332 ], [ -91.599186127341881, 41.669229444185099 ], [ -91.599333540795797, 41.669241441042104 ], [ -91.599479876420091, 41.669259389162697 ], [ -91.599624709404054, 41.669283235660693 ], [ -91.599767620182959, 41.669312912427905 ], [ -91.599908183738052, 41.669348332356293 ], [ -91.600078064352928, 41.669391490142992 ], [ -91.600078292159552, 41.66939154520778 ], [ -91.600250896142512, 41.669428427903554 ], [ -91.600251020289775, 41.669428454252667 ], [ -91.600425772452382, 41.669458931748281 ], [ -91.600425957748328, 41.669458961800288 ], [ -91.600602471895314, 41.66948297192674 ], [ -91.6006026800802, 41.669482999651493 ], [ -91.600780683514216, 41.669500501012642 ], [ -91.600780761391562, 41.669500507691218 ], [ -91.600959533042854, 41.669511429938353 ], [ -91.600959775288629, 41.669511442910029 ], [ -91.60113921916556, 41.66951578086659 ], [ -91.601139288796531, 41.669515782006457 ], [ -91.601318869878341, 41.669513510702629 ], [ -91.601319080338797, 41.669513501539129 ], [ -91.601498085841683, 41.669504637227469 ], [ -91.601498274849646, 41.669504622309063 ], [ -91.601676506002534, 41.669489183354429 ], [ -91.601676633730776, 41.669489169234055 ], [ -91.601853699363559, 41.669467181661069 ], [ -91.601853934594317, 41.669467146784868 ], [ -91.602029241267672, 41.669438694551076 ], [ -91.602188070729667, 41.669406992430638 ], [ -91.602361444683069, 41.669372673160112 ], [ -91.602361668012577, 41.669372634485839 ], [ -91.602497607984475, 41.66935041714779 ], [ -91.602536850599378, 41.669344755838672 ], [ -91.602537010977287, 41.669344734146115 ], [ -91.60271386958631, 41.669323314658243 ], [ -91.602714016548745, 41.669323299950747 ], [ -91.602892076284121, 41.669308398490713 ], [ -91.602892312085658, 41.669308385235908 ], [ -91.603071043378634, 41.669300040868698 ], [ -91.603230472939075, 41.669295535935099 ], [ -91.60403320369231, 41.66926600709774 ], [ -91.604141100619941, 41.669266373939372 ], [ -91.604248573651816, 41.669273547451695 ], [ -91.604354860380298, 41.669287476746291 ], [ -91.604459206812152, 41.669308063009396 ], [ -91.604560872716775, 41.669335160202948 ], [ -91.604659136876677, 41.669368576100482 ], [ -91.606711674293521, 41.670146266108212 ], [ -91.606743306064246, 41.670158250464866 ], [ -91.606828230570429, 41.670188400628099 ], [ -91.606915107150684, 41.670215242692066 ], [ -91.607039727307637, 41.670247164601314 ], [ -91.607167086489255, 41.670272284498708 ], [ -91.607296525220789, 41.670290472311216 ], [ -91.607427373257352, 41.670301633860646 ], [ -91.607558953055218, 41.670305711351467 ], [ -91.608286324180213, 41.670308610887737 ], [ -91.608382911962039, 41.670308948558628 ], [ -91.610992223034046, 41.670319180866521 ], [ -91.613049208335454, 41.670327439151954 ], [ -91.613062753533896, 41.6703274739641 ], [ -91.614798566482676, 41.670334286830567 ], [ -91.615492960696344, 41.670337005104336 ], [ -91.617328290974115, 41.671652986063286 ], [ -91.617858689600055, 41.672037040623522 ], [ -91.617847997261237, 41.67343321902424 ], [ -91.61760187865454, 41.673473057099478 ], [ -91.615653174511408, 41.67379107674747 ], [ -91.613010762653573, 41.674434043758197 ], [ -91.612999196625537, 41.675252467199364 ], [ -91.609323642408398, 41.675235019047811 ], [ -91.60933862172898, 41.678849591032161 ], [ -91.609310418085954, 41.682464571833428 ], [ -91.60985443210356, 41.682476738190012 ], [ -91.610258153141274, 41.682485765073793 ], [ -91.612981767210911, 41.682546638234861 ], [ -91.617586353338993, 41.682562422497426 ], [ -91.617778911008543, 41.68256306808842 ], [ -91.617882249984135, 41.686923992134538 ], [ -91.617890647958788, 41.690811047244786 ], [ -91.618203441769964, 41.690665229953808 ], [ -91.618527375124373, 41.690520718181546 ], [ -91.618680478364666, 41.690446363999463 ], [ -91.618728095214948, 41.690426896379108 ], [ -91.618776558939956, 41.690408641141069 ], [ -91.618825814876772, 41.690391619012203 ], [ -91.618875809589483, 41.690375849838361 ], [ -91.618926482488646, 41.690361351548589 ], [ -91.618977777814919, 41.690348141249693 ], [ -91.619029638686044, 41.690336233328615 ], [ -91.619082004669025, 41.690325640313667 ], [ -91.619134817707021, 41.690316375672332 ], [ -91.619188015017343, 41.690308450093866 ], [ -91.61924154112711, 41.690301870783749 ], [ -91.619295330903938, 41.690296646592301 ], [ -91.619349324097342, 41.690292783747196 ], [ -91.619403461735573, 41.69029028579525 ], [ -91.619457680069232, 41.690289155305329 ], [ -91.619511917750856, 41.69028939488549 ], [ -91.619566115964702, 41.690291002681839 ], [ -91.619620208637343, 41.690293978524217 ], [ -91.619674138257793, 41.690298316977959 ], [ -91.619727842459326, 41.690304014330891 ], [ -91.620570309439174, 41.690394833424676 ], [ -91.621381572582806, 41.690483143696582 ], [ -91.622009194455245, 41.690545826706 ], [ -91.622795266426024, 41.690632992557362 ], [ -91.624609888552399, 41.690862687320994 ], [ -91.627703212332605, 41.691286377345079 ], [ -91.627699763773578, 41.690584683321497 ], [ -91.627691741029508, 41.688952640495103 ], [ -91.627682143202236, 41.686999923860789 ], [ -91.628729608543154, 41.686999519535782 ], [ -91.632556221195983, 41.686995524676107 ], [ -91.633162789344411, 41.686994963007734 ], [ -91.633341120716324, 41.686994797124612 ], [ -91.634166883963829, 41.686994026134748 ], [ -91.63617899256424, 41.690624096114433 ], [ -91.638250127787046, 41.694355233381422 ], [ -91.638601981027449, 41.695016066448581 ], [ -91.639196822133059, 41.696062113116071 ], [ -91.639844804507462, 41.697251973949413 ], [ -91.640420558957572, 41.698299851300398 ], [ -91.640946911731604, 41.699241139930344 ], [ -91.641427616898625, 41.700111281584164 ], [ -91.64170259111674, 41.700837664566606 ], [ -91.641914003176069, 41.701545005860631 ], [ -91.641999005657013, 41.701914699656243 ], [ -91.642082959515733, 41.702455145606621 ], [ -91.642106576463831, 41.702881442605985 ], [ -91.642104567480246, 41.703409240649272 ], [ -91.642213163710494, 41.703422419883296 ], [ -91.642189159976439, 41.7051566117078 ], [ -91.642138531416833, 41.708789945635722 ], [ -91.642087341834696, 41.712463201107312 ], [ -91.642037059649255, 41.716070827051354 ], [ -91.6420415001013, 41.719707737452012 ], [ -91.642917318231142, 41.719717605309221 ], [ -91.646801175466138, 41.71976128482315 ], [ -91.646951736840123, 41.719762975018462 ], [ -91.64696607562496, 41.723400146303433 ], [ -91.643607969385954, 41.723362764813743 ], [ -91.642228662916139, 41.723346673325914 ], [ -91.641918213597208, 41.723343030603814 ], [ -91.640447138015105, 41.723325494157535 ], [ -91.637096696726971, 41.72328548399296 ], [ -91.634658882895835, 41.723271254716423 ], [ -91.634659861122159, 41.723180695027374 ], [ -91.634660672060917, 41.723107315462997 ], [ -91.634677987165006, 41.721503160481987 ], [ -91.634694674259549, 41.719645714362379 ], [ -91.63226203562256, 41.719627131866552 ], [ -91.627585359873819, 41.719569858256129 ], [ -91.62738192960272, 41.719568440129777 ], [ -91.626976553700942, 41.719568024077475 ], [ -91.626547115257026, 41.719567581210022 ], [ -91.626094708018513, 41.719567114506752 ], [ -91.625874932028026, 41.719566887001768 ], [ -91.625508603871481, 41.719566506339682 ], [ -91.625142312990533, 41.719566124223057 ], [ -91.6247760208865, 41.719565741831545 ], [ -91.624428043471184, 41.719565376815083 ], [ -91.62409838071811, 41.719565030238456 ], [ -91.623768717968503, 41.719564682725768 ], [ -91.623717144349641, 41.719564628155155 ], [ -91.62250664686907, 41.719563344667748 ], [ -91.620305539841212, 41.719560976502308 ], [ -91.620074117884499, 41.71956072415189 ], [ -91.619773319666535, 41.719560396852209 ], [ -91.619515157067298, 41.719560116428887 ], [ -91.619278311729119, 41.719559857490992 ], [ -91.619053042741314, 41.719559610030821 ], [ -91.618888210792818, 41.71955942921872 ], [ -91.618723380046688, 41.719559248191999 ], [ -91.618558549301454, 41.719559066931311 ], [ -91.61839371858315, 41.719558884536454 ], [ -91.618229765270883, 41.719558704422987 ], [ -91.618064055869965, 41.719558521725723 ], [ -91.61789574538868, 41.719558335345134 ], [ -91.617679449223246, 41.719558095609848 ], [ -91.617638818017596, 41.719558108600076 ], [ -91.617313164114918, 41.719553706557257 ], [ -91.612806020581743, 41.719492698741682 ], [ -91.608108609425727, 41.719427718975609 ], [ -91.60797733932084, 41.719426993446284 ], [ -91.607905658839073, 41.723056876148625 ], [ -91.607541246660048, 41.723050805719517 ], [ -91.607539313647436, 41.723138381005683 ], [ -91.605764177757564, 41.723111763665223 ], [ -91.604592197703951, 41.723092215266298 ], [ -91.603273621447642, 41.72307440264769 ], [ -91.603273278456172, 41.72310047224763 ], [ -91.602909557319549, 41.723095142442716 ], [ -91.602543328757108, 41.723089643534131 ], [ -91.601745514897388, 41.723077660954679 ], [ -91.601027529383003, 41.72306684902513 ], [ -91.599666751094105, 41.723046412987351 ], [ -91.598307818374664, 41.723025895759029 ], [ -91.598308386965797, 41.722898591749555 ], [ -91.595813015797802, 41.722888495193899 ], [ -91.594525879703298, 41.722884677696072 ], [ -91.593747692894084, 41.722882826250007 ], [ -91.59344805119288, 41.722882113155357 ], [ -91.59295954623515, 41.722880947367301 ], [ -91.592929651065077, 41.722880875942018 ], [ -91.5927033812562, 41.722880335046185 ], [ -91.592211063563724, 41.722879156602097 ], [ -91.58991298691528, 41.722876174750816 ], [ -91.591320252053848, 41.720858046074767 ], [ -91.591950405221908, 41.719737912099887 ], [ -91.591814551265742, 41.719626717352043 ], [ -91.591373159704759, 41.720424738907177 ], [ -91.590404825527642, 41.719348877173914 ], [ -91.589927540441167, 41.7188185746584 ], [ -91.589629798105051, 41.718487752501467 ], [ -91.589928793432833, 41.718478424588696 ], [ -91.589927451381541, 41.717762709732789 ], [ -91.590114962824231, 41.717774045169008 ], [ -91.590019861892642, 41.717635808750728 ], [ -91.58992452182855, 41.717612929642208 ], [ -91.589119998469513, 41.717391485966758 ], [ -91.589121518915562, 41.717488546492014 ], [ -91.589044507875585, 41.717466715852154 ], [ -91.588292474280195, 41.717253540399618 ], [ -91.587613517049562, 41.717061074942798 ], [ -91.586489833568152, 41.716742529470075 ], [ -91.586272565792626, 41.716680319165469 ], [ -91.58580629192565, 41.716548208937596 ], [ -91.585532215837759, 41.716470552094336 ], [ -91.585258137974364, 41.71639289546323 ], [ -91.585121101089811, 41.716354066934258 ], [ -91.585069271951681, 41.716339382642502 ], [ -91.585068801417449, 41.716242426609412 ], [ -91.585020774620702, 41.716242207085713 ], [ -91.58470835314813, 41.716240769312961 ], [ -91.584395923385514, 41.716239326960114 ], [ -91.584083503591884, 41.716237872223218 ], [ -91.583771077646503, 41.716236421947293 ], [ -91.583585100074288, 41.716235558127586 ], [ -91.583134036048349, 41.716233455368929 ], [ -91.582739495121018, 41.716231627926 ], [ -91.582364107649198, 41.716229881407301 ], [ -91.581526017754257, 41.716225977355641 ], [ -91.580809344277114, 41.716222634711741 ], [ -91.580562232730017, 41.716221455031651 ], [ -91.580213613135854, 41.716219830773142 ], [ -91.580224573963292, 41.717191171724537 ], [ -91.580229308579064, 41.717610651074338 ], [ -91.580230053348544, 41.717676758759936 ], [ -91.580247399716882, 41.719213843588072 ], [ -91.580283512238168, 41.722413667733974 ], [ -91.580292777081496, 41.722933838378644 ], [ -91.579208315001011, 41.72444122902747 ], [ -91.579036811525924, 41.724684057371469 ], [ -91.577789285290237, 41.726448959476471 ], [ -91.577130162575116, 41.726434755661124 ], [ -91.575663106763415, 41.726403129144366 ], [ -91.575542228087983, 41.726400522101351 ], [ -91.575553705836356, 41.726894694877402 ], [ -91.574869592318379, 41.72692143391231 ], [ -91.574266161599155, 41.726945015164269 ], [ -91.572374770420438, 41.727018910054682 ], [ -91.572167328313625, 41.727027056972744 ], [ -91.572418136191786, 41.727249052033855 ], [ -91.572672363971378, 41.7274688537264 ], [ -91.572723617625897, 41.727512548693781 ], [ -91.572852340104291, 41.72762139411374 ], [ -91.573195152434536, 41.727898165624914 ], [ -91.573543395240733, 41.728171107161401 ], [ -91.573161107903374, 41.728164913609177 ], [ -91.573106530275339, 41.728164029420213 ], [ -91.571451425352095, 41.728137203736914 ], [ -91.571452488180384, 41.728151699095712 ], [ -91.570805508241563, 41.728148515114846 ], [ -91.570836368805402, 41.729372105645758 ], [ -91.570858694090404, 41.73030668977394 ], [ -91.570871646001336, 41.731078594149466 ], [ -91.570905326102334, 41.732867252604876 ], [ -91.57091126945889, 41.733439736704554 ], [ -91.570913606397781, 41.733577097351301 ], [ -91.567644199777831, 41.733542166541852 ], [ -91.567510763234239, 41.733538693956497 ], [ -91.567377849659294, 41.733529196120294 ], [ -91.567245943526387, 41.733513707653096 ], [ -91.567115525635842, 41.733492285010698 ], [ -91.566987071362178, 41.733465006279054 ], [ -91.566861048920842, 41.733431970889477 ], [ -91.566737917661342, 41.733393299256271 ], [ -91.566618126392484, 41.733349132337587 ], [ -91.566496337137593, 41.733299159372812 ], [ -91.566378774372311, 41.733243798025327 ], [ -91.566265862477451, 41.733183248144798 ], [ -91.566158009041203, 41.733117728310582 ], [ -91.564601156623979, 41.732146637405222 ], [ -91.563694736887882, 41.731581233749601 ], [ -91.562462535999359, 41.73079764885955 ], [ -91.561937697114359, 41.730460195504953 ], [ -91.561831792446426, 41.730383890171233 ], [ -91.561732572592319, 41.730302699539486 ], [ -91.561640438311102, 41.730216951567513 ], [ -91.561555761736187, 41.730126992620555 ], [ -91.561478884872528, 41.730033186071957 ], [ -91.56141011821542, 41.729935910835231 ], [ -91.561355514890408, 41.729846901322297 ], [ -91.561307719176824, 41.729755720978289 ], [ -91.561266884046347, 41.729662661683619 ], [ -91.561233140187099, 41.72956802133227 ], [ -91.561206595585702, 41.72947210287802 ], [ -91.561187335181941, 41.729375213364769 ], [ -91.561175420597323, 41.729277662943467 ], [ -91.561170889938097, 41.729179763879294 ], [ -91.561156507096726, 41.728824305835488 ], [ -91.561122351407718, 41.727690125556357 ], [ -91.561097040276707, 41.726786065005818 ] ] ] ] } },
{ "type": "Feature", "properties": { "OBJECTID": 27, "NAME": "Big Grove Twp", "Shape_Area": 888142334.16484177 }, "geometry": { "type": "MultiPolygon", "coordinates": [ [ [ [ -91.481993734086629, 41.816510461418964 ], [ -91.482040022949818, 41.812953752587106 ], [ -91.482040906987876, 41.812885866058245 ], [ -91.482044087905564, 41.812247294681818 ], [ -91.482044989350001, 41.812066386304501 ], [ -91.482058910055713, 41.809271304338893 ], [ -91.482162118845196, 41.80563722408337 ], [ -91.482217635065837, 41.803682305719747 ], [ -91.48236678118154, 41.803683245163633 ], [ -91.48236368889593, 41.803958314782115 ], [ -91.483045850049507, 41.803962610169791 ], [ -91.483044777608086, 41.804003765620003 ], [ -91.483038457721108, 41.804243462419755 ], [ -91.483029372795968, 41.804587995181336 ], [ -91.483018268425539, 41.805008380262585 ], [ -91.483011955815599, 41.805247408881023 ], [ -91.483006484129547, 41.805438151825825 ], [ -91.483000364546839, 41.805648743773297 ], [ -91.482981783976015, 41.806295159829418 ], [ -91.482975458330145, 41.806514644860336 ], [ -91.482964801313031, 41.806884394816485 ], [ -91.48295848540036, 41.807103523345319 ], [ -91.483238126768896, 41.807443986483456 ], [ -91.483410961015423, 41.807654407936319 ], [ -91.483583567374978, 41.807864450509634 ], [ -91.483825755862568, 41.808159165415489 ], [ -91.483976752437513, 41.808342908709555 ], [ -91.484032637218007, 41.808410911835978 ], [ -91.484200849008047, 41.808615599824002 ], [ -91.484199345103931, 41.80866534004538 ], [ -91.484185973815499, 41.809107866198538 ], [ -91.484180122725363, 41.809301475119831 ], [ -91.484696533505399, 41.809308048181826 ], [ -91.485215585530881, 41.809314652124733 ], [ -91.485567184085411, 41.809319124377957 ], [ -91.485895675528113, 41.809323301426637 ], [ -91.486225738655691, 41.809327763239757 ], [ -91.486555801856269, 41.809332223215947 ], [ -91.486888612088066, 41.809336718125387 ], [ -91.487215928337505, 41.809341142157734 ], [ -91.487545991645973, 41.809345600223288 ], [ -91.4878760550274, 41.809350056451798 ], [ -91.4882684632273, 41.809355353974318 ], [ -91.488488505533212, 41.809358323830288 ], [ -91.48882445623147, 41.809362862140027 ], [ -91.489786280656389, 41.809375849914147 ], [ -91.489778104296661, 41.810170328102814 ], [ -91.48976182618766, 41.811752136400862 ], [ -91.490317790020313, 41.811733428337696 ], [ -91.491583134950602, 41.811690904068037 ], [ -91.491696252610339, 41.811687082336903 ], [ -91.493704157883968, 41.811612072237097 ], [ -91.493951455200701, 41.812076519438115 ], [ -91.494118469066223, 41.812390461407674 ], [ -91.494505255965279, 41.813117303727196 ], [ -91.495752633063759, 41.815451958896105 ], [ -91.495610762042475, 41.813131618192422 ], [ -91.49556659509112, 41.812409214324553 ], [ -91.495547579384251, 41.812098187949374 ], [ -91.495371351669988, 41.811358532571695 ], [ -91.495186596980304, 41.810523688424908 ], [ -91.495160438711849, 41.810356583096713 ], [ -91.495154783757116, 41.810312751394875 ], [ -91.495146666033591, 41.810122912648161 ], [ -91.495144573462738, 41.810073986649947 ], [ -91.495145803846015, 41.809905243677328 ], [ -91.495147825770189, 41.80986197665483 ], [ -91.49539547038961, 41.809863644400011 ], [ -91.496535220590061, 41.809875678590771 ], [ -91.496534540950918, 41.809505629944312 ], [ -91.496631703816306, 41.809507673015332 ], [ -91.496851695550873, 41.809512298508032 ], [ -91.497071688492142, 41.809516924505402 ], [ -91.497291680261554, 41.809521550065753 ], [ -91.497511672117597, 41.809526173409765 ], [ -91.497731663921869, 41.809530799037923 ], [ -91.49795165584041, 41.809535421549555 ], [ -91.498683213796937, 41.809552641764398 ], [ -91.498972873805641, 41.809558666317415 ], [ -91.499122322575346, 41.809561774043267 ], [ -91.499158547077243, 41.809562527307683 ], [ -91.499415646846558, 41.809567874079022 ], [ -91.499488793570976, 41.809569395123972 ], [ -91.499708971200462, 41.80957397247478 ], [ -91.499928852901974, 41.809578544315933 ], [ -91.500148736329223, 41.809583113987301 ], [ -91.500258460352114, 41.809585396276425 ], [ -91.500368184382779, 41.809587678461988 ], [ -91.50047805281946, 41.809589962127525 ], [ -91.500587922466948, 41.809592245709993 ], [ -91.500804250183464, 41.809596742175998 ], [ -91.501124342627563, 41.809603393805268 ], [ -91.501344337048366, 41.809607964930969 ], [ -91.501341801041946, 41.810434159390105 ], [ -91.501341578302032, 41.810506605949719 ], [ -91.501339421993123, 41.811107571123074 ], [ -91.501337221475978, 41.811653122814974 ], [ -91.501336556972461, 41.811881742017832 ], [ -91.501334994475002, 41.812419220169581 ], [ -91.501334299371308, 41.812657963818616 ], [ -91.501333606613485, 41.81289670928863 ], [ -91.501332911499574, 41.813135452896454 ], [ -91.501332218731562, 41.813374198325221 ], [ -91.501331699765302, 41.813552747674983 ], [ -91.501331523579836, 41.813612942791856 ], [ -91.501331063151383, 41.813851687671743 ], [ -91.501330405164111, 41.814078408418865 ], [ -91.501329747336754, 41.814304810350926 ], [ -91.501328395051715, 41.814689104113931 ], [ -91.501327918704561, 41.814853179366494 ], [ -91.501327520138375, 41.814991018952277 ], [ -91.501326942442532, 41.815188600580164 ], [ -91.501326367121891, 41.815386183135494 ], [ -91.501325793083922, 41.815583762997008 ], [ -91.501325218987219, 41.815781344644577 ], [ -91.501324644887006, 41.815978926278007 ], [ -91.50132407310673, 41.816176510638925 ], [ -91.501323495362243, 41.816374093082011 ], [ -91.501322920158998, 41.816571671051939 ], [ -91.501322259270097, 41.816799111075817 ], [ -91.50181171205945, 41.816812785001531 ], [ -91.502031663321532, 41.816818928793438 ], [ -91.502358841811301, 41.81682806765042 ], [ -91.502630116619315, 41.816835643442523 ], [ -91.502901387853285, 41.816843219439967 ], [ -91.503172660381338, 41.816850793925262 ], [ -91.503443931741785, 41.816858368657172 ], [ -91.503715207978317, 41.816865942839087 ], [ -91.50398648671208, 41.816873515529451 ], [ -91.504257748636306, 41.816881088197881 ], [ -91.50452902268367, 41.816888659540119 ], [ -91.504800038155793, 41.816896224009213 ], [ -91.505078495195008, 41.816904047938372 ], [ -91.50537186966082, 41.81691229197417 ], [ -91.505591892464807, 41.816918473475937 ], [ -91.505933217657187, 41.816928062013673 ], [ -91.506200932509145, 41.816935582802756 ], [ -91.506468647423148, 41.816943102975522 ], [ -91.506756231863463, 41.816951180275836 ], [ -91.507624518614989, 41.81697556308216 ], [ -91.511010521750478, 41.817068243168677 ], [ -91.511978509759587, 41.817088090862391 ], [ -91.512491895040938, 41.817098602471049 ], [ -91.512711878943449, 41.817104825650148 ], [ -91.512913430025719, 41.817109096101305 ], [ -91.513060188361848, 41.817112310770348 ], [ -91.513360872911022, 41.817118777401554 ], [ -91.513661559926561, 41.817125243296424 ], [ -91.513962245853634, 41.817131706593187 ], [ -91.514262931812965, 41.817138170012605 ], [ -91.51456361780464, 41.817144633554683 ], [ -91.514937643141948, 41.81715267114442 ], [ -91.515311666192716, 41.817160706590045 ], [ -91.515605019669593, 41.817167009823265 ], [ -91.515781044772439, 41.817170791809851 ], [ -91.515922023198655, 41.817173820450016 ], [ -91.516419475715637, 41.817184504738009 ], [ -91.517400639282897, 41.817206732136036 ], [ -91.518436526736039, 41.817232807332225 ], [ -91.52066703329956, 41.817288924312948 ], [ -91.520744929349163, 41.813625322024393 ], [ -91.520750027273891, 41.813303148201449 ], [ -91.520754212543594, 41.813043491845178 ], [ -91.520755857142476, 41.812934600790037 ], [ -91.520760202254223, 41.812450774434375 ], [ -91.520763088913128, 41.812002814969034 ], [ -91.520764625048045, 41.811764073012142 ], [ -91.520766162484406, 41.811525327454689 ], [ -91.520767696135778, 41.811286587215839 ], [ -91.5207692322643, 41.811047844296965 ], [ -91.520774916799567, 41.810643508554932 ], [ -91.520775542609684, 41.810546339761395 ], [ -91.520279795474437, 41.81003991688511 ], [ -91.520175389716286, 41.809931595034023 ], [ -91.518727009145664, 41.809906544988358 ], [ -91.518707580724154, 41.810509656145335 ], [ -91.516895559006954, 41.810313146656142 ], [ -91.516230610985588, 41.809859607002473 ], [ -91.515901427467696, 41.809853593787196 ], [ -91.515898940775372, 41.810004671845014 ], [ -91.515871422395563, 41.811676209062611 ], [ -91.513239384699247, 41.811639073386729 ], [ -91.513258764042462, 41.809762918659032 ], [ -91.511144443899468, 41.80965757456849 ], [ -91.511148402182457, 41.809275593061152 ], [ -91.511079303424751, 41.809272149361412 ], [ -91.511101038829793, 41.807174749107119 ], [ -91.511102539604209, 41.807029941697294 ], [ -91.511103504375654, 41.806936764311104 ], [ -91.511107084456043, 41.806593418235806 ], [ -91.511111810672787, 41.806135250062255 ], [ -91.511121161890358, 41.805232691287493 ], [ -91.510023337511299, 41.805210260473984 ], [ -91.506289800433748, 41.805133849280715 ], [ -91.506299398695631, 41.804585000687723 ], [ -91.506327435113391, 41.802605105884894 ], [ -91.50632832399792, 41.802550212739952 ], [ -91.506330994575251, 41.802397817083438 ], [ -91.506336327425259, 41.802125072240351 ], [ -91.506356443117994, 41.801096103651957 ], [ -91.50635840860761, 41.800995467574147 ], [ -91.506361522701269, 41.80083605592602 ], [ -91.506371712490193, 41.80031436782587 ], [ -91.50582179587829, 41.800303628084379 ], [ -91.501773691838068, 41.800224489004037 ], [ -91.501553735137534, 41.800220193526791 ], [ -91.501532075415454, 41.801529328717244 ], [ -91.501525016043999, 41.801956020240695 ], [ -91.501519568182204, 41.802285299884993 ], [ -91.498194133084397, 41.802230920382229 ], [ -91.498146889610638, 41.802192516050859 ], [ -91.49809739995554, 41.802152284481132 ], [ -91.496403705303479, 41.800642261473385 ], [ -91.496214772473436, 41.80047353637017 ], [ -91.495790808718283, 41.80009491320115 ], [ -91.495366848718561, 41.799716287526422 ], [ -91.49473846397855, 41.79915508642533 ], [ -91.494004638023583, 41.798626308526188 ], [ -91.493883339765816, 41.798539031644786 ], [ -91.493704762925276, 41.798410377053081 ], [ -91.493546276031637, 41.798296196265667 ], [ -91.493115019886304, 41.797985495472098 ], [ -91.492850329328846, 41.797794798944246 ], [ -91.492369931829188, 41.79744889423511 ], [ -91.491981850496487, 41.79716945697092 ], [ -91.491965986362075, 41.797158097734389 ], [ -91.491532780290115, 41.796847888366472 ], [ -91.490810218098275, 41.796330467060848 ], [ -91.490367569170786, 41.796011972088927 ], [ -91.489956750788934, 41.79597556157713 ], [ -91.488409110637875, 41.795098124009542 ], [ -91.485493627563073, 41.793445325719958 ], [ -91.4838195730308, 41.792496227514903 ], [ -91.483598152523541, 41.792374002988836 ], [ -91.483372603104371, 41.792256082689939 ], [ -91.48314307414573, 41.792142544701193 ], [ -91.482909717652831, 41.792033464203207 ], [ -91.482672688162879, 41.791928913424819 ], [ -91.482432142642878, 41.791828961594952 ], [ -91.482441487229352, 41.791293554198568 ], [ -91.482444504815376, 41.791088282864898 ], [ -91.482469756159034, 41.787553100452485 ], [ -91.482470451539584, 41.787455718896211 ], [ -91.482471456594467, 41.787371986431864 ], [ -91.48251402028832, 41.783825023284045 ], [ -91.482556452048314, 41.780288761333814 ], [ -91.482558626103184, 41.780107646973342 ], [ -91.48257163244142, 41.77902345901613 ], [ -91.482572904543716, 41.778917477657586 ], [ -91.482601266631079, 41.776553464367538 ], [ -91.48264343433766, 41.772937212915771 ], [ -91.483110947281929, 41.772945233929214 ], [ -91.487487130213566, 41.773020544941026 ], [ -91.487536212707411, 41.773021386189733 ], [ -91.489317842536494, 41.773051539111236 ], [ -91.49233085017832, 41.773103022368794 ], [ -91.492388984663052, 41.773103974769299 ], [ -91.497209115575089, 41.773182846599461 ], [ -91.497272845164588, 41.773183888507809 ], [ -91.497343031903625, 41.77318503538752 ], [ -91.497542279507883, 41.773188291588838 ], [ -91.497584925455527, 41.773188987925906 ], [ -91.502027279558192, 41.773261487670155 ], [ -91.502214894326642, 41.773264546642956 ], [ -91.503168379437966, 41.773279526386737 ], [ -91.503387700907084, 41.773282970844967 ], [ -91.503536652430327, 41.773285310957846 ], [ -91.504295629612599, 41.773297226812716 ], [ -91.505690655823472, 41.77331911625857 ], [ -91.506904368932226, 41.773338147718121 ], [ -91.50695643371148, 41.773338963488996 ], [ -91.507077119277341, 41.773340843852381 ], [ -91.50715599067523, 41.773341652891787 ], [ -91.510799401036238, 41.773433864152594 ], [ -91.511759005933939, 41.773457825325977 ], [ -91.51217438449703, 41.773465215392456 ], [ -91.516507951477251, 41.77354222101043 ], [ -91.517148225285041, 41.773550454601825 ], [ -91.521375577424649, 41.773604729032904 ], [ -91.52149221788801, 41.773606440863048 ], [ -91.521814398451184, 41.773611169032023 ], [ -91.522106042378709, 41.773615447563344 ], [ -91.526199758806072, 41.773675432989357 ], [ -91.526963226073619, 41.77368660421638 ], [ -91.531023914586825, 41.773745936073574 ], [ -91.531820741056208, 41.773759604883608 ], [ -91.533230778154774, 41.773787874801187 ], [ -91.535884439757382, 41.773840629528252 ], [ -91.536724797647494, 41.773857323200758 ], [ -91.539999160745381, 41.773909155084503 ], [ -91.540063984620005, 41.773909601207755 ], [ -91.540315204585255, 41.773912006495863 ], [ -91.540741384512955, 41.773914849435819 ], [ -91.541590965427773, 41.773934846032986 ], [ -91.542717074838592, 41.773954024657378 ], [ -91.544569911867839, 41.773985555493816 ], [ -91.545517596762039, 41.774001672104255 ], [ -91.546456235216425, 41.774002746994064 ], [ -91.547189249096533, 41.774015008521651 ], [ -91.547985492876094, 41.774028321542801 ], [ -91.54818101717639, 41.77403158952702 ], [ -91.549092522209264, 41.774046821453297 ], [ -91.550301922798212, 41.774067020778858 ], [ -91.551561979437963, 41.774085372508949 ], [ -91.552253266037141, 41.7740954343057 ], [ -91.552822062422834, 41.774102612316611 ], [ -91.553719481364169, 41.774117339478657 ], [ -91.554671515329886, 41.774131789086461 ], [ -91.554854183120966, 41.774142176461908 ], [ -91.555081316031348, 41.774146596046165 ], [ -91.555822344535727, 41.774151342778048 ], [ -91.556245385449998, 41.774154051075435 ], [ -91.559859923719529, 41.77417712115809 ], [ -91.559910327269606, 41.774178032231916 ], [ -91.5601837226735, 41.774182970339183 ], [ -91.561042000129049, 41.774198467873816 ], [ -91.561298949187218, 41.774203107252831 ], [ -91.561224744014169, 41.774814153112402 ], [ -91.561482556984103, 41.775697679721738 ], [ -91.562067657820634, 41.776481537969566 ], [ -91.563072264469099, 41.77741346957896 ], [ -91.564337701976442, 41.778518217460274 ], [ -91.564676086241818, 41.778722794088814 ], [ -91.5654658690042, 41.779200262279268 ], [ -91.566987171864199, 41.779950213883424 ], [ -91.568552645063008, 41.780637766097421 ], [ -91.569659188709508, 41.780997050987125 ], [ -91.570757270012393, 41.781180662841464 ], [ -91.571652823234118, 41.781212924938153 ], [ -91.572640619295811, 41.78105761448942 ], [ -91.573415633182364, 41.780820559418494 ], [ -91.574606351676096, 41.78027190886877 ], [ -91.575394706486691, 41.779829966719852 ], [ -91.576161842306234, 41.779263760020747 ], [ -91.576553928044618, 41.778900656855186 ], [ -91.576971893013024, 41.778513581880212 ], [ -91.577488005425593, 41.77795686208065 ], [ -91.577818782985872, 41.777509111538677 ], [ -91.578066546019087, 41.777191128969825 ], [ -91.578424128260906, 41.776885063865883 ], [ -91.579211984218929, 41.776308183284968 ], [ -91.580116221500418, 41.775787168754412 ], [ -91.580720750144692, 41.775536420025674 ], [ -91.5817480114343, 41.775275642688236 ], [ -91.582919073797996, 41.775180938405477 ], [ -91.583938293948279, 41.775219194685938 ], [ -91.585782343562911, 41.775652040917997 ], [ -91.586849117226734, 41.776155636765388 ], [ -91.587457522986909, 41.776689784002599 ], [ -91.58872332591163, 41.778231817026459 ], [ -91.589300780803725, 41.779112667713378 ], [ -91.589591768940068, 41.779675551959365 ], [ -91.589889686610647, 41.780677233507191 ], [ -91.58984319468081, 41.781400821418764 ], [ -91.589602904452008, 41.781957268571034 ], [ -91.588932345730385, 41.782822817725723 ], [ -91.588233043563179, 41.783300481015495 ], [ -91.587464381998444, 41.783684628528718 ], [ -91.586698406135213, 41.783896756005788 ], [ -91.585857742244102, 41.784060190616188 ], [ -91.584314485656591, 41.784225415250376 ], [ -91.583190407534957, 41.784345748010722 ], [ -91.581684680618906, 41.784417497497962 ], [ -91.581559768378185, 41.784423447398744 ], [ -91.581153757053144, 41.784409748442386 ], [ -91.581044896542451, 41.784406086470383 ], [ -91.579405785918837, 41.784549981420028 ], [ -91.578681072954353, 41.784727555592077 ], [ -91.577951999505203, 41.785037039694117 ], [ -91.57719332744108, 41.785639802879558 ], [ -91.576623671223103, 41.786241668231867 ], [ -91.57617907114043, 41.787093422898884 ], [ -91.576031596203137, 41.787884824440269 ], [ -91.576013856918294, 41.78862566336678 ], [ -91.576012083203551, 41.789727120305926 ], [ -91.576062019177527, 41.790322452599611 ], [ -91.576298191027263, 41.790818089381474 ], [ -91.576719880729527, 41.791261885753393 ], [ -91.577130532072047, 41.791536244771372 ], [ -91.577928672223464, 41.791861627466261 ], [ -91.578985596003619, 41.792169030158931 ], [ -91.579746608552355, 41.792429509222636 ], [ -91.580400489564866, 41.792748159811524 ], [ -91.580647276154266, 41.792869281228633 ], [ -91.580988395837252, 41.793036698566539 ], [ -91.582037131698215, 41.793528663730612 ], [ -91.582414078738964, 41.793801367292232 ], [ -91.582716593550202, 41.794165178857121 ], [ -91.582918823861235, 41.794810265509994 ], [ -91.582851982434804, 41.795476439114957 ], [ -91.582636800812708, 41.796071146820616 ], [ -91.582362647602736, 41.796662073043237 ], [ -91.582008114797091, 41.797969753380023 ], [ -91.582033100285301, 41.798232376765114 ], [ -91.582254479963225, 41.798611361257208 ], [ -91.583584228001499, 41.799507082059371 ], [ -91.584696139710502, 41.800796918032241 ], [ -91.584869368218477, 41.801480779832758 ], [ -91.584704107085145, 41.802152049886637 ], [ -91.584279507053893, 41.802716635438429 ], [ -91.584122069594343, 41.802925977477884 ], [ -91.583904066223582, 41.803446735987372 ], [ -91.583643532709104, 41.804069084433117 ], [ -91.583503515653732, 41.804403544343664 ], [ -91.583175534932167, 41.805186974711695 ], [ -91.582773406645202, 41.806147496020074 ], [ -91.5827181274569, 41.806755915529301 ], [ -91.58283165340292, 41.807475224918747 ], [ -91.583425209619364, 41.808036394717682 ], [ -91.585897899835345, 41.809462323291619 ], [ -91.587749074065513, 41.809973470631697 ], [ -91.589047708323392, 41.810039027294721 ], [ -91.590152286536593, 41.809754295021591 ], [ -91.591613227807741, 41.809579046060449 ], [ -91.592490712542272, 41.809462136840146 ], [ -91.596170353850198, 41.808619089156281 ], [ -91.597684362885644, 41.808035399574536 ], [ -91.597657113399507, 41.810854469961107 ], [ -91.597653683423417, 41.81120929781175 ], [ -91.597619533938996, 41.8147419086431 ], [ -91.597618657755504, 41.814832465572579 ], [ -91.597617782772772, 41.814923022518691 ], [ -91.597583556863782, 41.818463089289608 ], [ -91.597586063917575, 41.82208456995069 ], [ -91.597570496964352, 41.825676940895484 ], [ -91.597560886684988, 41.829333539193414 ], [ -91.597592532281084, 41.832925425918241 ], [ -91.59762166195847, 41.836547983978519 ], [ -91.597650800797922, 41.840170540901219 ], [ -91.597672050658772, 41.843818501206179 ], [ -91.597685868465859, 41.847431702275586 ], [ -91.597724885334202, 41.851054732012038 ], [ -91.597765396945505, 41.854677784827921 ], [ -91.597782321427303, 41.85828484612545 ], [ -91.597795467210602, 41.86072521019527 ], [ -91.593684712772955, 41.860688115512495 ], [ -91.588962037274626, 41.860645318575223 ], [ -91.584149891899301, 41.860589370815624 ], [ -91.579211232474904, 41.860538148069473 ], [ -91.578906980918887, 41.860534983726765 ], [ -91.575966749502626, 41.860504364482352 ], [ -91.575073733908013, 41.860495049607678 ], [ -91.574272908058106, 41.860486690525519 ], [ -91.569552018967201, 41.860437303111333 ], [ -91.569364494727111, 41.86043533696607 ], [ -91.569338105574687, 41.860435180802121 ], [ -91.564455673169732, 41.860406284620176 ], [ -91.559586621005479, 41.860377362601703 ], [ -91.554730903481712, 41.860336413308517 ], [ -91.550076360661265, 41.860296968998377 ], [ -91.54529414531703, 41.860255246879824 ], [ -91.540485315097371, 41.860216707038312 ], [ -91.535609137130791, 41.860181522769281 ], [ -91.53057811254466, 41.860145016169469 ], [ -91.525750604003534, 41.860118371880056 ], [ -91.520923063259744, 41.860091528498707 ], [ -91.515839123046931, 41.860042533376955 ], [ -91.511002782268079, 41.859995716883866 ], [ -91.506150430743986, 41.859962701173231 ], [ -91.501298082933644, 41.859929483999643 ], [ -91.496313803698285, 41.859879958170929 ], [ -91.493086799747985, 41.859847779998731 ], [ -91.491329499852498, 41.859830219130409 ], [ -91.48640314881284, 41.859747947592297 ], [ -91.481545617744388, 41.859681217241956 ], [ -91.481572000654509, 41.856357108224174 ], [ -91.481584762779391, 41.85442539870197 ], [ -91.481587039942767, 41.854169438714798 ], [ -91.481596683091382, 41.852766013407617 ], [ -91.48161236542164, 41.850074625771988 ], [ -91.48161775437876, 41.849149885035175 ], [ -91.481624063025677, 41.847327418271739 ], [ -91.481635229840492, 41.845590421779058 ], [ -91.481635608688819, 41.845508226443869 ], [ -91.481635592584567, 41.845409267592672 ], [ -91.481635015055488, 41.841869101117062 ], [ -91.48163443113954, 41.838279980902193 ], [ -91.481693908985619, 41.83466252586495 ], [ -91.481754749700357, 41.831052541883473 ], [ -91.481792391076596, 41.827398902742395 ], [ -91.481833265071188, 41.823774459834574 ], [ -91.481911956607092, 41.820212458279869 ], [ -91.481993734086629, 41.816510461418964 ] ] ], [ [ [ -91.50239849964133, 41.805930899241417 ], [ -91.503854840428403, 41.805954379857617 ], [ -91.503852434119722, 41.806067133411517 ], [ -91.503846262453166, 41.806356431202275 ], [ -91.503548251600364, 41.806283364301628 ], [ -91.503253207599144, 41.806203843252959 ], [ -91.502961380111699, 41.806117935348567 ], [ -91.502673016075477, 41.806025713285088 ], [ -91.502562152297415, 41.805988260026155 ], [ -91.50239849964133, 41.805930899241417 ] ] ] ] } },
{ "type": "Feature", "properties": { "OBJECTID": 28, "NAME": "Solon", "Shape_Area": 44393158.354158178 }, "geometry": { "type": "MultiPolygon", "coordinates": [ [ [ [ -91.501322259270097, 41.816799111075817 ], [ -91.501322920158998, 41.816571671051939 ], [ -91.501323495362243, 41.816374093082011 ], [ -91.50132407310673, 41.816176510638925 ], [ -91.501324644887006, 41.815978926278007 ], [ -91.501325218987219, 41.815781344644577 ], [ -91.501325793083922, 41.815583762997008 ], [ -91.501326368352764, 41.815386182256063 ], [ -91.501326942442532, 41.815188600580164 ], [ -91.501327520138375, 41.814991018952277 ], [ -91.501327918704561, 41.814853179366494 ], [ -91.501328395051715, 41.814689104113931 ], [ -91.501329747336754, 41.814304810350926 ], [ -91.501330405164111, 41.814078408418865 ], [ -91.501331063151383, 41.813851687671743 ], [ -91.501331523579836, 41.813612942791856 ], [ -91.501331699765302, 41.813552747674983 ], [ -91.501332218731562, 41.813374198325221 ], [ -91.501332911499574, 41.813135452896454 ], [ -91.501333606613485, 41.81289670928863 ], [ -91.501334299371308, 41.812657963818616 ], [ -91.501334994475002, 41.812419220169581 ], [ -91.501336556972461, 41.811881742017832 ], [ -91.501337221475978, 41.811653122814974 ], [ -91.501339421993123, 41.811107571123074 ], [ -91.501341578302032, 41.810506605949719 ], [ -91.501341801041946, 41.810434159390105 ], [ -91.501344337048366, 41.809607964930969 ], [ -91.501124342627563, 41.809603393805268 ], [ -91.500804250183464, 41.809596742175998 ], [ -91.500587922466948, 41.809592245709993 ], [ -91.50047805281946, 41.809589962127525 ], [ -91.500368184382779, 41.809587678461988 ], [ -91.500258460352114, 41.809585396276425 ], [ -91.500148736329223, 41.809583113987301 ], [ -91.499928852901974, 41.809578544315933 ], [ -91.499708971200462, 41.80957397247478 ], [ -91.499488793570976, 41.809569395123972 ], [ -91.499415646846558, 41.809567874079022 ], [ -91.499158547077243, 41.809562527307683 ], [ -91.499122322575346, 41.809561774043267 ], [ -91.498972873805641, 41.809558666317415 ], [ -91.498939873214681, 41.80955798020576 ], [ -91.498683213796937, 41.809552641764398 ], [ -91.49795165584041, 41.809535421549555 ], [ -91.497731663921869, 41.809530799037923 ], [ -91.497511672117597, 41.809526173409765 ], [ -91.497291680261554, 41.809521550065753 ], [ -91.497071688492142, 41.809516924505402 ], [ -91.496851695550873, 41.809512298508032 ], [ -91.496631703816306, 41.809507673015332 ], [ -91.496534540950918, 41.809505629944312 ], [ -91.496535220590061, 41.809875678590771 ], [ -91.49539547038961, 41.809863644400011 ], [ -91.495147825770189, 41.80986197665483 ], [ -91.495145803846015, 41.809905243677328 ], [ -91.495144573462738, 41.810073986649947 ], [ -91.495146666033591, 41.810122912648161 ], [ -91.495154783757116, 41.810312751394875 ], [ -91.495160438711849, 41.810356583096713 ], [ -91.495186596980304, 41.810523688424908 ], [ -91.495371277159492, 41.811358216088884 ], [ -91.495371426208251, 41.811358848154455 ], [ -91.495547579384251, 41.812098187949374 ], [ -91.49556659509112, 41.812409214324553 ], [ -91.495610762042475, 41.813131618192422 ], [ -91.495752633063759, 41.815451958896105 ], [ -91.494505255965279, 41.813117303727196 ], [ -91.494118469066223, 41.812390461407674 ], [ -91.493951455200701, 41.812076519438115 ], [ -91.493704157883968, 41.811612072237097 ], [ -91.491696252610339, 41.811687082336903 ], [ -91.491583134950602, 41.811690904068037 ], [ -91.490317790020313, 41.811733428337696 ], [ -91.48976182618766, 41.811752136400862 ], [ -91.489778104296661, 41.810170328102814 ], [ -91.489786280656389, 41.809375849914147 ], [ -91.48882445623147, 41.809362862140027 ], [ -91.488488505533212, 41.809358323830288 ], [ -91.4882684632273, 41.809355353974318 ], [ -91.4878760550274, 41.809350056451798 ], [ -91.487545991645973, 41.809345600223288 ], [ -91.487215928337505, 41.809341142157734 ], [ -91.486891360332777, 41.809336752216062 ], [ -91.486885865074328, 41.809336683155315 ], [ -91.486555801856269, 41.809332223215947 ], [ -91.486225738655691, 41.809327763239757 ], [ -91.485895675528113, 41.809323301426637 ], [ -91.485567184085411, 41.809319124377957 ], [ -91.485215585530881, 41.809314652124733 ], [ -91.484696533505399, 41.809308048181826 ], [ -91.484180122725363, 41.809301475119831 ], [ -91.484185973815499, 41.809107866198538 ], [ -91.484199345103931, 41.80866534004538 ], [ -91.484200849008047, 41.808615599824002 ], [ -91.484032637218007, 41.808410911835978 ], [ -91.483976752437513, 41.808342908709555 ], [ -91.483825755862568, 41.808159165415489 ], [ -91.483583567374978, 41.807864450509634 ], [ -91.483410961015423, 41.807654407936319 ], [ -91.483238126768896, 41.807443986483456 ], [ -91.48295848540036, 41.807103523345319 ], [ -91.482964801313031, 41.806884394816485 ], [ -91.482975458330145, 41.806514644860336 ], [ -91.482981783976015, 41.806295159829418 ], [ -91.483000364546839, 41.805648743773297 ], [ -91.483006484129547, 41.805438151825825 ], [ -91.483011955815599, 41.805247408881023 ], [ -91.483018268425539, 41.805008380262585 ], [ -91.483029372795968, 41.804587995181336 ], [ -91.483038272011029, 41.804251044697509 ], [ -91.483038643431073, 41.804235880141981 ], [ -91.483044777608086, 41.804003765620003 ], [ -91.483045850049507, 41.803962610169791 ], [ -91.48236368889593, 41.803958314782115 ], [ -91.48236678118154, 41.803683245163633 ], [ -91.482217635065837, 41.803682305719747 ], [ -91.481698668872511, 41.803679034819908 ], [ -91.481694960483338, 41.804008327908505 ], [ -91.480753466243684, 41.804002386673666 ], [ -91.480093917085171, 41.803083218950377 ], [ -91.480418403835941, 41.802988256143898 ], [ -91.480103078536985, 41.802385041174837 ], [ -91.480106303291677, 41.802099380203977 ], [ -91.480107559076302, 41.801989610686213 ], [ -91.48226518807563, 41.802007655805873 ], [ -91.482266998882181, 41.801893377787067 ], [ -91.48227164804247, 41.801589887757387 ], [ -91.482275432041547, 41.80134289801061 ], [ -91.482279212472335, 41.80109610000202 ], [ -91.482282992212589, 41.800849439747338 ], [ -91.482286727774081, 41.80060552274486 ], [ -91.482287290685591, 41.800568780204067 ], [ -91.482290512024306, 41.800358559933841 ], [ -91.482294293812132, 41.80011159795913 ], [ -91.482298078004959, 41.7998646351041 ], [ -91.48230186096626, 41.799617672206203 ], [ -91.482305643870873, 41.799370710186416 ], [ -91.482311577590622, 41.798983362933875 ], [ -91.48231508777026, 41.798754236452538 ], [ -91.482319554739192, 41.798454394743182 ], [ -91.482320902864373, 41.798363841321965 ], [ -91.482323756843556, 41.798172252749588 ], [ -91.482327785234034, 41.797901882692578 ], [ -91.482331713074686, 41.797638208419684 ], [ -91.482335380026996, 41.79739206733781 ], [ -91.482339544496725, 41.7971125317423 ], [ -91.482341996068769, 41.79694788933157 ], [ -91.482346175096481, 41.796667339 ], [ -91.482349771886803, 41.796425863383135 ], [ -91.482353369881153, 41.796184386866081 ], [ -91.482357048920051, 41.795937423645306 ], [ -91.482360726756085, 41.795690459481648 ], [ -91.482365016573453, 41.795402527152255 ], [ -91.482367468016761, 41.795237884640372 ], [ -91.482372174689161, 41.794921990404752 ], [ -91.482375116230926, 41.79472450166508 ], [ -91.482375685213285, 41.79468880201744 ], [ -91.482379410000689, 41.794455533577754 ], [ -91.482383132749163, 41.794222291200249 ], [ -91.482387076262214, 41.793975329699542 ], [ -91.4823910185426, 41.79372836815601 ], [ -91.48239496079303, 41.793481406590644 ], [ -91.482399561509382, 41.793193256994478 ], [ -91.482408490602921, 41.792633888276711 ], [ -91.482416631840039, 41.792123912159134 ], [ -91.482432142642878, 41.791828961594952 ], [ -91.482672688162879, 41.791928913424819 ], [ -91.482909717652831, 41.792033464203207 ], [ -91.48314307414573, 41.792142544701193 ], [ -91.483372603104357, 41.792256082689974 ], [ -91.483598152523541, 41.792374002988851 ], [ -91.4838195730308, 41.792496227514903 ], [ -91.485493627563073, 41.793445325719958 ], [ -91.488409110637875, 41.795098124009542 ], [ -91.489956750788934, 41.79597556157713 ], [ -91.490367569170786, 41.796011972088927 ], [ -91.490810218098275, 41.796330467060848 ], [ -91.491532780290115, 41.796847888366472 ], [ -91.491965986362075, 41.797158097734389 ], [ -91.491981850496487, 41.79716945697092 ], [ -91.492369931829188, 41.79744889423511 ], [ -91.492850329328846, 41.797794798944246 ], [ -91.493115019886304, 41.797985495472098 ], [ -91.493546276031637, 41.798296196265667 ], [ -91.493704762925276, 41.798410377053081 ], [ -91.493883339765816, 41.798539031644786 ], [ -91.494004638023583, 41.798626308526188 ], [ -91.49473846397855, 41.79915508642533 ], [ -91.495366848718561, 41.799716287526422 ], [ -91.495790808718283, 41.80009491320115 ], [ -91.496214772473436, 41.80047353637017 ], [ -91.496403705303479, 41.800642261473385 ], [ -91.49809739995554, 41.802152284481132 ], [ -91.498146889610638, 41.802192516050859 ], [ -91.498194133084397, 41.802230920382229 ], [ -91.501519568182204, 41.802285299884993 ], [ -91.501525016043999, 41.801956020240695 ], [ -91.501532075415454, 41.801529328717244 ], [ -91.501553735137534, 41.800220193526791 ], [ -91.501773691838068, 41.800224489004037 ], [ -91.50582179587829, 41.800303628084379 ], [ -91.506371712490193, 41.80031436782587 ], [ -91.506361522701269, 41.80083605592602 ], [ -91.50635840860761, 41.800995467574147 ], [ -91.506356443117994, 41.801096103651957 ], [ -91.506336327425259, 41.802125072240351 ], [ -91.506330994575251, 41.802397817083438 ], [ -91.50632832399792, 41.802550212739952 ], [ -91.506327435113391, 41.802605105884894 ], [ -91.506299398695631, 41.804585000687723 ], [ -91.506289800433748, 41.805133849280715 ], [ -91.510023337511299, 41.805210260473984 ], [ -91.511121161890358, 41.805232691287493 ], [ -91.511111810672787, 41.806135250062255 ], [ -91.511107084456043, 41.806593418235806 ], [ -91.511103504375654, 41.806936764311104 ], [ -91.511102539604209, 41.807029941697294 ], [ -91.511101038829793, 41.807174749107119 ], [ -91.511079303424751, 41.809272149361412 ], [ -91.511148402182457, 41.809275593061152 ], [ -91.511144443899468, 41.80965757456849 ], [ -91.513258764042462, 41.809762918659032 ], [ -91.513239384699247, 41.811639073386729 ], [ -91.515871422395563, 41.811676209062611 ], [ -91.515898940775372, 41.810004671845014 ], [ -91.515901427467696, 41.809853593787196 ], [ -91.516230610985588, 41.809859607002473 ], [ -91.516895559006954, 41.810313146656142 ], [ -91.518707580724154, 41.810509656145335 ], [ -91.518727009145664, 41.809906544988358 ], [ -91.520175389716286, 41.809931595034023 ], [ -91.520279795474437, 41.81003991688511 ], [ -91.520775542609684, 41.810546339761395 ], [ -91.520774916799567, 41.810643508554932 ], [ -91.5207692322643, 41.811047844296965 ], [ -91.520767696135778, 41.811286587215839 ], [ -91.520766162484406, 41.811525327454689 ], [ -91.520764625048045, 41.811764073012142 ], [ -91.520763088913128, 41.812002814969034 ], [ -91.520760202254223, 41.812450774434375 ], [ -91.520755857142476, 41.812934600790037 ], [ -91.520754212543594, 41.813043491845178 ], [ -91.520750027273891, 41.813303148201449 ], [ -91.520744929349163, 41.813625322024393 ], [ -91.52066703329956, 41.817288924312948 ], [ -91.519718052877465, 41.817265054702823 ], [ -91.518436526736039, 41.817232807332225 ], [ -91.517400639282897, 41.817206732136036 ], [ -91.516419475715637, 41.817184504738009 ], [ -91.515922023198655, 41.817173820450016 ], [ -91.515781044772439, 41.817170791809851 ], [ -91.515605019669593, 41.817167009823265 ], [ -91.515311666192716, 41.817160706590045 ], [ -91.514937643141948, 41.81715267114442 ], [ -91.51456361780464, 41.817144633554683 ], [ -91.514262931812965, 41.817138170012605 ], [ -91.513962245853634, 41.817131706593187 ], [ -91.513661559926561, 41.817125243296424 ], [ -91.513360872911022, 41.817118777401554 ], [ -91.513060188361848, 41.817112310770348 ], [ -91.512913430025719, 41.817109096101305 ], [ -91.512711878943449, 41.817104825650148 ], [ -91.512491895040938, 41.817098602471049 ], [ -91.511978508776437, 41.817088083641117 ], [ -91.511010521750478, 41.817068243168677 ], [ -91.507624518614989, 41.81697556308216 ], [ -91.506756231863463, 41.816951180275836 ], [ -91.506468647423148, 41.816943102975522 ], [ -91.506200932509145, 41.816935582802756 ], [ -91.505933217657187, 41.816928062013673 ], [ -91.505591892464807, 41.816918473475937 ], [ -91.50537186966082, 41.81691229197417 ], [ -91.505078495195008, 41.816904047938372 ], [ -91.504800038155793, 41.816896224009213 ], [ -91.50452902268367, 41.816888659540119 ], [ -91.504257748636306, 41.816881088197881 ], [ -91.50398648671208, 41.816873515529451 ], [ -91.503715207978317, 41.816865942839087 ], [ -91.503443931741785, 41.816858368657172 ], [ -91.503172660381338, 41.816850793925262 ], [ -91.502901387853285, 41.816843219439967 ], [ -91.502630116619315, 41.816835643442523 ], [ -91.502358841811301, 41.81682806765042 ], [ -91.502031663321532, 41.816818928793438 ], [ -91.50181171205945, 41.816812785001531 ], [ -91.501322259270097, 41.816799111075817 ] ], [ [ -91.503852434119722, 41.806067133411517 ], [ -91.503854840428403, 41.805954379857617 ], [ -91.50239849964133, 41.805930899241417 ], [ -91.502562152297415, 41.805988260026155 ], [ -91.502673016075477, 41.806025713285088 ], [ -91.502961380111671, 41.80611793534861 ], [ -91.50325320759913, 41.80620384325303 ], [ -91.503548251600336, 41.806283364301677 ], [ -91.503846262453166, 41.806356431202275 ], [ -91.503852434119722, 41.806067133411517 ] ] ] ] } },
{ "type": "Feature", "properties": { "OBJECTID": 29, "NAME": "Madison Twp", "Shape_Area": 577465956.05034447 }, "geometry": { "type": "MultiPolygon", "coordinates": [ [ [ [ -91.631532021162471, 41.807272392919664 ], [ -91.632177430377538, 41.805164718798778 ], [ -91.636136983239695, 41.800064445725461 ], [ -91.636932824535563, 41.798414273667227 ], [ -91.636953659924899, 41.796460918600701 ], [ -91.636454968464534, 41.794755894863201 ], [ -91.634970219164472, 41.7935387660565 ], [ -91.632737850764286, 41.792549775845288 ], [ -91.627193728827365, 41.791588661786548 ], [ -91.621304732252156, 41.790560036919572 ], [ -91.617266679536911, 41.789479322119718 ], [ -91.617267071939466, 41.788387982132221 ], [ -91.617267625086185, 41.786843310809061 ], [ -91.617268114537097, 41.785478493505146 ], [ -91.61725635486556, 41.782279924059864 ], [ -91.617227470279389, 41.782280497943553 ], [ -91.617221696683799, 41.781383165327703 ], [ -91.617217493698803, 41.780729937755211 ], [ -91.617210604525084, 41.779659134132949 ], [ -91.617204420028997, 41.778697950335847 ], [ -91.617204319654078, 41.778682287220207 ], [ -91.617187339577725, 41.776042975614992 ], [ -91.617193544122557, 41.776042964497655 ], [ -91.617179587483022, 41.775107312058026 ], [ -91.61730329967763, 41.775107393334814 ], [ -91.617314251015287, 41.771955789354067 ], [ -91.6176207985567, 41.771958668437513 ], [ -91.6179140459341, 41.771961418594145 ], [ -91.618207292107883, 41.771964168891436 ], [ -91.618500539482838, 41.771966919368332 ], [ -91.618793784503737, 41.771969668166136 ], [ -91.61908703195428, 41.771972416262777 ], [ -91.619380278201163, 41.771975164500112 ], [ -91.620208004213239, 41.771982915281754 ], [ -91.620211500105981, 41.771848142863881 ], [ -91.620229493158178, 41.771154445302187 ], [ -91.620235048398413, 41.770940268368058 ], [ -91.620242540990731, 41.770649954867352 ], [ -91.620435098927956, 41.770568119483592 ], [ -91.619662208399674, 41.769548575186619 ], [ -91.620090977019515, 41.769365249133536 ], [ -91.620647737656526, 41.769294752216481 ], [ -91.620650261593582, 41.768704191875734 ], [ -91.620448612464969, 41.768694209515395 ], [ -91.619544905712957, 41.768649468053418 ], [ -91.618280490938673, 41.766980318573431 ], [ -91.618222922733892, 41.766904319380039 ], [ -91.62220038706063, 41.766928752236865 ], [ -91.622200803293367, 41.766864066758693 ], [ -91.622200968599486, 41.766838192007548 ], [ -91.62220174474038, 41.766717446543844 ], [ -91.622206977977072, 41.765903756941739 ], [ -91.622208853957531, 41.765611963486968 ], [ -91.622217986416146, 41.764191552636845 ], [ -91.6222183301809, 41.764138094946418 ], [ -91.622220063949456, 41.763869078556027 ], [ -91.622221449791937, 41.763654205996758 ], [ -91.622222623170032, 41.763472098489125 ], [ -91.622224327754054, 41.763301224978484 ], [ -91.624743316099497, 41.763321157831257 ], [ -91.62496322652909, 41.763322894994495 ], [ -91.625307056935711, 41.763325608713885 ], [ -91.625587882950214, 41.763327825281515 ], [ -91.625868746254312, 41.763330041771738 ], [ -91.626201983379971, 41.763332670182436 ], [ -91.626664052961587, 41.763336312767365 ], [ -91.627111022081891, 41.763339834320504 ], [ -91.627112199889609, 41.76316763400223 ], [ -91.627114886812493, 41.762775127454802 ], [ -91.627116869810422, 41.762485200683109 ], [ -91.627118625312249, 41.762228396216898 ], [ -91.627119753186392, 41.762063742576714 ], [ -91.627127590022724, 41.760918330711384 ], [ -91.627128608711388, 41.760769346696634 ], [ -91.627129947693788, 41.760573601108959 ], [ -91.627131735545262, 41.760312323037461 ], [ -91.627132862901675, 41.760147643164679 ], [ -91.627135158467951, 41.759811886504323 ], [ -91.627135777556404, 41.759721326728233 ], [ -91.632023219178251, 41.759721349164401 ], [ -91.634466831325668, 41.759721780438078 ], [ -91.636910443658252, 41.759722154911422 ], [ -91.641426432565169, 41.759763094948113 ], [ -91.641427979334082, 41.75967254210552 ], [ -91.641430771869082, 41.759508723109619 ], [ -91.641531039489251, 41.758654184410631 ], [ -91.641559435207228, 41.758412166635104 ], [ -91.641578155419921, 41.757314550341448 ], [ -91.641562599528854, 41.755825364732431 ], [ -91.641561970564894, 41.755765103109361 ], [ -91.641542127727348, 41.755625884223385 ], [ -91.64151341183188, 41.75548753568799 ], [ -91.641475888709849, 41.755350374396798 ], [ -91.641429644364393, 41.755214714522012 ], [ -91.641374784773035, 41.755080866794977 ], [ -91.641311435644454, 41.75494913779427 ], [ -91.641239742130026, 41.754819829243822 ], [ -91.641159868490973, 41.754693237321774 ], [ -91.640356390810425, 41.753494887093069 ], [ -91.640039128460003, 41.752838206644618 ], [ -91.63963401994971, 41.752708021731308 ], [ -91.638535448140885, 41.752644040260932 ], [ -91.637436080767699, 41.752634932584961 ], [ -91.637071062450914, 41.752534202034866 ], [ -91.637072621406261, 41.75242888362736 ], [ -91.636888263579749, 41.752427037671744 ], [ -91.63689666938788, 41.752313437713418 ], [ -91.637071756201721, 41.752314893604435 ], [ -91.637216138935031, 41.752316093626121 ], [ -91.637809711684355, 41.752218573130854 ], [ -91.638623867934101, 41.752206767956331 ], [ -91.638910141916625, 41.752202614828299 ], [ -91.639863103685485, 41.751944274630759 ], [ -91.639925525522202, 41.751862003607606 ], [ -91.640610216788588, 41.750959544702731 ], [ -91.64083832621354, 41.75065391236194 ], [ -91.640919288793654, 41.750537729476015 ], [ -91.640995359736479, 41.750419707410892 ], [ -91.641066464653505, 41.750299961619781 ], [ -91.641087762165355, 41.750262012679343 ], [ -91.64115805947759, 41.750128605809287 ], [ -91.64122221959434, 41.749993475746379 ], [ -91.641280167067436, 41.749856780543695 ], [ -91.64133183441983, 41.749718680526307 ], [ -91.641378122089023, 41.749576132696689 ], [ -91.641417718767229, 41.749432458968094 ], [ -91.641450575975071, 41.749287835405667 ], [ -91.641476653492944, 41.749142439237424 ], [ -91.641495919410019, 41.748996448636937 ], [ -91.641533392226279, 41.748823877381007 ], [ -91.641557173891826, 41.748824092239381 ], [ -91.641771714391965, 41.747754878984196 ], [ -91.641794546879851, 41.745171707475286 ], [ -91.641815049918591, 41.743865584912399 ], [ -91.64184203950397, 41.742148443945517 ], [ -91.64184893703225, 41.741709388303235 ], [ -91.641899553891633, 41.738471710852593 ], [ -91.641869958808797, 41.737901530824914 ], [ -91.641852999137697, 41.73779127933679 ], [ -91.641850632497437, 41.737549178790815 ], [ -91.641900086167055, 41.737221621105981 ], [ -91.641876487298788, 41.736990183811585 ], [ -91.641899319343821, 41.736730203242082 ], [ -91.641884962288202, 41.736194370070841 ], [ -91.641766390589282, 41.734755558976751 ], [ -91.641789319914835, 41.734321702897596 ], [ -91.641822959875967, 41.734230830610926 ], [ -91.641810442119606, 41.733999705468257 ], [ -91.641665532888354, 41.733439418711662 ], [ -91.641596195682297, 41.732960216617016 ], [ -91.641539414857306, 41.732288662475803 ], [ -91.641709726969395, 41.730725659053832 ], [ -91.639503846662521, 41.730706939045049 ], [ -91.639453607256186, 41.734212062739992 ], [ -91.638709520278354, 41.734206261111751 ], [ -91.638707671562301, 41.73433269658512 ], [ -91.637153587369923, 41.734335645490759 ], [ -91.637013725660807, 41.734335909597114 ], [ -91.63700703278441, 41.734195607970285 ], [ -91.636904930850122, 41.73419522780295 ], [ -91.636832378256457, 41.734193772739985 ], [ -91.634852613767364, 41.734188413103993 ], [ -91.634551918260854, 41.73419300691954 ], [ -91.634278183823241, 41.73419718845129 ], [ -91.634088280067289, 41.734192643722139 ], [ -91.633898264576359, 41.734188096886292 ], [ -91.633708744693209, 41.734187108627758 ], [ -91.63351830763304, 41.734186114321943 ], [ -91.633327506851074, 41.734183925112234 ], [ -91.633138313433307, 41.734184130815649 ], [ -91.6327583366119, 41.734182169759663 ], [ -91.632378333494472, 41.734182761036458 ], [ -91.632097658025316, 41.734181825853561 ], [ -91.631998407008211, 41.734181139616815 ], [ -91.631563538710594, 41.734178118635612 ], [ -91.631343721691465, 41.734176605657971 ], [ -91.631017040926494, 41.7341743583045 ], [ -91.63075264224895, 41.734172535448891 ], [ -91.630489216380965, 41.734170455683788 ], [ -91.630224815370397, 41.734168755866222 ], [ -91.629960429905196, 41.734166933220067 ], [ -91.627239335286234, 41.734148199646803 ], [ -91.627247444596719, 41.733283784260756 ], [ -91.627268477222088, 41.73066046308638 ], [ -91.627261119834074, 41.730660496610248 ], [ -91.625952233464275, 41.730666488910877 ], [ -91.625475872485666, 41.730668665636607 ], [ -91.625256027139912, 41.730669670185769 ], [ -91.624797982044711, 41.730671760736314 ], [ -91.624792947899223, 41.730930189770177 ], [ -91.624790594397467, 41.731051089738685 ], [ -91.624788674218593, 41.73114970948172 ], [ -91.624784398105731, 41.731369229138018 ], [ -91.624779861293419, 41.731602273776112 ], [ -91.62477530220491, 41.731836258227681 ], [ -91.624771027151795, 41.732055779652441 ], [ -91.624769154040294, 41.732151968594181 ], [ -91.624766752121602, 41.732275299260458 ], [ -91.624762478238438, 41.73249481977161 ], [ -91.62475831712969, 41.732708374937879 ], [ -91.624753926780514, 41.732933860686593 ], [ -91.624749651635042, 41.733153380228984 ], [ -91.62474767931981, 41.733254767400851 ], [ -91.624417843031438, 41.733252362189099 ], [ -91.624088112482951, 41.733251879556363 ], [ -91.623758380763562, 41.733251395067782 ], [ -91.623428650224838, 41.733250910562518 ], [ -91.62309891731357, 41.733250424181989 ], [ -91.622769185583039, 41.733249937784777 ], [ -91.62243803763954, 41.733249448263315 ], [ -91.622109723390281, 41.7332489604008 ], [ -91.621816628247259, 41.733248526193037 ], [ -91.621740741430443, 41.733248413529687 ], [ -91.621450259963808, 41.733247981052614 ], [ -91.621120529485637, 41.733247489093365 ], [ -91.620790797784835, 41.733246997078652 ], [ -91.62046106611497, 41.733246503227527 ], [ -91.620131334424173, 41.733246009340256 ], [ -91.619801603966039, 41.733245513636049 ], [ -91.619471871083547, 41.733245017856838 ], [ -91.619142140635446, 41.733244520280088 ], [ -91.618812408990777, 41.733244021747701 ], [ -91.617624566481879, 41.733242235167438 ], [ -91.617478018940162, 41.733242012495879 ], [ -91.617510654119613, 41.731535163541075 ], [ -91.617623420196693, 41.731536319988336 ], [ -91.61764906455204, 41.731536345797835 ], [ -91.619926719465852, 41.731538635131173 ], [ -91.619936327906586, 41.731029179404011 ], [ -91.617633047836037, 41.731026865388749 ], [ -91.6175204095818, 41.731024935620511 ], [ -91.61753011567977, 41.730517242813683 ], [ -91.617642685228446, 41.730516818287676 ], [ -91.619950111615154, 41.730508222507339 ], [ -91.620133324047131, 41.730507916397521 ], [ -91.620122038292962, 41.731029767476201 ], [ -91.622240767752785, 41.731036471839118 ], [ -91.622365603018849, 41.731036805747372 ], [ -91.622376899894149, 41.730501764297614 ], [ -91.622424689948161, 41.730498204508343 ], [ -91.622493757139509, 41.730497934523981 ], [ -91.624797246299408, 41.730488902303563 ], [ -91.627270109049604, 41.730475718451963 ], [ -91.632154564812836, 41.73051239582724 ], [ -91.634642018666213, 41.730530995905681 ], [ -91.636883266769544, 41.730547713861228 ], [ -91.636918087726841, 41.730547972731991 ], [ -91.637049567260561, 41.730548947728842 ], [ -91.637194668718863, 41.73055019065982 ], [ -91.639505812591921, 41.730569731865621 ], [ -91.641708153336296, 41.730588423173948 ], [ -91.64295180134134, 41.730608417690192 ], [ -91.643546753208113, 41.73061034396288 ], [ -91.646639680553932, 41.730620307492195 ], [ -91.646624613035428, 41.731531724743661 ], [ -91.646749784174943, 41.731532223298771 ], [ -91.646864713398614, 41.731532681629844 ], [ -91.646881380709516, 41.730627118369 ], [ -91.647008869131838, 41.730629816806136 ], [ -91.651757326630886, 41.730730221292021 ], [ -91.656654224061185, 41.730784107490997 ], [ -91.661381747181494, 41.730835929046627 ], [ -91.661502633952466, 41.730837250734467 ], [ -91.661623526083687, 41.730838084278453 ], [ -91.663393196833837, 41.730857612194718 ], [ -91.666403272022109, 41.730848562137751 ], [ -91.671242263319101, 41.730943395812446 ], [ -91.67135213664244, 41.730945232603176 ], [ -91.675066273414316, 41.731001459767285 ], [ -91.676040763478653, 41.731023858890445 ], [ -91.676120915574245, 41.731024883851376 ], [ -91.676213413705526, 41.731026708760858 ], [ -91.676261023998734, 41.731027652925668 ], [ -91.681004720362424, 41.731058685554238 ], [ -91.685675617264152, 41.731090822765751 ], [ -91.685793563539434, 41.731091631030303 ], [ -91.68591740072624, 41.731092480784874 ], [ -91.688287635988203, 41.731108711116441 ], [ -91.690749953170993, 41.731125521962582 ], [ -91.695585751083115, 41.731158383573359 ], [ -91.700421623906607, 41.731182849875367 ], [ -91.705142411419089, 41.731206539775087 ], [ -91.705247983745664, 41.731207066746094 ], [ -91.705384079555174, 41.731207663764657 ], [ -91.710083427529483, 41.731215590373431 ], [ -91.715214340549736, 41.731224026891908 ], [ -91.715615872126676, 41.731224678086811 ], [ -91.715607569923662, 41.732459596730145 ], [ -91.715591464791871, 41.73487381608809 ], [ -91.715567102109091, 41.73851582069728 ], [ -91.715515280991283, 41.740362099710488 ], [ -91.715465399000834, 41.742139155507708 ], [ -91.715428304088221, 41.745672268113687 ], [ -91.71542746266357, 41.745752355826966 ], [ -91.715368733818721, 41.749381083591004 ], [ -91.715310194580979, 41.753018870734209 ], [ -91.715251516769953, 41.756664967683186 ], [ -91.715147249270913, 41.760303122862084 ], [ -91.715083577931239, 41.763941026508917 ], [ -91.715020108633823, 41.767579413223793 ], [ -91.715008389281991, 41.771125741723033 ], [ -91.714996877788707, 41.774672555337247 ], [ -91.714946798591725, 41.77820512443683 ], [ -91.714934696713556, 41.781827780179 ], [ -91.71488845278158, 41.785450062591806 ], [ -91.714839267537556, 41.789302228439112 ], [ -91.714837930687182, 41.790107474207851 ], [ -91.714837435520522, 41.790404763831013 ], [ -91.714836673384113, 41.790864456197198 ], [ -91.714659004119341, 41.791274954339215 ], [ -91.71462674813219, 41.791649950628461 ], [ -91.714530057616372, 41.791709496596155 ], [ -91.71394525569049, 41.792069642959689 ], [ -91.712515490090411, 41.792559892633946 ], [ -91.71179523369203, 41.792781046222103 ], [ -91.708900518888015, 41.792922379287823 ], [ -91.70784425445801, 41.792323001906411 ], [ -91.707359084810406, 41.79172076230553 ], [ -91.707102334104988, 41.791339751797587 ], [ -91.706369566589714, 41.791336879898317 ], [ -91.705946582242277, 41.791524714562577 ], [ -91.704856126314709, 41.79307403756642 ], [ -91.704438586791326, 41.793634449950652 ], [ -91.703959212848332, 41.79397849561186 ], [ -91.703083297605559, 41.794210022387411 ], [ -91.702452117786919, 41.794166458520941 ], [ -91.700530624351785, 41.793007630922283 ], [ -91.700192128865282, 41.792990680996454 ], [ -91.699657292007728, 41.793142923151287 ], [ -91.699466644342039, 41.79350334549062 ], [ -91.699723669352252, 41.794825623096266 ], [ -91.699716364764015, 41.795360781816406 ], [ -91.69942361878519, 41.796282930135604 ], [ -91.698457244252921, 41.797332730478196 ], [ -91.696881677896883, 41.797950541060686 ], [ -91.69512237572296, 41.798269706042802 ], [ -91.69383619983094, 41.798224373102855 ], [ -91.692537301660579, 41.797823900805639 ], [ -91.691299324870968, 41.797263799820605 ], [ -91.69106300974893, 41.797142468999752 ], [ -91.6899094452817, 41.796861981477733 ], [ -91.688754297213393, 41.797004446652338 ], [ -91.687848417691399, 41.797497362829432 ], [ -91.687286111381113, 41.798223796714915 ], [ -91.687013478621537, 41.799250888852143 ], [ -91.686520565623127, 41.800163946939158 ], [ -91.685696709396396, 41.800548267019273 ], [ -91.684923887776378, 41.800722113675121 ], [ -91.683659776492803, 41.800693913606921 ], [ -91.681859233087849, 41.800462944407784 ], [ -91.681481513648109, 41.80037115090316 ], [ -91.680328475190933, 41.800063010861486 ], [ -91.679537929449481, 41.799546022909617 ], [ -91.678053474572479, 41.79763153534865 ], [ -91.677622459534462, 41.797295202544746 ], [ -91.676595421227447, 41.79679466913268 ], [ -91.67592716730131, 41.795730587098149 ], [ -91.676666779800968, 41.794322484245903 ], [ -91.673308084795295, 41.793264269796147 ], [ -91.672353426435549, 41.793502618000119 ], [ -91.670803622839813, 41.794804987999548 ], [ -91.669408935278739, 41.795408375132347 ], [ -91.664062936804868, 41.796170802187483 ], [ -91.661173831570053, 41.796927955221548 ], [ -91.658883190246655, 41.797592586224496 ], [ -91.65790258479268, 41.798349849407941 ], [ -91.657932273351562, 41.799169047961819 ], [ -91.658362994987513, 41.800499941702128 ], [ -91.657570526451224, 41.801688960012726 ], [ -91.655296390231285, 41.803475061340968 ], [ -91.654663664398925, 41.804006387799895 ], [ -91.654177329929098, 41.804975771940654 ], [ -91.654796269706139, 41.805553379650405 ], [ -91.654657118308819, 41.806450756790795 ], [ -91.652523655508077, 41.806351870720292 ], [ -91.648099077156346, 41.807685349197072 ], [ -91.646122898761874, 41.808320274131852 ], [ -91.64492215783433, 41.808961324603324 ], [ -91.643558709514792, 41.809868298786959 ], [ -91.642426782474999, 41.810433417143727 ], [ -91.640705712233867, 41.810726258023287 ], [ -91.638794128761447, 41.810786976994976 ], [ -91.636484957101501, 41.810430753036485 ], [ -91.63456911533757, 41.809941644033472 ], [ -91.631869826798905, 41.808663272792934 ], [ -91.631532021162471, 41.807272392919664 ] ], [ [ -91.65157819936195, 41.745279543720173 ], [ -91.646682437886696, 41.745201099111753 ], [ -91.644824537665883, 41.745188250332788 ], [ -91.644714610924126, 41.745187488428435 ], [ -91.644604685361315, 41.745186727339423 ], [ -91.642885623199106, 41.745174810259257 ], [ -91.642862810077432, 41.746508833182354 ], [ -91.642837274447459, 41.748001982824547 ], [ -91.642835397686483, 41.748111745187096 ], [ -91.642828002636492, 41.748544207909859 ], [ -91.642895649739458, 41.749266870180264 ], [ -91.642916014171746, 41.749410032697014 ], [ -91.642945857895697, 41.749552259990175 ], [ -91.642985107162119, 41.749693200296278 ], [ -91.643033664957841, 41.749832505032522 ], [ -91.64309141124501, 41.749969829659229 ], [ -91.643158202970085, 41.750104834353536 ], [ -91.643196354065125, 41.750173821675794 ], [ -91.643254759757198, 41.750270671980843 ], [ -91.643317868169902, 41.750365853555138 ], [ -91.643379546010763, 41.750448500106913 ], [ -91.644662560582503, 41.752167789982629 ], [ -91.64648256542273, 41.752372607217204 ], [ -91.646574167990593, 41.752382915203803 ], [ -91.646603457116271, 41.752385983400494 ], [ -91.646950810998518, 41.75243731368495 ], [ -91.646949287730294, 41.752524485514485 ], [ -91.651501650795595, 41.75256902511974 ], [ -91.651502529687789, 41.752481842158318 ], [ -91.651508080820307, 41.751929764450971 ], [ -91.651512219928961, 41.751518136085146 ], [ -91.651523416351381, 41.750404843786434 ], [ -91.651538373218557, 41.748917239978098 ], [ -91.65157819936195, 41.745279543720173 ] ] ] ] } },
{ "type": "Feature", "properties": { "OBJECTID": 30, "NAME": "Penn Twp", "Shape_Area": 339490418.12118548 }, "geometry": { "type": "MultiPolygon", "coordinates": [ [ [ [ -91.579405787121445, 41.784549981439895 ], [ -91.581044896542451, 41.784406086470383 ], [ -91.581153757053144, 41.784409748442386 ], [ -91.581559768378185, 41.784423447398744 ], [ -91.581684680618906, 41.784417497497962 ], [ -91.583190407534957, 41.784345748010722 ], [ -91.584314485656591, 41.784225415250376 ], [ -91.585857742244102, 41.784060190616188 ], [ -91.586698406135213, 41.783896756005788 ], [ -91.587464381998444, 41.783684628528718 ], [ -91.588233043563179, 41.783300481015495 ], [ -91.588932345730385, 41.782822817725723 ], [ -91.589602904452008, 41.781957268571034 ], [ -91.58984319468081, 41.781400821418764 ], [ -91.589889686610647, 41.780677233507191 ], [ -91.589591768940068, 41.779675551959365 ], [ -91.589300780803725, 41.779112667713378 ], [ -91.58872332591163, 41.778231817026459 ], [ -91.587457522986909, 41.776689784002599 ], [ -91.586849117226734, 41.776155636765388 ], [ -91.585782343562911, 41.775652040917997 ], [ -91.583938293948279, 41.775219194685938 ], [ -91.582919073797996, 41.775180938405477 ], [ -91.5817480114343, 41.775275642688236 ], [ -91.580720750144692, 41.775536420025674 ], [ -91.580116221500418, 41.775787168754412 ], [ -91.579211984218929, 41.776308183284968 ], [ -91.578424128260906, 41.776885063865883 ], [ -91.578066546019087, 41.777191128969825 ], [ -91.577802901117153, 41.777530610794777 ], [ -91.577488005425593, 41.77795686208065 ], [ -91.576971893013024, 41.778513581880212 ], [ -91.576553928044618, 41.778900656855186 ], [ -91.576161842306234, 41.779263760020747 ], [ -91.575394706486691, 41.779829966719852 ], [ -91.574606351676096, 41.78027190886877 ], [ -91.573415633182364, 41.780820559418494 ], [ -91.572640619295811, 41.78105761448942 ], [ -91.571652823234118, 41.781212924938153 ], [ -91.570757270012393, 41.781180662841464 ], [ -91.569659188709508, 41.780997050987125 ], [ -91.568552645063008, 41.780637766097421 ], [ -91.566987171864199, 41.779950213883424 ], [ -91.5654658690042, 41.779200262279268 ], [ -91.564676086241818, 41.778722794088814 ], [ -91.564337701976442, 41.778518217460274 ], [ -91.563072264469099, 41.77741346957896 ], [ -91.562067657820634, 41.776481537969566 ], [ -91.561482556984103, 41.775697679721738 ], [ -91.561224722216849, 41.774814077101304 ], [ -91.561298949187218, 41.774203107252831 ], [ -91.561366151702771, 41.77336841901608 ], [ -91.561590810836634, 41.772936442477317 ], [ -91.561691823932293, 41.772651255900634 ], [ -91.561814288197709, 41.772544056177608 ], [ -91.561927205212768, 41.772308271204331 ], [ -91.562200063189621, 41.772035542782028 ], [ -91.562531731101402, 41.771565738857248 ], [ -91.562696385631085, 41.771370427288986 ], [ -91.562858684062192, 41.771254298843893 ], [ -91.563077435874163, 41.771020278373683 ], [ -91.563132711672168, 41.770941977331766 ], [ -91.563242086155697, 41.770824966867877 ], [ -91.563350283626406, 41.770747547103753 ], [ -91.563459657391704, 41.770630536425443 ], [ -91.563677227327076, 41.770436105559405 ], [ -91.564045913094319, 41.770172288954647 ], [ -91.564328710532493, 41.77000841484972 ], [ -91.564639010581615, 41.769676436014961 ], [ -91.564793824317093, 41.769521678381061 ], [ -91.565008695467114, 41.769367920922761 ], [ -91.565070753196167, 41.769301525724771 ], [ -91.565162841070219, 41.769235628863782 ], [ -91.565194871961538, 41.769168732583616 ], [ -91.565318988991137, 41.769035940182654 ], [ -91.565443105513992, 41.768903147641758 ], [ -91.565507166353726, 41.768769353998721 ], [ -91.565592088786843, 41.768686233956188 ], [ -91.565927576282789, 41.768356891020133 ], [ -91.566079162356871, 41.76815487485807 ], [ -91.56675297107995, 41.767284159309675 ], [ -91.567250743004834, 41.766708049594527 ], [ -91.56747159853245, 41.766352098725285 ], [ -91.567835477598763, 41.76591041697926 ], [ -91.568057717042677, 41.765557610259869 ], [ -91.568112983434403, 41.765479305794834 ], [ -91.568168247235008, 41.765401003061378 ], [ -91.568225956179717, 41.765317598737454 ], [ -91.568278734527809, 41.765207351197603 ], [ -91.568392833718036, 41.764969011103126 ], [ -91.56844955585224, 41.764803052553866 ], [ -91.568519593551187, 41.764598128181419 ], [ -91.568570321722731, 41.764449706566296 ], [ -91.568653722240171, 41.764294299431434 ], [ -91.568734993503725, 41.76414285894586 ], [ -91.568794955538237, 41.763906186737891 ], [ -91.568853740333296, 41.763709107187864 ], [ -91.568912527176693, 41.763512027633858 ], [ -91.569031274102429, 41.76307827473395 ], [ -91.569040232878223, 41.762776213627049 ], [ -91.56904317113613, 41.762677144403433 ], [ -91.569042095683045, 41.762636227330958 ], [ -91.569029714524078, 41.762165671273472 ], [ -91.569018285619876, 41.76173126888137 ], [ -91.568969025131381, 41.761568573207967 ], [ -91.568850573650749, 41.761177348620215 ], [ -91.568824379510346, 41.761090831595439 ], [ -91.568776210457429, 41.760930017208381 ], [ -91.568729666938623, 41.760695757103598 ], [ -91.568501360929915, 41.759546648126637 ], [ -91.568397435800691, 41.759422192461464 ], [ -91.568296797118819, 41.75930361261338 ], [ -91.568245870502906, 41.759177939864408 ], [ -91.568149479973428, 41.758938703199121 ], [ -91.568140798975421, 41.758917158639299 ], [ -91.568113572012962, 41.758849582021156 ], [ -91.5679350442648, 41.758406480104298 ], [ -91.567800766083892, 41.758073200562201 ], [ -91.567791390865267, 41.758049928836975 ], [ -91.567784425194176, 41.758032640939881 ], [ -91.56755412751221, 41.757461033257201 ], [ -91.567509301320669, 41.757351986077978 ], [ -91.566811821378423, 41.756442478807244 ], [ -91.566734558132694, 41.756382015562977 ], [ -91.566651673046593, 41.756319137920975 ], [ -91.566240774096656, 41.756007417329592 ], [ -91.565492221110617, 41.755439533610229 ], [ -91.565336096007798, 41.755321087557178 ], [ -91.564572585586589, 41.754915766789217 ], [ -91.562982156923042, 41.754104700552361 ], [ -91.562869854010756, 41.754047427201115 ], [ -91.562835622331463, 41.754031494339664 ], [ -91.562053469134909, 41.753807624589896 ], [ -91.561730203752788, 41.753715096464575 ], [ -91.561576024665712, 41.753671144843821 ], [ -91.561278469584053, 41.753618946097944 ], [ -91.560781664379491, 41.753532120602344 ], [ -91.560149198739722, 41.753500950993299 ], [ -91.559706713229019, 41.753479141524096 ], [ -91.559575044591071, 41.753472538898571 ], [ -91.559197571848685, 41.75342713080763 ], [ -91.55806042816711, 41.753290325701421 ], [ -91.557880386107101, 41.753259297550208 ], [ -91.557808115477187, 41.753246840900509 ], [ -91.557702285027247, 41.753228601467029 ], [ -91.557555809107882, 41.753203356552405 ], [ -91.557506931596166, 41.75319493196077 ], [ -91.557303504304798, 41.753159870776422 ], [ -91.557094065947311, 41.753123773882763 ], [ -91.557051196232734, 41.753116384392179 ], [ -91.556900842931626, 41.753090470396032 ], [ -91.556798887295798, 41.753072897440042 ], [ -91.556546585908507, 41.753029410060634 ], [ -91.555891526419487, 41.752678312747747 ], [ -91.555843874911929, 41.752652771893906 ], [ -91.554429231646253, 41.751894524186511 ], [ -91.554234996267908, 41.751591959682891 ], [ -91.552620282950571, 41.748000785752332 ], [ -91.552228957718711, 41.746517498265014 ], [ -91.551676654866114, 41.745615252412428 ], [ -91.551125847285647, 41.744454248270486 ], [ -91.550952819334114, 41.743499387060545 ], [ -91.549998406787125, 41.742385267773493 ], [ -91.549751143766827, 41.741556418905681 ], [ -91.549491184949218, 41.741028546689485 ], [ -91.549171533732405, 41.740413938412544 ], [ -91.548357557291553, 41.738427668247127 ], [ -91.54776338209625, 41.736626045227787 ], [ -91.547563433366435, 41.735626392461228 ], [ -91.547584539660605, 41.734089671971951 ], [ -91.547743326256082, 41.733069295752287 ], [ -91.547948860143109, 41.732389336324466 ], [ -91.548184235369717, 41.731290154281908 ], [ -91.548247129060968, 41.730703086767377 ], [ -91.548225618654641, 41.730294697082144 ], [ -91.54812731532688, 41.730005733229582 ], [ -91.547781377406508, 41.729620506559918 ], [ -91.546907797828965, 41.729378284546399 ], [ -91.545894884299358, 41.729224725605931 ], [ -91.544666480667374, 41.729147186318947 ], [ -91.543587995334818, 41.729174499173446 ], [ -91.542276097294874, 41.729368537125531 ], [ -91.540974241348607, 41.729733376249577 ], [ -91.540053566451164, 41.730047753609846 ], [ -91.539105598060715, 41.730460404769893 ], [ -91.538519119948916, 41.730779046020615 ], [ -91.537998769064615, 41.731096880894306 ], [ -91.537588912291611, 41.73141096326183 ], [ -91.536743134983027, 41.732223578562795 ], [ -91.536242727786842, 41.732655593128769 ], [ -91.535597452596022, 41.733045460492839 ], [ -91.534967738087772, 41.733255378805509 ], [ -91.534429299163136, 41.733382157841 ], [ -91.533952780792845, 41.733435589163463 ], [ -91.533610275392988, 41.733444178613823 ], [ -91.533080957684319, 41.733423068583747 ], [ -91.532114496039, 41.733295022395644 ], [ -91.531533691445546, 41.733115469718896 ], [ -91.531037009961764, 41.73281984660197 ], [ -91.53048592488382, 41.732277142938791 ], [ -91.530107129620404, 41.731855684167826 ], [ -91.529897927898631, 41.731507174722246 ], [ -91.52960255129841, 41.730535091233833 ], [ -91.529504665100646, 41.729832729799043 ], [ -91.529484539293591, 41.729551934475566 ], [ -91.529489295529402, 41.729534241204703 ], [ -91.529494048457579, 41.729480527978865 ], [ -91.529492963847062, 41.729423498777017 ], [ -91.529486081274086, 41.729357672393633 ], [ -91.529476189341196, 41.729303895226785 ], [ -91.529461977065338, 41.729239133211003 ], [ -91.529447750161168, 41.729176564774782 ], [ -91.52942911750867, 41.729116169423548 ], [ -91.529407575581104, 41.729052472665906 ], [ -91.52938605631158, 41.728985484638784 ], [ -91.529367399925292, 41.728928381417838 ], [ -91.529348714388234, 41.72887566085803 ], [ -91.529328622112757, 41.728814162702925 ], [ -91.529307060221228, 41.728753755425394 ], [ -91.529269689266343, 41.728648317876925 ], [ -91.529248119579279, 41.728589006466443 ], [ -91.529222251028386, 41.728515420707332 ], [ -91.529200645394795, 41.728461592353497 ], [ -91.529177617244926, 41.72840117816294 ], [ -91.529151684679462, 41.728337462638855 ], [ -91.529127171103866, 41.728280332879272 ], [ -91.529099788043069, 41.728214415995019 ], [ -91.529060805863139, 41.728130903731738 ], [ -91.529037721737069, 41.728079262081344 ], [ -91.529013192513418, 41.728024324955854 ], [ -91.528990167095273, 41.727963910760387 ], [ -91.528958413367789, 41.727894686519114 ], [ -91.528935340421029, 41.727840852999854 ], [ -91.528906458806119, 41.727780412305648 ], [ -91.528873247891738, 41.727710085290141 ], [ -91.528845813386567, 41.727651844966637 ], [ -91.528814110708126, 41.727574944025626 ], [ -91.528786750824921, 41.727505738487281 ], [ -91.528759404504939, 41.727434338436552 ], [ -91.528739261277181, 41.727380516784116 ], [ -91.528716229574073, 41.727321200224054 ], [ -91.528667233387424, 41.727202552409047 ], [ -91.528647084795665, 41.727149826659165 ], [ -91.528626950947512, 41.727094906420604 ], [ -91.528603961043643, 41.727029010839686 ], [ -91.528583841872702, 41.726971899707678 ], [ -91.52856232293675, 41.726904911462285 ], [ -91.528545134382341, 41.726847813160546 ], [ -91.52852796488466, 41.726787424427677 ], [ -91.528507927210768, 41.726718249474331 ], [ -91.528493651048294, 41.726663355725066 ], [ -91.528480831015059, 41.726609565605365 ], [ -91.52846803243574, 41.726552485096455 ], [ -91.528449385551752, 41.726494283100607 ], [ -91.528430709348001, 41.726440467369585 ], [ -91.528410561156306, 41.726387742465739 ], [ -91.528384746366712, 41.726306481631831 ], [ -91.528364722511071, 41.726235112137736 ], [ -91.52834759736669, 41.726168144412121 ], [ -91.528333313539719, 41.726114346515295 ], [ -91.528316138914562, 41.726055053659586 ], [ -91.528296041738173, 41.725994652072117 ], [ -91.528273081975783, 41.725924368332258 ], [ -91.528253059507094, 41.725853000630615 ], [ -91.528234433258334, 41.725791508178872 ], [ -91.52821586023309, 41.725722340006079 ], [ -91.528201612701878, 41.725663059912534 ], [ -91.528188801083985, 41.725608172060575 ], [ -91.528176032300181, 41.725546706130658 ], [ -91.528160411334625, 41.725474260404368 ], [ -91.528147729572197, 41.725399633836716 ], [ -91.528139303449549, 41.725345860640431 ], [ -91.528126565365866, 41.725280007549451 ], [ -91.528118242070477, 41.725210882852139 ], [ -91.528114298574309, 41.725143971443693 ], [ -91.528110314238035, 41.725082540325452 ], [ -91.5281092162666, 41.725027702813144 ], [ -91.5281066903257, 41.72496737807117 ], [ -91.52810563646166, 41.724905959799905 ], [ -91.52810751302377, 41.724844555278139 ], [ -91.528107885872075, 41.724788626013179 ], [ -91.528105338573098, 41.724731588954832 ], [ -91.528108633888095, 41.724676770221279 ], [ -91.528111958571387, 41.724617565215048 ], [ -91.528110863009388, 41.724562727735041 ], [ -91.528111248123423, 41.724504605738147 ], [ -91.528113086169753, 41.724448683342167 ], [ -91.528113938222816, 41.724321474255746 ], [ -91.528118718956947, 41.72426337197988 ], [ -91.528123521159131, 41.724201978413163 ], [ -91.528119597993879, 41.72413177567234 ], [ -91.528102399004084, 41.72407577397486 ], [ -91.52810130471525, 41.724020934705038 ], [ -91.528098749555355, 41.723964992614654 ], [ -91.528100571667721, 41.723911264674825 ], [ -91.5281100927034, 41.723801637326993 ], [ -91.528113393542455, 41.723745720852307 ], [ -91.528113790177571, 41.723686503017746 ], [ -91.528108357849803, 41.72362287144859 ], [ -91.528107282583292, 41.723564742639674 ], [ -91.528104726152876, 41.723508803220902 ], [ -91.528102194836052, 41.723449571671729 ], [ -91.528101119577869, 41.723391442859423 ], [ -91.52810004986965, 41.72333221722203 ], [ -91.528097482412903, 41.723278469646552 ], [ -91.528106728563813, 41.72320941818149 ], [ -91.528110015904204, 41.723155694402948 ], [ -91.528110412620549, 41.72309647385643 ], [ -91.528112279973683, 41.723036166060339 ], [ -91.528122940477559, 41.722974796328103 ], [ -91.52813794881942, 41.722920026118572 ], [ -91.528152978583421, 41.722861965515101 ], [ -91.528172410621963, 41.722802826928231 ], [ -91.52819327724832, 41.722748080565012 ], [ -91.528214149358405, 41.722692238272927 ], [ -91.528233542775737, 41.722638582709976 ], [ -91.528255887953023, 41.722581649598368 ], [ -91.528278209274546, 41.722528005931757 ], [ -91.528303512932425, 41.722466697559675 ], [ -91.528330235218931, 41.722411976774985 ], [ -91.528354022805885, 41.722358339083463 ], [ -91.528374895854682, 41.722302496775356 ], [ -91.528391354347249, 41.722249925179746 ], [ -91.528412196802535, 41.722198468217449 ], [ -91.528441877421002, 41.722139372148938 ], [ -91.528472964438805, 41.722089055493136 ], [ -91.528504094294618, 41.72203215714422 ], [ -91.528538137302576, 41.721977466072701 ], [ -91.528569224195877, 41.721927148488163 ], [ -91.528601796382276, 41.721873548251146 ], [ -91.528640210941035, 41.721822164504708 ], [ -91.528680082641046, 41.721771884396659 ], [ -91.528715554463275, 41.721722682316326 ], [ -91.528754004910894, 41.721665815449185 ], [ -91.528790925907757, 41.721618812878795 ], [ -91.528826470941723, 41.721558642820938 ], [ -91.528860514660096, 41.721503950765999 ], [ -91.528903387284231, 41.721442714524713 ], [ -91.528955025731491, 41.721384806185469 ], [ -91.529000709975648, 41.721341129621202 ], [ -91.52904203715299, 41.721291951207625 ], [ -91.529081880139785, 41.721246056349102 ], [ -91.529130515886649, 41.721199102164533 ], [ -91.529227727374405, 41.721113966265591 ], [ -91.52927631899037, 41.721073590983309 ], [ -91.529445932779467, 41.720891147737674 ], [ -91.529490160300114, 41.720846369150955 ], [ -91.529535838311105, 41.720803788292493 ], [ -91.529584429531781, 41.720763411976527 ], [ -91.529631616487762, 41.720714257168908 ], [ -91.529683157987037, 41.720670604108399 ], [ -91.529730299746149, 41.720628027305359 ], [ -91.529774528148366, 41.720583246826173 ], [ -91.529818779053613, 41.720535175955931 ], [ -91.529858634550919, 41.720487084508449 ], [ -91.529897013786567, 41.720441181644262 ], [ -91.529932514523992, 41.720387589310249 ], [ -91.529960688802248, 41.72033506411239 ], [ -91.529975732318661, 41.72027480515122 ], [ -91.529981955066333, 41.720219992763255 ], [ -91.529979393005348, 41.720165144766881 ], [ -91.529973924494627, 41.720106992712338 ], [ -91.529966968278515, 41.720052125978889 ], [ -91.529952683335495, 41.719998325450739 ], [ -91.529935566254025, 41.719930256534752 ], [ -91.529922745398849, 41.71987645833201 ], [ -91.52990416328177, 41.719808382556245 ], [ -91.529889929109046, 41.719746903541861 ], [ -91.529877124060164, 41.719690915362008 ], [ -91.52986576951524, 41.719637126722496 ], [ -91.529853028562741, 41.719571268253375 ], [ -91.529838745047982, 41.719517466823056 ], [ -91.529820060682781, 41.719464744354909 ], [ -91.529797011482728, 41.719407616861993 ], [ -91.529778328411439, 41.719354893505553 ], [ -91.529761114776363, 41.719301080153663 ], [ -91.529740995912888, 41.719243964555183 ], [ -91.529722326350353, 41.719189048476601 ], [ -91.529706616332476, 41.719129757123874 ], [ -91.529689417462322, 41.719073750167325 ], [ -91.529676626163408, 41.719015568342527 ], [ -91.529663821468915, 41.718959579225739 ], [ -91.529655424331096, 41.718901415242534 ], [ -91.529649953758465, 41.718843264908145 ], [ -91.529648877358056, 41.718785130618954 ], [ -91.529647787486297, 41.718729190839596 ], [ -91.52964668176746, 41.718675444629156 ], [ -91.529642691050256, 41.718615103954946 ], [ -91.529640180004435, 41.718552578345076 ], [ -91.529639102416155, 41.718494444029858 ], [ -91.529635126283281, 41.718431912461519 ], [ -91.529632578085753, 41.718374869013878 ], [ -91.529627110007823, 41.718316717808968 ], [ -91.529618754555074, 41.718251972097669 ], [ -91.529607473718059, 41.718187215453653 ], [ -91.529596117255252, 41.718133426720598 ], [ -91.529584784614713, 41.718076346729667 ], [ -91.529571993632374, 41.718018163974143 ], [ -91.529562131640674, 41.717959993109488 ], [ -91.529550813710657, 41.717900719520941 ], [ -91.529536573536447, 41.717840338130799 ], [ -91.529523761239858, 41.717785446662518 ], [ -91.529516812430629, 41.717729481254338 ], [ -91.529512837717718, 41.717666947886244 ], [ -91.529511768184335, 41.717607716767361 ], [ -91.529504841983126, 41.717548460978577 ], [ -91.529499383244072, 41.717489212086655 ], [ -91.52950015729725, 41.71737295530631 ], [ -91.529497585479021, 41.717319202192378 ], [ -91.529495052097801, 41.717259965129358 ], [ -91.529498451023343, 41.717189784817826 ], [ -91.529500397125148, 41.717117404914688 ], [ -91.529506685358299, 41.717052719522179 ], [ -91.529514409338404, 41.7169924272686 ], [ -91.529527968542652, 41.716935450078907 ], [ -91.529540069387636, 41.716877370123456 ], [ -91.52955509117443, 41.716820399744755 ], [ -91.529574493512868, 41.716765639024494 ], [ -91.52959829405313, 41.716709801101899 ], [ -91.529623543785732, 41.716656161800749 ], [ -91.529647316205697, 41.716604709270065 ], [ -91.529672556704838, 41.716552167621813 ], [ -91.52969781543986, 41.716497431536204 ], [ -91.529718680209697, 41.716442676699955 ], [ -91.529741030130111, 41.716384638294876 ], [ -91.529767796517859, 41.716323327348483 ], [ -91.529791604679602, 41.716266391691654 ], [ -91.52980806072064, 41.716213812586041 ], [ -91.529826028104679, 41.716154658694506 ], [ -91.529842492037787, 41.716100981895856 ], [ -91.529864822774684, 41.716046233899696 ], [ -91.529888622884684, 41.715990393203391 ], [ -91.529909466002451, 41.715938927822201 ], [ -91.529934723099203, 41.715884191653039 ], [ -91.529967301732654, 41.715829485174567 ], [ -91.529996914280844, 41.715780249875088 ], [ -91.530032371059619, 41.715733232842879 ], [ -91.530067834502887, 41.715685118992575 ], [ -91.530107726592817, 41.715631538047397 ], [ -91.530147566811607, 41.715585634651958 ], [ -91.530191809952498, 41.715538653202529 ], [ -91.530241885854153, 41.715494984025476 ], [ -91.530286141115099, 41.715445808004766 ], [ -91.530330384061017, 41.715398826500092 ], [ -91.530373154032546, 41.715352934917512 ], [ -91.530424759804873, 41.715299403126721 ], [ -91.530469002632955, 41.715252418866399 ], [ -91.530522051998602, 41.715202181575357 ], [ -91.530572134127183, 41.715157415443805 ], [ -91.530625124826486, 41.715115954276918 ], [ -91.530672266944563, 41.7150733707889 ], [ -91.530718711028484, 41.715033360137667 ], [ -91.530858699673274, 41.714952410475732 ], [ -91.530928458001526, 41.714894741987735 ], [ -91.530964631804309, 41.714857449719176 ], [ -91.531269315902492, 41.714599720671885 ], [ -91.531409358114885, 41.714496494234872 ], [ -91.531562581303476, 41.714373069344049 ], [ -91.531684332986842, 41.714269307257688 ], [ -91.531813169990244, 41.714163389391096 ], [ -91.53186262017789, 41.71412273580809 ], [ -91.532004964949834, 41.714003935052958 ], [ -91.532132771797379, 41.713896512496497 ], [ -91.532303888863154, 41.713760438601234 ], [ -91.532496335625225, 41.713602484996741 ], [ -91.532595300920505, 41.713513435053692 ], [ -91.532702122710816, 41.713409465696607 ], [ -91.532872056022512, 41.713273144869746 ], [ -91.533001029201486, 41.713177835188567 ], [ -91.533151140523884, 41.713084510921448 ], [ -91.533249014352663, 41.713002018958726 ], [ -91.533390350422692, 41.712901579623718 ], [ -91.533557477301557, 41.712784879187197 ], [ -91.533678834034447, 41.712694836080075 ], [ -91.533823291841927, 41.7125840634898 ], [ -91.533953963282201, 41.712470696758622 ], [ -91.534068455008097, 41.712378811438718 ], [ -91.534191354317187, 41.712266869030188 ], [ -91.534325525801918, 41.712129192056693 ], [ -91.534414725057943, 41.71205111732661 ], [ -91.534548391077493, 41.711922756266866 ], [ -91.534670050506747, 41.71181325188239 ], [ -91.534805733418494, 41.711681387158201 ], [ -91.534896968746267, 41.711558393502806 ], [ -91.53502599143394, 41.711414913408923 ], [ -91.535092982488081, 41.711326279209246 ], [ -91.535232349574798, 41.711141761125312 ], [ -91.535368442690114, 41.710970093840132 ], [ -91.535507778319968, 41.710814395634856 ], [ -91.53562084484048, 41.710681903125888 ], [ -91.535699232851144, 41.710585937019154 ], [ -91.53582019208838, 41.710445883234655 ], [ -91.535938001564801, 41.710314014641391 ], [ -91.536061380752329, 41.710193209381835 ], [ -91.536238919678496, 41.710061152439479 ], [ -91.536325793225657, 41.709990566769157 ], [ -91.536444521021181, 41.709907016452732 ], [ -91.536601191126323, 41.709774095286548 ], [ -91.536792986359572, 41.709629085002319 ], [ -91.536964109547682, 41.709503795375447 ], [ -91.537091685492967, 41.709417912027455 ], [ -91.537198369676517, 41.709346256727748 ], [ -91.537308530258315, 41.709281516323777 ], [ -91.537413147635704, 41.70921861205516 ], [ -91.537510240004366, 41.709149281719931 ], [ -91.537655573235483, 41.709056809382218 ], [ -91.537828976802103, 41.708955706431951 ], [ -91.537960689351095, 41.708879494190555 ], [ -91.53811481281052, 41.708800875990462 ], [ -91.538297581631284, 41.708719673429798 ], [ -91.538479408963866, 41.708646415906621 ], [ -91.538637403232997, 41.708587615121644 ], [ -91.538801445364641, 41.708521770122374 ], [ -91.538947017000041, 41.708461683706417 ], [ -91.539094636838982, 41.708421110613322 ], [ -91.539224512148593, 41.708386580432688 ], [ -91.539382631566184, 41.70833683801385 ], [ -91.539530281457957, 41.708295167060342 ], [ -91.539691816007689, 41.708268798228879 ], [ -91.539852725684412, 41.708238306520101 ], [ -91.54003451135172, 41.708208127494437 ], [ -91.540189397603541, 41.708183853057747 ], [ -91.540371361307592, 41.708160811901621 ], [ -91.54052311869485, 41.70814389966597 ], [ -91.540684200336287, 41.708120815281198 ], [ -91.540832620160799, 41.708105497986068 ], [ -91.540952192253314, 41.708103213266121 ], [ -91.541141579764172, 41.708115657034561 ], [ -91.541196937065578, 41.708116593101799 ], [ -91.541412907444126, 41.708103345393752 ], [ -91.541521673235039, 41.708100639074878 ], [ -91.541932692347487, 41.708072374269214 ], [ -91.542246982027919, 41.70805128873068 ], [ -91.542562197755743, 41.708003126381413 ], [ -91.542743909436226, 41.707979504499825 ], [ -91.542937980323984, 41.707947088427261 ], [ -91.54320378995979, 41.707846617084961 ], [ -91.543794498308969, 41.70754189288651 ], [ -91.544174807126183, 41.707083709845371 ], [ -91.544182606964554, 41.706573133198276 ], [ -91.544000061836016, 41.706026415890307 ], [ -91.543887339433255, 41.705260222840302 ], [ -91.543752398377165, 41.704644505871372 ], [ -91.543640819355872, 41.704270565357596 ], [ -91.543299961776242, 41.703406974489781 ], [ -91.543020313620289, 41.702928317174738 ], [ -91.542925031746236, 41.702808522100284 ], [ -91.542626675699751, 41.702507959198819 ], [ -91.542345398533925, 41.702224452589611 ], [ -91.541446705491751, 41.701357934607067 ], [ -91.541076309837024, 41.700913952365518 ], [ -91.540992462378057, 41.700612976188083 ], [ -91.54094420409254, 41.700543948795669 ], [ -91.540835546363411, 41.700396764093391 ], [ -91.540765586192137, 41.700153232336881 ], [ -91.540737815198327, 41.700071082333416 ], [ -91.540716534844535, 41.700009630377238 ], [ -91.54063727103879, 41.69982473399795 ], [ -91.540641609060387, 41.69974998679676 ], [ -91.540576214265343, 41.699644476816601 ], [ -91.540584586212134, 41.69951225606885 ], [ -91.540571056662102, 41.699464765358293 ], [ -91.540522053948266, 41.699346677020124 ], [ -91.540475062784878, 41.699244464070084 ], [ -91.540418755656589, 41.699126848530668 ], [ -91.540358159337089, 41.699006296638224 ], [ -91.540288731491458, 41.698821663281727 ], [ -91.540245701877083, 41.698713891094997 ], [ -91.540180162200514, 41.698592554038775 ], [ -91.540106732746949, 41.698420582856869 ], [ -91.540020750997598, 41.69822020650134 ], [ -91.539959699903207, 41.698093211910944 ], [ -91.539899838365685, 41.697970862825542 ], [ -91.539844531741963, 41.69787375145178 ], [ -91.539787948064216, 41.697789301549847 ], [ -91.539697844959335, 41.697615025652475 ], [ -91.539613411225588, 41.697454547991398 ], [ -91.539557947749302, 41.697311862799474 ], [ -91.539498936789656, 41.697210701709572 ], [ -91.539433224670859, 41.6970890415014 ], [ -91.539328024109196, 41.69691659235324 ], [ -91.539210598205187, 41.69674264326872 ], [ -91.53909043391198, 41.696550737635725 ], [ -91.538995401374649, 41.696412458317617 ], [ -91.538899865881689, 41.696250931447011 ], [ -91.538865305770656, 41.696167635812593 ], [ -91.538768814235482, 41.696012905657959 ], [ -91.538720069873676, 41.695853080799566 ], [ -91.538702022417141, 41.695818354113506 ], [ -91.538566868646711, 41.695697372157667 ], [ -91.538517498441223, 41.695545551008308 ], [ -91.538458071313471, 41.695442513509349 ], [ -91.538399968796327, 41.695257417168698 ], [ -91.538363324711668, 41.69515440989484 ], [ -91.538300686944993, 41.695008751356056 ], [ -91.538249932418907, 41.694738755659195 ], [ -91.538259042231886, 41.694536720467866 ], [ -91.538293053152799, 41.694327713232873 ], [ -91.538341247434104, 41.694246025256227 ], [ -91.538313441523286, 41.694098664373861 ], [ -91.538417916125837, 41.693861384355593 ], [ -91.538566937312609, 41.693730747516746 ], [ -91.538710973715808, 41.693606981542864 ], [ -91.53891692104277, 41.693502841009035 ], [ -91.539062306007082, 41.693455947969973 ], [ -91.539193142348381, 41.693375857002188 ], [ -91.539435359355025, 41.693284952090586 ], [ -91.539687133501701, 41.693230784043614 ], [ -91.539844291857449, 41.693230224666181 ], [ -91.539959462729541, 41.693222994821205 ], [ -91.540159232076178, 41.693203052556569 ], [ -91.540309661620583, 41.693198575687354 ], [ -91.540477496950288, 41.693184226624638 ], [ -91.540703591367219, 41.693190294983602 ], [ -91.540929947803789, 41.69320343790266 ], [ -91.541164432027315, 41.693228724324683 ], [ -91.541339527835035, 41.693253056484778 ], [ -91.54145661787345, 41.693241613042808 ], [ -91.541699618334547, 41.69322377029858 ], [ -91.541943673572248, 41.693217848918202 ], [ -91.542240066213807, 41.693219493367074 ], [ -91.542528615656565, 41.693286736510409 ], [ -91.542708639620415, 41.693306148720637 ], [ -91.54299474085775, 41.693335380296688 ], [ -91.543322485595894, 41.693381441228176 ], [ -91.543496435606727, 41.693419845107243 ], [ -91.543644180171427, 41.693430008248434 ], [ -91.54383074957066, 41.693430728233999 ], [ -91.544092961167749, 41.693441896390532 ], [ -91.544262501993288, 41.693456593179476 ], [ -91.544504726987299, 41.69345370028109 ], [ -91.544833762808679, 41.69348092472034 ], [ -91.545122760203981, 41.69351732712591 ], [ -91.545427797152769, 41.69355610907003 ], [ -91.545688642607175, 41.693620799954154 ], [ -91.545917728667888, 41.693673627750286 ], [ -91.546091771598228, 41.693691207518434 ], [ -91.546283768336266, 41.693712439516489 ], [ -91.546403951387262, 41.693728245615993 ], [ -91.547353743780789, 41.69402306130042 ], [ -91.548087963503747, 41.694181396530297 ], [ -91.54913998330359, 41.694413509972094 ], [ -91.550660362726944, 41.694888992978626 ], [ -91.551122785975608, 41.69506192433311 ], [ -91.551862532512047, 41.695284552993478 ], [ -91.552514657094747, 41.695450280302232 ], [ -91.553727395454757, 41.695727696154229 ], [ -91.554781120512914, 41.695718151096351 ], [ -91.555524899612209, 41.695499404850295 ], [ -91.556144499578124, 41.695217318270352 ], [ -91.556731472986328, 41.694911907910338 ], [ -91.557356738538743, 41.694457979671817 ], [ -91.557978735476127, 41.693791712223906 ], [ -91.558432165296097, 41.692738798744756 ], [ -91.558491412052746, 41.691761317305875 ], [ -91.558433040493696, 41.690666628625586 ], [ -91.558082980484485, 41.68870367119861 ], [ -91.557771062304823, 41.687358369004457 ], [ -91.557446494688477, 41.686041305880657 ], [ -91.559730032420532, 41.686072806282368 ], [ -91.563805317945992, 41.686103986286589 ], [ -91.563849583343014, 41.686973181826424 ], [ -91.563871816845548, 41.68756627238561 ], [ -91.563829890388192, 41.687732335780566 ], [ -91.56379723700033, 41.687899565066338 ], [ -91.563773913539919, 41.68806766942042 ], [ -91.563759960640553, 41.688236356496255 ], [ -91.563755402640467, 41.688405332931701 ], [ -91.563760247539577, 41.688574304859152 ], [ -91.56377448698511, 41.688742978416585 ], [ -91.563798096285652, 41.688911060258661 ], [ -91.563831034453514, 41.689078258066871 ], [ -91.563727963435696, 41.689340446709913 ], [ -91.563777301108402, 41.689396270056896 ], [ -91.564055049905036, 41.6897788116855 ], [ -91.564250920987732, 41.689780012631488 ], [ -91.564424468805143, 41.69043874462298 ], [ -91.564864423463504, 41.690818500569378 ], [ -91.565534938528785, 41.691397258528859 ], [ -91.566085173271517, 41.692466772203225 ], [ -91.566287025722872, 41.693412656141973 ], [ -91.566263350562522, 41.693458332205033 ], [ -91.565906203336112, 41.694147387074686 ], [ -91.56510669010234, 41.695253979312668 ], [ -91.565032530259316, 41.695349884421617 ], [ -91.564953921817548, 41.69544377816662 ], [ -91.56442230645969, 41.695901977041011 ], [ -91.563872926902121, 41.696177667101985 ], [ -91.564164507042364, 41.696180457481525 ], [ -91.56408016528799, 41.696300434582454 ], [ -91.564003449013086, 41.696423253140409 ], [ -91.563934528201315, 41.696548641090338 ], [ -91.563873555570737, 41.69667632067393 ], [ -91.563780374219249, 41.696923254005902 ], [ -91.563552673210268, 41.696981436804236 ], [ -91.56341902776559, 41.697271441669834 ], [ -91.563570448847528, 41.697389379036167 ], [ -91.563503954895694, 41.697494582367923 ], [ -91.563431260909411, 41.6975974561459 ], [ -91.563352511798627, 41.697697795258158 ], [ -91.563267864548337, 41.69779539964555 ], [ -91.56317748790562, 41.697890074700638 ], [ -91.563084927788267, 41.697986691512234 ], [ -91.562997766390353, 41.698086088781075 ], [ -91.562916152235346, 41.698188097161996 ], [ -91.562840224397846, 41.698292542860351 ], [ -91.562770112266293, 41.698399247928201 ], [ -91.562694319569047, 41.698529105782725 ], [ -91.562627138497817, 41.698661599712139 ], [ -91.562568731642202, 41.698796409163016 ], [ -91.562519240366342, 41.698933207977625 ], [ -91.562478784466478, 41.699071665183226 ], [ -91.562447461880538, 41.699211445792763 ], [ -91.562425348450702, 41.699352211615036 ], [ -91.562412497739302, 41.699493622073142 ], [ -91.562408940898635, 41.699635335028276 ], [ -91.562414686595091, 41.699777007607608 ], [ -91.562486300331273, 41.70075223528891 ], [ -91.562403087905423, 41.700751666455382 ], [ -91.562400588899067, 41.700751649048279 ], [ -91.56239809109384, 41.70075163166122 ], [ -91.560402123464584, 41.700737983264368 ], [ -91.557743962308422, 41.70069362491968 ], [ -91.556999268007232, 41.700681187245117 ], [ -91.555554374870496, 41.700657040371169 ], [ -91.554985747521144, 41.700647533308057 ], [ -91.553917168227073, 41.700628857326528 ], [ -91.552210370384472, 41.700600091085747 ], [ -91.55201817210208, 41.700596849814374 ], [ -91.55072904955847, 41.700575104275316 ], [ -91.550726515145527, 41.700978951742705 ], [ -91.550717151164463, 41.701846357415896 ], [ -91.550713060477776, 41.702019652491494 ], [ -91.550709152829953, 41.702752350885042 ], [ -91.550706716153428, 41.703209495767283 ], [ -91.550704814774534, 41.703566254435088 ], [ -91.550702912200563, 41.703923012140777 ], [ -91.550701019398645, 41.704278116485249 ], [ -91.550101022931287, 41.704278220479779 ], [ -91.550060166383943, 41.704278227496978 ], [ -91.549840445718957, 41.704278265032897 ], [ -91.549511954177746, 41.704278318603045 ], [ -91.549093261417397, 41.704278386930419 ], [ -91.549096724701059, 41.704745653579018 ], [ -91.549100799360062, 41.705295112013083 ], [ -91.549106214297069, 41.706025582698167 ], [ -91.549232759330621, 41.706090517801272 ], [ -91.549437806584677, 41.706195547922412 ], [ -91.549694709617611, 41.706327368943896 ], [ -91.5497934721039, 41.706381623072787 ], [ -91.549887449166519, 41.706440457239857 ], [ -91.549976263180241, 41.706503635041734 ], [ -91.550059557262571, 41.706570902620996 ], [ -91.550136996707863, 41.706641989686176 ], [ -91.550137114339492, 41.706641914211708 ], [ -91.550329252829329, 41.706518599223365 ], [ -91.550929704439369, 41.706133229975485 ], [ -91.55123302085029, 41.706229736746316 ], [ -91.551128966629534, 41.706516761832503 ], [ -91.550987198288894, 41.706904785929908 ], [ -91.550986071814847, 41.706904798533984 ], [ -91.550524005660321, 41.706909852762337 ], [ -91.550555041457301, 41.706955338150301 ], [ -91.550580482167234, 41.707002733964003 ], [ -91.550600120837387, 41.707051654675347 ], [ -91.55061379770892, 41.707101702351522 ], [ -91.551089580070553, 41.707095249799053 ], [ -91.551090591204641, 41.707095236157677 ], [ -91.551454278813964, 41.707185738574239 ], [ -91.551826674206325, 41.70724280482365 ], [ -91.551847841770041, 41.707563986031339 ], [ -91.551847940046699, 41.707565482658914 ], [ -91.551680509545008, 41.707891408856149 ], [ -91.550677205043726, 41.707881824020724 ], [ -91.550493273795112, 41.707881130294034 ], [ -91.550303214086014, 41.707880527855338 ], [ -91.550266895063885, 41.707985242582133 ], [ -91.55020550084275, 41.70813424908637 ], [ -91.550152538252718, 41.708285061441252 ], [ -91.550108101393164, 41.708437411863756 ], [ -91.550072269226888, 41.708591029838111 ], [ -91.550054283957195, 41.708716988995661 ], [ -91.550045367785458, 41.708843490766107 ], [ -91.550045546588478, 41.708970168761567 ], [ -91.550054819901447, 41.709096656081734 ], [ -91.550073160918544, 41.709222586376406 ], [ -91.550100516569998, 41.709347594906738 ], [ -91.55014550650958, 41.709475988900842 ], [ -91.55019634319487, 41.709603151900573 ], [ -91.550252966914741, 41.709728934459505 ], [ -91.550315311155885, 41.709853188752675 ], [ -91.550404792700505, 41.710023333473771 ], [ -91.550488136633874, 41.710195219585067 ], [ -91.550565282640079, 41.710368722793262 ], [ -91.550627720092322, 41.710522119510976 ], [ -91.550685142515746, 41.710690431740993 ], [ -91.550735683517431, 41.710859978659286 ], [ -91.550779295964446, 41.711030602332308 ], [ -91.550815939176772, 41.711202143822305 ], [ -91.550840520752985, 41.711349418235848 ], [ -91.550858812915109, 41.711497205762264 ], [ -91.550868505164246, 41.711614010903311 ], [ -91.551052585117773, 41.711609562205162 ], [ -91.551540686106392, 41.711597763810012 ], [ -91.552053787675661, 41.711585357166634 ], [ -91.552421125754009, 41.711576475256791 ], [ -91.552713970427178, 41.711569393651224 ], [ -91.552982447065276, 41.711562898602708 ], [ -91.553121171638352, 41.711559543725585 ], [ -91.553595543526228, 41.711548068387636 ], [ -91.554791083197955, 41.711519139068031 ], [ -91.555175442064382, 41.711509835745133 ], [ -91.555647762523918, 41.711498401414183 ], [ -91.555648324600227, 41.711511264910435 ], [ -91.555799803066961, 41.711508724774752 ], [ -91.556160567925119, 41.711495208102669 ], [ -91.557267697706607, 41.711487018073157 ], [ -91.557406546547384, 41.711482903667822 ], [ -91.558258489504766, 41.711479840575635 ], [ -91.55825875875567, 41.711479839676372 ], [ -91.558259027899283, 41.711479842377678 ], [ -91.558562545897331, 41.711486812532208 ], [ -91.558857518684817, 41.711474166503791 ], [ -91.559023065906672, 41.711474419615023 ], [ -91.559988651013285, 41.711458029626968 ], [ -91.559989371312383, 41.711458017350161 ], [ -91.560073448861132, 41.711464182188479 ], [ -91.560546435453091, 41.711478967748029 ], [ -91.560547177532072, 41.711478990954532 ], [ -91.560547919423513, 41.711479020462086 ], [ -91.56078728860561, 41.711489513099039 ], [ -91.560787420640963, 41.711489518907314 ], [ -91.560787552676317, 41.711489524715553 ], [ -91.561197982738094, 41.711507524033223 ], [ -91.56128890029953, 41.711511511149901 ], [ -91.562737519938779, 41.711575029336103 ], [ -91.563551227200932, 41.711610701535676 ], [ -91.563560257294768, 41.711611097145898 ], [ -91.563569233330298, 41.711611491853468 ], [ -91.563569341366957, 41.711611496357605 ], [ -91.56375933578154, 41.711619863173993 ], [ -91.563219808030055, 41.712900353170511 ], [ -91.563141422496273, 41.713248600112252 ], [ -91.563129968444741, 41.713506012314895 ], [ -91.563129967642084, 41.713506039319043 ], [ -91.563288990259224, 41.713504982316572 ], [ -91.56389845199476, 41.713500831210354 ], [ -91.565515122216013, 41.713489805310736 ], [ -91.565582951174065, 41.713489341684173 ], [ -91.565579858856893, 41.712971083922554 ], [ -91.565576625699094, 41.712429473363073 ], [ -91.565576217561059, 41.712361031126115 ], [ -91.565573985725663, 41.711986957642374 ], [ -91.565572441250282, 41.711728199261607 ], [ -91.565577922706979, 41.711670921551452 ], [ -91.56698221278323, 41.711684811846418 ], [ -91.567861607207163, 41.711693500783177 ], [ -91.568506330918808, 41.711699867780716 ], [ -91.569724438327142, 41.711711886476202 ], [ -91.570566287360478, 41.711720681612938 ], [ -91.571408179265262, 41.711730953714088 ], [ -91.57318618844694, 41.711752627712976 ], [ -91.573422350031947, 41.711755504920426 ], [ -91.57523504074986, 41.711777570061379 ], [ -91.575246983707743, 41.712189419990047 ], [ -91.57527547592602, 41.713171897588154 ], [ -91.575291986108738, 41.713741207903468 ], [ -91.575340968243495, 41.715430122294016 ], [ -91.5753617703608, 41.717257132778911 ], [ -91.577791927946478, 41.717299053880396 ], [ -91.577814984271939, 41.719149017899909 ], [ -91.577864157643063, 41.722859541605906 ], [ -91.578212126453352, 41.722870175484019 ], [ -91.578154119522949, 41.723936513589457 ], [ -91.575480705265335, 41.723854863749928 ], [ -91.575056483812872, 41.723841901958565 ], [ -91.573887264533482, 41.723446815249595 ], [ -91.573907785733255, 41.724109220371048 ], [ -91.573623265042102, 41.724100523502777 ], [ -91.572551783577453, 41.723428882072334 ], [ -91.572312098558115, 41.722713760215278 ], [ -91.572291131229065, 41.722651203571459 ], [ -91.57063644711242, 41.722638159802521 ], [ -91.570637815677344, 41.722690141543943 ], [ -91.570718490571352, 41.725549528252479 ], [ -91.570503819707682, 41.725555070907369 ], [ -91.570401344967394, 41.725464310308809 ], [ -91.570170428001958, 41.725254211586531 ], [ -91.569945938986805, 41.725040239255812 ], [ -91.56972799361445, 41.724822503649357 ], [ -91.56951670419987, 41.724601117039363 ], [ -91.569312179622628, 41.724376193579403 ], [ -91.569114525270805, 41.724147849245632 ], [ -91.568194145155957, 41.723099581335241 ], [ -91.568048868564262, 41.723172303758865 ], [ -91.566714289394994, 41.723233052548011 ], [ -91.566633036298782, 41.723137415745121 ], [ -91.566530382200185, 41.723016588921062 ], [ -91.566427729657335, 41.72289576292188 ], [ -91.566325076293907, 41.722774936807454 ], [ -91.566222423338203, 41.72265410969765 ], [ -91.566119770736734, 41.722533283392707 ], [ -91.566017119744444, 41.722412456112373 ], [ -91.565978726023062, 41.722367264716887 ], [ -91.56731328816025, 41.722306523448445 ], [ -91.567319229697361, 41.722306253125723 ], [ -91.567325171234373, 41.722305982802723 ], [ -91.567451805633766, 41.72230022167404 ], [ -91.566649160290538, 41.721356162813699 ], [ -91.566366339411019, 41.721003229708387 ], [ -91.565615450465984, 41.720008130623206 ], [ -91.565475258413983, 41.719888727871655 ], [ -91.565329931450606, 41.719772822616548 ], [ -91.565179624951242, 41.719660538756138 ], [ -91.565024499611667, 41.719551996316923 ], [ -91.564864721276336, 41.719447311325453 ], [ -91.564593449646196, 41.719281974528471 ], [ -91.564458094350357, 41.719196753566663 ], [ -91.564328976352968, 41.719106262980588 ], [ -91.56420646065979, 41.719010758597811 ], [ -91.564090893606519, 41.71891051041932 ], [ -91.563982601879758, 41.718805801856128 ], [ -91.56388189159361, 41.718696928927756 ], [ -91.563789047424549, 41.718584199425237 ], [ -91.56370433180679, 41.718467932040795 ], [ -91.563066479644547, 41.718711227376943 ], [ -91.561976978213536, 41.71906996895185 ], [ -91.561866526763552, 41.719109922803597 ], [ -91.561760045872433, 41.71915552777881 ], [ -91.561658049836794, 41.719206563611586 ], [ -91.561561031295426, 41.719262783805114 ], [ -91.561469458849999, 41.719323916822212 ], [ -91.561383774801726, 41.719389667396442 ], [ -91.561304393015305, 41.719459717958202 ], [ -91.561231696919734, 41.719533730168216 ], [ -91.56116603765615, 41.719611346551652 ], [ -91.561107732381757, 41.719692192224379 ], [ -91.561057062737419, 41.719775876703579 ], [ -91.561014273487061, 41.719861995793565 ], [ -91.56097957133494, 41.719950133537878 ], [ -91.560953123926637, 41.720039864228305 ], [ -91.56093505903884, 41.720130754460897 ], [ -91.560889064727107, 41.720127569911696 ], [ -91.56096344288494, 41.722596956574478 ], [ -91.560976301856854, 41.722998286358681 ], [ -91.560979679443307, 41.723103357003801 ], [ -91.560996443587484, 41.723590745853095 ], [ -91.561009675406822, 41.724020115046308 ], [ -91.561071897922488, 41.726025935243896 ], [ -91.561097040276707, 41.726786065005818 ], [ -91.561122351407718, 41.727690125556357 ], [ -91.561156507096726, 41.728824305835488 ], [ -91.561170889938097, 41.729179763879294 ], [ -91.561175420597337, 41.729277662943467 ], [ -91.56118733518197, 41.729375213364769 ], [ -91.561206595585716, 41.729472102878006 ], [ -91.561233140187113, 41.729568021332256 ], [ -91.561266884046361, 41.729662661683612 ], [ -91.561307719176838, 41.729755720978282 ], [ -91.561355514890423, 41.729846901322297 ], [ -91.56141011821542, 41.729935910835231 ], [ -91.561478884872514, 41.730033186071964 ], [ -91.561555761736159, 41.730126992620562 ], [ -91.561640438311059, 41.73021695156752 ], [ -91.561732572592305, 41.730302699539493 ], [ -91.561831792446412, 41.730383890171254 ], [ -91.561937697114359, 41.730460195504953 ], [ -91.562462535999359, 41.73079764885955 ], [ -91.563694736887882, 41.731581233749601 ], [ -91.564601156623979, 41.732146637405222 ], [ -91.566158009041203, 41.733117728310582 ], [ -91.566265862477422, 41.733183248144819 ], [ -91.566378774372296, 41.733243798025342 ], [ -91.566496337137579, 41.73329915937282 ], [ -91.566618126392484, 41.733349132337587 ], [ -91.566737917661342, 41.733393299256242 ], [ -91.566861048920856, 41.733431970889463 ], [ -91.566987071362178, 41.733465006279033 ], [ -91.567115525635842, 41.733492285010684 ], [ -91.567245943526387, 41.733513707653096 ], [ -91.567377849659309, 41.73352919612028 ], [ -91.567510763234239, 41.733538693956497 ], [ -91.567644199777831, 41.733542166541852 ], [ -91.570913606397781, 41.733577097351301 ], [ -91.57091126945889, 41.733439736704554 ], [ -91.570905326102334, 41.732867252604876 ], [ -91.570871646001336, 41.731078594149466 ], [ -91.570858694090404, 41.73030668977394 ], [ -91.570836368805402, 41.729372105645758 ], [ -91.570805508241563, 41.728148515114846 ], [ -91.571452488180384, 41.728151699095712 ], [ -91.571451425352095, 41.728137203736914 ], [ -91.573106530275339, 41.728164029420213 ], [ -91.573161107903374, 41.728164913609177 ], [ -91.573543395240733, 41.728171107161401 ], [ -91.573195152434536, 41.727898165624914 ], [ -91.572852340104291, 41.72762139411374 ], [ -91.572723617625897, 41.727512548693781 ], [ -91.572672363971378, 41.7274688537264 ], [ -91.572418136191786, 41.727249052033855 ], [ -91.572167328313625, 41.727027056972744 ], [ -91.572374770420438, 41.727018910054682 ], [ -91.574266161599155, 41.726945015164269 ], [ -91.574869592318379, 41.72692143391231 ], [ -91.575553705836356, 41.726894694877402 ], [ -91.575542228087983, 41.726400522101351 ], [ -91.575663106763415, 41.726403129144366 ], [ -91.577130162575116, 41.726434755661124 ], [ -91.577789285290237, 41.726448959476471 ], [ -91.579036811525924, 41.724684057371469 ], [ -91.579208315001011, 41.72444122902747 ], [ -91.580292777081496, 41.722933838378644 ], [ -91.580283512238168, 41.722413667733974 ], [ -91.580247399716882, 41.719213843588072 ], [ -91.580230053348544, 41.717676758759936 ], [ -91.580229308579064, 41.717610651074338 ], [ -91.580224573963292, 41.717191171724537 ], [ -91.580213613135854, 41.716219830773142 ], [ -91.580562232730017, 41.716221455031651 ], [ -91.580809344277114, 41.716222634711741 ], [ -91.581526017754257, 41.716225977355641 ], [ -91.582364107649198, 41.716229881407301 ], [ -91.582739495121018, 41.716231627926 ], [ -91.583134036048349, 41.716233455368929 ], [ -91.583585100074288, 41.716235558127586 ], [ -91.583771077646503, 41.716236421947293 ], [ -91.584083503591884, 41.716237872223218 ], [ -91.584395923385514, 41.716239326960114 ], [ -91.58470835314813, 41.716240769312961 ], [ -91.585020774620702, 41.716242207085713 ], [ -91.585068801417449, 41.716242426609412 ], [ -91.585069271951681, 41.716339382642502 ], [ -91.585121101089811, 41.716354066934258 ], [ -91.585258137974364, 41.71639289546323 ], [ -91.585532215837759, 41.716470552094336 ], [ -91.58580629192565, 41.716548208937596 ], [ -91.586272565792626, 41.716680319165469 ], [ -91.586489833568152, 41.716742529470075 ], [ -91.587613517049562, 41.717061074942798 ], [ -91.588292474280195, 41.717253540399618 ], [ -91.589044507875585, 41.717466715852154 ], [ -91.589121518915562, 41.717488546492014 ], [ -91.589119998469513, 41.717391485966758 ], [ -91.58992452182855, 41.717612929642208 ], [ -91.590019861892642, 41.717635808750728 ], [ -91.590114962824231, 41.717774045169008 ], [ -91.589927451381541, 41.717762709732789 ], [ -91.589928793432833, 41.718478424588696 ], [ -91.589629798105051, 41.718487752501467 ], [ -91.589927540441167, 41.7188185746584 ], [ -91.590404825527642, 41.719348877173914 ], [ -91.591373159704759, 41.720424738907177 ], [ -91.591814551265742, 41.719626717352043 ], [ -91.591950405221908, 41.719737912099887 ], [ -91.591320252053848, 41.720858046074767 ], [ -91.58991298691528, 41.722876174750816 ], [ -91.585701264164214, 41.722899742878738 ], [ -91.585702425119109, 41.722918940715751 ], [ -91.58581814066909, 41.72505398225109 ], [ -91.587569150801258, 41.725059088908885 ], [ -91.587594154002119, 41.726508835549147 ], [ -91.587630083047173, 41.726508875328513 ], [ -91.590048569431744, 41.726511554245356 ], [ -91.59275004788968, 41.726522118315309 ], [ -91.593325321045242, 41.726525126555906 ], [ -91.593280202408081, 41.72834664087344 ], [ -91.593277687419203, 41.728555884855247 ], [ -91.593275180898502, 41.728764304936483 ], [ -91.593272675921952, 41.728972753847074 ], [ -91.593270168141203, 41.729181174779434 ], [ -91.593267663158969, 41.729389622760593 ], [ -91.593264597083277, 41.729644721132409 ], [ -91.593262616521926, 41.729809371995074 ], [ -91.593258096633107, 41.73018532592954 ], [ -91.59018623080101, 41.730170076352614 ], [ -91.590255160673593, 41.733808569084971 ], [ -91.587788387641382, 41.733783348299568 ], [ -91.585388815424125, 41.733758765354821 ], [ -91.580570877815887, 41.733708985058321 ], [ -91.58049760626858, 41.733708494231443 ], [ -91.580506265271254, 41.734127783921643 ], [ -91.580527184949119, 41.73458757155727 ], [ -91.580532291165412, 41.734890007747765 ], [ -91.577367466239849, 41.734852845221468 ], [ -91.576817802859409, 41.734846381916 ], [ -91.576831543579019, 41.733804371422849 ], [ -91.576832044099362, 41.733777073351852 ], [ -91.576833801724348, 41.733643581278848 ], [ -91.575737550902716, 41.733627992333396 ], [ -91.575744611080793, 41.732930879587634 ], [ -91.575751939815518, 41.732440635367183 ], [ -91.575754076032666, 41.732358668774069 ], [ -91.575582168553581, 41.732356159142846 ], [ -91.574817637259287, 41.732346541477618 ], [ -91.574812360464406, 41.731797697391485 ], [ -91.574807086161798, 41.731248853243756 ], [ -91.574810105381474, 41.730702397055218 ], [ -91.575084870155095, 41.730701769028052 ], [ -91.575078537212306, 41.730585507583761 ], [ -91.575047101884266, 41.730008410683979 ], [ -91.573516802665878, 41.729988138629651 ], [ -91.573506328016634, 41.730705355970763 ], [ -91.572817289928622, 41.730706932425221 ], [ -91.572822578761418, 41.732341518726976 ], [ -91.572810391077113, 41.732893864615541 ], [ -91.572810782643572, 41.733468120395891 ], [ -91.572810872241519, 41.733599772706775 ], [ -91.571096838884813, 41.733581118629864 ], [ -91.571099097055409, 41.733715914908956 ], [ -91.571102191858003, 41.733881048411902 ], [ -91.570919200544353, 41.733879369961222 ], [ -91.568290743394243, 41.733855226326646 ], [ -91.566109681231296, 41.733835147178013 ], [ -91.566169280856357, 41.73690911180752 ], [ -91.56617723191242, 41.737215786294911 ], [ -91.56618662620815, 41.737674165371139 ], [ -91.566189660849219, 41.737822200521101 ], [ -91.566196251760147, 41.738143794628691 ], [ -91.566212912557717, 41.738996324774213 ], [ -91.567585848391914, 41.739024626702744 ], [ -91.567737377062883, 41.739027749887043 ], [ -91.567819669466758, 41.739029445246416 ], [ -91.568589041402106, 41.739045296872426 ], [ -91.569238134191139, 41.739058666213374 ], [ -91.569387117913564, 41.73906173411963 ], [ -91.569604397125346, 41.739066208294318 ], [ -91.569970661346247, 41.739073749240148 ], [ -91.570336924423501, 41.739081289911063 ], [ -91.570703187612267, 41.739088828526839 ], [ -91.570947998403327, 41.739093866584341 ], [ -91.571016673657681, 41.739095280322765 ], [ -91.571022710211977, 41.73941748222817 ], [ -91.571029446494464, 41.739776921001834 ], [ -91.571030065726148, 41.739809931069495 ], [ -91.571037420127169, 41.740202379838266 ], [ -91.571040575219314, 41.740370720027428 ], [ -91.571044564654741, 41.740583606603053 ], [ -91.571045312969133, 41.740623586554833 ], [ -91.571050176118192, 41.740883060860298 ], [ -91.571061131584628, 41.742311186066502 ], [ -91.571103380836774, 41.744539414874176 ], [ -91.575574049093575, 41.74458854011214 ], [ -91.575576514211946, 41.744775345359066 ], [ -91.574055985682847, 41.744756741896396 ], [ -91.574047286761783, 41.745308985724712 ], [ -91.574391803155436, 41.745793322686097 ], [ -91.574412297311127, 41.746050801229387 ], [ -91.575612977609964, 41.746961252620196 ], [ -91.575634014885509, 41.748222284841319 ], [ -91.575648809424067, 41.749109072476372 ], [ -91.575654022882588, 41.749228981821652 ], [ -91.575665653086162, 41.749348638153364 ], [ -91.575683681360829, 41.749467848982505 ], [ -91.575708078739652, 41.749586422535678 ], [ -91.575738806009284, 41.749704168063673 ], [ -91.575836831868827, 41.749976719136363 ], [ -91.575754015086432, 41.749975369516015 ], [ -91.575637155931915, 41.749973463875499 ], [ -91.57497381029961, 41.749856060844849 ], [ -91.574856170948095, 41.750248101044939 ], [ -91.574200018902403, 41.750171539649799 ], [ -91.574078611203205, 41.750292010157501 ], [ -91.573963082766852, 41.750415680415131 ], [ -91.573853583865201, 41.750542389596461 ], [ -91.573750256931561, 41.750671972922341 ], [ -91.573653236375378, 41.750804261874961 ], [ -91.573865512744675, 41.751204361427696 ], [ -91.574633876952817, 41.751890026213324 ], [ -91.577295582505442, 41.751899779678766 ], [ -91.577383935067743, 41.751791681075147 ], [ -91.577510790023609, 41.751636476158197 ], [ -91.577531868636612, 41.751610686100761 ], [ -91.577570249469431, 41.751628075568213 ], [ -91.577609187451202, 41.751645617434924 ], [ -91.577656441459567, 41.751666302127866 ], [ -91.577712772050646, 41.751690113406745 ], [ -91.577796017326577, 41.751723669375409 ], [ -91.578033602190558, 41.751809304389425 ], [ -91.578120553682766, 41.751837094781422 ], [ -91.578180546315181, 41.751855210900523 ], [ -91.578226957507567, 41.751868645350477 ], [ -91.578269537099558, 41.75188053224705 ], [ -91.57831174577889, 41.751891906871741 ], [ -91.578358842282185, 41.751904126935287 ], [ -91.578531216410511, 41.751944713857526 ], [ -91.578705865535412, 41.751979421593042 ], [ -91.578882432243049, 41.752008179113027 ], [ -91.579060555193749, 41.752030927565556 ], [ -91.579239869861681, 41.752047620396169 ], [ -91.579420009281193, 41.752058223443051 ], [ -91.579600604798031, 41.752062715007042 ], [ -91.580644816486597, 41.752070956298816 ], [ -91.582799576797427, 41.752088923646866 ], [ -91.582799073873929, 41.752020307498007 ], [ -91.583040931765453, 41.752022320267379 ], [ -91.583833871802824, 41.75202939407513 ], [ -91.585549424986482, 41.752044678703705 ], [ -91.585549078342353, 41.752072545501811 ], [ -91.587381382333916, 41.752084572651711 ], [ -91.587381906995077, 41.752060977471203 ], [ -91.590422364141432, 41.752087955262255 ], [ -91.590422191577431, 41.752107127251911 ], [ -91.590420847772748, 41.752257405825326 ], [ -91.590419860033052, 41.752367860066911 ], [ -91.59041886583303, 41.752478944593442 ], [ -91.59041789586955, 41.752587398064179 ], [ -91.590416928327258, 41.752695604816019 ], [ -91.590415931692817, 41.752806936044848 ], [ -91.590414917168303, 41.752920353583498 ], [ -91.590413968704937, 41.753026474028687 ], [ -91.590413002453175, 41.753134513280571 ], [ -91.590412004501715, 41.753246011976202 ], [ -91.590411006601698, 41.753357590818609 ], [ -91.59040834986294, 41.75365454878186 ], [ -91.590406989944711, 41.753808573359045 ], [ -91.590403574467786, 41.75419070317222 ], [ -91.590402102505635, 41.754355355237898 ], [ -91.590398717006153, 41.754734082241349 ], [ -91.590395331440888, 41.755112810095476 ], [ -91.590393859437029, 41.75527746210885 ], [ -91.590390939752766, 41.755604049506829 ], [ -91.590358044851982, 41.759164010591455 ], [ -91.590357699050855, 41.759215989886556 ], [ -91.590461535182982, 41.759217992372911 ], [ -91.590609629725591, 41.759220847500259 ], [ -91.592256095948883, 41.75925257897859 ], [ -91.595806095219714, 41.759312196679829 ], [ -91.595803870424703, 41.75941269889951 ], [ -91.595771483980471, 41.760875733204493 ], [ -91.594763512133852, 41.760857032181164 ], [ -91.593825836080498, 41.760839626412903 ], [ -91.593817685876147, 41.761211230012528 ], [ -91.593800009761765, 41.762017109759903 ], [ -91.592185592845766, 41.761997180098206 ], [ -91.592177589008884, 41.76243562653363 ], [ -91.592175538381639, 41.762547927968377 ], [ -91.592169526857987, 41.762877208600251 ], [ -91.592159256238332, 41.763439879784904 ], [ -91.592136509190254, 41.764685997611743 ], [ -91.592133478323575, 41.764851980585952 ], [ -91.59212378780532, 41.765382890048777 ], [ -91.592109244064645, 41.766138181634091 ], [ -91.59210203860799, 41.766574141508322 ], [ -91.59127724695, 41.766566544788382 ], [ -91.591052113912895, 41.766564469965203 ], [ -91.590685377582318, 41.766561089488007 ], [ -91.5903192233189, 41.766557713819317 ], [ -91.590223468242399, 41.766556830344669 ], [ -91.589952435590675, 41.766553666469541 ], [ -91.58918945658418, 41.766547657534062 ], [ -91.587167748862072, 41.766529959610132 ], [ -91.587114427126536, 41.767052985595591 ], [ -91.587111845346129, 41.76707829747177 ], [ -91.587074723703182, 41.767373170992308 ], [ -91.586974125214638, 41.768342372763158 ], [ -91.586845003647767, 41.769586295797524 ], [ -91.588311299339765, 41.769585696193495 ], [ -91.588297730162992, 41.769716449415249 ], [ -91.58829073810827, 41.7697838105952 ], [ -91.588254513424033, 41.770132860382461 ], [ -91.588718201930888, 41.770132702996904 ], [ -91.589286892576411, 41.770132464318181 ], [ -91.589593358339783, 41.770132334424773 ], [ -91.590124197168635, 41.770132106766624 ], [ -91.590503608579027, 41.770137547719742 ], [ -91.591571176896039, 41.770152850860065 ], [ -91.593862304554548, 41.770185660424161 ], [ -91.595414988048844, 41.770207869435694 ], [ -91.596883183815038, 41.77022885103257 ], [ -91.597802218199206, 41.770241975071833 ], [ -91.597800591400812, 41.77009233696549 ], [ -91.597792355605364, 41.769334748225056 ], [ -91.597783949016744, 41.768561479566017 ], [ -91.597782263173386, 41.768406372213512 ], [ -91.59778032297838, 41.768227899301891 ], [ -91.597777160725215, 41.767936907701056 ], [ -91.597773997245383, 41.767645917851304 ], [ -91.597770833820135, 41.767354927072041 ], [ -91.597767671625533, 41.767063936282995 ], [ -91.598367266383491, 41.76707121006924 ], [ -91.599390017194409, 41.767083570464784 ], [ -91.600221488022996, 41.767095055097045 ], [ -91.600270562517551, 41.767095691953728 ], [ -91.600271002514532, 41.76663264104748 ], [ -91.600526503315535, 41.766636964162124 ], [ -91.602703240840597, 41.766673772432661 ], [ -91.603120643482768, 41.766680825897922 ], [ -91.603530862465249, 41.766687755180875 ], [ -91.603775037955103, 41.766691879947437 ], [ -91.604487005191288, 41.766703902184304 ], [ -91.605149022760187, 41.766715077380731 ], [ -91.605281463097796, 41.766717312387499 ], [ -91.60578073397312, 41.766725736609295 ], [ -91.606458289401274, 41.766737167609783 ], [ -91.606807311536343, 41.766743052638255 ], [ -91.607113822410952, 41.766748221396924 ], [ -91.607567872453444, 41.766755875841774 ], [ -91.607723005432234, 41.766758157146782 ], [ -91.607753084841704, 41.768459516817025 ], [ -91.607750949496648, 41.76857818948654 ], [ -91.607739221510627, 41.768696547721547 ], [ -91.607717943853515, 41.768814157345837 ], [ -91.6076871945275, 41.76893058692707 ], [ -91.607647086281773, 41.769045409359514 ], [ -91.607597766199547, 41.769158203430784 ], [ -91.607539415159252, 41.769268555367184 ], [ -91.607472247171657, 41.769376060351796 ], [ -91.607396508595286, 41.7694803240095 ], [ -91.607312477233251, 41.769580963853997 ], [ -91.607807073586528, 41.769828655368769 ], [ -91.608066545011482, 41.769958595402322 ], [ -91.608111211576798, 41.769980964989166 ], [ -91.608093250208213, 41.770376978270733 ], [ -91.609465896962547, 41.770402207227562 ], [ -91.611397619350512, 41.770437468466341 ], [ -91.611506168439462, 41.770439478965862 ], [ -91.611504613803163, 41.77189951695371 ], [ -91.612384702447969, 41.771909417446977 ], [ -91.612795063636511, 41.771913285482029 ], [ -91.613104803899603, 41.771916204935842 ], [ -91.613414545418991, 41.7719191226834 ], [ -91.613724285763809, 41.771922039585853 ], [ -91.614034028541226, 41.771924955701749 ], [ -91.61434377011787, 41.771927871872656 ], [ -91.614706662325531, 41.771931286852471 ], [ -91.614926597383601, 41.771933354599881 ], [ -91.615274826729532, 41.771936630739511 ], [ -91.615568072679835, 41.771939387696946 ], [ -91.615861319831353, 41.771942144834057 ], [ -91.616154567033817, 41.771944900330972 ], [ -91.616447813084704, 41.771947654168251 ], [ -91.616690132207466, 41.771949931101865 ], [ -91.616741060310744, 41.771950409085221 ], [ -91.617034306385278, 41.771953162342591 ], [ -91.617314241395803, 41.771955789198174 ], [ -91.61730329967763, 41.775107393334814 ], [ -91.617179587483022, 41.775107312058026 ], [ -91.617193544122557, 41.776042964497655 ], [ -91.617187339577725, 41.776042975614992 ], [ -91.61720429671486, 41.77867862970934 ], [ -91.617204420028997, 41.778697950335847 ], [ -91.617210604525084, 41.779659134132949 ], [ -91.617217493698803, 41.780729937755211 ], [ -91.617221696683799, 41.781383165327703 ], [ -91.617227470279389, 41.782280497943553 ], [ -91.61725635486556, 41.782279924059864 ], [ -91.617268114537097, 41.785478493505146 ], [ -91.617267625086185, 41.786843310809061 ], [ -91.617267071939466, 41.788387982132221 ], [ -91.617266680739675, 41.789479322139236 ], [ -91.615567203472693, 41.788570828715415 ], [ -91.614433691992744, 41.787608008924579 ], [ -91.613692652967615, 41.786615374209283 ], [ -91.612775028772361, 41.785859513311834 ], [ -91.611924541863814, 41.785141494295914 ], [ -91.611177828976452, 41.784709470262378 ], [ -91.610049741354416, 41.784269663455881 ], [ -91.609238002397475, 41.784135604034695 ], [ -91.60800706272606, 41.784134379272963 ], [ -91.606847640907986, 41.784241702042252 ], [ -91.605462228904173, 41.784508369104799 ], [ -91.604143625938136, 41.78492917760456 ], [ -91.603006268047849, 41.785503729717504 ], [ -91.602190582560297, 41.786072282685325 ], [ -91.601593136551315, 41.786801175584138 ], [ -91.601026041491352, 41.787971510227933 ], [ -91.600790842377748, 41.788978973785099 ], [ -91.600881393790914, 41.790094172480728 ], [ -91.600983007247493, 41.79072164118859 ], [ -91.601273674868693, 41.791504556701376 ], [ -91.601648656194584, 41.792057832260625 ], [ -91.602170706049222, 41.792990751392324 ], [ -91.603565379341575, 41.794440171268668 ], [ -91.605193486294581, 41.795937125088628 ], [ -91.606343655648104, 41.796698437594308 ], [ -91.607526739667335, 41.797813566915508 ], [ -91.608949131312571, 41.800016773095358 ], [ -91.609354159941162, 41.801424823892219 ], [ -91.609179734736259, 41.80231180174664 ], [ -91.608682297482432, 41.803060051482902 ], [ -91.607800469156771, 41.803735304794195 ], [ -91.606771328270838, 41.804363662318359 ], [ -91.604966919803829, 41.805068352965357 ], [ -91.601776636786454, 41.806395506509105 ], [ -91.600415948840279, 41.807174111129363 ], [ -91.599722032234922, 41.807518694200681 ], [ -91.598661944267548, 41.807779998014723 ], [ -91.597684362885644, 41.808035399574536 ], [ -91.596170353850198, 41.808619089156281 ], [ -91.592490712542272, 41.809462136840146 ], [ -91.591613227807741, 41.809579046060449 ], [ -91.590152286536593, 41.809754295021591 ], [ -91.589047708323392, 41.810039027294721 ], [ -91.587749074065513, 41.809973470631697 ], [ -91.585897899835345, 41.809462323291619 ], [ -91.583425209619364, 41.808036394717682 ], [ -91.58283165340292, 41.807475224918747 ], [ -91.582718114310509, 41.806755830660769 ], [ -91.582773406645202, 41.806147496020074 ], [ -91.583175534932167, 41.805186974711695 ], [ -91.583503515653732, 41.804403544343664 ], [ -91.583643532709104, 41.804069084433117 ], [ -91.583904066223582, 41.803446735987372 ], [ -91.584122069594343, 41.802925977477884 ], [ -91.584279507053893, 41.802716635438429 ], [ -91.584704107085145, 41.802152049886637 ], [ -91.584869368218477, 41.801480779832758 ], [ -91.584696139710502, 41.800796918032241 ], [ -91.583584228001499, 41.799507082059371 ], [ -91.582254479963225, 41.798611361257208 ], [ -91.582033100285301, 41.798232376765114 ], [ -91.582008093763278, 41.797969527894821 ], [ -91.582362647602736, 41.796662073043237 ], [ -91.582636800812708, 41.796071146820616 ], [ -91.582851981231983, 41.795476439095111 ], [ -91.582918823861235, 41.794810265509994 ], [ -91.582716593550202, 41.794165178857121 ], [ -91.582414078738964, 41.793801367292232 ], [ -91.582037131698215, 41.793528663730612 ], [ -91.580988395837252, 41.793036698566539 ], [ -91.580647276154266, 41.792869281228633 ], [ -91.580400489564866, 41.792748159811524 ], [ -91.579746608552355, 41.792429509222636 ], [ -91.578985596003619, 41.792169030158931 ], [ -91.577928672223464, 41.791861627466261 ], [ -91.577130532072047, 41.791536244771372 ], [ -91.576719880729527, 41.791261885753393 ], [ -91.576298191027263, 41.790818089381474 ], [ -91.576062019177527, 41.790322452599611 ], [ -91.576012083203551, 41.789727120305926 ], [ -91.576013856918294, 41.78862566336678 ], [ -91.576031596203137, 41.787884824440269 ], [ -91.57617907114043, 41.787093422898884 ], [ -91.576623671223103, 41.786241668231867 ], [ -91.57719332744108, 41.785639802879558 ], [ -91.577951999505203, 41.785037039694117 ], [ -91.578681072954353, 41.784727555592077 ], [ -91.579405787121445, 41.784549981439895 ] ] ] ] } },
{ "type": "Feature", "properties": { "OBJECTID": 31, "NAME": "North Liberty", "Shape_Area": 266131896.25807101 }, "geometry": { "type": "MultiPolygon", "coordinates": [ [ [ [ -91.607753084841704, 41.768459516817025 ], [ -91.607723005432234, 41.766758157146782 ], [ -91.607567872453444, 41.766755875841774 ], [ -91.607113822410952, 41.766748221396924 ], [ -91.606807311536343, 41.766743052638255 ], [ -91.606458289401274, 41.766737167609783 ], [ -91.60578073397312, 41.766725736609295 ], [ -91.605281463097796, 41.766717312387499 ], [ -91.605149022760187, 41.766715077380731 ], [ -91.604487005191288, 41.766703902184304 ], [ -91.603775037955103, 41.766691879947437 ], [ -91.603530862465249, 41.766687755180875 ], [ -91.603120643482768, 41.766680825897922 ], [ -91.602703240840597, 41.766673772432661 ], [ -91.600526503315535, 41.766636964162124 ], [ -91.600271002514532, 41.76663264104748 ], [ -91.600270562517551, 41.767095691953728 ], [ -91.600221488022996, 41.767095055097045 ], [ -91.599390017194409, 41.767083570464784 ], [ -91.598367266383491, 41.76707121006924 ], [ -91.597767671625533, 41.767063936282995 ], [ -91.597770833820135, 41.767354927072041 ], [ -91.597773997245383, 41.767645917851304 ], [ -91.597777160725215, 41.767936907701056 ], [ -91.59778032297838, 41.768227899301891 ], [ -91.597782263173386, 41.768406372213512 ], [ -91.597783949016744, 41.768561479566017 ], [ -91.597792355605364, 41.769334748225056 ], [ -91.597800591400812, 41.77009233696549 ], [ -91.597802218199206, 41.770241975071833 ], [ -91.596883183815038, 41.77022885103257 ], [ -91.595414988048844, 41.770207869435694 ], [ -91.593862304554548, 41.770185660424161 ], [ -91.591571176896039, 41.770152850860065 ], [ -91.590503608579027, 41.770137547719742 ], [ -91.590124197168635, 41.770132106766624 ], [ -91.589593358339783, 41.770132334424773 ], [ -91.589286892576411, 41.770132464318181 ], [ -91.588718201930888, 41.770132702996904 ], [ -91.588254513424033, 41.770132860382461 ], [ -91.58829073810827, 41.7697838105952 ], [ -91.588297730162992, 41.769716449415249 ], [ -91.588311299339765, 41.769585696193495 ], [ -91.586845003647767, 41.769586295797524 ], [ -91.586974125214638, 41.768342372763158 ], [ -91.587074723703182, 41.767373170992308 ], [ -91.587111845346129, 41.76707829747177 ], [ -91.587114427126536, 41.767052985595591 ], [ -91.587167748862072, 41.766529959610132 ], [ -91.58918945658418, 41.766547657534062 ], [ -91.589952435590675, 41.766553666469541 ], [ -91.590223468242399, 41.766556830344669 ], [ -91.5903192233189, 41.766557713819317 ], [ -91.590685377582318, 41.766561089488007 ], [ -91.591052113912895, 41.766564469965203 ], [ -91.59127724695, 41.766566544788382 ], [ -91.59210203860799, 41.766574141508322 ], [ -91.592110001886169, 41.766137812243159 ], [ -91.59212378780532, 41.765382890048777 ], [ -91.592133478323575, 41.764851980585952 ], [ -91.592136509190254, 41.764685997611743 ], [ -91.592159256238332, 41.763439879784904 ], [ -91.592169526857987, 41.762877208600251 ], [ -91.592175538381639, 41.762547927968377 ], [ -91.592177589008884, 41.76243562653363 ], [ -91.592185592845766, 41.761997180098206 ], [ -91.593800009761765, 41.762017109759903 ], [ -91.593817685876147, 41.761211230012528 ], [ -91.593825836080498, 41.760839626412903 ], [ -91.594763512133852, 41.760857032181164 ], [ -91.595771483980471, 41.760875733204493 ], [ -91.595803870424703, 41.75941269889951 ], [ -91.595806095219714, 41.759312196679829 ], [ -91.592256095948883, 41.75925257897859 ], [ -91.590609629725591, 41.759220847500259 ], [ -91.590461535182982, 41.759217992372911 ], [ -91.590357699050855, 41.759215989886556 ], [ -91.590358044851982, 41.759164010591455 ], [ -91.590390939752766, 41.755604049506829 ], [ -91.590393859437029, 41.75527746210885 ], [ -91.590395331440888, 41.755112810095476 ], [ -91.590398717006153, 41.754734082241349 ], [ -91.590402102505635, 41.754355355237898 ], [ -91.590403574467786, 41.75419070317222 ], [ -91.590406989944711, 41.753808573359045 ], [ -91.59040834986294, 41.75365454878186 ], [ -91.590411006601698, 41.753357590818609 ], [ -91.590412004501715, 41.753246011976202 ], [ -91.590413002453175, 41.753134513280571 ], [ -91.590413968704937, 41.753026474028687 ], [ -91.590414917168303, 41.752920353583498 ], [ -91.590415931692817, 41.752806936044848 ], [ -91.590416928327258, 41.752695604816019 ], [ -91.59041789586955, 41.752587398064179 ], [ -91.59041886583303, 41.752478944593442 ], [ -91.590419860033052, 41.752367860066911 ], [ -91.590420847772748, 41.752257405825326 ], [ -91.590422191577431, 41.752107127251911 ], [ -91.590422364141432, 41.752087955262255 ], [ -91.587381906995077, 41.752060977471203 ], [ -91.587381382333916, 41.752084572651711 ], [ -91.585549078342353, 41.752072545501811 ], [ -91.585549424986482, 41.752044678703705 ], [ -91.583833871802824, 41.75202939407513 ], [ -91.583040931765453, 41.752022320267379 ], [ -91.582799073873929, 41.752020307498007 ], [ -91.582799576797427, 41.752088923646866 ], [ -91.580644816486597, 41.752070956298816 ], [ -91.579600604798031, 41.752062715007042 ], [ -91.579420009281193, 41.752058223443015 ], [ -91.579239869861695, 41.752047620396091 ], [ -91.579060555193763, 41.752030927565492 ], [ -91.578882432243063, 41.752008179112948 ], [ -91.578705865535426, 41.751979421592971 ], [ -91.578531216410525, 41.751944713857476 ], [ -91.578358842282185, 41.751904126935287 ], [ -91.57831174577889, 41.751891906871741 ], [ -91.578269537099558, 41.75188053224705 ], [ -91.578226957507567, 41.751868645350477 ], [ -91.578180546315181, 41.751855210900523 ], [ -91.578120553682766, 41.751837094781422 ], [ -91.578033602190558, 41.751809304389425 ], [ -91.577796017326577, 41.751723669375409 ], [ -91.577712772050646, 41.751690113406745 ], [ -91.577656441459567, 41.751666302127866 ], [ -91.577609187451202, 41.751645617434924 ], [ -91.577570249469431, 41.751628075568213 ], [ -91.577531868636612, 41.751610686100761 ], [ -91.577510790023609, 41.751636476158197 ], [ -91.577383935067743, 41.751791681075147 ], [ -91.577295582505442, 41.751899779678766 ], [ -91.574633876952817, 41.751890026213324 ], [ -91.573865512744675, 41.751204361427696 ], [ -91.573653236375378, 41.750804261874961 ], [ -91.573750256931575, 41.750671972922341 ], [ -91.573853583865215, 41.750542389596468 ], [ -91.57396308276688, 41.750415680415152 ], [ -91.574078611203234, 41.750292010157501 ], [ -91.574200018902403, 41.750171539649799 ], [ -91.574856170948095, 41.750248101044939 ], [ -91.57497381029961, 41.749856060844849 ], [ -91.575637155931915, 41.749973463875499 ], [ -91.575754015086432, 41.749975369516015 ], [ -91.575836831868827, 41.749976719136363 ], [ -91.575738806009284, 41.749704168063673 ], [ -91.575708078739638, 41.749586422535678 ], [ -91.5756836813608, 41.749467848982505 ], [ -91.575665653086148, 41.749348638153364 ], [ -91.575654022882588, 41.749228981821652 ], [ -91.575648809424067, 41.749109072476372 ], [ -91.575634014885509, 41.748222284841319 ], [ -91.575612977609964, 41.746961252620196 ], [ -91.574412297311127, 41.746050801229387 ], [ -91.574391803155436, 41.745793322686097 ], [ -91.574047286761783, 41.745308985724712 ], [ -91.574055985682847, 41.744756741896396 ], [ -91.575576514211946, 41.744775345359066 ], [ -91.575574049093575, 41.74458854011214 ], [ -91.571103380836774, 41.744539414874176 ], [ -91.571061131584628, 41.742311186066502 ], [ -91.571050176118192, 41.740883060860298 ], [ -91.571045312969133, 41.740623586554833 ], [ -91.571044564654741, 41.740583606603053 ], [ -91.571040575219314, 41.740370720027428 ], [ -91.571037420127169, 41.740202379838266 ], [ -91.571030065726148, 41.739809931069495 ], [ -91.571029446494464, 41.739776921001834 ], [ -91.571022710211977, 41.73941748222817 ], [ -91.571016673657681, 41.739095280322765 ], [ -91.570947998403327, 41.739093866584341 ], [ -91.570703187612267, 41.739088828526839 ], [ -91.570336924423501, 41.739081289911063 ], [ -91.569970661346247, 41.739073749240148 ], [ -91.569604397125346, 41.739066208294318 ], [ -91.569387117913564, 41.73906173411963 ], [ -91.569238134191139, 41.739058666213374 ], [ -91.568589041402106, 41.739045296872426 ], [ -91.567819669466758, 41.739029445246416 ], [ -91.567737377062883, 41.739027749887043 ], [ -91.567585848391914, 41.739024626702744 ], [ -91.566212912557717, 41.738996324774213 ], [ -91.566196251760147, 41.738143794628691 ], [ -91.566189660849219, 41.737822200521101 ], [ -91.56618662620815, 41.737674165371139 ], [ -91.56617723191242, 41.737215786294911 ], [ -91.566169280856357, 41.73690911180752 ], [ -91.566109681231296, 41.733835147178013 ], [ -91.568290743394243, 41.733855226326646 ], [ -91.570919200544353, 41.733879369961222 ], [ -91.571102191858003, 41.733881048411902 ], [ -91.571099097055409, 41.733715914908956 ], [ -91.571096838884813, 41.733581118629864 ], [ -91.572810872241519, 41.733599772706775 ], [ -91.572810782643572, 41.733468120395891 ], [ -91.572810391077113, 41.732893864615541 ], [ -91.572822578761418, 41.732341518726976 ], [ -91.572817289928622, 41.730706932425221 ], [ -91.573506328016634, 41.730705355970763 ], [ -91.573516802665878, 41.729988138629651 ], [ -91.575047101884266, 41.730008410683979 ], [ -91.575078537212306, 41.730585507583761 ], [ -91.575084870155095, 41.730701769028052 ], [ -91.574810105381474, 41.730702397055218 ], [ -91.574807086161798, 41.731248853243756 ], [ -91.574812360464406, 41.731797697391485 ], [ -91.574817637259287, 41.732346541477618 ], [ -91.575582168553581, 41.732356159142846 ], [ -91.575754076032666, 41.732358668774069 ], [ -91.575751939815518, 41.732440635367183 ], [ -91.575744611080793, 41.732930879587634 ], [ -91.575737550902716, 41.733627992333396 ], [ -91.576833801724348, 41.733643581278848 ], [ -91.576832044099362, 41.733777073351852 ], [ -91.576831543579019, 41.733804371422849 ], [ -91.576817802859409, 41.734846381916 ], [ -91.577367466239849, 41.734852845221468 ], [ -91.580532291165412, 41.734890007747765 ], [ -91.580527184949119, 41.73458757155727 ], [ -91.580506265271254, 41.734127783921643 ], [ -91.58049760626858, 41.733708494231443 ], [ -91.580570877815887, 41.733708985058321 ], [ -91.585388815424125, 41.733758765354821 ], [ -91.587788387641382, 41.733783348299568 ], [ -91.590255160673593, 41.733808569084971 ], [ -91.59018623080101, 41.730170076352614 ], [ -91.593258096633107, 41.73018532592954 ], [ -91.593262616521926, 41.729809371995074 ], [ -91.593264597083277, 41.729644721132409 ], [ -91.593267663158969, 41.729389622760593 ], [ -91.593270168141203, 41.729181174779434 ], [ -91.593272675921952, 41.728972753847074 ], [ -91.593275180898502, 41.728764304936483 ], [ -91.593277687419203, 41.728555884855247 ], [ -91.593280202408081, 41.72834664087344 ], [ -91.593325321045242, 41.726525126555906 ], [ -91.59275004788968, 41.726522118315309 ], [ -91.590048569431744, 41.726511554245356 ], [ -91.587630083047173, 41.726508875328513 ], [ -91.587594154002119, 41.726508835549147 ], [ -91.587569150801258, 41.725059088908885 ], [ -91.58581814066909, 41.72505398225109 ], [ -91.585702425119109, 41.722918940715751 ], [ -91.585701264164214, 41.722899742878738 ], [ -91.58991298691528, 41.722876174750816 ], [ -91.592211063563724, 41.722879156602097 ], [ -91.5927033812562, 41.722880335046185 ], [ -91.592929651065077, 41.722880875942018 ], [ -91.59295954623515, 41.722880947367301 ], [ -91.59344805119288, 41.722882113155357 ], [ -91.593747692894084, 41.722882826250007 ], [ -91.594525879703298, 41.722884677696072 ], [ -91.595813015797802, 41.722888495193899 ], [ -91.598308386965797, 41.722898591749555 ], [ -91.598307818374664, 41.723025895759029 ], [ -91.599666751094105, 41.723046412987351 ], [ -91.601027529383003, 41.72306684902513 ], [ -91.601745514897388, 41.723077660954679 ], [ -91.602543328757108, 41.723089643534131 ], [ -91.602909557319549, 41.723095142442716 ], [ -91.603273278456172, 41.72310047224763 ], [ -91.603273621447642, 41.72307440264769 ], [ -91.604592197703951, 41.723092215266298 ], [ -91.605764177757564, 41.723111763665223 ], [ -91.607539313647436, 41.723138381005683 ], [ -91.607541246660048, 41.723050805719517 ], [ -91.607905658839073, 41.723056876148625 ], [ -91.60797733932084, 41.719426993446284 ], [ -91.608108609425727, 41.719427718975609 ], [ -91.612806020581743, 41.719492698741682 ], [ -91.617313164114918, 41.719553706557257 ], [ -91.617638818017596, 41.719558108600076 ], [ -91.617679449223246, 41.719558095609848 ], [ -91.61789574538868, 41.719558335345134 ], [ -91.618064055869965, 41.719558521725723 ], [ -91.618229765270883, 41.719558704422987 ], [ -91.61839371858315, 41.719558884536454 ], [ -91.618558549301454, 41.719559066931311 ], [ -91.618723380046688, 41.719559248191999 ], [ -91.618888210792818, 41.71955942921872 ], [ -91.619053042741314, 41.719559610030821 ], [ -91.619278311729119, 41.719559857490992 ], [ -91.619515157067298, 41.719560116428887 ], [ -91.619773319666535, 41.719560396852209 ], [ -91.620074117884499, 41.71956072415189 ], [ -91.620305539841212, 41.719560976502308 ], [ -91.62250664686907, 41.719563344667748 ], [ -91.623717144349641, 41.719564628155155 ], [ -91.623768717968503, 41.719564682725768 ], [ -91.62409838071811, 41.719565030238456 ], [ -91.624428043471184, 41.719565376815083 ], [ -91.6247760208865, 41.719565741831545 ], [ -91.625142312990533, 41.719566124223057 ], [ -91.625508603871481, 41.719566506339682 ], [ -91.625874932028026, 41.719566887001768 ], [ -91.626094708018513, 41.719567114506752 ], [ -91.626547115257026, 41.719567581210022 ], [ -91.626976553700942, 41.719568024077475 ], [ -91.62738192960272, 41.719568440129777 ], [ -91.627585359873819, 41.719569858256129 ], [ -91.63226203562256, 41.719627131866552 ], [ -91.634694674259549, 41.719645714362379 ], [ -91.634677987165006, 41.721503160481987 ], [ -91.634660672060917, 41.723107315462997 ], [ -91.634659861122159, 41.723180695027374 ], [ -91.634658882895835, 41.723271254716423 ], [ -91.637096696726971, 41.72328548399296 ], [ -91.640447138015105, 41.723325494157535 ], [ -91.641918213597208, 41.723343030603814 ], [ -91.642228662916139, 41.723346673325914 ], [ -91.643607969385954, 41.723362764813743 ], [ -91.64696607562496, 41.723400146303433 ], [ -91.646900362937203, 41.727004784107557 ], [ -91.646881380709516, 41.730627118369 ], [ -91.646864713398614, 41.731532681629844 ], [ -91.646749784174943, 41.731532223298771 ], [ -91.646624613035428, 41.731531724743661 ], [ -91.646639680553932, 41.730620307492195 ], [ -91.643546753208113, 41.73061034396288 ], [ -91.64295180134134, 41.730608417690192 ], [ -91.641708153336296, 41.730588423173948 ], [ -91.639505812591921, 41.730569731865621 ], [ -91.637194668718863, 41.73055019065982 ], [ -91.637049567260561, 41.730548947728842 ], [ -91.636918087726841, 41.730547972731991 ], [ -91.636883266769544, 41.730547713861228 ], [ -91.634642018666213, 41.730530995905681 ], [ -91.632154564812836, 41.73051239582724 ], [ -91.627270109049604, 41.730475718451963 ], [ -91.624797246299408, 41.730488902303563 ], [ -91.622493757139509, 41.730497934523981 ], [ -91.622424689948161, 41.730498204508343 ], [ -91.622376899894149, 41.730501764297614 ], [ -91.622365603018849, 41.731036805747372 ], [ -91.622240767752785, 41.731036471839118 ], [ -91.620122038292962, 41.731029767476201 ], [ -91.620133324047131, 41.730507916397521 ], [ -91.619950111615154, 41.730508222507339 ], [ -91.617642685228446, 41.730516818287676 ], [ -91.61753011567977, 41.730517242813683 ], [ -91.6175204095818, 41.731024935620511 ], [ -91.617633047836037, 41.731026865388749 ], [ -91.619936327906586, 41.731029179404011 ], [ -91.619926719465852, 41.731538635131173 ], [ -91.61764906455204, 41.731536345797835 ], [ -91.617623420196693, 41.731536319988336 ], [ -91.617510654119613, 41.731535163541075 ], [ -91.617478018940162, 41.733242012495879 ], [ -91.617624566481879, 41.733242235167438 ], [ -91.618812408990777, 41.733244021747701 ], [ -91.619142140635446, 41.733244520280088 ], [ -91.619471871083547, 41.733245017856838 ], [ -91.619801603966039, 41.733245513636049 ], [ -91.620131334424173, 41.733246009340256 ], [ -91.62046106611497, 41.733246503227527 ], [ -91.620790797784835, 41.733246997078652 ], [ -91.621120529485637, 41.733247489093365 ], [ -91.621450259963808, 41.733247981052614 ], [ -91.621740741430443, 41.733248413529687 ], [ -91.621816628247259, 41.733248526193037 ], [ -91.622109723390281, 41.7332489604008 ], [ -91.62243803763954, 41.733249448263315 ], [ -91.622769185583039, 41.733249937784777 ], [ -91.62309891731357, 41.733250424181989 ], [ -91.623428650224838, 41.733250910562518 ], [ -91.623758380763562, 41.733251395067782 ], [ -91.624088112482951, 41.733251879556363 ], [ -91.624417843031438, 41.733252362189099 ], [ -91.62474767931981, 41.733254767400851 ], [ -91.624749651635042, 41.733153380228984 ], [ -91.624753926780514, 41.732933860686593 ], [ -91.62475831712969, 41.732708374937879 ], [ -91.624762478238438, 41.73249481977161 ], [ -91.624766752121602, 41.732275299260458 ], [ -91.624769154040294, 41.732151968594181 ], [ -91.624771027151795, 41.732055779652441 ], [ -91.62477530220491, 41.731836258227681 ], [ -91.624779861293419, 41.731602273776112 ], [ -91.624784398105731, 41.731369229138018 ], [ -91.624788674218593, 41.73114970948172 ], [ -91.624790594397467, 41.731051089738685 ], [ -91.624792947899223, 41.730930189770177 ], [ -91.624797982044711, 41.730671760736314 ], [ -91.625256027139912, 41.730669670185769 ], [ -91.625475872485666, 41.730668665636607 ], [ -91.625952233464275, 41.730666488910877 ], [ -91.627261119834074, 41.730660496610248 ], [ -91.627268477222088, 41.73066046308638 ], [ -91.627247444596719, 41.733283784260756 ], [ -91.627239335286234, 41.734148199646803 ], [ -91.629960429905196, 41.734166933220067 ], [ -91.630224815370397, 41.734168755866222 ], [ -91.630489216380965, 41.734170455683788 ], [ -91.63075264224895, 41.734172535448891 ], [ -91.631017040926494, 41.7341743583045 ], [ -91.631343721691465, 41.734176605657971 ], [ -91.631563538710594, 41.734178118635612 ], [ -91.631998407008211, 41.734181139616815 ], [ -91.632097658025316, 41.734181825853561 ], [ -91.632378333494472, 41.734182761036458 ], [ -91.6327583366119, 41.734182169759663 ], [ -91.633138313433307, 41.734184130815649 ], [ -91.633328750481823, 41.734185125744581 ], [ -91.63351830763304, 41.734186114321943 ], [ -91.633708744693209, 41.734187108627758 ], [ -91.633898264576359, 41.734188096886292 ], [ -91.634088280067289, 41.734192643722139 ], [ -91.634278183823241, 41.73419718845129 ], [ -91.634551918260854, 41.73419300691954 ], [ -91.634852613767364, 41.734188413103993 ], [ -91.636835376991627, 41.73419452149674 ], [ -91.636904930850122, 41.73419522780295 ], [ -91.63700703278441, 41.734195607970285 ], [ -91.637013725660807, 41.734335909597114 ], [ -91.637153587369923, 41.734335645490759 ], [ -91.638707671562301, 41.73433269658512 ], [ -91.638709520278354, 41.734206261111751 ], [ -91.639453607256186, 41.734212062739992 ], [ -91.639503846662521, 41.730706939045049 ], [ -91.641709726969395, 41.730725659053832 ], [ -91.641539414857306, 41.732288662475803 ], [ -91.641596195682297, 41.732960216617016 ], [ -91.641665532888354, 41.733439418711662 ], [ -91.641810442119606, 41.733999705468257 ], [ -91.641822959875967, 41.734230830610926 ], [ -91.641789319914835, 41.734321702897596 ], [ -91.641766390589282, 41.734755558976751 ], [ -91.641884962288202, 41.736194370070841 ], [ -91.641899319343821, 41.736730203242082 ], [ -91.641876487298788, 41.736990183811585 ], [ -91.641900086167055, 41.737221621105981 ], [ -91.641850632497437, 41.737549178790815 ], [ -91.641852999137697, 41.73779127933679 ], [ -91.641869958808797, 41.737901530824914 ], [ -91.641899553891633, 41.738471710852593 ], [ -91.64184893703225, 41.741709388303235 ], [ -91.64184203950397, 41.742148443945517 ], [ -91.641815049918591, 41.743865584912399 ], [ -91.641794536501791, 41.745172956384103 ], [ -91.641771714391965, 41.747754878984196 ], [ -91.641557173891826, 41.748824092239381 ], [ -91.641533392226279, 41.748823877381007 ], [ -91.641495919410019, 41.748996448636937 ], [ -91.641476653492902, 41.749142439237403 ], [ -91.641450575975014, 41.749287835405667 ], [ -91.641417718767158, 41.749432458968087 ], [ -91.641378122088966, 41.749576132696689 ], [ -91.64133183441983, 41.749718680526307 ], [ -91.64128016706745, 41.749856780543702 ], [ -91.64122221959434, 41.749993475746379 ], [ -91.641158059477604, 41.750128605809287 ], [ -91.641087762165355, 41.750262012679343 ], [ -91.641066464653505, 41.750299961619781 ], [ -91.64083832621354, 41.75065391236194 ], [ -91.640610216788588, 41.750959544702731 ], [ -91.639925525522202, 41.751862003607606 ], [ -91.639863103685485, 41.751944274630759 ], [ -91.638910141916625, 41.752202614828299 ], [ -91.638623867934101, 41.752206767956331 ], [ -91.637809711684355, 41.752218573130854 ], [ -91.637216138935031, 41.752316093626121 ], [ -91.637071756201721, 41.752314893604435 ], [ -91.63689666938788, 41.752313437713418 ], [ -91.636888263631278, 41.752427035871484 ], [ -91.637072621406261, 41.75242888362736 ], [ -91.637071062450914, 41.752534202034866 ], [ -91.637436080767699, 41.752634932584961 ], [ -91.638535448140885, 41.752644040260932 ], [ -91.63963401994971, 41.752708021731308 ], [ -91.640039128460003, 41.752838206644618 ], [ -91.640356390810425, 41.753494887093069 ], [ -91.641159868490973, 41.754693237321774 ], [ -91.641239742129954, 41.754819829243843 ], [ -91.64131143564434, 41.754949137794291 ], [ -91.641374784772893, 41.755080866794998 ], [ -91.641429644364237, 41.755214714522062 ], [ -91.641475888709707, 41.755350374396834 ], [ -91.641513411831767, 41.755487535688019 ], [ -91.641542127727291, 41.755625884223399 ], [ -91.641561970564894, 41.755765103109361 ], [ -91.641562599528854, 41.755825364732431 ], [ -91.641578155419921, 41.757314550341448 ], [ -91.641559435207228, 41.758412166635104 ], [ -91.641531039489251, 41.758654184410631 ], [ -91.641430771869082, 41.759508723109619 ], [ -91.641427979334082, 41.75967254210552 ], [ -91.641426432565169, 41.759763094948113 ], [ -91.636910443658252, 41.759722154911422 ], [ -91.634466831325668, 41.759721780438078 ], [ -91.632023219178251, 41.759721349164401 ], [ -91.627135777556404, 41.759721326728233 ], [ -91.627135158442059, 41.759811887404481 ], [ -91.627132862901675, 41.760147643164679 ], [ -91.627131735545262, 41.760312323037461 ], [ -91.627129947693788, 41.760573601108959 ], [ -91.627128608711388, 41.760769346696634 ], [ -91.627127590022724, 41.760918330711384 ], [ -91.627119753186392, 41.762063742576714 ], [ -91.627118625312249, 41.762228396216898 ], [ -91.627116869810422, 41.762485200683109 ], [ -91.627114886812493, 41.762775127454802 ], [ -91.627112199889609, 41.76316763400223 ], [ -91.627111022081891, 41.763339834320504 ], [ -91.626664052961587, 41.763336312767365 ], [ -91.626201983379971, 41.763332670182436 ], [ -91.625868746254312, 41.763330041771738 ], [ -91.625587882950214, 41.763327825281515 ], [ -91.625307056935711, 41.763325608713885 ], [ -91.62496322652909, 41.763322894994495 ], [ -91.624743316099497, 41.763321157831257 ], [ -91.622224327754054, 41.763301224978484 ], [ -91.622222623170032, 41.763472098489125 ], [ -91.622221449791937, 41.763654205996758 ], [ -91.622220063949456, 41.763869078556027 ], [ -91.6222183301809, 41.764138094946418 ], [ -91.622217986416146, 41.764191552636845 ], [ -91.622208853957531, 41.765611963486968 ], [ -91.622206977977072, 41.765903756941739 ], [ -91.62220174474038, 41.766717446543844 ], [ -91.622200968599486, 41.766838192007548 ], [ -91.622200803293367, 41.766864066758693 ], [ -91.62220038706063, 41.766928752236865 ], [ -91.618222922733892, 41.766904319380039 ], [ -91.618280490938673, 41.766980318573431 ], [ -91.619544905712957, 41.768649468053418 ], [ -91.620448612464969, 41.768694209515395 ], [ -91.620650261593582, 41.768704191875734 ], [ -91.620647737656526, 41.769294752216481 ], [ -91.620090977019515, 41.769365249133536 ], [ -91.619662208399674, 41.769548575186619 ], [ -91.620435098927956, 41.770568119483592 ], [ -91.620242540990731, 41.770649954867352 ], [ -91.620235009869319, 41.770940269545726 ], [ -91.620229493158178, 41.771154445302187 ], [ -91.620211500105981, 41.771848142863881 ], [ -91.620208004213239, 41.771982915281754 ], [ -91.619380278201163, 41.771975164500112 ], [ -91.619085674410826, 41.77197239428331 ], [ -91.618793784503737, 41.771969668166136 ], [ -91.618500539482838, 41.771966919368332 ], [ -91.618207292107883, 41.771964168891436 ], [ -91.6179140459341, 41.771961418594145 ], [ -91.6176207985567, 41.771958668437513 ], [ -91.617320895737777, 41.771955852009761 ], [ -91.617034306385278, 41.771953162342591 ], [ -91.616741060310744, 41.771950409085221 ], [ -91.616690132207466, 41.771949931101865 ], [ -91.616447813084704, 41.771947654168251 ], [ -91.616154567033817, 41.771944900330972 ], [ -91.615861319831353, 41.771942144834057 ], [ -91.615568072679835, 41.771939387696946 ], [ -91.615274826729532, 41.771936630739511 ], [ -91.614926597383601, 41.771933354599881 ], [ -91.614706662325531, 41.771931286852471 ], [ -91.61434377011787, 41.771927871872656 ], [ -91.614034028541226, 41.771924955701749 ], [ -91.613724285763809, 41.771922039585853 ], [ -91.613414545418991, 41.7719191226834 ], [ -91.613104803899603, 41.771916204935842 ], [ -91.612795063636511, 41.771913285482029 ], [ -91.612384702447969, 41.771909417446977 ], [ -91.611504613803163, 41.77189951695371 ], [ -91.611506168439462, 41.770439478965862 ], [ -91.611397619350512, 41.770437468466341 ], [ -91.609465896962547, 41.770402207227562 ], [ -91.608093250208213, 41.770376978270733 ], [ -91.608111211576798, 41.769980964989166 ], [ -91.608066545011482, 41.769958595402322 ], [ -91.607807073586528, 41.769828655368769 ], [ -91.607312477233251, 41.769580963853997 ], [ -91.607396508595258, 41.7694803240095 ], [ -91.607472247171629, 41.769376060351782 ], [ -91.607539415159223, 41.769268555367169 ], [ -91.60759776619949, 41.769158203430763 ], [ -91.607647086281716, 41.769045409359514 ], [ -91.607687194527443, 41.76893058692707 ], [ -91.607717943853473, 41.768814157345822 ], [ -91.607739221510585, 41.768696547721532 ], [ -91.607750949496634, 41.76857818948654 ], [ -91.607753084841704, 41.768459516817025 ] ] ], [ [ [ -91.644823968720246, 41.745188129574743 ], [ -91.646682437886696, 41.745201099111753 ], [ -91.65157819936195, 41.745279543720173 ], [ -91.651538373218557, 41.748917239978098 ], [ -91.651523416351381, 41.750404843786434 ], [ -91.651512219928961, 41.751518136085146 ], [ -91.651508080820307, 41.751929764450971 ], [ -91.651502529687789, 41.752481842158318 ], [ -91.651501650795595, 41.75256902511974 ], [ -91.646949287781538, 41.752524483714211 ], [ -91.646950810998518, 41.75243731368495 ], [ -91.646603457116271, 41.752385983400494 ], [ -91.646574167990593, 41.752382915203803 ], [ -91.64648256542273, 41.752372607217204 ], [ -91.644662560582503, 41.752167789982629 ], [ -91.643379546010763, 41.750448500106913 ], [ -91.643317868169902, 41.750365853555138 ], [ -91.643196354065125, 41.750173821675794 ], [ -91.643158202970085, 41.750104834353536 ], [ -91.64309141124501, 41.749969829659229 ], [ -91.643033664957855, 41.749832505032522 ], [ -91.642985107162133, 41.749693200296278 ], [ -91.642945857895697, 41.749552259990175 ], [ -91.642916014171746, 41.749410032696971 ], [ -91.642895649739458, 41.749266870180264 ], [ -91.642828002636492, 41.748544207909859 ], [ -91.642835397686483, 41.748111745187096 ], [ -91.642837274447459, 41.748001982824547 ], [ -91.642862810077432, 41.746508833182354 ], [ -91.642885623199106, 41.745174810259257 ], [ -91.644604685361315, 41.745186727339423 ], [ -91.644714610924126, 41.745187488428435 ], [ -91.644823968720246, 41.745188129574743 ] ] ] ] } },
{ "type": "Feature", "properties": { "OBJECTID": 32, "NAME": "Oxford Twp", "Shape_Area": 1157700900.6321785 }, "geometry": { "type": "MultiPolygon", "coordinates": [ [ [ [ -91.803335282511242, 41.795569008411015 ], [ -91.803156198046281, 41.794678484950978 ], [ -91.802692383472106, 41.7940273264308 ], [ -91.801952806811798, 41.793759078797379 ], [ -91.801058126477173, 41.793822504539335 ], [ -91.800107672144563, 41.794021506596003 ], [ -91.799214183493049, 41.794239700391223 ], [ -91.798646350477625, 41.794165657082445 ], [ -91.797999895950355, 41.793949957370238 ], [ -91.797518451680205, 41.793501377642492 ], [ -91.797323277923155, 41.793155178581543 ], [ -91.797385003126706, 41.792669909197826 ], [ -91.797850745948693, 41.791581358467077 ], [ -91.798082522586512, 41.790984342129313 ], [ -91.798238109957069, 41.790526981740811 ], [ -91.798184103380407, 41.790093258250948 ], [ -91.798018411797884, 41.789509646833224 ], [ -91.79749371108386, 41.78904913998592 ], [ -91.796737006094602, 41.78887737509509 ], [ -91.795887671832247, 41.788997080160939 ], [ -91.794883981179311, 41.789414402419716 ], [ -91.794107295210381, 41.7896225822725 ], [ -91.793181121195758, 41.789760074218002 ], [ -91.792185695193609, 41.789760061087179 ], [ -91.790825064677193, 41.789482305377994 ], [ -91.789960714799093, 41.789756562309307 ], [ -91.789571676246766, 41.790069292883196 ], [ -91.789349648983389, 41.790588892702345 ], [ -91.789506002065664, 41.791169098417882 ], [ -91.790095542117911, 41.791590561170686 ], [ -91.790899184517727, 41.792297410960444 ], [ -91.791110913414144, 41.792782561140967 ], [ -91.790846942895968, 41.793316980566196 ], [ -91.790178292631779, 41.793573166288077 ], [ -91.789357816755185, 41.793542748680643 ], [ -91.788704588411903, 41.793212075991555 ], [ -91.788283769505441, 41.792957752105707 ], [ -91.787710886372111, 41.792681596922705 ], [ -91.787200964725997, 41.792644674418604 ], [ -91.78552811692785, 41.792795300073813 ], [ -91.784908038058333, 41.792659830115717 ], [ -91.784196457755286, 41.792452088778461 ], [ -91.783570414084906, 41.792232607151675 ], [ -91.78307535862406, 41.791988730341771 ], [ -91.782417043449044, 41.791603026526872 ], [ -91.781738320067461, 41.791035939436611 ], [ -91.780660862725469, 41.790473894780092 ], [ -91.779402783257837, 41.789703006197684 ], [ -91.778980856585477, 41.789330955008424 ], [ -91.778551647512614, 41.788675198656804 ], [ -91.778068532636809, 41.788324166138018 ], [ -91.777221873481466, 41.788114469623864 ], [ -91.776543773104919, 41.788161479163527 ], [ -91.775999340424264, 41.788355214136693 ], [ -91.775266644748484, 41.788749663218873 ], [ -91.774565675249463, 41.789192577269802 ], [ -91.773522749718737, 41.789893353628486 ], [ -91.772604656239196, 41.790288717188268 ], [ -91.772160724731123, 41.790383090576618 ], [ -91.771024080892417, 41.790161806118299 ], [ -91.770560612876324, 41.789613695478835 ], [ -91.770707484207946, 41.78871986554222 ], [ -91.771253145801595, 41.787457857941931 ], [ -91.771970037378807, 41.786996035397102 ], [ -91.772525240595357, 41.786522773271827 ], [ -91.772696576716697, 41.786143643251179 ], [ -91.77230862894119, 41.785680074307649 ], [ -91.77196744467139, 41.785561743733219 ], [ -91.770576373450652, 41.785330071238455 ], [ -91.768609172494564, 41.784957637707329 ], [ -91.767014947147899, 41.785276235548068 ], [ -91.765339330105462, 41.785787600878137 ], [ -91.764391672715604, 41.785990970933646 ], [ -91.763299921586722, 41.785833910367927 ], [ -91.762574177638754, 41.785415352379658 ], [ -91.761727646383434, 41.784569620428805 ], [ -91.760991181185489, 41.784170596015066 ], [ -91.759635928786253, 41.784104662591169 ], [ -91.758781785450765, 41.784434197930111 ], [ -91.75814662527533, 41.785120690612281 ], [ -91.757329222257269, 41.785975899925276 ], [ -91.756529637500037, 41.786150569875083 ], [ -91.755506393008602, 41.785912042164739 ], [ -91.754725671345639, 41.785450888897145 ], [ -91.754047259638625, 41.7846976709926 ], [ -91.753413526844852, 41.784159675525089 ], [ -91.752630102084893, 41.784070942728931 ], [ -91.751778365869171, 41.784296638185353 ], [ -91.750917822601096, 41.784393768360225 ], [ -91.750262720337901, 41.784000863967805 ], [ -91.749278135178841, 41.783150257230851 ], [ -91.748209888978465, 41.782519385430632 ], [ -91.747659483277516, 41.781653429885587 ], [ -91.747475327933742, 41.78144468933295 ], [ -91.746957985157692, 41.781094264216655 ], [ -91.746317362567098, 41.781111227190294 ], [ -91.745790275775789, 41.781298523615149 ], [ -91.74473259212472, 41.781642360982971 ], [ -91.743115226754327, 41.782132859355649 ], [ -91.742251271253693, 41.782507801740721 ], [ -91.741988316230803, 41.783211369358533 ], [ -91.74202171619207, 41.783668356287002 ], [ -91.742912010766887, 41.785142561416762 ], [ -91.743161724730257, 41.786059298664298 ], [ -91.742915855169088, 41.786694653506942 ], [ -91.742347120767704, 41.787226515984642 ], [ -91.740203507490705, 41.788319761800395 ], [ -91.739203636197615, 41.788702393322779 ], [ -91.73744909985291, 41.788677436869023 ], [ -91.736642763734821, 41.788542739039741 ], [ -91.735221849362929, 41.787608817188129 ], [ -91.73416367363356, 41.786241009408407 ], [ -91.734135880480594, 41.78620508193918 ], [ -91.732966561245959, 41.78583805489928 ], [ -91.732283093674965, 41.786015624522911 ], [ -91.731921717378668, 41.786393643950092 ], [ -91.731861175150556, 41.78687567029985 ], [ -91.732292732675702, 41.787407796785146 ], [ -91.732838371800369, 41.787762917166745 ], [ -91.733194891791996, 41.788110699165557 ], [ -91.733232677986521, 41.788516731430079 ], [ -91.732987521189756, 41.789009096688403 ], [ -91.732573352194308, 41.789286731256901 ], [ -91.731878470748896, 41.789383001202523 ], [ -91.731433207298537, 41.789354919651537 ], [ -91.731046791876807, 41.789256708596213 ], [ -91.730549825094741, 41.789036077397817 ], [ -91.729845139275611, 41.788577387224286 ], [ -91.729427166084974, 41.788354240616826 ], [ -91.728970895805787, 41.788299361305043 ], [ -91.728572192591812, 41.788573504688038 ], [ -91.728351331261138, 41.788996254591076 ], [ -91.728351353946337, 41.789445743322617 ], [ -91.729059756680826, 41.790455690066032 ], [ -91.729113932940123, 41.791266770111889 ], [ -91.728408849824405, 41.791688077639854 ], [ -91.727533660679043, 41.791767553535834 ], [ -91.72659316720663, 41.791591766081218 ], [ -91.725597192138153, 41.791053354924571 ], [ -91.725071111077995, 41.790200543764207 ], [ -91.724615464450991, 41.789314657016 ], [ -91.724295684886258, 41.789038429953926 ], [ -91.723786066728195, 41.789075863919237 ], [ -91.723244596748401, 41.789357770367168 ], [ -91.723153672735748, 41.789737011775557 ], [ -91.723278884676915, 41.790130863197653 ], [ -91.72377302113658, 41.791129589706927 ], [ -91.723720255877069, 41.791641558889658 ], [ -91.723385460256878, 41.792129863240817 ], [ -91.722689260779504, 41.792175746093548 ], [ -91.721933093905847, 41.791651646639437 ], [ -91.721524692093553, 41.790436391980272 ], [ -91.721302223253289, 41.789743780050784 ], [ -91.72086861181009, 41.789429016166224 ], [ -91.720270608151438, 41.789282109336462 ], [ -91.719845614061654, 41.789539403926995 ], [ -91.719307911386437, 41.789934136713249 ], [ -91.718675510232401, 41.790069971302117 ], [ -91.716813691579929, 41.790100912693227 ], [ -91.715789222576092, 41.790312448370095 ], [ -91.715135423567986, 41.790560388885268 ], [ -91.714836673384113, 41.790864456197198 ], [ -91.714837435520522, 41.790404763831013 ], [ -91.714837324580031, 41.790108996697356 ], [ -91.714839267537556, 41.789302228439112 ], [ -91.71488845278158, 41.785450062591806 ], [ -91.714934696713556, 41.781827780179 ], [ -91.714946798591725, 41.77820512443683 ], [ -91.714996877788707, 41.774672555337247 ], [ -91.715008389281991, 41.771125741723033 ], [ -91.715020108633823, 41.767579413223793 ], [ -91.715083577931239, 41.763941026508917 ], [ -91.715147249270913, 41.760303122862084 ], [ -91.715251516769953, 41.756664967683186 ], [ -91.715310194580979, 41.753018870734209 ], [ -91.715368733818721, 41.749381083591004 ], [ -91.71542746266357, 41.745752355826966 ], [ -91.715428304088221, 41.745672268113687 ], [ -91.715465399000834, 41.742139155507708 ], [ -91.715515280991283, 41.740362099710488 ], [ -91.715567102109091, 41.73851582069728 ], [ -91.715591464791871, 41.73487381608809 ], [ -91.715607569923662, 41.732459596730145 ], [ -91.715615872126676, 41.731224678086811 ], [ -91.715719171241872, 41.727591857507335 ], [ -91.715753427682799, 41.723932805627783 ], [ -91.715782333945924, 41.721927591862453 ], [ -91.715804160682367, 41.720301988981447 ], [ -91.715854888048725, 41.716671167018724 ], [ -91.715879947395621, 41.715025036092456 ], [ -91.715886271028509, 41.714609581318143 ], [ -91.715910245899636, 41.713034570922872 ], [ -91.715929228228859, 41.711787429520555 ], [ -91.71593388743662, 41.711481352499156 ], [ -91.715965597543359, 41.709397971321771 ], [ -91.715945969945068, 41.707623830985987 ], [ -91.715924573037256, 41.705689759775204 ], [ -91.715944349236068, 41.702184952205087 ], [ -91.715944862336684, 41.702094380317803 ], [ -91.715945455544443, 41.702003823167566 ], [ -91.715966981541769, 41.698478855901037 ], [ -91.715984244358438, 41.695656448328378 ], [ -91.715984409661189, 41.695629334155377 ], [ -91.715989552498627, 41.694788688690984 ], [ -91.716011619603123, 41.691180673707748 ], [ -91.716033511970707, 41.687600991597996 ], [ -91.716034080770513, 41.68750784813907 ], [ -91.716327420133268, 41.68750869515813 ], [ -91.721204980517456, 41.687495283417384 ], [ -91.721208568174646, 41.687495273575848 ], [ -91.726081094482822, 41.687481324875407 ], [ -91.726082539877765, 41.687481320856349 ], [ -91.730908614124999, 41.687491837934026 ], [ -91.730950946511555, 41.687491798916888 ], [ -91.735731698357142, 41.687476940049791 ], [ -91.735807569652891, 41.687476785122016 ], [ -91.740562119829065, 41.687474124001341 ], [ -91.740647602977347, 41.687474073831247 ], [ -91.74539851917848, 41.68746110115584 ], [ -91.745503591965573, 41.687460968999844 ], [ -91.750241437002231, 41.687454910779124 ], [ -91.750322978255966, 41.687454804729065 ], [ -91.755089846742564, 41.687445859301562 ], [ -91.75518299835592, 41.687445115718262 ], [ -91.75993613063352, 41.687459218671187 ], [ -91.7599442383233, 41.687459236679658 ], [ -91.764769288256431, 41.687470054034044 ], [ -91.764948870430246, 41.687467977075585 ], [ -91.769629830406274, 41.687473274228388 ], [ -91.769816627134503, 41.687473393795678 ], [ -91.77448959094329, 41.687476290008192 ], [ -91.774693590500121, 41.687475486802207 ], [ -91.776292131037849, 41.687470350603562 ], [ -91.779353836108456, 41.687462462688217 ], [ -91.77959918756865, 41.687461772289183 ], [ -91.784218140758327, 41.687443900826473 ], [ -91.784504783758607, 41.687447850411537 ], [ -91.789082419215745, 41.687427400487081 ], [ -91.789455513497998, 41.687426126664072 ], [ -91.793946695195501, 41.687410696244221 ], [ -91.794288163262465, 41.687405447816765 ], [ -91.79880995999406, 41.687335846741583 ], [ -91.799119588843254, 41.687331074633043 ], [ -91.803673103350832, 41.687272326863663 ], [ -91.804145578969241, 41.687267952191583 ], [ -91.804184143899533, 41.68726722618014 ], [ -91.80600744342081, 41.68723285435523 ], [ -91.80848043946709, 41.687186193983784 ], [ -91.809105078156946, 41.687174399213589 ], [ -91.813287827180488, 41.687095332265336 ], [ -91.814034134692577, 41.687081384519914 ], [ -91.818235439290319, 41.687005708568492 ], [ -91.818921617135544, 41.686993333578258 ], [ -91.823239152870343, 41.686915378968585 ], [ -91.823822960109155, 41.686904826010689 ], [ -91.828074063585674, 41.686819420243857 ], [ -91.828761527507638, 41.686805594511007 ], [ -91.834096871810132, 41.68669815250334 ], [ -91.834078722881486, 41.690528141292035 ], [ -91.833967236414765, 41.6939503420043 ], [ -91.83386045488021, 41.697589057816195 ], [ -91.833753435733598, 41.701235470036139 ], [ -91.833711806118259, 41.704894258793843 ], [ -91.833670170231883, 41.708553058432692 ], [ -91.833641446673028, 41.712198323998244 ], [ -91.833604879361204, 41.715390665525625 ], [ -91.833599857389729, 41.715830512197954 ], [ -91.833463549258155, 41.719525812518263 ], [ -91.833331085386803, 41.72311644409973 ], [ -91.833195612370986, 41.72678828080339 ], [ -91.833060028210411, 41.730462685164561 ], [ -91.832932798163739, 41.734103133706157 ], [ -91.832879833596834, 41.735618492015988 ], [ -91.832805553886232, 41.737743577649852 ], [ -91.832678546190863, 41.741376847935669 ], [ -91.832551524269789, 41.745010115412434 ], [ -91.832403215425273, 41.748648989290714 ], [ -91.832254885670693, 41.752287863298697 ], [ -91.832114792821514, 41.755918545773866 ], [ -91.83197468314782, 41.759549222621786 ], [ -91.831810398769107, 41.763189671483204 ], [ -91.831661933733045, 41.766830208738078 ], [ -91.831483062708173, 41.770869907726734 ], [ -91.831469717328559, 41.771052898550273 ], [ -91.831436226335811, 41.771831016769674 ], [ -91.831318893903571, 41.774557009467969 ], [ -91.831383168397153, 41.778179146832841 ], [ -91.831417820171836, 41.781795304335333 ], [ -91.831419146609903, 41.782865563153607 ], [ -91.831419888864573, 41.783463349197589 ], [ -91.831420348533925, 41.783834924908469 ], [ -91.831132493056771, 41.784110446094701 ], [ -91.830310898118327, 41.784945858838569 ], [ -91.829917916531045, 41.785429551264251 ], [ -91.829504469658247, 41.785724729210393 ], [ -91.828847265900123, 41.785963381939979 ], [ -91.828282399587351, 41.78600559917021 ], [ -91.827827067449547, 41.785954557818272 ], [ -91.827374002627664, 41.785779901037614 ], [ -91.826648757415583, 41.785241928909421 ], [ -91.826424645718248, 41.784776207409358 ], [ -91.826319832418207, 41.784140725469243 ], [ -91.826559866589534, 41.783577269989955 ], [ -91.827107056719584, 41.78316884493745 ], [ -91.827936536212079, 41.782790547739538 ], [ -91.828491780391914, 41.78244795228585 ], [ -91.828729910435939, 41.78208047096588 ], [ -91.828706860613082, 41.781547366847491 ], [ -91.828469659575447, 41.780980016135189 ], [ -91.827551829587222, 41.780384466692986 ], [ -91.826400955362644, 41.780093619854647 ], [ -91.825451338931288, 41.780011769702035 ], [ -91.824523775770885, 41.780034918703855 ], [ -91.823384422251962, 41.78032523891568 ], [ -91.822733770977663, 41.780683183010687 ], [ -91.822234934449682, 41.781203428055612 ], [ -91.822038361200498, 41.781758866139711 ], [ -91.822129645977427, 41.782343121304955 ], [ -91.822531296548988, 41.782926822340599 ], [ -91.8230844589892, 41.783338418480973 ], [ -91.823646107112282, 41.783637501918186 ], [ -91.824225305194076, 41.783857111560884 ], [ -91.824609258594222, 41.784391498743126 ], [ -91.82458825281698, 41.785046248840807 ], [ -91.824239373942959, 41.785416957199359 ], [ -91.823718662253356, 41.78564619987727 ], [ -91.823116977245277, 41.78574880934471 ], [ -91.822550613511467, 41.785798189329988 ], [ -91.821841712576429, 41.785663793711095 ], [ -91.821222679288084, 41.785450355410589 ], [ -91.82050723286126, 41.785191698142469 ], [ -91.819825157759453, 41.785152625776398 ], [ -91.819120369235279, 41.7852373816186 ], [ -91.818440127663337, 41.785505076940865 ], [ -91.818109717111113, 41.785840251834074 ], [ -91.817632076007811, 41.786824974938952 ], [ -91.817688956524989, 41.78732382494497 ], [ -91.817945818672698, 41.787909622690343 ], [ -91.818349175760972, 41.788351521471441 ], [ -91.818720453226547, 41.788654478725228 ], [ -91.819140297770062, 41.788872840727549 ], [ -91.819945822528965, 41.789171209854764 ], [ -91.82042926412791, 41.789483439580621 ], [ -91.820677558492932, 41.789796066689107 ], [ -91.820937020993171, 41.790390227682373 ], [ -91.820985534935915, 41.790915002321213 ], [ -91.820775708867288, 41.791489116556356 ], [ -91.820424782921364, 41.792034655457222 ], [ -91.820031925748324, 41.792488794372566 ], [ -91.819332175555715, 41.793263448273962 ], [ -91.818272508663185, 41.794534364042114 ], [ -91.817712206203922, 41.795427997966357 ], [ -91.817177126772435, 41.795912715975547 ], [ -91.816424174476609, 41.796341244537935 ], [ -91.815453996591245, 41.796409746516751 ], [ -91.81478123088624, 41.796354130801319 ], [ -91.814052660519678, 41.796086721642318 ], [ -91.812781405859667, 41.795626156307456 ], [ -91.811584607257117, 41.795484619126455 ], [ -91.80967087035269, 41.795515235919368 ], [ -91.80831982386529, 41.795792124078488 ], [ -91.807242560969001, 41.796207927907538 ], [ -91.806590279591731, 41.796519786492638 ], [ -91.806145135093303, 41.796682983330051 ], [ -91.805589586084636, 41.796772830152882 ], [ -91.805058419343723, 41.796732944822416 ], [ -91.80441111338898, 41.796522390410779 ], [ -91.803875784628858, 41.796175789811251 ], [ -91.803335282511242, 41.795569008411015 ] ], [ [ -91.795105481776105, 41.731062568653932 ], [ -91.795110048107233, 41.730835226272781 ], [ -91.795608361784105, 41.730827290450542 ], [ -91.795604224990512, 41.731053674660245 ], [ -91.79851387498033, 41.731001745981722 ], [ -91.79857924015927, 41.727391817212563 ], [ -91.798083607809289, 41.727400302677367 ], [ -91.798106919246791, 41.726245928924314 ], [ -91.798591037955504, 41.726270299108734 ], [ -91.798892863344264, 41.726285492361065 ], [ -91.798924498989734, 41.725892069339338 ], [ -91.798941657984926, 41.725678673932229 ], [ -91.798121605468609, 41.725239918941739 ], [ -91.798118372244573, 41.725460775792271 ], [ -91.798006167181839, 41.725400740686922 ], [ -91.797676443530676, 41.725404683930201 ], [ -91.797310166427025, 41.725409063722985 ], [ -91.796943888048901, 41.725413443242907 ], [ -91.796588600081193, 41.725417689259572 ], [ -91.796346856232319, 41.725420577936937 ], [ -91.795991568186764, 41.725424822126698 ], [ -91.795625295639539, 41.725429197575338 ], [ -91.795625286451198, 41.725429227157989 ], [ -91.795622950901773, 41.725455419101309 ], [ -91.795465698898767, 41.725457653157058 ], [ -91.795462626693606, 41.725276542368931 ], [ -91.797677238006017, 41.725245024833598 ], [ -91.79604440401387, 41.724362739633712 ], [ -91.79544726915546, 41.724371232354393 ], [ -91.795444197099897, 41.724190119699628 ], [ -91.795599797478488, 41.7241879065025 ], [ -91.796117017087795, 41.724180549346791 ], [ -91.796730551064684, 41.724171819182274 ], [ -91.798602474336747, 41.725183277395466 ], [ -91.798611198878277, 41.724354005675266 ], [ -91.798617714879072, 41.723734580481263 ], [ -91.798648256978723, 41.720280141325567 ], [ -91.798719433776981, 41.71645876011258 ], [ -91.798763373895426, 41.716458046868382 ], [ -91.798768700193435, 41.71281236675577 ], [ -91.798586272475461, 41.71281571163415 ], [ -91.793815659087329, 41.712903078041499 ], [ -91.788984264387906, 41.712918349873448 ], [ -91.789009054350743, 41.716553656287864 ], [ -91.788928479495382, 41.716554370761301 ], [ -91.78892856232001, 41.716559639223753 ], [ -91.788921671985563, 41.717482811441194 ], [ -91.788924129378202, 41.718316476322009 ], [ -91.788945003133506, 41.718360167294499 ], [ -91.788953904664993, 41.719255995459953 ], [ -91.788966271607137, 41.719261721410582 ], [ -91.788964120171542, 41.71936426079143 ], [ -91.790708845254102, 41.720185897772069 ], [ -91.790710728338709, 41.720186784604891 ], [ -91.790512679417645, 41.720187168426001 ], [ -91.788893437280862, 41.720190285979534 ], [ -91.788893189938079, 41.720206297467762 ], [ -91.788892366967971, 41.720206282637896 ], [ -91.788501093441525, 41.720047434859147 ], [ -91.788105475344622, 41.719894748122577 ], [ -91.788107158084216, 41.719818658701584 ], [ -91.787725073225673, 41.719679234258237 ], [ -91.787339366466128, 41.719545526078804 ], [ -91.786950190128437, 41.71941758696039 ], [ -91.786557697902694, 41.719295467421865 ], [ -91.786162044785584, 41.719179215683837 ], [ -91.785763387019401, 41.719068877649669 ], [ -91.785361882030315, 41.71896449688748 ], [ -91.784957688366418, 41.71886611461283 ], [ -91.784550965635191, 41.718773769672609 ], [ -91.784141874440607, 41.71868749852964 ], [ -91.784142551635341, 41.718648038877966 ], [ -91.784146739216183, 41.718404227083802 ], [ -91.784177651120942, 41.716604190810934 ], [ -91.784104397334715, 41.716603932189038 ], [ -91.784091907893071, 41.7173311148902 ], [ -91.784056894856022, 41.717330777527799 ], [ -91.783066412374154, 41.717321225202717 ], [ -91.783053912405279, 41.718048407644481 ], [ -91.783871978471154, 41.718498993919262 ], [ -91.783869658931835, 41.718633948422998 ], [ -91.783460104727723, 41.718558799857895 ], [ -91.783048653151084, 41.718489715310703 ], [ -91.782635464102029, 41.718426721628866 ], [ -91.782220698154489, 41.71836984329282 ], [ -91.781804516493807, 41.718319102406362 ], [ -91.781387080854273, 41.718274518688148 ], [ -91.780968553456447, 41.718236109464094 ], [ -91.780549096944227, 41.718203889660536 ], [ -91.780128874321747, 41.718177871798559 ], [ -91.779708048890186, 41.718158065989023 ], [ -91.779286784184521, 41.718144479928782 ], [ -91.779193690218619, 41.718142317632505 ], [ -91.778786362009868, 41.718136569792684 ], [ -91.778641847572516, 41.718134676765253 ], [ -91.778402717367911, 41.71860120255549 ], [ -91.77851013804927, 41.718590499943993 ], [ -91.778618179809385, 41.718584221061619 ], [ -91.778726518365715, 41.718582384754107 ], [ -91.778834828545044, 41.718584996533053 ], [ -91.779189992865824, 41.718598002045475 ], [ -91.779176770037694, 41.720227483341837 ], [ -91.779147299662938, 41.723858798487875 ], [ -91.784045417353582, 41.723831688817491 ], [ -91.784029458536025, 41.724884165876681 ], [ -91.784022174404271, 41.725364573232845 ], [ -91.784016889326921, 41.725713060902656 ], [ -91.783990228735107, 41.727471289657664 ], [ -91.783960870380071, 41.728949896704933 ], [ -91.786946082448964, 41.728860742847978 ], [ -91.787536451804357, 41.728843101652259 ], [ -91.788121527210521, 41.728825617158947 ], [ -91.788194833832037, 41.72882342526102 ], [ -91.788839643394525, 41.728804152105759 ], [ -91.788838205375171, 41.728873876332763 ], [ -91.788828012335344, 41.729368193708233 ], [ -91.789717794296365, 41.729375906570993 ], [ -91.789721618085196, 41.729173534740951 ], [ -91.790490083970994, 41.729180957028916 ], [ -91.790608825099682, 41.729182103425323 ], [ -91.790615497301204, 41.728442295726879 ], [ -91.790745695692152, 41.728444776848498 ], [ -91.791766085769936, 41.72846856916717 ], [ -91.791766916470209, 41.728666378042533 ], [ -91.79176771133136, 41.728914983633679 ], [ -91.792243546363281, 41.728917102331451 ], [ -91.792713594196101, 41.728919223147649 ], [ -91.793592843498146, 41.728922767596529 ], [ -91.793706381265523, 41.728923224710272 ], [ -91.793700507213046, 41.729183841621442 ], [ -91.793675070499503, 41.730861751692075 ], [ -91.792171222069783, 41.730863459023674 ], [ -91.792172773183538, 41.730685220589436 ], [ -91.790707372067928, 41.730678062849087 ], [ -91.790700141339556, 41.731095187516289 ], [ -91.7905792325204, 41.731095471824041 ], [ -91.790565546766743, 41.732015279365683 ], [ -91.790553156758733, 41.733997654768707 ], [ -91.790547855473292, 41.734107973855586 ], [ -91.790533348216698, 41.734217828257513 ], [ -91.790509691807429, 41.734326787372567 ], [ -91.790476978927572, 41.734434424105956 ], [ -91.790435337760272, 41.734540316544276 ], [ -91.790384931487893, 41.734644049609408 ], [ -91.790325957653124, 41.73474521668566 ], [ -91.790258647385087, 41.734843421213711 ], [ -91.79018326449399, 41.734938278245252 ], [ -91.790100104437414, 41.735029415952141 ], [ -91.789392599772938, 41.73575493924379 ], [ -91.78926657339332, 41.735878633904676 ], [ -91.789133723398535, 41.735998255598211 ], [ -91.788994284117663, 41.736113593295443 ], [ -91.789115217923353, 41.736149751758745 ], [ -91.789499804825709, 41.736357253547318 ], [ -91.790867098290477, 41.736361511150143 ], [ -91.790867231739583, 41.736361511312964 ], [ -91.791587686539685, 41.736363743724617 ], [ -91.793451949228924, 41.736369501548928 ], [ -91.793542811588409, 41.736369780319528 ], [ -91.79358172265718, 41.7347312578801 ], [ -91.793581689819419, 41.734710937823237 ], [ -91.793649942051687, 41.731928615166282 ], [ -91.793650469072773, 41.731928597695131 ], [ -91.795089078915453, 41.731879066550647 ], [ -91.795105481776105, 41.731062568653932 ] ] ] ] } },
{ "type": "Feature", "properties": { "OBJECTID": 33, "NAME": "Oxford", "Shape_Area": 25689593.521165185 }, "geometry": { "type": "MultiPolygon", "coordinates": [ [ [ [ -91.790700141339556, 41.731095187516289 ], [ -91.790707372067928, 41.730678062849087 ], [ -91.792172773183538, 41.730685220589436 ], [ -91.792171222069783, 41.730863459023674 ], [ -91.793675070499503, 41.730861751692075 ], [ -91.793700507213046, 41.729183841621442 ], [ -91.793706381265523, 41.728923224710272 ], [ -91.793592843498146, 41.728922767596529 ], [ -91.792713594196101, 41.728919223147649 ], [ -91.792243546363281, 41.728917102331451 ], [ -91.79176771133136, 41.728914983633679 ], [ -91.791766916470209, 41.728666378042533 ], [ -91.791766085769936, 41.72846856916717 ], [ -91.790745695692152, 41.728444776848498 ], [ -91.790615497301204, 41.728442295726879 ], [ -91.790608825099682, 41.729182103425323 ], [ -91.790490083970994, 41.729180957028916 ], [ -91.789721618085196, 41.729173534740951 ], [ -91.789717794296365, 41.729375906570993 ], [ -91.788828012335344, 41.729368193708233 ], [ -91.788838205375171, 41.728873876332763 ], [ -91.788839643394525, 41.728804152105759 ], [ -91.788194833832037, 41.72882342526102 ], [ -91.788121527210521, 41.728825617158947 ], [ -91.787536451804357, 41.728843101652259 ], [ -91.786946082448964, 41.728860742847978 ], [ -91.783960870380071, 41.728949896704933 ], [ -91.783990228735107, 41.727471289657664 ], [ -91.784016889326921, 41.725713060902656 ], [ -91.784022174404271, 41.725364573232845 ], [ -91.784029458536025, 41.724884165876681 ], [ -91.784045417353582, 41.723831688817491 ], [ -91.779147299662938, 41.723858798487875 ], [ -91.779176770037694, 41.720227483341837 ], [ -91.779189992865824, 41.718598002045475 ], [ -91.778834828545044, 41.718584996533053 ], [ -91.778726518365715, 41.718582384754107 ], [ -91.778618179809385, 41.718584221061619 ], [ -91.77851013804927, 41.718590499943993 ], [ -91.778402717367911, 41.71860120255549 ], [ -91.778641847572516, 41.718134676765253 ], [ -91.778786362009868, 41.718136569792684 ], [ -91.779193690218619, 41.718142317632505 ], [ -91.779286784184521, 41.718144479928782 ], [ -91.779708048890186, 41.718158065989023 ], [ -91.780128874321747, 41.718177871798559 ], [ -91.780549096944227, 41.718203889660536 ], [ -91.780968553456447, 41.718236109464094 ], [ -91.781387080854273, 41.718274518688148 ], [ -91.781804516493807, 41.718319102406362 ], [ -91.782220698154489, 41.71836984329282 ], [ -91.782635464102029, 41.718426721628866 ], [ -91.783048653151084, 41.718489715310703 ], [ -91.783460104727723, 41.718558799857895 ], [ -91.783869658931835, 41.718633948422998 ], [ -91.783871978471154, 41.718498993919262 ], [ -91.783053912405279, 41.718048407644481 ], [ -91.783066412374154, 41.717321225202717 ], [ -91.784056894856022, 41.717330777527799 ], [ -91.784091907893071, 41.7173311148902 ], [ -91.784104397334715, 41.716603932189038 ], [ -91.784177651120942, 41.716604190810934 ], [ -91.784146739216183, 41.718404227083802 ], [ -91.784142551635341, 41.718648038877966 ], [ -91.784141874440607, 41.71868749852964 ], [ -91.784550965635191, 41.718773769672609 ], [ -91.784957688366418, 41.71886611461283 ], [ -91.785361882030315, 41.71896449688748 ], [ -91.785763387019401, 41.719068877649669 ], [ -91.786162044785584, 41.719179215683837 ], [ -91.786557697902694, 41.719295467421865 ], [ -91.786950190128437, 41.71941758696039 ], [ -91.787339366466128, 41.719545526078804 ], [ -91.787725073225673, 41.719679234258237 ], [ -91.788107158084216, 41.719818658701584 ], [ -91.788105475344622, 41.719894748122577 ], [ -91.788501093441525, 41.720047434859147 ], [ -91.788892366967971, 41.720206282637896 ], [ -91.788893189938079, 41.720206297467762 ], [ -91.788893437280862, 41.720190285979534 ], [ -91.790512679417645, 41.720187168426001 ], [ -91.790710728338709, 41.720186784604891 ], [ -91.790708845254102, 41.720185897772069 ], [ -91.788964120171542, 41.71936426079143 ], [ -91.788966271607137, 41.719261721410582 ], [ -91.788953904664993, 41.719255995459953 ], [ -91.788945003133506, 41.718360167294499 ], [ -91.788924129378202, 41.718316476322009 ], [ -91.788921671985563, 41.717482811441194 ], [ -91.78892856232001, 41.716559639223753 ], [ -91.788928479495382, 41.716554370761301 ], [ -91.789009054350743, 41.716553656287864 ], [ -91.788984264387906, 41.712918349873448 ], [ -91.793815659087329, 41.712903078041499 ], [ -91.798586272475461, 41.71281571163415 ], [ -91.798768700193435, 41.71281236675577 ], [ -91.798763373895426, 41.716458046868382 ], [ -91.798719433776981, 41.71645876011258 ], [ -91.798648256978723, 41.720280141325567 ], [ -91.798617714879072, 41.723734580481263 ], [ -91.798611198878277, 41.724354005675266 ], [ -91.798602474336747, 41.725183277395466 ], [ -91.796730551064684, 41.724171819182274 ], [ -91.796117017087795, 41.724180549346791 ], [ -91.795599797478488, 41.7241879065025 ], [ -91.795444197099897, 41.724190119699628 ], [ -91.79544726915546, 41.724371232354393 ], [ -91.79604440401387, 41.724362739633712 ], [ -91.797677238006017, 41.725245024833598 ], [ -91.795462626693606, 41.725276542368931 ], [ -91.795465698898767, 41.725457653157058 ], [ -91.795622950901773, 41.725455419101309 ], [ -91.795625286451198, 41.725429227157989 ], [ -91.795625295639539, 41.725429197575338 ], [ -91.795991568186764, 41.725424822126698 ], [ -91.796346856232319, 41.725420577936937 ], [ -91.796588600081193, 41.725417689259572 ], [ -91.796943888048901, 41.725413443242907 ], [ -91.797310166427025, 41.725409063722985 ], [ -91.797676443530676, 41.725404683930201 ], [ -91.798006167181839, 41.725400740686922 ], [ -91.798118372244573, 41.725460775792271 ], [ -91.798121605468609, 41.725239918941739 ], [ -91.798941657984926, 41.725678673932229 ], [ -91.798924498989734, 41.725892069339338 ], [ -91.798892863344264, 41.726285492361065 ], [ -91.798591037955504, 41.726270299108734 ], [ -91.798106919246791, 41.726245928924314 ], [ -91.798083607809289, 41.727400302677367 ], [ -91.79857924015927, 41.727391817212563 ], [ -91.79851387498033, 41.731001745981722 ], [ -91.795604224990512, 41.731053674660245 ], [ -91.795608361784105, 41.730827290450542 ], [ -91.795110048107233, 41.730835226272781 ], [ -91.795105481776105, 41.731062568653932 ], [ -91.795089078915453, 41.731879066550647 ], [ -91.793650469072773, 41.731928597695131 ], [ -91.793649942051687, 41.731928615166282 ], [ -91.793581689819419, 41.734710937823237 ], [ -91.79358172265718, 41.7347312578801 ], [ -91.793542811588409, 41.736369780319528 ], [ -91.793451949228924, 41.736369501548928 ], [ -91.791587686539685, 41.736363743724617 ], [ -91.790867231739583, 41.736361511312964 ], [ -91.790867098290477, 41.736361511150143 ], [ -91.789499804825709, 41.736357253547318 ], [ -91.789115217923353, 41.736149751758745 ], [ -91.788994284117663, 41.736113593295443 ], [ -91.789133723398535, 41.735998255598211 ], [ -91.78926657339332, 41.735878633904676 ], [ -91.789392599772938, 41.73575493924379 ], [ -91.790100104437414, 41.735029415952141 ], [ -91.79018326449399, 41.734938278245252 ], [ -91.790258647385087, 41.734843421213711 ], [ -91.790325957653124, 41.73474521668566 ], [ -91.790384931487893, 41.734644049609408 ], [ -91.790435337760272, 41.734540316544276 ], [ -91.790476978927572, 41.734434424105956 ], [ -91.790509691807429, 41.734326787372567 ], [ -91.790533348216698, 41.734217828257513 ], [ -91.790547855473292, 41.734107973855586 ], [ -91.790553156758733, 41.733997654768707 ], [ -91.790565546766743, 41.732015279365683 ], [ -91.7905792325204, 41.731095471824041 ], [ -91.790700141339556, 41.731095187516289 ] ] ] ] } }
]
}
