{
"type": "FeatureCollection",
"name": "newBuild_parcels_jcia",
"crs": { "type": "name", "properties": { "name": "urn:ogc:def:crs:OGC:1.3:CRS84" } },
"features": [
{ "type": "Feature", "properties": { "PPN": "0124304001", "TotalValue": 516200.0, "PropClass": "R", "pctLandVal": 0.15, "acreVal": 113951.43487858718, "SiteAddres": "5653 180TH ST NE", "credits": "NONE", "acres": 4.53, "permitNo": "BLD-26768", "permitType": "Dwelling", "permitDate": "10/4/2016", "permitYr": 2016, "nonmetro": 1 }, "geometry": { "type": "MultiPolygon", "coordinates": [ [ [ [ -91.378284494058349, 41.806490074858523 ], [ -91.378719327339681, 41.80570241676223 ], [ -91.378803234646398, 41.805550423467324 ], [ -91.379331522155766, 41.805713684205941 ], [ -91.380332355065818, 41.806022971881852 ], [ -91.380366138465504, 41.807133353865758 ], [ -91.378284494058349, 41.806490074858523 ] ] ] ] } },
{ "type": "Feature", "properties": { "PPN": "0721458005", "TotalValue": 1248000.0, "PropClass": "R", "pctLandVal": 0.12, "acreVal": 1114285.7142857141, "SiteAddres": "3938 STEWART RD NE", "credits": "HMST", "acres": 1.12, "permitNo": "BLD-17053", "permitType": "Dwelling", "permitDate": "12/14/2011", "permitYr": 2011, "nonmetro": 0 }, "geometry": { "type": "MultiPolygon", "coordinates": [ [ [ [ -91.548255389821392, 41.714935821722314 ], [ -91.548004922684612, 41.71547560209887 ], [ -91.5472156547022, 41.715226551263441 ], [ -91.547466126217316, 41.714686772525049 ], [ -91.548255389821392, 41.714935821722314 ] ] ] ] } },
{ "type": "Feature", "properties": { "PPN": "0314201001", "TotalValue": 466600.0, "PropClass": "R", "pctLandVal": 0.2, "acreVal": 143569.23076923078, "SiteAddres": "3092 SANDY BEACH RD NE", "credits": "NONE", "acres": 3.25, "permitNo": "BLD-26492", "permitType": "Dwelling", "permitDate": "5/4/2016", "permitYr": 2016, "nonmetro": 1 }, "geometry": { "type": "MultiPolygon", "coordinates": [ [ [ [ -91.626789228538286, 41.831156716827778 ], [ -91.626795685331118, 41.83042677679942 ], [ -91.626799287797255, 41.830019464663231 ], [ -91.626670866888276, 41.830019697622149 ], [ -91.626800524709893, 41.829879513638431 ], [ -91.626893289658184, 41.82981371642903 ], [ -91.627008787962225, 41.829890668238086 ], [ -91.627129621376682, 41.829962892211945 ], [ -91.627255444359619, 41.830030181805093 ], [ -91.627239278847469, 41.832979410703317 ], [ -91.627239276701488, 41.832979694336707 ], [ -91.626773113677743, 41.832978762678053 ], [ -91.626789228538286, 41.831156716827778 ] ] ] ] } },
{ "type": "Feature", "properties": { "PPN": "0314208002", "TotalValue": 398700.0, "PropClass": "R", "pctLandVal": 0.05, "acreVal": 949285.71428571432, "SiteAddres": "3091 SANDY BEACH RD NE", "credits": "NONE", "acres": 0.42, "permitNo": "BLD-19-28733", "permitType": "Dwelling", "permitDate": "10/25/2019", "permitYr": 2019, "nonmetro": 1 }, "geometry": { "type": "MultiPolygon", "coordinates": [ [ [ [ -91.627354989278984, 41.829855346879484 ], [ -91.627459619718081, 41.829364017225259 ], [ -91.627713037188741, 41.829363418684061 ], [ -91.627720130827853, 41.830024199912259 ], [ -91.627660068845998, 41.829995374809755 ], [ -91.627555597423381, 41.829952142379227 ], [ -91.627453835397048, 41.829905434806079 ], [ -91.627354989278984, 41.829855346879484 ] ] ] ] } },
{ "type": "Feature", "properties": { "PPN": "0713206001", "TotalValue": 891700.0, "PropClass": "R", "pctLandVal": 0.16, "acreVal": 211303.31753554504, "SiteAddres": "2654 PERYTON LN NE", "credits": "NONE", "acres": 4.22, "permitNo": "BLD-16686", "permitType": "Dwelling", "permitDate": "5/2/2011", "permitYr": 2011, "nonmetro": 1 }, "geometry": { "type": "MultiPolygon", "coordinates": [ [ [ [ -91.492882720498727, 41.740277074195944 ], [ -91.492885075075534, 41.740117037055519 ], [ -91.492882623706237, 41.740088338208217 ], [ -91.492874478654898, 41.74006023518978 ], [ -91.492860822530801, 41.740033358035497 ], [ -91.492841961493667, 41.740008309297529 ], [ -91.492818318389595, 41.739985650536582 ], [ -91.49279042327079, 41.739965889732588 ], [ -91.492698262063769, 41.739909755702477 ], [ -91.49272495651779, 41.739903099428979 ], [ -91.492749975371765, 41.739893460248929 ], [ -91.492772728560965, 41.739881065500796 ], [ -91.492792679456855, 41.739866207512485 ], [ -91.492809357523427, 41.73984923670681 ], [ -91.492822369414597, 41.73983055333666 ], [ -91.492831408251163, 41.739810598045068 ], [ -91.492836260858098, 41.739789841472628 ], [ -91.494050875160525, 41.739799868862164 ], [ -91.494043683323909, 41.740289338786738 ], [ -91.494027797429041, 41.741370576037724 ], [ -91.492866775753598, 41.741361000680854 ], [ -91.492882720498727, 41.740277074195944 ] ] ] ] } },
{ "type": "Feature", "properties": { "PPN": "0713153001", "TotalValue": 421800.0, "PropClass": "R", "pctLandVal": 0.3, "acreVal": 134760.38338658147, "SiteAddres": "2660 PERYTON LN NE", "credits": "NONE", "acres": 3.13, "permitNo": "BLD-23-31790", "permitType": "Dwelling", "permitDate": "5/23/2023", "permitYr": 2023, "nonmetro": 1 }, "geometry": { "type": "MultiPolygon", "coordinates": [ [ [ [ -91.492251225829889, 41.739085999430898 ], [ -91.492567488554016, 41.739251323922012 ], [ -91.492601205715104, 41.739272377292821 ], [ -91.492629634890449, 41.739297429181512 ], [ -91.492651943054881, 41.739325745529015 ], [ -91.492667476535615, 41.73935649662161 ], [ -91.492675780166749, 41.739388781402425 ], [ -91.492704552231174, 41.739593968506298 ], [ -91.492704750356324, 41.739600786997443 ], [ -91.492703442652257, 41.739607536407441 ], [ -91.492700665014297, 41.739614031468541 ], [ -91.492696493686736, 41.739620093894722 ], [ -91.492691043169984, 41.739625557275552 ], [ -91.492684463077666, 41.739630271643989 ], [ -91.492676934029774, 41.73963410759297 ], [ -91.492668662694783, 41.739636959827607 ], [ -91.492659876116718, 41.739638750055512 ], [ -91.492650815482762, 41.739639429135771 ], [ -91.492620147091429, 41.739641759873535 ], [ -91.492590434595314, 41.739647908875263 ], [ -91.492562519212811, 41.739657702050806 ], [ -91.492537191283446, 41.7396708621364 ], [ -91.492515167892094, 41.739687016544231 ], [ -91.492497072567033, 41.739705707911163 ], [ -91.492483417626559, 41.739726407047328 ], [ -91.492474589673961, 41.739748527918366 ], [ -91.49247083865167, 41.739771444237064 ], [ -91.492472270764225, 41.739794507194901 ], [ -91.49247884547097, 41.73981706383104 ], [ -91.492490376633114, 41.739838475518923 ], [ -91.492506537783186, 41.739858136047438 ], [ -91.492526871367602, 41.739875488783987 ], [ -91.492550801700659, 41.73989004243424 ], [ -91.492577651263318, 41.739901384951885 ], [ -91.492606659885382, 41.739909195204781 ], [ -91.492637006267699, 41.739913252066998 ], [ -91.492667831235465, 41.739913440679587 ], [ -91.492698262063769, 41.739909755702477 ], [ -91.49279042327079, 41.739965889732588 ], [ -91.492818318389595, 41.739985650536582 ], [ -91.492841961493667, 41.740008309297529 ], [ -91.492860822530787, 41.740033358035497 ], [ -91.492874478654898, 41.74006023518978 ], [ -91.492882623706237, 41.740088338208217 ], [ -91.492885075075534, 41.740117037055519 ], [ -91.492882720498727, 41.740277074195944 ], [ -91.491417092917573, 41.740279026145551 ], [ -91.491418875250119, 41.739335597156234 ], [ -91.492251225829889, 41.739085999430898 ] ] ] ] } },
{ "type": "Feature", "properties": { "PPN": "1233227001", "TotalValue": 866500.0, "PropClass": "R", "pctLandVal": 0.12, "acreVal": 146864.40677966102, "SiteAddres": "4446 CALKINS AVE SW", "credits": "HMST", "acres": 5.9, "permitNo": "BLD-20-29057", "permitType": "Dwelling", "permitDate": "9/28/2020", "permitYr": 2020, "nonmetro": 1 }, "geometry": { "type": "MultiPolygon", "coordinates": [ [ [ [ -91.792780709420256, 41.610082560879341 ], [ -91.792975454676977, 41.610084228340767 ], [ -91.793812616286132, 41.610088254630362 ], [ -91.793839072866731, 41.612591532962774 ], [ -91.792807090018513, 41.612582505927065 ], [ -91.792792158032825, 41.611167542572943 ], [ -91.792780709420256, 41.610082560879341 ] ] ] ] } },
{ "type": "Feature", "properties": { "PPN": "1206127001", "TotalValue": 535200.0, "PropClass": "R", "pctLandVal": 0.13, "acreVal": 396444.44444444444, "SiteAddres": "1139 340TH ST SW", "credits": "HMST", "acres": 1.35, "permitNo": "BLD-17827", "permitType": "Dwelling", "permitDate": "6/4/2013", "permitYr": 2013, "nonmetro": 1 }, "geometry": { "type": "MultiPolygon", "coordinates": [ [ [ [ -91.820539121338243, 41.686874108341506 ], [ -91.819679017098082, 41.686889628578371 ], [ -91.819656995219461, 41.686203742655337 ], [ -91.820517091594908, 41.686188223495883 ], [ -91.820539121338243, 41.686874108341506 ] ] ] ] } },
{ "type": "Feature", "properties": { "PPN": "0220379003", "TotalValue": 1020500.0, "PropClass": "R", "pctLandVal": 0.1, "acreVal": 355574.91289198602, "SiteAddres": "3689 STONE RD NE", "credits": "HMST", "acres": 2.87, "permitNo": "BLD-17-27560", "permitType": "Dwelling", "permitDate": "12/20/2017", "permitYr": 2017, "nonmetro": 1 }, "geometry": { "type": "MultiPolygon", "coordinates": [ [ [ [ -91.575281613867233, 41.806513879157158 ], [ -91.573448217272841, 41.806481679476988 ], [ -91.573452197382622, 41.80579562943182 ], [ -91.575285574598894, 41.805827830857488 ], [ -91.575281613867233, 41.806513879157158 ] ] ] ] } },
{ "type": "Feature", "properties": { "PPN": "1401404002", "TotalValue": 616200.0, "PropClass": "A, AD", "pctLandVal": 0.0, "acreVal": 474000.0, "SiteAddres": "4749 MAIER AVE SW", "credits": "HMST", "acres": 1.3, "permitNo": "BLD-26100", "permitType": "Dwelling", "permitDate": "11/30/2015", "permitYr": 2015, "nonmetro": 1 }, "geometry": { "type": "MultiPolygon", "coordinates": [ [ [ [ -91.598137765932449, 41.587311944851074 ], [ -91.598935535547497, 41.587318106900028 ], [ -91.598932001965153, 41.587614655732274 ], [ -91.598853733834858, 41.588047792460884 ], [ -91.598126329998649, 41.588041555934616 ], [ -91.598137167009497, 41.587353098423037 ], [ -91.598137765932449, 41.587311944851074 ] ] ] ] } },
{ "type": "Feature", "properties": { "PPN": "0607177001", "TotalValue": 311000.0, "PropClass": "R", "pctLandVal": 0.23, "acreVal": 215972.22222222222, "SiteAddres": "2370 250TH ST NW", "credits": "HMST", "acres": 1.44, "permitNo": "BLD-17899", "permitType": "Dwelling", "permitDate": "7/25/2013", "permitYr": 2013, "nonmetro": 1 }, "geometry": { "type": "MultiPolygon", "coordinates": [ [ [ [ -91.698578512300017, 41.753118590144254 ], [ -91.698725076031394, 41.7531190847264 ], [ -91.699505267306961, 41.753121718313572 ], [ -91.699479525507726, 41.754032969382514 ], [ -91.699307445919416, 41.754164131274756 ], [ -91.698547123806833, 41.754186290492136 ], [ -91.698242197383593, 41.753935089186953 ], [ -91.698219208543435, 41.753790140471629 ], [ -91.699340821186638, 41.753753369939794 ], [ -91.699355580040148, 41.753230976794477 ], [ -91.698634497865669, 41.753228543075252 ], [ -91.698578512300017, 41.753118590144254 ] ] ] ] } },
{ "type": "Feature", "properties": { "PPN": "1328154002", "TotalValue": 474000.0, "PropClass": "R", "pctLandVal": 0.1, "acreVal": 623684.21052631573, "SiteAddres": "5470 KLEIN STRASZE SW", "credits": "HMST", "acres": 0.76, "permitNo": "BLD-17916", "permitType": "Dwelling", "permitDate": "7/26/2013", "permitYr": 2013, "nonmetro": 1 }, "geometry": { "type": "MultiPolygon", "coordinates": [ [ [ [ -91.779403512860867, 41.536227326154155 ], [ -91.779734895685365, 41.535822415235401 ], [ -91.780430156705776, 41.535772592169053 ], [ -91.780383368487293, 41.535863182346027 ], [ -91.780332847732154, 41.535952632744824 ], [ -91.780278644627302, 41.536040857650171 ], [ -91.780220809360657, 41.536127771346557 ], [ -91.78015939926253, 41.536213290025437 ], [ -91.780094475282411, 41.536297329031264 ], [ -91.779403512860867, 41.536227326154155 ] ] ] ] } },
{ "type": "Feature", "properties": { "PPN": "0806204006", "TotalValue": 513700.0, "PropClass": "R", "pctLandVal": 0.32, "acreVal": 503627.45098039217, "SiteAddres": "4644 HARPERS TRL NE", "credits": "NONE", "acres": 1.02, "permitNo": "BLD-24-32722", "permitType": "Dwelling", "permitDate": "7/29/2024", "permitYr": 2024, "nonmetro": 1 }, "geometry": { "type": "MultiPolygon", "coordinates": [ [ [ [ -91.472734082077963, 41.770061106345516 ], [ -91.473548669466538, 41.770098689018248 ], [ -91.473564097140937, 41.770100400871947 ], [ -91.473578913662337, 41.770104046331362 ], [ -91.473592689910234, 41.770109519815719 ], [ -91.473605026892557, 41.770116662800284 ], [ -91.473615567301394, 41.770125268407782 ], [ -91.473624005861367, 41.770135087399915 ], [ -91.473630098171157, 41.770145835395802 ], [ -91.473633667782039, 41.770157201108404 ], [ -91.473634611308327, 41.770168855359913 ], [ -91.473632991317018, 41.770296670574098 ], [ -91.473636558979564, 41.770424463629695 ], [ -91.473645311032996, 41.770552116554413 ], [ -91.472716788944936, 41.770598426648263 ], [ -91.472734082077963, 41.770061106345516 ] ] ] ] } },
{ "type": "Feature", "properties": { "PPN": "0231255001", "TotalValue": 525600.0, "PropClass": "R", "pctLandVal": 0.25, "acreVal": 395187.96992481203, "SiteAddres": "2075 SCALES BEND RD NE", "credits": "HMST", "acres": 1.33, "permitNo": "BLD-17821", "permitType": "Dwelling", "permitDate": "6/6/2013", "permitYr": 2013, "nonmetro": 1 }, "geometry": { "type": "MultiPolygon", "coordinates": [ [ [ [ -91.59570138171317, 41.783432619773023 ], [ -91.596764656898713, 41.783436258328663 ], [ -91.596762281398824, 41.783985104724877 ], [ -91.595698997275818, 41.783981465248054 ], [ -91.59570138171317, 41.783432619773023 ] ] ] ] } },
{ "type": "Feature", "properties": { "PPN": "0706305002", "TotalValue": 1232700.0000000002, "PropClass": "R", "pctLandVal": 0.14, "acreVal": 251059.06313645621, "SiteAddres": "2381 MEHAFFEY BRIDGE RD NE", "credits": "NONE", "acres": 4.91, "permitNo": "BLD-19-28683", "permitType": "Dwelling", "permitDate": "9/23/2019", "permitYr": 2019, "nonmetro": 0 }, "geometry": { "type": "MultiPolygon", "coordinates": [ [ [ [ -91.590651034560025, 41.75946505423159 ], [ -91.590691795187027, 41.75972003660555 ], [ -91.590937386627459, 41.759909576181464 ], [ -91.591040222307498, 41.759993056196421 ], [ -91.591137302245301, 41.760080314431022 ], [ -91.591228379173685, 41.760171128655379 ], [ -91.591313221111051, 41.760265267582113 ], [ -91.591391611952275, 41.760362491455538 ], [ -91.591463352019431, 41.760462552662041 ], [ -91.591528258570392, 41.760565196360638 ], [ -91.591586166264591, 41.760670161131941 ], [ -91.591636927584361, 41.760777179643874 ], [ -91.591671309600201, 41.760866272695061 ], [ -91.591695925476827, 41.760951057830695 ], [ -91.591713135143678, 41.761036860939626 ], [ -91.591722865907656, 41.761123319738822 ], [ -91.591725076652992, 41.761210069175291 ], [ -91.59171975801523, 41.761296742967545 ], [ -91.591706932421346, 41.761382975151903 ], [ -91.591686653995509, 41.761468401628058 ], [ -91.591659008331064, 41.761552661696136 ], [ -91.591523901196041, 41.761913421523857 ], [ -91.591499080603342, 41.761990996768844 ], [ -91.591482252463351, 41.762069765546613 ], [ -91.591473515272767, 41.762149266952328 ], [ -91.591472920185936, 41.762229035792636 ], [ -91.591486540584825, 41.762541056431402 ], [ -91.592177953707576, 41.762548101643581 ], [ -91.592171943223093, 41.762877383193079 ], [ -91.591488567197274, 41.762870389903881 ], [ -91.591481466992335, 41.763107297124286 ], [ -91.591476818448214, 41.763168135570048 ], [ -91.591466545751572, 41.763228586170655 ], [ -91.591450698353142, 41.76328835783729 ], [ -91.591373309775221, 41.763535078105328 ], [ -91.591339036793244, 41.763656957431181 ], [ -91.591312337540273, 41.763779894094711 ], [ -91.591242985999912, 41.76415366812401 ], [ -91.591240291718023, 41.764189452575046 ], [ -91.591245410291933, 41.764225088371816 ], [ -91.591258205311775, 41.76425962573348 ], [ -91.591278335770369, 41.764292144153742 ], [ -91.591303246053812, 41.764325041290093 ], [ -91.591328311737385, 41.76436387290471 ], [ -91.591346384357777, 41.764404823970366 ], [ -91.591357153920981, 41.764447192096554 ], [ -91.591360435693332, 41.764490250585986 ], [ -91.591356173370997, 41.764533260899 ], [ -91.591344440046754, 41.764575485320705 ], [ -91.591325436957234, 41.764616199614572 ], [ -91.591290639922931, 41.764677526272799 ], [ -91.592138931264657, 41.764686177247675 ], [ -91.592135904528831, 41.764852160744091 ], [ -91.592126212079862, 41.765383071628882 ], [ -91.59078418178602, 41.765369334588726 ], [ -91.590806252096911, 41.764161451094566 ], [ -91.591092971897979, 41.764164387259115 ], [ -91.591167121256305, 41.763764764021296 ], [ -91.591194909299531, 41.76363681690664 ], [ -91.591230579300671, 41.763509970174802 ], [ -91.591307967213581, 41.763263249079799 ], [ -91.591321833137712, 41.763210950121241 ], [ -91.591330821423981, 41.763158057130966 ], [ -91.591334888804724, 41.763104824794524 ], [ -91.591344701166548, 41.762777461776651 ], [ -91.591345558744621, 41.762703358400209 ], [ -91.591343688971278, 41.762629265464049 ], [ -91.591326373901424, 41.762232600423715 ], [ -91.591326694492864, 41.762150564979606 ], [ -91.591334807914464, 41.762068754399877 ], [ -91.591346275725755, 41.762006471069249 ], [ -91.591362262510501, 41.761944748587688 ], [ -91.59138272068661, 41.761883770612918 ], [ -91.591517828568556, 41.761523010045593 ], [ -91.591543362825604, 41.761445107314714 ], [ -91.591562035646362, 41.761366120773452 ], [ -91.591573767056644, 41.761286388820984 ], [ -91.591578506821676, 41.761206253048769 ], [ -91.591576234661048, 41.761126056777108 ], [ -91.591566960335015, 41.761046143584245 ], [ -91.591550702020967, 41.7609667707734 ], [ -91.591527536075333, 41.760888365558124 ], [ -91.591497561984696, 41.760811264567614 ], [ -91.591442760744329, 41.7606968735669 ], [ -91.591379377529108, 41.760584995480045 ], [ -91.591307616680169, 41.760475990914053 ], [ -91.591227709538131, 41.760370211212248 ], [ -91.591139913697049, 41.760267997321861 ], [ -91.591044512173724, 41.760169678695426 ], [ -91.590941812495132, 41.760075572228857 ], [ -91.590832145707026, 41.759985981240391 ], [ -91.590552101172364, 41.75976985145239 ], [ -91.590505347160985, 41.759477315095914 ], [ -91.590651034560025, 41.75946505423159 ] ] ] ] } },
{ "type": "Feature", "properties": { "PPN": "0706381003", "TotalValue": 1738400.0, "PropClass": "R", "pctLandVal": 0.19, "acreVal": 905416.66666666674, "SiteAddres": "2379 MAHAFFEY BRIDGE RD NE", "credits": "NONE", "acres": 1.92, "permitNo": "BLD-23-31723", "permitType": "Dwelling", "permitDate": "5/19/2023", "permitYr": 2023, "nonmetro": 1 }, "geometry": { "type": "MultiPolygon", "coordinates": [ [ [ [ -91.590505347160985, 41.759477315095914 ], [ -91.590552101172364, 41.75976985145239 ], [ -91.590547275738388, 41.760033879002705 ], [ -91.590831693466015, 41.760487209241013 ], [ -91.590820255789794, 41.761113200014471 ], [ -91.590810300069975, 41.761658076870162 ], [ -91.590315550076937, 41.761653012192383 ], [ -91.590355057962057, 41.759491584029035 ], [ -91.590505347160985, 41.759477315095914 ] ] ] ] } },
{ "type": "Feature", "properties": { "PPN": "0806204002", "TotalValue": 842400.0, "PropClass": "R", "pctLandVal": 0.19, "acreVal": 834059.40594059404, "SiteAddres": "2210 HEMANN WAY NE", "credits": "NONE", "acres": 1.01, "permitNo": "BLD-24-32464", "permitType": "Dwelling", "permitDate": "4/11/2024", "permitYr": 2024, "nonmetro": 1 }, "geometry": { "type": "MultiPolygon", "coordinates": [ [ [ [ -91.472661266570981, 41.77232337699445 ], [ -91.472679223417984, 41.771765583795556 ], [ -91.473635829898626, 41.771955052274734 ], [ -91.473610230253129, 41.772036897182289 ], [ -91.473590953321548, 41.772119707793728 ], [ -91.473578062791887, 41.77220321061953 ], [ -91.473571601261085, 41.77228712988304 ], [ -91.473569451571819, 41.772342897349617 ], [ -91.472661266570981, 41.77232337699445 ] ] ] ] } },
{ "type": "Feature", "properties": { "PPN": "0806206011", "TotalValue": 1200.0, "PropClass": "R", "pctLandVal": 1.0, "acreVal": 1818.181818181818, "SiteAddres": "2235 HEMANN WAY NE", "credits": "NONE", "acres": 0.66, "permitNo": "BLD-25-33275", "permitType": "Dwelling", "permitDate": "5/6/2025", "permitYr": 2025, "nonmetro": 1 }, "geometry": { "type": "MultiPolygon", "coordinates": [ [ [ [ -91.473902079799245, 41.769868052408533 ], [ -91.474489122939843, 41.769912455097199 ], [ -91.474488409881729, 41.770082350479839 ], [ -91.474487235301666, 41.770362318583715 ], [ -91.473876533052646, 41.770373786538599 ], [ -91.473875600990525, 41.77020499053738 ], [ -91.473884121590245, 41.770036313649236 ], [ -91.473902079799245, 41.769868052408533 ] ] ] ] } },
{ "type": "Feature", "properties": { "PPN": "0705303002", "TotalValue": 667600.0, "PropClass": "R", "pctLandVal": 0.19, "acreVal": 302081.44796380092, "SiteAddres": "3668 DANIELLE CT NE", "credits": "HMST", "acres": 2.21, "permitNo": "BLD-24853", "permitType": "Dwelling", "permitDate": "10/10/2013", "permitYr": 2013, "nonmetro": 1 }, "geometry": { "type": "MultiPolygon", "coordinates": [ [ [ [ -91.572723487556942, 41.76616024985583 ], [ -91.572125242060494, 41.765168366788885 ], [ -91.573096498445082, 41.765068771671544 ], [ -91.573097749482926, 41.765074785699078 ], [ -91.57309929758847, 41.76508076052653 ], [ -91.573101140570273, 41.765086688912938 ], [ -91.573103273885721, 41.76509256177733 ], [ -91.573105695316755, 41.76509837277893 ], [ -91.57310840154959, 41.765104111956461 ], [ -91.573111390392782, 41.765109772069039 ], [ -91.573114656021517, 41.765115346716023 ], [ -91.573118193919683, 41.765120825916298 ], [ -91.573122001869251, 41.765126203329011 ], [ -91.573126071640687, 41.765131472513701 ], [ -91.573130398638057, 41.765136626189502 ], [ -91.573134975913987, 41.765141655235553 ], [ -91.573139801197101, 41.765146555111308 ], [ -91.57314486270441, 41.7651513175161 ], [ -91.573150157015476, 41.765155936089293 ], [ -91.573155674618548, 41.765160407070667 ], [ -91.573161409795219, 41.765164720459296 ], [ -91.573167354209403, 41.765168873414986 ], [ -91.573173498482561, 41.765172857677172 ], [ -91.57317983670977, 41.765176669545511 ], [ -91.573186358203586, 41.765180304339957 ], [ -91.573193053532179, 41.765183755599963 ], [ -91.573199916817302, 41.7651870187252 ], [ -91.573206936115881, 41.765190090815885 ], [ -91.573214099564822, 41.765192966271762 ], [ -91.573221403690525, 41.765195640532376 ], [ -91.573228832916286, 41.765198111538162 ], [ -91.573236378932762, 41.765200375549043 ], [ -91.573244033430328, 41.765202428824963 ], [ -91.573251782034703, 41.765204269326183 ], [ -91.573259616409828, 41.765205894212862 ], [ -91.573267524612561, 41.765207300585161 ], [ -91.573275499455832, 41.765208487423251 ], [ -91.573283526565248, 41.765209452687571 ], [ -91.573291596349208, 41.765210195318446 ], [ -91.573299695582421, 41.765210715096586 ], [ -91.573307815928615, 41.76521100918194 ], [ -91.573315945338251, 41.765211078275279 ], [ -91.57332407296407, 41.765210923097186 ], [ -91.573332186783006, 41.765210543448333 ], [ -91.573340276001133, 41.765209938249079 ], [ -91.573348329717788, 41.765209110020329 ], [ -91.573356338261348, 41.765208060402863 ], [ -91.573364288406566, 41.765206789177284 ], [ -91.573621090643329, 41.765455208962429 ], [ -91.573740685469318, 41.765570904075219 ], [ -91.572723487556942, 41.76616024985583 ] ] ] ] } },
{ "type": "Feature", "properties": { "PPN": "0629302013", "TotalValue": 572500.0, "PropClass": "R", "pctLandVal": 0.12, "acreVal": 440384.61538461538, "SiteAddres": "3136 HALF MOON AVE NW", "credits": "NONE", "acres": 1.3, "permitNo": "BLD-24-32367", "permitType": "Dwelling", "permitDate": "2/13/2024", "permitYr": 2024, "nonmetro": 1 }, "geometry": { "type": "MultiPolygon", "coordinates": [ [ [ [ -91.689620955148541, 41.707394739800179 ], [ -91.689620917174977, 41.707035425179996 ], [ -91.689620900305314, 41.706871590710094 ], [ -91.690710830705711, 41.706880109286899 ], [ -91.690710674231255, 41.707041412242027 ], [ -91.690710321558697, 41.707402893725714 ], [ -91.689620955148541, 41.707394739800179 ] ] ] ] } },
{ "type": "Feature", "properties": { "PPN": "0727185002", "TotalValue": 566600.0, "PropClass": "R", "pctLandVal": 0.2, "acreVal": 529532.71028037381, "SiteAddres": "4183 WESTCOTT DR NE", "credits": "HMST", "acres": 1.07, "permitNo": "BLD-16497", "permitType": "Dwelling", "permitDate": "10/28/2010", "permitYr": 2010, "nonmetro": 1 }, "geometry": { "type": "MultiPolygon", "coordinates": [ [ [ [ -91.525989270430784, 41.709475948278708 ], [ -91.525031872258225, 41.710225854540077 ], [ -91.52490740933483, 41.710285656074753 ], [ -91.524905210016058, 41.710203288035999 ], [ -91.52488551755583, 41.709466093027366 ], [ -91.525989270430784, 41.709475948278708 ] ] ] ] } },
{ "type": "Feature", "properties": { "PPN": "0208252001", "TotalValue": 347700.0, "PropClass": "R", "pctLandVal": 0.28, "acreVal": 73978.723404255317, "SiteAddres": "1294 NAPLES AVE NE", "credits": "HMST, MIL", "acres": 4.7, "permitNo": "BLD-25710", "permitType": "Dwelling", "permitDate": "4/29/2015", "permitYr": 2015, "nonmetro": 1 }, "geometry": { "type": "MultiPolygon", "coordinates": [ [ [ [ -91.577250130011365, 41.84045087469373 ], [ -91.5791843766836, 41.840490465130067 ], [ -91.579192101197918, 41.841557142611912 ], [ -91.57725782282732, 41.841517551419294 ], [ -91.577250130011365, 41.84045087469373 ] ] ] ] } },
{ "type": "Feature", "properties": { "PPN": "1533177006", "TotalValue": 734300.0, "PropClass": "R", "pctLandVal": 0.13, "acreVal": 199538.04347826086, "SiteAddres": "5657 OAK CREST HILL RD SE", "credits": "HMST", "acres": 3.68, "permitNo": "BLD-27024", "permitType": "Dwelling", "permitDate": "3/10/2017", "permitYr": 2017, "nonmetro": 1 }, "geometry": { "type": "MultiPolygon", "coordinates": [ [ [ [ -91.54254400995562, 41.521044802374796 ], [ -91.545920054128516, 41.52100403992501 ], [ -91.545918972365982, 41.521457857610713 ], [ -91.543418034932671, 41.521487879432975 ], [ -91.543421570464886, 41.521652526131831 ], [ -91.542756403763192, 41.5216605380065 ], [ -91.542706021815746, 41.521496456179442 ], [ -91.542652339299167, 41.521336810998811 ], [ -91.542594311008727, 41.521178026932446 ], [ -91.54254400995562, 41.521044802374796 ] ] ] ] } },
{ "type": "Feature", "properties": { "PPN": "1533177005", "TotalValue": 396100.0, "PropClass": "R", "pctLandVal": 0.15, "acreVal": 36574.330563250231, "SiteAddres": "5661 OAK CREST HILL RD SE", "credits": "NONE", "acres": 10.83, "permitNo": "BLD-21-30266", "permitType": "Dwelling", "permitDate": "3/2/2022", "permitYr": 2022, "nonmetro": 1 }, "geometry": { "type": "MultiPolygon", "coordinates": [ [ [ [ -91.544174879036177, 41.520117292791618 ], [ -91.544170330118149, 41.519981485526344 ], [ -91.544953528847799, 41.519972107824344 ], [ -91.54495813797358, 41.520108079965766 ], [ -91.545922216383929, 41.52009640526564 ], [ -91.545921134678267, 41.520550222163095 ], [ -91.545920538809995, 41.520800515721852 ], [ -91.545920054128516, 41.52100403992501 ], [ -91.54254400995562, 41.521044802374796 ], [ -91.542457105707186, 41.521045852314664 ], [ -91.542215804246155, 41.52044696875253 ], [ -91.542100776026103, 41.520142370651548 ], [ -91.54293341257376, 41.520132362379961 ], [ -91.544174879036177, 41.520117292791618 ] ] ], [ [ [ -91.543418034932671, 41.521487879432975 ], [ -91.545918972365982, 41.521457857610713 ], [ -91.545917891786218, 41.52191167526059 ], [ -91.543691072526499, 41.521938682573044 ], [ -91.542833418688915, 41.521949067936212 ], [ -91.542796670631859, 41.521804537724108 ], [ -91.542756403763192, 41.5216605380065 ], [ -91.543421570464886, 41.521652526131831 ], [ -91.543418034932671, 41.521487879432975 ] ] ] ] } },
{ "type": "Feature", "properties": { "PPN": "0703480001", "TotalValue": 436800.0, "PropClass": "R", "pctLandVal": 0.21, "acreVal": 436800.0, "SiteAddres": "2367 SUGAR BOTTOM RD NE", "credits": "HMST", "acres": 1.0, "permitNo": "BLD-21-30559", "permitType": "Dwelling", "permitDate": "1/3/2022", "permitYr": 2022, "nonmetro": 1 }, "geometry": { "type": "MultiPolygon", "coordinates": [ [ [ [ -91.524778817111766, 41.760487293220443 ], [ -91.52477566550472, 41.760927796102777 ], [ -91.524729819089217, 41.760927200186586 ], [ -91.524692014177859, 41.76092689860684 ], [ -91.524549871504149, 41.760929158373827 ], [ -91.524408061229948, 41.760936775478172 ], [ -91.524266943300006, 41.760949730585992 ], [ -91.524126875902297, 41.760967990814414 ], [ -91.523988214559125, 41.760991509814893 ], [ -91.523851311224846, 41.761020227891009 ], [ -91.523852688229567, 41.760828131479371 ], [ -91.523855214051082, 41.760475910736012 ], [ -91.524778817111766, 41.760487293220443 ] ] ] ] } },
{ "type": "Feature", "properties": { "PPN": "1426402002", "TotalValue": 722800.0, "PropClass": "R", "pctLandVal": 0.15, "acreVal": 154444.44444444447, "SiteAddres": "5542 LACKENDER AVE SW", "credits": "NONE", "acres": 4.68, "permitNo": "BLD-22-31087", "permitType": "Dwelling", "permitDate": "8/10/2022", "permitYr": 2022, "nonmetro": 1 }, "geometry": { "type": "MultiPolygon", "coordinates": [ [ [ [ -91.622737435878349, 41.529006038198055 ], [ -91.622748281009848, 41.530176824464583 ], [ -91.621004008696005, 41.530162725910593 ], [ -91.620993194810282, 41.528991939476342 ], [ -91.622737435878349, 41.529006038198055 ] ] ] ] } },
{ "type": "Feature", "properties": { "PPN": "0313376015", "TotalValue": 812700.0, "PropClass": "R", "pctLandVal": 0.15, "acreVal": 266459.01639344264, "SiteAddres": "1564 IROQUOIS DR NE", "credits": "HMST", "acres": 3.05, "permitNo": "BLD-16912", "permitType": "Dwelling", "permitDate": "10/4/2011", "permitYr": 2011, "nonmetro": 1 }, "geometry": { "type": "MultiPolygon", "coordinates": [ [ [ [ -91.606750166108611, 41.819080108440644 ], [ -91.606932634535738, 41.819148784137546 ], [ -91.607001650000456, 41.819174300865477 ], [ -91.607088323405094, 41.819437449257812 ], [ -91.607160068899489, 41.819194910809074 ], [ -91.60764118842323, 41.819295457211716 ], [ -91.607637590471569, 41.820237786997907 ], [ -91.608079064388875, 41.820590867098382 ], [ -91.608059693895797, 41.820606722106277 ], [ -91.608043868479555, 41.820624644067415 ], [ -91.608031975927389, 41.820644193824052 ], [ -91.608024307656976, 41.82066489233074 ], [ -91.608021051575136, 41.820686232392703 ], [ -91.608020131626162, 41.820692419285507 ], [ -91.608017974979134, 41.820698431663587 ], [ -91.608014630955708, 41.820704132025469 ], [ -91.608010176032522, 41.820709390005334 ], [ -91.60800471209231, 41.820714085354474 ], [ -91.607998364093831, 41.820718110691438 ], [ -91.60792777938039, 41.82075641476164 ], [ -91.60781967775344, 41.820818930912587 ], [ -91.607716857680884, 41.820886248103569 ], [ -91.607619699654876, 41.8209581172339 ], [ -91.607528563219219, 41.821034272357991 ], [ -91.607516759583845, 41.821044846202916 ], [ -91.606939936924888, 41.82066420376627 ], [ -91.606940123355159, 41.820663671879906 ], [ -91.607032580072755, 41.820393618852293 ], [ -91.606947285300421, 41.82030861747473 ], [ -91.606952884382125, 41.819718408737785 ], [ -91.606927398681222, 41.819698745579032 ], [ -91.606855664212361, 41.819643405417573 ], [ -91.606858077477966, 41.819388996508465 ], [ -91.606750166108611, 41.819080108440644 ] ] ] ] } },
{ "type": "Feature", "properties": { "PPN": "0307352006", "TotalValue": 103500.0, "PropClass": "R", "pctLandVal": 0.84, "acreVal": 57500.0, "SiteAddres": "2236 CLAY STUDIO CT NW", "credits": "NONE", "acres": 1.8, "permitNo": "BLD-25-33183", "permitType": "Dwelling", "permitDate": "3/17/2025", "permitYr": 2025, "nonmetro": 1 }, "geometry": { "type": "MultiPolygon", "coordinates": [ [ [ [ -91.711646071210438, 41.833985732393302 ], [ -91.711671406078381, 41.833976462993377 ], [ -91.711694541846157, 41.833964399030805 ], [ -91.711714931762131, 41.833949825605579 ], [ -91.711732093966631, 41.833933087121977 ], [ -91.711745622879278, 41.833914579149443 ], [ -91.712701852521391, 41.833913571829456 ], [ -91.712700136169815, 41.834666056516561 ], [ -91.711644524799937, 41.83466572664701 ], [ -91.711646071210438, 41.833985732393302 ] ] ] ] } },
{ "type": "Feature", "properties": { "PPN": "1415351004", "TotalValue": 318300.0, "PropClass": "R", "pctLandVal": 0.04, "acreVal": 1097586.2068965519, "SiteAddres": "2824 520TH ST SW", "credits": "NONE", "acres": 0.29, "permitNo": "BLD-25792", "permitType": "Dwelling", "permitDate": "5/14/2015", "permitYr": 2015, "nonmetro": 1 }, "geometry": { "type": "MultiPolygon", "coordinates": [ [ [ [ -91.654509474897466, 41.55457565802088 ], [ -91.654984444933248, 41.554577501653114 ], [ -91.654981980769989, 41.554843179713181 ], [ -91.654507013828507, 41.554840691315341 ], [ -91.654509474897466, 41.55457565802088 ] ] ] ] } },
{ "type": "Feature", "properties": { "PPN": "0830478002", "TotalValue": 1322600.0, "PropClass": "R", "pctLandVal": 0.06, "acreVal": 912137.93103448278, "SiteAddres": "4764 RAPID CREEK RD NE", "credits": "NONE", "acres": 1.45, "permitNo": "BLD-23-32155", "permitType": "Dwelling", "permitDate": "10/11/2023", "permitYr": 2023, "nonmetro": 1 }, "geometry": { "type": "MultiPolygon", "coordinates": [ [ [ [ -91.465723793298764, 41.703615822184602 ], [ -91.465839450588263, 41.703560142514895 ], [ -91.465950764998297, 41.703499695921472 ], [ -91.466057387092675, 41.703434672163766 ], [ -91.46615898216865, 41.703365275369556 ], [ -91.466255231307784, 41.703291723394358 ], [ -91.466345832377016, 41.703214247137048 ], [ -91.466430500977083, 41.703133089815097 ], [ -91.466508971335301, 41.703048506200801 ], [ -91.466580997139573, 41.702960761821451 ], [ -91.467281710858458, 41.703776562013296 ], [ -91.466649903875592, 41.703769630063647 ], [ -91.465840491528823, 41.703760756061726 ], [ -91.465723793298764, 41.703615822184602 ] ] ] ] } },
{ "type": "Feature", "properties": { "PPN": "0830478007", "TotalValue": 11300.0, "PropClass": "R", "pctLandVal": 1.0, "acreVal": 10000.000000000002, "SiteAddres": "4752 RAPID CREEK RD NE", "credits": "NONE", "acres": 1.13, "permitNo": "BLD-24-32978", "permitType": "Dwelling", "permitDate": "3/10/2025", "permitYr": 2025, "nonmetro": 1 }, "geometry": { "type": "MultiPolygon", "coordinates": [ [ [ [ -91.468199552452674, 41.700769758528445 ], [ -91.468220666717443, 41.700755841813894 ], [ -91.468217604036099, 41.701675070153684 ], [ -91.468218675852611, 41.701770753646628 ], [ -91.467371163380733, 41.701780448152547 ], [ -91.467815821022157, 41.701111892863175 ], [ -91.467860752933319, 41.701050416193375 ], [ -91.467911894531639, 41.700991727968095 ], [ -91.467968939439814, 41.700936179756077 ], [ -91.468031545919686, 41.7008841043152 ], [ -91.468099338919629, 41.700835813599156 ], [ -91.468199552452674, 41.700769758528445 ] ] ] ] } },
{ "type": "Feature", "properties": { "PPN": "0921226003", "TotalValue": 875900.0, "PropClass": "R", "pctLandVal": 0.11, "acreVal": 875900.0, "SiteAddres": "2544 AARON DR SE", "credits": "HMST", "acres": 1.0, "permitNo": "BLD-17179", "permitType": "Dwelling", "permitDate": "4/16/2012", "permitYr": 2012, "nonmetro": 1 }, "geometry": { "type": "MultiPolygon", "coordinates": [ [ [ [ -91.440591009873913, 41.639289428035802 ], [ -91.440192745770076, 41.639761831303531 ], [ -91.439396920455266, 41.639189662889663 ], [ -91.439402212574493, 41.63918548523619 ], [ -91.439407460062654, 41.639181276167591 ], [ -91.439412660576764, 41.63917703384093 ], [ -91.43941781520293, 41.639172761878086 ], [ -91.439422922883494, 41.639168455757037 ], [ -91.439427983447757, 41.639164120878597 ], [ -91.439432997009519, 41.639159753642282 ], [ -91.43943796228362, 41.639155356727109 ], [ -91.439442880526741, 41.639150928354205 ], [ -91.439447749253759, 41.639146471181235 ], [ -91.439452569749989, 41.639141982529218 ], [ -91.439457340673215, 41.639137466877429 ], [ -91.439462062137352, 41.639132920625421 ], [ -91.439466734113765, 41.639128344673253 ], [ -91.439471356517302, 41.63912374172142 ], [ -91.439475927004963, 41.639119109926895 ], [ -91.439480449119586, 41.639114451153944 ], [ -91.439484919318403, 41.639109763538407 ], [ -91.439489336316058, 41.639105049759358 ], [ -91.439493703769344, 41.639100308080451 ], [ -91.439498019192996, 41.639095541159499 ], [ -91.43950228270073, 41.639090745395876 ], [ -91.439506492950642, 41.639085925269015 ], [ -91.43951064997097, 41.63908107987875 ], [ -91.439514756218571, 41.639076207467497 ], [ -91.439518807979979, 41.639071311571797 ], [ -91.43952280534036, 41.639066389491283 ], [ -91.439526750585912, 41.639061444869114 ], [ -91.439530641373665, 41.639056475862361 ], [ -91.43953447770366, 41.639051482471046 ], [ -91.439538258347483, 41.639046465574005 ], [ -91.439541985676613, 41.639041426113977 ], [ -91.439545657291191, 41.639036364048387 ], [ -91.439549273191261, 41.63903127937715 ], [ -91.439552833348358, 41.639026173000531 ], [ -91.439556338990855, 41.63902104403958 ], [ -91.439559787633613, 41.639015895152113 ], [ -91.439563180533497, 41.639010724559206 ], [ -91.439566516462079, 41.639005533139638 ], [ -91.43956979541943, 41.639000320893494 ], [ -91.43957301734865, 41.638995089620941 ], [ -91.439576183478124, 41.63898983844323 ], [ -91.43957929017968, 41.638984568196491 ], [ -91.439582341053097, 41.638979278944738 ], [ -91.43958533369856, 41.638973970645317 ], [ -91.440273874115064, 41.63918995133983 ], [ -91.440591009873913, 41.639289428035802 ] ] ] ] } },
{ "type": "Feature", "properties": { "PPN": "0932327001", "TotalValue": 527300.0, "PropClass": "R", "pctLandVal": 0.33, "acreVal": 37745.168217609164, "SiteAddres": "4522 TAFT AVE SE", "credits": "HMST", "acres": 13.97, "permitNo": "BLD-26828", "permitType": "Dwelling", "permitDate": "10/14/2016", "permitYr": 2016, "nonmetro": 1 }, "geometry": { "type": "MultiPolygon", "coordinates": [ [ [ [ -91.459821302964698, 41.605465238119464 ], [ -91.459805048316582, 41.603620792992935 ], [ -91.463108793887614, 41.603615764481333 ], [ -91.46311945020571, 41.604430689623499 ], [ -91.463139224068215, 41.605219890455551 ], [ -91.463142843471971, 41.605460181677827 ], [ -91.459821302964698, 41.605465238119464 ] ] ] ] } },
{ "type": "Feature", "properties": { "PPN": "1226177001", "TotalValue": 505200.0, "PropClass": "R", "pctLandVal": 0.25, "acreVal": 57084.745762711864, "SiteAddres": "4239 COSGROVE RD SW", "credits": "HMST, MIL", "acres": 8.85, "permitNo": "BLD-17806", "permitType": "Dwelling", "permitDate": "5/23/2013", "permitYr": 2013, "nonmetro": 1 }, "geometry": { "type": "MultiPolygon", "coordinates": [ [ [ [ -91.736202187264496, 41.624481435081272 ], [ -91.736202872463764, 41.621927808685228 ], [ -91.737691422009235, 41.621934324553251 ], [ -91.737733594192889, 41.624503287297436 ], [ -91.736202187264496, 41.624481435081272 ] ] ] ] } },
{ "type": "Feature", "properties": { "PPN": "0107203001", "TotalValue": 217000.0, "PropClass": "R", "pctLandVal": 0.3, "acreVal": 118579.23497267759, "SiteAddres": "4701 120TH ST NE", "credits": "HMST", "acres": 1.83, "permitNo": "BLD-25509", "permitType": "Dwelling", "permitDate": "11/17/2014", "permitYr": 2014, "nonmetro": 1 }, "geometry": { "type": "MultiPolygon", "coordinates": [ [ [ [ -91.474416287619576, 41.84547877635385 ], [ -91.473510569721896, 41.845489464912156 ], [ -91.473523806183721, 41.844601091953152 ], [ -91.474429510532644, 41.844590402367288 ], [ -91.474416287619576, 41.84547877635385 ] ] ] ] } },
{ "type": "Feature", "properties": { "PPN": "1314110008", "TotalValue": 318200.0, "PropClass": "R", "pctLandVal": 0.21, "acreVal": 345869.5652173913, "SiteAddres": "1966 YODER AVE SW", "credits": "NONE", "acres": 0.92, "permitNo": "BLD-16171", "permitType": "Dwelling", "permitDate": "2/11/2010", "permitYr": 2010, "nonmetro": 1 }, "geometry": { "type": "MultiPolygon", "coordinates": [ [ [ [ -91.735400066981796, 41.566974488160064 ], [ -91.735459691567584, 41.566977047966638 ], [ -91.735518686968021, 41.566984022698421 ], [ -91.735576475010603, 41.56699534400088 ], [ -91.735632489354487, 41.567010900921886 ], [ -91.735631775630708, 41.567216979700433 ], [ -91.735843728992734, 41.567217337632293 ], [ -91.735840866924178, 41.567473632862495 ], [ -91.734926083754175, 41.567469805644066 ], [ -91.734926855692208, 41.567391097008503 ], [ -91.734928573457182, 41.567216062376282 ], [ -91.734930970830234, 41.56697181438529 ], [ -91.735400066981796, 41.566974488160064 ] ] ] ] } },
{ "type": "Feature", "properties": { "PPN": "0406177001", "TotalValue": 386200.0, "PropClass": "A, AD", "pctLandVal": 0.02, "acreVal": 71123.388581952124, "SiteAddres": "1068 BAXTER AVE NW", "credits": "HMST, AG", "acres": 5.43, "permitNo": "BLD-16706", "permitType": "Dwelling", "permitDate": "5/23/2011", "permitYr": 2011, "nonmetro": 1 }, "geometry": { "type": "MultiPolygon", "coordinates": [ [ [ [ -91.816874186471665, 41.856477250142376 ], [ -91.816848908260553, 41.857294948117392 ], [ -91.816786727951353, 41.857285868470164 ], [ -91.816772394222525, 41.857747753015097 ], [ -91.816713092549136, 41.857883964988062 ], [ -91.816063713762702, 41.857932209128542 ], [ -91.815086878255414, 41.857214986656601 ], [ -91.814718868776708, 41.856717104965966 ], [ -91.814703702182612, 41.856435287186933 ], [ -91.816874186471665, 41.856477250142376 ] ] ] ] } },
{ "type": "Feature", "properties": { "PPN": "0905402007", "TotalValue": 312200.0, "PropClass": "R", "pctLandVal": 0.18, "acreVal": 650416.66666666674, "SiteAddres": "3549 UTAH AVE NE", "credits": "HMST, MIL", "acres": 0.48, "permitNo": "BLD-17333", "permitType": "Dwelling", "permitDate": "8/17/2012", "permitYr": 2012, "nonmetro": 1 }, "geometry": { "type": "MultiPolygon", "coordinates": [ [ [ [ -91.443819535452022, 41.674861919128418 ], [ -91.44383245955251, 41.674587582777079 ], [ -91.443985551089213, 41.674580275159244 ], [ -91.444565298247383, 41.674581108434054 ], [ -91.444564676513323, 41.67459431498785 ], [ -91.444551755491631, 41.674868651420134 ], [ -91.443819535452022, 41.674861919128418 ] ] ] ] } },
{ "type": "Feature", "properties": { "PPN": "1314109004", "TotalValue": 340800.0, "PropClass": "R", "pctLandVal": 0.18, "acreVal": 362553.19148936175, "SiteAddres": "1982 MILL VIEW CIR SW", "credits": "HMST", "acres": 0.94, "permitNo": "BLD-22-30957", "permitType": "Dwelling", "permitDate": "6/22/2022", "permitYr": 2022, "nonmetro": 1 }, "geometry": { "type": "MultiPolygon", "coordinates": [ [ [ [ -91.733467843006764, 41.569005198272819 ], [ -91.733468019510454, 41.568986124711216 ], [ -91.733595788032375, 41.568689912324096 ], [ -91.733625109847537, 41.568695086032903 ], [ -91.733655165057741, 41.568696571957318 ], [ -91.733685136978707, 41.568694329720543 ], [ -91.733714211189394, 41.568688420250531 ], [ -91.733741597662558, 41.568679004124 ], [ -91.73376655223224, 41.568666337203403 ], [ -91.733788396815157, 41.568650763684026 ], [ -91.733799547285429, 41.568642838632094 ], [ -91.733812307373412, 41.56863642764575 ], [ -91.733826316761167, 41.568631711757462 ], [ -91.733841179853499, 41.568628824133796 ], [ -91.733856476948617, 41.568627846315003 ], [ -91.734404644574965, 41.568627490718953 ], [ -91.734419013600856, 41.568628334267189 ], [ -91.734433027178142, 41.568630864344414 ], [ -91.734446336552125, 41.568635017984803 ], [ -91.734458610493348, 41.568640691817059 ], [ -91.734469543540882, 41.568647744636976 ], [ -91.734478863604267, 41.568656000921457 ], [ -91.734486338735053, 41.56866525519694 ], [ -91.734491782899184, 41.568675277152678 ], [ -91.734495060607046, 41.568685817372703 ], [ -91.734496090285333, 41.568696613542855 ], [ -91.734491596325825, 41.569153182648634 ], [ -91.734076746982609, 41.569156666805299 ], [ -91.734078138276359, 41.569005945833503 ], [ -91.733467843006764, 41.569005198272819 ] ] ] ] } },
{ "type": "Feature", "properties": { "PPN": "0315128002", "TotalValue": 1129800.0, "PropClass": "R", "pctLandVal": 0.19, "acreVal": 171963.47031963468, "SiteAddres": "2907 BLUE RIDGE CT NE", "credits": "NONE", "acres": 6.57, "permitNo": "BLD-19-28372", "permitType": "Dwelling", "permitDate": "5/8/2019", "permitYr": 2019, "nonmetro": 1 }, "geometry": { "type": "MultiPolygon", "coordinates": [ [ [ [ -91.643936665293282, 41.831136878190868 ], [ -91.643880281416401, 41.829427201928965 ], [ -91.645444325530647, 41.829442327759239 ], [ -91.645504192882342, 41.831300747320128 ], [ -91.644097236476327, 41.831282197537504 ], [ -91.644097545097111, 41.831277584544999 ], [ -91.644097644329236, 41.831272967310127 ], [ -91.644097536477233, 41.831268349471777 ], [ -91.644097220157704, 41.831263737311644 ], [ -91.644096698827298, 41.831259136288004 ], [ -91.644095968746939, 41.831254550843838 ], [ -91.644095032195452, 41.83124998551817 ], [ -91.644093892577885, 41.831245447569572 ], [ -91.644092548613742, 41.831240939679269 ], [ -91.644091003733919, 41.831236468205596 ], [ -91.644089256555034, 41.831232039430247 ], [ -91.644087311788638, 41.831227657030546 ], [ -91.644085171738993, 41.831223324645315 ], [ -91.64408283620071, 41.831219049475543 ], [ -91.644080311088786, 41.831214835217708 ], [ -91.644077597452579, 41.831210687291829 ], [ -91.644074698774332, 41.831206610256011 ], [ -91.644071618561952, 41.831202607768383 ], [ -91.644068359068328, 41.831198685268049 ], [ -91.644064925004983, 41.831194846432389 ], [ -91.644061321006191, 41.831191097638964 ], [ -91.644057549427671, 41.831187440726424 ], [ -91.644053617362161, 41.831183880310689 ], [ -91.644049525859174, 41.831180421811609 ], [ -91.644045280859231, 41.831177068025575 ], [ -91.644040887073757, 41.831173822629907 ], [ -91.644036350392, 41.831170690221199 ], [ -91.644031675550877, 41.831167673576708 ], [ -91.6440268672619, 41.831164776373647 ], [ -91.644021931465645, 41.831162001408437 ], [ -91.644016874076939, 41.83115935237759 ], [ -91.644011698629271, 41.831156832039127 ], [ -91.644006414673925, 41.831154443246966 ], [ -91.644001025718595, 41.831152189659271 ], [ -91.643995537755259, 41.831150072272152 ], [ -91.64398995910588, 41.831148094820605 ], [ -91.643984293355345, 41.831146258262287 ], [ -91.643978547647635, 41.831144565412856 ], [ -91.643972730356083, 41.831143018207015 ], [ -91.643966846243444, 41.831141618521798 ], [ -91.643960902479506, 41.831140368272727 ], [ -91.643954905107435, 41.831139266655683 ], [ -91.643948862449164, 41.831138317405603 ], [ -91.643942780496715, 41.831137521518698 ], [ -91.643936665293282, 41.831136878190868 ] ] ] ] } },
{ "type": "Feature", "properties": { "PPN": "0315204002", "TotalValue": 487600.0, "PropClass": "R", "pctLandVal": 0.22, "acreVal": 215752.21238938055, "SiteAddres": "1429 DEER WOODS DR NE", "credits": "HMST", "acres": 2.26, "permitNo": "BLD-17307", "permitType": "Dwelling", "permitDate": "7/2/2012", "permitYr": 2012, "nonmetro": 1 }, "geometry": { "type": "MultiPolygon", "coordinates": [ [ [ [ -91.648485380949097, 41.831288899495 ], [ -91.648507940535481, 41.83102900577709 ], [ -91.648508946109729, 41.831018762959737 ], [ -91.648510293023946, 41.831008541786673 ], [ -91.64851198109865, 41.830998348558794 ], [ -91.648514008899539, 41.830988191357882 ], [ -91.64851637268778, 41.830978074627211 ], [ -91.648519075894441, 41.830968004724951 ], [ -91.648522113500263, 41.830957988775502 ], [ -91.648525482944365, 41.83094803214118 ], [ -91.648529185225172, 41.830938142042093 ], [ -91.648533215374684, 41.830928323802311 ], [ -91.64853757080634, 41.83091858368433 ], [ -91.648542251315106, 41.830908928889045 ], [ -91.648547251984269, 41.830899362940315 ], [ -91.648552570150386, 41.830889894800926 ], [ -91.648558202125955, 41.83088052711372 ], [ -91.648564145247576, 41.830871268841626 ], [ -91.648570397005656, 41.830862123546645 ], [ -91.648576947566923, 41.830853098276471 ], [ -91.648583800439368, 41.830844196688979 ], [ -91.648590948145539, 41.830835427670408 ], [ -91.648598385794486, 41.830826793844381 ], [ -91.64860610839267, 41.830818301435087 ], [ -91.648614112150042, 41.830809956685769 ], [ -91.648622392175753, 41.830801762220183 ], [ -91.64863094222143, 41.83079372604351 ], [ -91.648639759777524, 41.830785851717813 ], [ -91.648648835087812, 41.830778143590408 ], [ -91.648658163133206, 41.830770608785549 ], [ -91.648667742658859, 41.830763249084242 ], [ -91.648677563857277, 41.830756070634038 ], [ -91.648687621786337, 41.830749077858734 ], [ -91.648697909096768, 41.830742275144033 ], [ -91.648708420872097, 41.830735666013645 ], [ -91.648719149762982, 41.830729254853182 ], [ -91.648730089598303, 41.830723046967513 ], [ -91.648741231902164, 41.830717044022727 ], [ -91.648752570503262, 41.830711251323592 ], [ -91.648764100485124, 41.830705672394018 ], [ -91.648775812142858, 41.830700309780944 ], [ -91.648787699330711, 41.830695167889246 ], [ -91.648799753572945, 41.830690248384848 ], [ -91.648811969927536, 41.830685555691751 ], [ -91.648824337460368, 41.830681093237956 ], [ -91.648836850128291, 41.830676861827712 ], [ -91.648849500582287, 41.830672865846651 ], [ -91.648858381390014, 41.830670129130176 ], [ -91.648867235899388, 41.830667343365832 ], [ -91.648876060525367, 41.830664507595991 ], [ -91.648884860030847, 41.83066162369753 ], [ -91.648893628398099, 41.830658691574726 ], [ -91.648902369263439, 41.830655710384875 ], [ -91.648911078990537, 41.830652680970623 ], [ -91.648919758782938, 41.830649603351233 ], [ -91.648928408640671, 41.830646477526543 ], [ -91.648937026156631, 41.83064330345843 ], [ -91.648945612483118, 41.83064008296617 ], [ -91.648954167645741, 41.830636815149717 ], [ -91.648962689263016, 41.830633499070601 ], [ -91.648971176080209, 41.830630136509896 ], [ -91.648979632937056, 41.830626726644212 ], [ -91.648988053815856, 41.830623269377696 ], [ -91.648996441072484, 41.830619766548914 ], [ -91.649004792325414, 41.830616217219422 ], [ -91.649013107549081, 41.830612622289458 ], [ -91.649021389176113, 41.830608980897033 ], [ -91.649029633595958, 41.83060529298487 ], [ -91.649037840757344, 41.830601560353095 ], [ -91.649046010685865, 41.830597782101663 ], [ -91.649054143355954, 41.830593959130653 ], [ -91.649062237589661, 41.830590090520829 ], [ -91.649070294539243, 41.8305861780916 ], [ -91.649078310619799, 41.830582220885347 ], [ -91.649086288238337, 41.83057821894041 ], [ -91.649094227369204, 41.830574173156961 ], [ -91.649102124401921, 41.830570083477497 ], [ -91.649109981743408, 41.830565949940308 ], [ -91.649117798164539, 41.83056177342646 ], [ -91.649125571258381, 41.830557553897549 ], [ -91.649133304660964, 41.830553290510949 ], [ -91.649140993507061, 41.830548984990337 ], [ -91.649148641407166, 41.83054463739316 ], [ -91.649156244776393, 41.830540246761849 ], [ -91.649163804741377, 41.830535815815914 ], [ -91.649171321404566, 41.830531340954906 ], [ -91.649178792256464, 41.830526825740961 ], [ -91.649186218526225, 41.830522269293169 ], [ -91.649193600239471, 41.830517670711373 ], [ -91.649200936115733, 41.830513032676834 ], [ -91.649208225002823, 41.830508353370107 ], [ -91.649215468053015, 41.830503634610658 ], [ -91.649681997134024, 41.830696155524421 ], [ -91.650316487142746, 41.831373566824801 ], [ -91.648485380949097, 41.831288899495 ] ] ] ] } },
{ "type": "Feature", "properties": { "PPN": "0312383001", "TotalValue": 843700.0, "PropClass": "R", "pctLandVal": 0.19, "acreVal": 84708.835341365455, "SiteAddres": "1354 BERGEN LN NE", "credits": "HMST", "acres": 9.96, "permitNo": "BLD-16250", "permitType": "Dwelling", "permitDate": "4/26/2010", "permitYr": 2010, "nonmetro": 1 }, "geometry": { "type": "MultiPolygon", "coordinates": [ [ [ [ -91.607258545628582, 41.834769810554178 ], [ -91.609683950787868, 41.834756364295451 ], [ -91.609675049342286, 41.835362602136534 ], [ -91.609666146527246, 41.835968839822009 ], [ -91.609661232844374, 41.836303418982467 ], [ -91.609657280794622, 41.83657255287401 ], [ -91.609437006441112, 41.836573414490935 ], [ -91.607268249986788, 41.836581786417632 ], [ -91.607258545628582, 41.834769810554178 ] ] ] ] } },
{ "type": "Feature", "properties": { "PPN": "0229432005", "TotalValue": 1381800.0, "PropClass": "R", "pctLandVal": 0.45, "acreVal": 5757500.0, "SiteAddres": "3723 COTTAGE RESERVE RD NE", "credits": "HMST, MIL", "acres": 0.24, "permitNo": "BLD-16175", "permitType": "Dwelling", "permitDate": "5/4/2010", "permitYr": 2010, "nonmetro": 1 }, "geometry": { "type": "MultiPolygon", "coordinates": [ [ [ [ -91.566403305462288, 41.793357237397998 ], [ -91.566674330012532, 41.792921921982227 ], [ -91.566695492946081, 41.792887930290597 ], [ -91.566698959853269, 41.792894009109339 ], [ -91.566706583261194, 41.792907380465813 ], [ -91.566733444332257, 41.792958825125012 ], [ -91.566763260036069, 41.793009491312638 ], [ -91.566810916380774, 41.793051640487 ], [ -91.566842272080677, 41.793060470642523 ], [ -91.566613159440848, 41.793429537871589 ], [ -91.566403305462288, 41.793357237397998 ] ] ] ] } },
{ "type": "Feature", "properties": { "PPN": "0322478002", "TotalValue": 1449100.0000000002, "PropClass": "R", "pctLandVal": 0.24, "acreVal": 483033.33333333331, "SiteAddres": "1769 SUGAR MAPLE AVE NE", "credits": "NONE", "acres": 3.0, "permitNo": "BLD-21-30270", "permitType": "Dwelling", "permitDate": "9/1/2021", "permitYr": 2021, "nonmetro": 1 }, "geometry": { "type": "MultiPolygon", "coordinates": [ [ [ [ -91.640315693314548, 41.805854394661772 ], [ -91.641619410644637, 41.806481001732024 ], [ -91.641610016459808, 41.806914448287166 ], [ -91.639800291998824, 41.806891608801422 ], [ -91.639806474692406, 41.806794579715152 ], [ -91.639820625468744, 41.806698019121335 ], [ -91.639842690664352, 41.806602292962701 ], [ -91.639872586622843, 41.806507764018086 ], [ -91.639910200012494, 41.80641479052764 ], [ -91.639955388256269, 41.806323724835231 ], [ -91.640007980072596, 41.806234912053334 ], [ -91.640067776124894, 41.80614868875513 ], [ -91.6401345497774, 41.80606538169922 ], [ -91.640315693314548, 41.805854394661772 ] ] ] ] } },
{ "type": "Feature", "properties": { "PPN": "0316232006", "TotalValue": 564400.0, "PropClass": "R", "pctLandVal": 0.16, "acreVal": 287959.18367346941, "SiteAddres": "1425 MILLARD CT NW", "credits": "HMST", "acres": 1.96, "permitNo": "BLD-27045", "permitType": "Dwelling", "permitDate": "3/21/2017", "permitYr": 2017, "nonmetro": 1 }, "geometry": { "type": "MultiPolygon", "coordinates": [ [ [ [ -91.673862999467403, 41.831579797725482 ], [ -91.673200823379062, 41.831316385153343 ], [ -91.673199748439487, 41.831315945920949 ], [ -91.673198686041005, 41.831315488875049 ], [ -91.673197637386977, 41.831315014034629 ], [ -91.673196603655811, 41.831314522318628 ], [ -91.67319558487273, 41.831314012827015 ], [ -91.673194581012453, 41.831313486459855 ], [ -91.673193593278569, 41.831312943236071 ], [ -91.673192621645725, 41.831312384055821 ], [ -91.673191667317468, 41.831311808937983 ], [ -91.67319072906507, 41.831311218763766 ], [ -91.673189810524306, 41.831310612689776 ], [ -91.673188909288143, 41.831309990678214 ], [ -91.673188026509621, 41.831309354548218 ], [ -91.673187163417452, 41.83130870341855 ], [ -91.673186319961204, 41.831308039089564 ], [ -91.67318549739484, 41.831307359779807 ], [ -91.673184693286089, 41.831306666351601 ], [ -91.673183911169701, 41.831305961562116 ], [ -91.673183149918017, 41.831305242691968 ], [ -91.673182410683893, 41.831304511560447 ], [ -91.673181693442231, 41.83130376906756 ], [ -91.673180998243424, 41.83130301341312 ], [ -91.673180325011742, 41.831302247297501 ], [ -91.673179676179487, 41.831301469858325 ], [ -91.673179050517874, 41.831300681976913 ], [ -91.673178446848596, 41.831299882734193 ], [ -91.673177867477648, 41.831299075768449 ], [ -91.673177313709715, 41.831298257498105 ], [ -91.673176783036524, 41.831297431485886 ], [ -91.673176277915729, 41.831296595969334 ], [ -91.673175797093307, 41.831295752729723 ], [ -91.673175342976236, 41.831294901805038 ], [ -91.673174913157496, 41.831294043157257 ], [ -91.673174508815308, 41.831293177705561 ], [ -91.673174131153246, 41.831292305468835 ], [ -91.673173777738938, 41.83129142730931 ], [ -91.673173452157656, 41.831290544183936 ], [ -91.673173153231289, 41.831289655173585 ], [ -91.673172879756123, 41.831288760259483 ], [ -91.673172634038281, 41.831287863079787 ], [ -91.673172414949931, 41.831286960915349 ], [ -91.673172221211729, 41.831286056447574 ], [ -91.673172056484916, 41.831285147932945 ], [ -91.673171918311766, 41.831284237133886 ], [ -91.673171806692324, 41.83128332405041 ], [ -91.673171435822624, 41.83128028075776 ], [ -91.673170974460064, 41.831277244148225 ], [ -91.673170422528813, 41.831274216922139 ], [ -91.67316978123236, 41.831271199098431 ], [ -91.673169049316684, 41.83126819245841 ], [ -91.673168229113003, 41.831265199740308 ], [ -91.673167319417757, 41.831262220925204 ], [ -91.673166321409298, 41.831259256932086 ], [ -91.673165234986456, 41.831256311361528 ], [ -91.673164061327498, 41.831253385132534 ], [ -91.67316280045776, 41.831250477344973 ], [ -91.673161454657887, 41.831247592537245 ], [ -91.673160021520815, 41.831244730671635 ], [ -91.673158504606576, 41.831241893605032 ], [ -91.673156902686458, 41.831239082218701 ], [ -91.67315521929514, 41.831236299269683 ], [ -91.673153450847394, 41.831233543801183 ], [ -91.673151603284978, 41.831230818608049 ], [ -91.673149674175534, 41.831228124552702 ], [ -91.673147664646862, 41.831225464354318 ], [ -91.673145578309573, 41.831222838069607 ], [ -91.673143412756488, 41.831220245660809 ], [ -91.67314117026838, 41.83121769166641 ], [ -91.673138852048766, 41.831215176105218 ], [ -91.673136460530003, 41.831212698114932 ], [ -91.673133995611011, 41.831210261296121 ], [ -91.673131458495234, 41.831207865667579 ], [ -91.673128849132212, 41.831205513029701 ], [ -91.673126173489038, 41.831203205277177 ], [ -91.673123429158608, 41.831200942372178 ], [ -91.673120617344466, 41.831198724333611 ], [ -91.673117739123768, 41.831196555681075 ], [ -91.673114798182993, 41.83119443377084 ], [ -91.673111795599226, 41.831192363122469 ], [ -91.673108730219525, 41.831190341916795 ], [ -91.673105606807397, 41.831188372029729 ], [ -91.673102425312408, 41.831186455261474 ], [ -91.673099186937947, 41.831184591630937 ], [ -91.673095894040671, 41.831182782976192 ], [ -91.673092547849251, 41.831181028416033 ], [ -91.673089150669767, 41.83117933158875 ], [ -91.673085704959703, 41.831177690731963 ], [ -91.673082209465079, 41.831176107626909 ], [ -91.673078668974711, 41.831174583249414 ], [ -91.673075083463289, 41.831173118499649 ], [ -91.673097398907302, 41.830439644815108 ], [ -91.673053022591034, 41.829799047821616 ], [ -91.673045416986071, 41.82968903555836 ], [ -91.673265389049263, 41.829695597301949 ], [ -91.673526824166586, 41.830381778884977 ], [ -91.673732980084878, 41.830922796967208 ], [ -91.673862999467403, 41.831579797725482 ] ] ] ] } },
{ "type": "Feature", "properties": { "PPN": "0322477003", "TotalValue": 1526300.0000000002, "PropClass": "R", "pctLandVal": 0.23, "acreVal": 505397.35099337751, "SiteAddres": "1772 ROSEWOOD BLVD NE", "credits": "HMST", "acres": 3.02, "permitNo": "BLD-21-29786", "permitType": "Dwelling", "permitDate": "3/11/2021", "permitYr": 2021, "nonmetro": 1 }, "geometry": { "type": "MultiPolygon", "coordinates": [ [ [ [ -91.636786193533453, 41.806202762207143 ], [ -91.637923379684267, 41.805300988819255 ], [ -91.638727224754504, 41.806032325485702 ], [ -91.638630952889471, 41.806179356908068 ], [ -91.638540909682504, 41.806328581231256 ], [ -91.63845718428243, 41.806479850784307 ], [ -91.638379859587729, 41.806633015871412 ], [ -91.636786193533453, 41.806202762207143 ] ] ] ] } },
{ "type": "Feature", "properties": { "PPN": "0322402002", "TotalValue": 2022400.0, "PropClass": "R", "pctLandVal": 0.17, "acreVal": 658762.21498371335, "SiteAddres": "1740 SUGAR MAPLE AVE NE", "credits": "HMST", "acres": 3.07, "permitNo": "BLD-18-28086", "permitType": "Dwelling", "permitDate": "10/25/2018", "permitYr": 2018, "nonmetro": 1 }, "geometry": { "type": "MultiPolygon", "coordinates": [ [ [ [ -91.639171822806574, 41.808716762260616 ], [ -91.640175074644574, 41.80820217750275 ], [ -91.640194600994178, 41.808220051158251 ], [ -91.640217855996454, 41.80823522272695 ], [ -91.640244181419575, 41.808247262776796 ], [ -91.640272832121937, 41.808255830513261 ], [ -91.640302997143635, 41.808260683425885 ], [ -91.640333822661034, 41.808261684152498 ], [ -91.640364436154755, 41.808258804367455 ], [ -91.640393971106889, 41.808252125583316 ], [ -91.640421591528337, 41.808241836843713 ], [ -91.640446515621846, 41.808228229372197 ], [ -91.64136264145931, 41.8090181732559 ], [ -91.64035239349667, 41.809374315541071 ], [ -91.639171822806574, 41.808716762260616 ] ] ] ] } },
{ "type": "Feature", "properties": { "PPN": "0607427001", "TotalValue": 540200.0, "PropClass": "R", "pctLandVal": 0.15, "acreVal": 156579.71014492752, "SiteAddres": "2311 250TH ST NW", "credits": "HMST", "acres": 3.45, "permitNo": "BLD-17150", "permitType": "Dwelling", "permitDate": "3/28/2012", "permitYr": 2012, "nonmetro": 1 }, "geometry": { "type": "MultiPolygon", "coordinates": [ [ [ [ -91.702472647674597, 41.752802366730151 ], [ -91.702478798101311, 41.751771628827122 ], [ -91.703944673489275, 41.751776523964033 ], [ -91.703938546234326, 41.752807262842964 ], [ -91.702472647674597, 41.752802366730151 ] ] ] ] } },
{ "type": "Feature", "properties": { "PPN": "0322477005", "TotalValue": 1310499.9999999998, "PropClass": "R", "pctLandVal": 0.29, "acreVal": 374428.57142857142, "SiteAddres": "1792 ROSEWOOD BLVD NE", "credits": "HMST", "acres": 3.5, "permitNo": "BLD-22-30798", "permitType": "Dwelling", "permitDate": "5/18/2022", "permitYr": 2022, "nonmetro": 1 }, "geometry": { "type": "MultiPolygon", "coordinates": [ [ [ [ -91.638856911701339, 41.804264646906667 ], [ -91.64166801870735, 41.804238168638641 ], [ -91.641658622779346, 41.804671699258691 ], [ -91.64156172438156, 41.804701664420513 ], [ -91.641418873585607, 41.804739958523122 ], [ -91.641273874065462, 41.804773427840459 ], [ -91.641127016754254, 41.804802005217802 ], [ -91.6409785963139, 41.804825633315708 ], [ -91.64082891054386, 41.804844264725311 ], [ -91.639895094426208, 41.804944469683008 ], [ -91.639822799321209, 41.804955737356337 ], [ -91.639752967925574, 41.804973709185603 ], [ -91.639686706042156, 41.804998100581599 ], [ -91.639625062952675, 41.805028525298923 ], [ -91.638856911701339, 41.804264646906667 ] ] ] ] } },
{ "type": "Feature", "properties": { "PPN": "0705426001", "TotalValue": 649100.0, "PropClass": "R", "pctLandVal": 0.14, "acreVal": 2163666.666666667, "SiteAddres": "2300 RICE RIDGE LN NE", "credits": "HMST", "acres": 0.3, "permitNo": "BLD-25144", "permitType": "Dwelling", "permitDate": "7/11/2014", "permitYr": 2014, "nonmetro": 1 }, "geometry": { "type": "MultiPolygon", "coordinates": [ [ [ [ -91.570535909935415, 41.766383736565707 ], [ -91.570124275571246, 41.766563462111371 ], [ -91.569939613972608, 41.766326403278377 ], [ -91.570351247347915, 41.76614667837211 ], [ -91.570535909935415, 41.766383736565707 ] ] ] ] } },
{ "type": "Feature", "properties": { "PPN": "0733428001", "TotalValue": 1275100.0000000002, "PropClass": "R", "pctLandVal": 0.13, "acreVal": 1036666.6666666666, "SiteAddres": "3 AUDREY CT NE", "credits": "HMST", "acres": 1.23, "permitNo": "BLD-17701", "permitType": "Dwelling", "permitDate": "2/27/2013", "permitYr": 2013, "nonmetro": 1 }, "geometry": { "type": "MultiPolygon", "coordinates": [ [ [ [ -91.545295815666094, 41.690977762889979 ], [ -91.545320003027072, 41.690965415600182 ], [ -91.545341256438562, 41.690950337192177 ], [ -91.545359032784006, 41.690932912985978 ], [ -91.545372877802421, 41.690913588246822 ], [ -91.545382437696432, 41.690892856806521 ], [ -91.545708572682798, 41.690955962503438 ], [ -91.54612317159696, 41.690857828340313 ], [ -91.546211927108146, 41.690958985400812 ], [ -91.546293999915093, 41.691063264541278 ], [ -91.546369194928033, 41.691170417927857 ], [ -91.546437333400519, 41.691280190894297 ], [ -91.546498253354571, 41.691392322547308 ], [ -91.546551809965806, 41.691506546386449 ], [ -91.545703831947833, 41.691514187286543 ], [ -91.545295815666094, 41.690977762889979 ] ] ] ] } },
{ "type": "Feature", "properties": { "PPN": "0322477004", "TotalValue": 1173500.0, "PropClass": "R", "pctLandVal": 0.3, "acreVal": 384754.09836065571, "SiteAddres": "1782 ROSEWOOD BLVD NE", "credits": "HMST, MIL", "acres": 3.05, "permitNo": "BLD-20-29591", "permitType": "Dwelling", "permitDate": "11/19/2020", "permitYr": 2020, "nonmetro": 1 }, "geometry": { "type": "MultiPolygon", "coordinates": [ [ [ [ -91.637923379684267, 41.805300988819255 ], [ -91.638641081617976, 41.804731841903276 ], [ -91.638856911701339, 41.804264646906667 ], [ -91.639625062952675, 41.805028525298923 ], [ -91.639579728344728, 41.805056891729706 ], [ -91.639538436757576, 41.805088525897588 ], [ -91.63950160695974, 41.805123106981625 ], [ -91.639273589166436, 41.805360844043634 ], [ -91.639153558590635, 41.805490071646403 ], [ -91.639038804388989, 41.805621955308396 ], [ -91.638929431502035, 41.805756374461353 ], [ -91.638825539952677, 41.805893206218229 ], [ -91.638727224754504, 41.806032325485702 ], [ -91.637923379684267, 41.805300988819255 ] ] ] ] } },
{ "type": "Feature", "properties": { "PPN": "0230305002", "TotalValue": 202900.0, "PropClass": "R", "pctLandVal": 0.26, "acreVal": 882173.91304347827, "SiteAddres": "3463 OAK HILL DR NE", "credits": "NONE", "acres": 0.23, "permitNo": "BLD-17017", "permitType": "Dwelling", "permitDate": "1/4/2012", "permitYr": 2012, "nonmetro": 1 }, "geometry": { "type": "MultiPolygon", "coordinates": [ [ [ [ -91.59194995284922, 41.793347983579181 ], [ -91.592316932494569, 41.793343165505391 ], [ -91.592304598659425, 41.793619269202011 ], [ -91.591937909624789, 41.793616420213958 ], [ -91.59194995284922, 41.793347983579181 ] ] ] ] } },
{ "type": "Feature", "properties": { "PPN": "0322402003", "TotalValue": 1300899.9999999998, "PropClass": "R", "pctLandVal": 0.32, "acreVal": 309002.37529691216, "SiteAddres": "1745 SUGAR MAPLE AVE NE", "credits": "HMST", "acres": 4.21, "permitNo": "BLD-21-30260", "permitType": "Dwelling", "permitDate": "9/8/2021", "permitYr": 2021, "nonmetro": 1 }, "geometry": { "type": "MultiPolygon", "coordinates": [ [ [ [ -91.640446515621846, 41.808228229372197 ], [ -91.640467664468659, 41.808212025883002 ], [ -91.640484962674691, 41.808193440320125 ], [ -91.6404979389674, 41.808172979032463 ], [ -91.640506239822528, 41.808151199471112 ], [ -91.640509639094958, 41.808128695001926 ], [ -91.640508044179583, 41.808106078739577 ], [ -91.640501498533567, 41.808083966843931 ], [ -91.640490180491895, 41.80806296173315 ], [ -91.640474398408301, 41.808043635671531 ], [ -91.640454582254009, 41.808026515178838 ], [ -91.640431271903282, 41.808012066685826 ], [ -91.640405102424992, 41.808000683827025 ], [ -91.640376786780834, 41.80799267671668 ], [ -91.640351912951672, 41.807985863082784 ], [ -91.640328610510366, 41.80797643961629 ], [ -91.640307365577598, 41.807964602903809 ], [ -91.640288621350862, 41.807950599875568 ], [ -91.640272768858765, 41.807934722653933 ], [ -91.640166798684689, 41.807810826839912 ], [ -91.641682726982964, 41.807791096145763 ], [ -91.64235897494008, 41.807713655937583 ], [ -91.642337576045705, 41.808674465363715 ], [ -91.641611748578924, 41.808930352435183 ], [ -91.64136264145931, 41.8090181732559 ], [ -91.640446515621846, 41.808228229372197 ] ] ] ] } },
{ "type": "Feature", "properties": { "PPN": "1215376004", "TotalValue": 537400.0, "PropClass": "R", "pctLandVal": 0.17, "acreVal": 113136.84210526316, "SiteAddres": "3976 EAGLE AVE SW", "credits": "HMST", "acres": 4.75, "permitNo": "BLD-21-30326", "permitType": "Dwelling", "permitDate": "9/17/2021", "permitYr": 2021, "nonmetro": 1 }, "geometry": { "type": "MultiPolygon", "coordinates": [ [ [ [ -91.769911701634399, 41.644674275107505 ], [ -91.769913908591661, 41.645579915594226 ], [ -91.767620117616687, 41.645554533133854 ], [ -91.767617941299278, 41.644648892578736 ], [ -91.769911701634399, 41.644674275107505 ] ] ] ] } },
{ "type": "Feature", "properties": { "PPN": "0322477002", "TotalValue": 1786800.0, "PropClass": "R", "pctLandVal": 0.24, "acreVal": 404253.39366515836, "SiteAddres": "1762 ROSEWOOD BLVD NE", "credits": "HMST", "acres": 4.42, "permitNo": "BLD-26821", "permitType": "Dwelling", "permitDate": "10/19/2016", "permitYr": 2016, "nonmetro": 1 }, "geometry": { "type": "MultiPolygon", "coordinates": [ [ [ [ -91.636786193533453, 41.806202762207143 ], [ -91.638379859587729, 41.806633015871412 ], [ -91.638334100550921, 41.806731223873832 ], [ -91.638290973492346, 41.806830096389703 ], [ -91.638279982802956, 41.806865688050955 ], [ -91.638276553740212, 41.806902127088129 ], [ -91.638280770413814, 41.80693851984104 ], [ -91.638292529423197, 41.806973973783109 ], [ -91.638311542391975, 41.807007619410591 ], [ -91.638337343039382, 41.807038631567167 ], [ -91.638369298614762, 41.807066249681071 ], [ -91.6384066254152, 41.807089796418374 ], [ -91.637751289643859, 41.807773595350326 ], [ -91.636778559614257, 41.807786223433332 ], [ -91.636786193533453, 41.806202762207143 ] ] ] ] } },
{ "type": "Feature", "properties": { "PPN": "0715153001", "TotalValue": 241600.0, "PropClass": "R", "pctLandVal": 0.39, "acreVal": 68248.587570621472, "SiteAddres": "4141 CROSHECK RD NE", "credits": "NONE", "acres": 3.54, "permitNo": "BLD-16346", "permitType": "Dwelling", "permitDate": "7/8/2010", "permitYr": 2010, "nonmetro": 1 }, "geometry": { "type": "MultiPolygon", "coordinates": [ [ [ [ -91.52737677450277, 41.738788636458253 ], [ -91.527402113113283, 41.73761025632664 ], [ -91.527419447467722, 41.73680408911472 ], [ -91.528448083010431, 41.736810544783417 ], [ -91.52839624513166, 41.737120130000811 ], [ -91.528180722964549, 41.737460073556335 ], [ -91.527845702273368, 41.737760010284077 ], [ -91.527590992306671, 41.738062681926451 ], [ -91.527538597041598, 41.738124940079786 ], [ -91.528151724345577, 41.73813498738339 ], [ -91.52836100648021, 41.738332066372436 ], [ -91.528286091456991, 41.738824384674238 ], [ -91.528285602022805, 41.738827604062777 ], [ -91.528331080433674, 41.738870430968653 ], [ -91.52737677450277, 41.738788636458253 ] ] ] ] } },
{ "type": "Feature", "properties": { "PPN": "0715153002", "TotalValue": 672800.0, "PropClass": "R", "pctLandVal": 0.14, "acreVal": 190594.90084985836, "SiteAddres": "4139 CROSHECK RD NE", "credits": "HMST", "acres": 3.53, "permitNo": "BLD-18-28007", "permitType": "Dwelling", "permitDate": "9/17/2018", "permitYr": 2018, "nonmetro": 1 }, "geometry": { "type": "MultiPolygon", "coordinates": [ [ [ [ -91.52836100648021, 41.738332066372436 ], [ -91.528151724345577, 41.73813498738339 ], [ -91.527538597041598, 41.738124940079786 ], [ -91.527845702273368, 41.737760010284077 ], [ -91.528180722964549, 41.737460073556335 ], [ -91.52839624513166, 41.737120130000811 ], [ -91.528448083010431, 41.736810544783417 ], [ -91.52946594633336, 41.736816925596756 ], [ -91.528638049874274, 41.73826597346401 ], [ -91.528543304953388, 41.738888627525476 ], [ -91.528331080433674, 41.738870430968653 ], [ -91.528285602022805, 41.738827604062777 ], [ -91.528286091456991, 41.738824384674238 ], [ -91.52836100648021, 41.738332066372436 ] ] ] ] } },
{ "type": "Feature", "properties": { "PPN": "0226451002", "TotalValue": 936100.0, "PropClass": "R", "pctLandVal": 0.19, "acreVal": 96207.605344295982, "SiteAddres": "1954 JORDAN CREEK RD NE", "credits": "HMST", "acres": 9.73, "permitNo": "BLD-22-31314", "permitType": "Dwelling", "permitDate": "11/8/2022", "permitYr": 2022, "nonmetro": 1 }, "geometry": { "type": "MultiPolygon", "coordinates": [ [ [ [ -91.51140938681479, 41.791670039909242 ], [ -91.511400807168386, 41.792142131169363 ], [ -91.511378393704618, 41.792142060128 ], [ -91.508774382519036, 41.792133760236673 ], [ -91.508777798630931, 41.791535672027493 ], [ -91.508786882314709, 41.789944898510363 ], [ -91.510224422660258, 41.790272482242337 ], [ -91.511341213457442, 41.791668514878346 ], [ -91.51140938681479, 41.791670039909242 ] ] ] ] } },
{ "type": "Feature", "properties": { "PPN": "0227376001", "TotalValue": 446100.0, "PropClass": "A, AD", "pctLandVal": 0.1, "acreVal": 14045.969773299747, "SiteAddres": "4074 200TH ST NE", "credits": "AG", "acres": 31.76, "permitNo": "BLD-20-29318", "permitType": "Dwelling", "permitDate": "8/3/2020", "permitYr": 2020, "nonmetro": 1 }, "geometry": { "type": "MultiPolygon", "coordinates": [ [ [ [ -91.530775891600072, 41.790765646243038 ], [ -91.530815562976656, 41.788559222940364 ], [ -91.530817192205461, 41.788468621715637 ], [ -91.530817815033075, 41.788433995457346 ], [ -91.535171763856567, 41.788519186205498 ], [ -91.53567252646431, 41.78854614984477 ], [ -91.535653028769232, 41.789922910843465 ], [ -91.535034027378231, 41.789943640516562 ], [ -91.534975836973175, 41.79062831674365 ], [ -91.534115770793974, 41.790588313074899 ], [ -91.533232166722868, 41.79022467079394 ], [ -91.533826309730287, 41.790800120603976 ], [ -91.533954032990536, 41.791548707507197 ], [ -91.533119101364335, 41.792000618665519 ], [ -91.530754180737645, 41.791973076210404 ], [ -91.530775891600072, 41.790765646243038 ] ] ] ] } },
{ "type": "Feature", "properties": { "PPN": "0715452002", "TotalValue": 552600.0, "PropClass": "R", "pctLandVal": 0.11, "acreVal": 1578857.142857143, "SiteAddres": "2747 LAKE VIEW DR NE", "credits": "HMST", "acres": 0.35, "permitNo": "BLD-21-29717", "permitType": "Dwelling", "permitDate": "4/6/2021", "permitYr": 2021, "nonmetro": 1 }, "geometry": { "type": "MultiPolygon", "coordinates": [ [ [ [ -91.528455519402542, 41.732811377701324 ], [ -91.528448200641236, 41.732809364889356 ], [ -91.528440874125479, 41.73280736995698 ], [ -91.528433537479131, 41.732805391963282 ], [ -91.528426194252845, 41.732803432769749 ], [ -91.52841884207038, 41.732801491435374 ], [ -91.52841147975731, 41.732799567039642 ], [ -91.528404112093185, 41.732797660564337 ], [ -91.528396735472867, 41.732795771948233 ], [ -91.528389348721973, 41.732793900270764 ], [ -91.528381956592725, 41.732792047413845 ], [ -91.528374555534512, 41.73279021151594 ], [ -91.528367146721834, 41.732788393497664 ], [ -91.52835973012742, 41.732786594259082 ], [ -91.528352305805768, 41.732784811999984 ], [ -91.528344873702295, 41.732783048520567 ], [ -91.528337433871613, 41.732781302020598 ], [ -91.528329987460793, 41.732779574320745 ], [ -91.528322532121038, 41.732777863579969 ], [ -91.5283150714301, 41.732776170759585 ], [ -91.528307602957369, 41.732774496718903 ], [ -91.528300127959, 41.732772839678034 ], [ -91.528292645178865, 41.732771201416881 ], [ -91.528285153442511, 41.732769581014907 ], [ -91.528277657556615, 41.732767978553738 ], [ -91.528270152714413, 41.7327663939517 ], [ -91.528262642521085, 41.732764827270074 ], [ -91.528255125747563, 41.732763279388514 ], [ -91.528247601219448, 41.732761749386526 ], [ -91.528240071340107, 41.732760237304952 ], [ -91.528232533706159, 41.732758743102927 ], [ -91.528224991895385, 41.732757267741775 ], [ -91.528217442330046, 41.732755810260244 ], [ -91.528209886211741, 41.73275437067862 ], [ -91.528202324769424, 41.732752948117259 ], [ -91.528194757894056, 41.732751546176708 ], [ -91.528187183291351, 41.732750161215499 ], [ -91.528179604511777, 41.732748795095233 ], [ -91.528172019206451, 41.732747445974816 ], [ -91.528164427320931, 41.732746115654479 ], [ -91.528156831258528, 41.732744804175042 ], [ -91.528149228643187, 41.732743510595547 ], [ -91.528141619474795, 41.732742234916003 ], [ -91.52813400733119, 41.73274097809778 ], [ -91.528126388634604, 41.73273973917955 ], [ -91.528118764559437, 41.732738519081757 ], [ -91.528199826860302, 41.732359057067598 ], [ -91.528600710432272, 41.732390218384182 ], [ -91.528455519402542, 41.732811377701324 ] ] ] ] } },
{ "type": "Feature", "properties": { "PPN": "0324303001", "TotalValue": 580700.0, "PropClass": "R", "pctLandVal": 0.59, "acreVal": 13093.57384441939, "SiteAddres": "3210 EVER TREE LN NE", "credits": "NONE", "acres": 44.35, "permitNo": "BLD-24-32728", "permitType": "Dwelling", "permitDate": "8/8/2024", "permitYr": 2024, "nonmetro": 1 }, "geometry": { "type": "MultiPolygon", "coordinates": [ [ [ [ -91.606482558876948, 41.807595385277722 ], [ -91.607631510353272, 41.807937105086438 ], [ -91.607957576145139, 41.808272195373064 ], [ -91.60839760391444, 41.80834962719814 ], [ -91.609626111963195, 41.808749515140107 ], [ -91.611375641317366, 41.809230089600085 ], [ -91.612127990399401, 41.809660467540866 ], [ -91.612221906501048, 41.809744121473045 ], [ -91.612198436248718, 41.809759974738647 ], [ -91.61217895465613, 41.809778608574426 ], [ -91.612164040845386, 41.809799469062639 ], [ -91.612154138155972, 41.809821936094558 ], [ -91.612149540965518, 41.809845341803914 ], [ -91.612150385938264, 41.809868990420192 ], [ -91.612156647961967, 41.809892178951237 ], [ -91.612168140893587, 41.80991421808104 ], [ -91.612184523092139, 41.809934452660677 ], [ -91.612205307573987, 41.80995228118384 ], [ -91.612229876488797, 41.809967173667751 ], [ -91.612257499486077, 41.809978687408048 ], [ -91.612287355426119, 41.809986480139017 ], [ -91.612318556789987, 41.809990320208271 ], [ -91.612326778813966, 41.809991264650847 ], [ -91.612334716562117, 41.809993125638663 ], [ -91.612342188596699, 41.809995860634039 ], [ -91.612349024124967, 41.809999407121602 ], [ -91.612355066903149, 41.810003684037184 ], [ -91.61236017880772, 41.8100085936208 ], [ -91.612564966133306, 41.810239333224381 ], [ -91.612615569935599, 41.810290429896376 ], [ -91.61267293036002, 41.810337361425944 ], [ -91.612736438938086, 41.81037962996124 ], [ -91.612805421977356, 41.810416787114711 ], [ -91.612879147708, 41.81044843871998 ], [ -91.613456422607612, 41.810667515533886 ], [ -91.613538132400819, 41.810701177026296 ], [ -91.613616604994618, 41.8107389041622 ], [ -91.613691479527191, 41.810780523453353 ], [ -91.613762411680455, 41.810825843513094 ], [ -91.614315928486306, 41.811204513740286 ], [ -91.614350330794153, 41.811224741903359 ], [ -91.614388371139356, 41.811240918076784 ], [ -91.61226012024899, 41.811239985402082 ], [ -91.607402761263501, 41.811192517556471 ], [ -91.605564712565453, 41.811186050094484 ], [ -91.605602283582712, 41.807598753703125 ], [ -91.606482558876948, 41.807595385277722 ] ] ] ] } },
{ "type": "Feature", "properties": { "PPN": "0230351005", "TotalValue": 493600.0, "PropClass": "R", "pctLandVal": 0.1, "acreVal": 1334054.054054054, "SiteAddres": "3435 FOREST DR NE", "credits": "HMST", "acres": 0.37, "permitNo": "BLD-25613", "permitType": "Dwelling", "permitDate": "1/26/2015", "permitYr": 2015, "nonmetro": 1 }, "geometry": { "type": "MultiPolygon", "coordinates": [ [ [ [ -91.594845909083674, 41.793016467361824 ], [ -91.594874849009059, 41.792446934583346 ], [ -91.595168159831971, 41.792450994196919 ], [ -91.595156170360738, 41.792936176227528 ], [ -91.594984860763461, 41.792988619859891 ], [ -91.594877924113931, 41.793021353574595 ], [ -91.594845909083674, 41.793016467361824 ] ] ] ] } },
{ "type": "Feature", "properties": { "PPN": "0511477001", "TotalValue": 304300.0, "PropClass": "R", "pctLandVal": 0.24, "acreVal": 172897.72727272724, "SiteAddres": "2570 ECHO AVE NW", "credits": "NONE", "acres": 1.76, "permitNo": "BLD-17774", "permitType": "Dwelling", "permitDate": "5/2/2013", "permitYr": 2013, "nonmetro": 1 }, "geometry": { "type": "MultiPolygon", "coordinates": [ [ [ [ -91.739563202188506, 41.747846114145105 ], [ -91.739520788858258, 41.749804517530201 ], [ -91.738722813787433, 41.749809722493751 ], [ -91.738731845792458, 41.749392977158898 ], [ -91.738738308322908, 41.749094768163225 ], [ -91.739389380784871, 41.749102679634909 ], [ -91.739403954022336, 41.748429982347716 ], [ -91.73931268280036, 41.748307031701145 ], [ -91.739315149519456, 41.748193186410937 ], [ -91.739411697690812, 41.748072517602083 ], [ -91.739416640484862, 41.747844333648423 ], [ -91.739563202188506, 41.747846114145105 ] ] ] ] } },
{ "type": "Feature", "properties": { "PPN": "0706426002", "TotalValue": 1477400.0, "PropClass": "R", "pctLandVal": 0.25, "acreVal": 478122.97734627832, "SiteAddres": "2326 LAKERIDGE PL NE", "credits": "HMST", "acres": 3.09, "permitNo": "BLD-21-30183", "permitType": "Dwelling", "permitDate": "7/28/2021", "permitYr": 2021, "nonmetro": 1 }, "geometry": { "type": "MultiPolygon", "coordinates": [ [ [ [ -91.585388684682044, 41.764002482370671 ], [ -91.586784556997486, 41.763988758023281 ], [ -91.586787710698999, 41.764168272655091 ], [ -91.58678501755935, 41.76424107363102 ], [ -91.586774399813706, 41.764313467378948 ], [ -91.586755928234354, 41.764384971181556 ], [ -91.586729725963522, 41.76445510825409 ], [ -91.586695967692961, 41.764523410923566 ], [ -91.586654878499729, 41.76458942374741 ], [ -91.586606732345885, 41.764652706550393 ], [ -91.586551850252278, 41.764712837359923 ], [ -91.586490598158264, 41.764769415219938 ], [ -91.586423384481989, 41.76482206286466 ], [ -91.586403913229461, 41.764838571750204 ], [ -91.586388220694289, 41.764857200289569 ], [ -91.586376711167858, 41.764877468554282 ], [ -91.586369681175199, 41.764898854370962 ], [ -91.586367311835403, 41.764920806774121 ], [ -91.586369664194791, 41.764942760200753 ], [ -91.586376677653845, 41.764964149060866 ], [ -91.58537278302758, 41.765214015551699 ], [ -91.585384323564739, 41.76433479634003 ], [ -91.585388684682044, 41.764002482370671 ] ] ] ] } },
{ "type": "Feature", "properties": { "PPN": "0706426003", "TotalValue": 305700.0, "PropClass": "R", "pctLandVal": 1.0, "acreVal": 95531.25, "SiteAddres": "2327 LAKERIDGE PL NE", "credits": "NONE", "acres": 3.2, "permitNo": "BLD-22-31126", "permitType": "Dwelling", "permitDate": "9/19/2022", "permitYr": 2022, "nonmetro": 1 }, "geometry": { "type": "MultiPolygon", "coordinates": [ [ [ [ -91.586965664932393, 41.763864644124624 ], [ -91.588523325717219, 41.763849293715985 ], [ -91.587870065144486, 41.764932599764492 ], [ -91.586733852435756, 41.764922489879261 ], [ -91.586731927420587, 41.764900957568095 ], [ -91.586725516857939, 41.764879917542551 ], [ -91.58671477932586, 41.764859890255629 ], [ -91.586699980435057, 41.764841371108439 ], [ -91.586695551203377, 41.764835831546897 ], [ -91.586692333350683, 41.764829841624881 ], [ -91.586690406032218, 41.764823548687779 ], [ -91.586689816657483, 41.76481710753481 ], [ -91.586690579724021, 41.764810676611084 ], [ -91.586692676460885, 41.764804414110031 ], [ -91.586696055290361, 41.764798474082014 ], [ -91.586700633096783, 41.764793002644943 ], [ -91.586763552803845, 41.764723758044411 ], [ -91.586818743462615, 41.76465091228836 ], [ -91.5868658395719, 41.764574947833815 ], [ -91.586904529244137, 41.764496367791359 ], [ -91.586934556270251, 41.764415692592713 ], [ -91.586955721815926, 41.764333456543739 ], [ -91.586967885737522, 41.76425020428578 ], [ -91.586970967509515, 41.764166487188312 ], [ -91.586965664932393, 41.763864644124624 ] ] ] ] } },
{ "type": "Feature", "properties": { "PPN": "0310406001", "TotalValue": 530900.0, "PropClass": "R", "pctLandVal": 0.21, "acreVal": 457672.41379310342, "SiteAddres": "3001 FOREST RIDGE DR NE", "credits": "HMST", "acres": 1.16, "permitNo": "BLD-18-27830", "permitType": "Dwelling", "permitDate": "6/8/2018", "permitYr": 2018, "nonmetro": 1 }, "geometry": { "type": "MultiPolygon", "coordinates": [ [ [ [ -91.637242930105316, 41.837196863724806 ], [ -91.637644973462926, 41.837547949739367 ], [ -91.637455890883473, 41.837669041618753 ], [ -91.637390011076178, 41.837707485612256 ], [ -91.637319726695836, 41.837741287110376 ], [ -91.637245620911145, 41.837770165649907 ], [ -91.637168308600934, 41.837793881614985 ], [ -91.637088431252138, 41.83781223822519 ], [ -91.637006651636668, 41.837825083168639 ], [ -91.636700933814353, 41.837862322972654 ], [ -91.636556028364879, 41.837197135763965 ], [ -91.637242930105316, 41.837196863724806 ] ] ] ] } },
{ "type": "Feature", "properties": { "PPN": "0234352002", "TotalValue": 275700.0, "PropClass": "R", "pctLandVal": 0.47, "acreVal": 57798.742138364782, "SiteAddres": "2198 SUGAR BOTTOM RD NE", "credits": "NONE", "acres": 4.77, "permitNo": "BLD-24-32931", "permitType": "Dwelling", "permitDate": "11/15/2024", "permitYr": 2024, "nonmetro": 1 }, "geometry": { "type": "MultiPolygon", "coordinates": [ [ [ [ -91.540050258434874, 41.774019519539323 ], [ -91.540091784444968, 41.774090915507337 ], [ -91.54014025738654, 41.774159814268906 ], [ -91.540195411250252, 41.774225837691475 ], [ -91.540256943357562, 41.774288623422095 ], [ -91.540324516021627, 41.774347826875974 ], [ -91.540486425994885, 41.774479480984652 ], [ -91.540486578655702, 41.774479605136719 ], [ -91.540429015086573, 41.77448734547238 ], [ -91.537262283966371, 41.774913110593566 ], [ -91.537273379095879, 41.77400068472069 ], [ -91.540032936440994, 41.774019455158324 ], [ -91.540050258434874, 41.774019519539323 ] ] ] ] } },
{ "type": "Feature", "properties": { "PPN": "0229401006", "TotalValue": 2973100.0, "PropClass": "R", "pctLandVal": 0.4, "acreVal": 4719206.3492063489, "SiteAddres": "3794 COTTAGE RESERVE RD NE", "credits": "HMST", "acres": 0.63, "permitNo": "BLD-17725", "permitType": "Dwelling", "permitDate": "3/21/2013", "permitYr": 2013, "nonmetro": 1 }, "geometry": { "type": "MultiPolygon", "coordinates": [ [ [ [ -91.561388649967355, 41.794595827625827 ], [ -91.561317056801613, 41.7945846047133 ], [ -91.561190760008557, 41.794589001657123 ], [ -91.561183866869271, 41.794589241481511 ], [ -91.560593064648884, 41.794063249770765 ], [ -91.561139954357458, 41.794019089692441 ], [ -91.561603485198802, 41.794627508587745 ], [ -91.561526692792597, 41.794632459609176 ], [ -91.561452818059593, 41.794624220106293 ], [ -91.561388649967355, 41.794595827625827 ] ] ] ] } },
{ "type": "Feature", "properties": { "PPN": "1422402001", "TotalValue": 396800.0, "PropClass": "R", "pctLandVal": 0.25, "acreVal": 110837.98882681565, "SiteAddres": "5335 KANSAS AVE SW", "credits": "HMST", "acres": 3.58, "permitNo": "BLD-23-31937", "permitType": "Dwelling", "permitDate": "7/27/2023", "permitYr": 2023, "nonmetro": 1 }, "geometry": { "type": "MultiPolygon", "coordinates": [ [ [ [ -91.637140680768894, 41.545163043116048 ], [ -91.637147276018098, 41.543470697246491 ], [ -91.638127685569444, 41.543472942659697 ], [ -91.63812515561483, 41.544966265488085 ], [ -91.637140680768894, 41.545163043116048 ] ] ] ] } },
{ "type": "Feature", "properties": { "PPN": "0307406002", "TotalValue": 1121200.0, "PropClass": "R", "pctLandVal": 0.09, "acreVal": 409197.08029197075, "SiteAddres": "1019 SWISHER VIEW DR SW", "credits": "NONE", "acres": 2.74, "permitNo": "BLD-17-27463", "permitType": "Dwelling", "permitDate": "10/10/2017", "permitYr": 2017, "nonmetro": 1 }, "geometry": { "type": "MultiPolygon", "coordinates": [ [ [ [ -91.696739760457561, 41.837841887182229 ], [ -91.695958561709759, 41.838562400370243 ], [ -91.695518090708518, 41.838295502287671 ], [ -91.69543986410558, 41.838244901879037 ], [ -91.695365862100843, 41.8381908644768 ], [ -91.695296354262624, 41.838133586931647 ], [ -91.695300173568555, 41.837037177845119 ], [ -91.696739760457561, 41.837841887182229 ] ] ] ] } },
{ "type": "Feature", "properties": { "PPN": "0702304002", "TotalValue": 928400.0, "PropClass": "R", "pctLandVal": 0.12, "acreVal": 378938.77551020408, "SiteAddres": "2340 JORDAN CREEK RD NE", "credits": "NONE", "acres": 2.45, "permitNo": "BLD-16782", "permitType": "Dwelling", "permitDate": "7/27/2011", "permitYr": 2011, "nonmetro": 1 }, "geometry": { "type": "MultiPolygon", "coordinates": [ [ [ [ -91.514959007453697, 41.762637575893024 ], [ -91.515006028234538, 41.762671540647979 ], [ -91.514344379615522, 41.763564224064616 ], [ -91.513967960488941, 41.762816167943875 ], [ -91.513490574865827, 41.762362013149414 ], [ -91.514015093546149, 41.761955750031277 ], [ -91.514959007453697, 41.762637575893024 ] ] ] ] } },
{ "type": "Feature", "properties": { "PPN": "1217477001", "TotalValue": 793600.0, "PropClass": "R", "pctLandVal": 0.16, "acreVal": 88079.911209766928, "SiteAddres": "1364 400TH ST SW", "credits": "HMST", "acres": 9.01, "permitNo": "BLD-20-28980", "permitType": "Dwelling", "permitDate": "4/13/2020", "permitYr": 2020, "nonmetro": 1 }, "geometry": { "type": "MultiPolygon", "coordinates": [ [ [ [ -91.799075500566531, 41.644709860171211 ], [ -91.794274649536518, 41.644696220015788 ], [ -91.794258441296762, 41.64387568837958 ], [ -91.799059231924716, 41.643889330110902 ], [ -91.799075500566531, 41.644709860171211 ] ] ] ] } },
{ "type": "Feature", "properties": { "PPN": "0601105003", "TotalValue": 869700.0, "PropClass": "R", "pctLandVal": 0.15, "acreVal": 797889.90825688071, "SiteAddres": "3383 BUTCHER LN NE", "credits": "HMST", "acres": 1.09, "permitNo": "BLD-19-28707", "permitType": "Dwelling", "permitDate": "11/13/2019", "permitYr": 2019, "nonmetro": 1 }, "geometry": { "type": "MultiPolygon", "coordinates": [ [ [ [ -91.599389798671126, 41.770710085552452 ], [ -91.599026676634466, 41.770250916000343 ], [ -91.600253148332911, 41.770259681136416 ], [ -91.600246681191067, 41.770773657021735 ], [ -91.600246222306581, 41.770773552257303 ], [ -91.60022575250585, 41.770767584347148 ], [ -91.600206180020479, 41.770760117614323 ], [ -91.600139499151837, 41.770735247947187 ], [ -91.600069371469374, 41.77071642693798 ], [ -91.599996771992167, 41.770703916263734 ], [ -91.599922710103542, 41.770697889865929 ], [ -91.599848215518108, 41.770698431532139 ], [ -91.599774323966059, 41.770705533731366 ], [ -91.599702062793881, 41.770719097718661 ], [ -91.599679578713449, 41.770724391753468 ], [ -91.599663609119503, 41.770727191495006 ], [ -91.599647260910146, 41.770728182073505 ], [ -91.599630897721227, 41.770727341455363 ], [ -91.599614883521824, 41.770724688338611 ], [ -91.599599574518294, 41.770720281736921 ], [ -91.599585311231024, 41.770714219667035 ], [ -91.599559625753344, 41.770703447946637 ], [ -91.599531967856393, 41.770695893816075 ], [ -91.599503051139322, 41.770691752178728 ], [ -91.59947362167938, 41.770691129892576 ], [ -91.599444438782797, 41.770694043013144 ], [ -91.59941625539436, 41.770700416379277 ], [ -91.599389798671126, 41.770710085552452 ] ] ] ] } },
{ "type": "Feature", "properties": { "PPN": "0229401029", "TotalValue": 1215500.0000000002, "PropClass": "R", "pctLandVal": 0.62, "acreVal": 4862000.0000000009, "SiteAddres": "3800 COTTAGE RESERVE RD NE", "credits": "NONE", "acres": 0.25, "permitNo": "BLD-26990", "permitType": "Dwelling", "permitDate": "6/15/2017", "permitYr": 2017, "nonmetro": 1 }, "geometry": { "type": "MultiPolygon", "coordinates": [ [ [ [ -91.560179725521152, 41.794295278188599 ], [ -91.560537985671516, 41.794576468048064 ], [ -91.560503106159814, 41.794586383799604 ], [ -91.560450344549849, 41.794599139560951 ], [ -91.560433253116187, 41.794603271570296 ], [ -91.560364305593666, 41.794633949391844 ], [ -91.56029962780211, 41.794666442823164 ], [ -91.560246818392386, 41.794707891366841 ], [ -91.560221846310696, 41.794726456582239 ], [ -91.560042335448188, 41.794614518464861 ], [ -91.560043179036143, 41.794597845151756 ], [ -91.560050403089761, 41.794538507258018 ], [ -91.560065973102454, 41.79448007394631 ], [ -91.560089714392433, 41.794423200703712 ], [ -91.56012136061689, 41.79436852551521 ], [ -91.560148687813268, 41.794331073990904 ], [ -91.560179725521152, 41.794295278188599 ] ] ] ] } },
{ "type": "Feature", "properties": { "PPN": "0703479002", "TotalValue": 591800.0, "PropClass": "R", "pctLandVal": 0.16, "acreVal": 428840.57971014496, "SiteAddres": "2377 SUGAR BOTTOM RD NE", "credits": "HMST", "acres": 1.38, "permitNo": "BLD-26199", "permitType": "Dwelling", "permitDate": "11/18/2015", "permitYr": 2015, "nonmetro": 1 }, "geometry": { "type": "MultiPolygon", "coordinates": [ [ [ [ -91.525902347554293, 41.760501077571199 ], [ -91.527205889637202, 41.760517057518108 ], [ -91.52719856794144, 41.760962308356355 ], [ -91.526983984722591, 41.760973034219639 ], [ -91.526769041533868, 41.760978360914599 ], [ -91.526553980656701, 41.760978282437065 ], [ -91.525898990041341, 41.760969809121406 ], [ -91.525900561071623, 41.760750363678696 ], [ -91.525902347554293, 41.760501077571199 ] ] ] ] } },
{ "type": "Feature", "properties": { "PPN": "0229401028", "TotalValue": 1216499.9999999998, "PropClass": "R", "pctLandVal": 0.4, "acreVal": 6082500.0, "SiteAddres": "3798 COTTAGE RESERVE RD NE", "credits": "HMST", "acres": 0.2, "permitNo": "BLD-19-28286", "permitType": "Dwelling", "permitDate": "4/8/2019", "permitYr": 2019, "nonmetro": 1 }, "geometry": { "type": "MultiPolygon", "coordinates": [ [ [ [ -91.560179725521152, 41.794295278188599 ], [ -91.560222999323543, 41.794253589089998 ], [ -91.560271304291135, 41.794215118870191 ], [ -91.56032421509245, 41.794180206257813 ], [ -91.560733181011116, 41.794508662115668 ], [ -91.560706350545274, 41.794515371158177 ], [ -91.560638572175108, 41.794540139356563 ], [ -91.560571844449044, 41.794566842343293 ], [ -91.560537985671516, 41.794576468048064 ], [ -91.560179725521152, 41.794295278188599 ] ] ] ] } },
{ "type": "Feature", "properties": { "PPN": "0313151001", "TotalValue": 794800.0, "PropClass": "R", "pctLandVal": 0.27, "acreVal": 31881.267549137585, "SiteAddres": "3286 MOHAWK RD NE", "credits": "HMST, MIL", "acres": 24.93, "permitNo": "BLD-20-28954", "permitType": "Dwelling", "permitDate": "3/11/2020", "permitYr": 2020, "nonmetro": 1 }, "geometry": { "type": "MultiPolygon", "coordinates": [ [ [ [ -91.604245422831767, 41.825677503730567 ], [ -91.604830975168838, 41.82567759891986 ], [ -91.607243671570316, 41.825677960246317 ], [ -91.607311163963416, 41.829313825427356 ], [ -91.604301265703029, 41.829321678253152 ], [ -91.604245422831767, 41.825677503730567 ] ] ] ] } },
{ "type": "Feature", "properties": { "PPN": "0601105002", "TotalValue": 412100.0, "PropClass": "R", "pctLandVal": 0.32, "acreVal": 292269.50354609929, "SiteAddres": "3380 BUTCHER LN NE", "credits": "HMST", "acres": 1.41, "permitNo": "BLD-18-27823", "permitType": "Dwelling", "permitDate": "6/6/2018", "permitYr": 2018, "nonmetro": 1 }, "geometry": { "type": "MultiPolygon", "coordinates": [ [ [ [ -91.5993596389267, 41.770929517774015 ], [ -91.599383044184179, 41.770943082600112 ], [ -91.599409060920252, 41.770953650227497 ], [ -91.599437010632116, 41.770960945057617 ], [ -91.599466164404987, 41.770964776844757 ], [ -91.599495761922228, 41.770965045657725 ], [ -91.599525031294291, 41.770961744485987 ], [ -91.599553209189722, 41.770954959422539 ], [ -91.599579560742669, 41.77094486741867 ], [ -91.599603398718358, 41.770931731668888 ], [ -91.599624101435893, 41.77091589474707 ], [ -91.599641128981446, 41.770897769671897 ], [ -91.599654037288943, 41.770877829135713 ], [ -91.599661098870982, 41.770866747056033 ], [ -91.599670283563853, 41.77085657443682 ], [ -91.59968138707498, 41.770847537543823 ], [ -91.599694162432556, 41.770839837381146 ], [ -91.599708325478844, 41.770833645220385 ], [ -91.599723561190586, 41.770829098791353 ], [ -91.59974604768216, 41.770823805687684 ], [ -91.599810931951595, 41.770812132012871 ], [ -91.599877342207179, 41.770807233839236 ], [ -91.599944022098612, 41.770809203830488 ], [ -91.600009710174916, 41.77081800471835 ], [ -91.600073163747325, 41.770833470007389 ], [ -91.600133182397443, 41.770855307124734 ], [ -91.600165798214178, 41.770867748639255 ], [ -91.60019990894989, 41.770877692952205 ], [ -91.600195994974982, 41.77145063136664 ], [ -91.599004611753102, 41.771446789864427 ], [ -91.599005907706101, 41.771219766527011 ], [ -91.5993596389267, 41.770929517774015 ] ] ] ] } },
{ "type": "Feature", "properties": { "PPN": "0325379014", "TotalValue": 518800.0, "PropClass": "R", "pctLandVal": 0.11, "acreVal": 798153.84615384601, "SiteAddres": "3291 CORAL AVE NE", "credits": "NONE", "acres": 0.65, "permitNo": "BLD-25652", "permitType": "Dwelling", "permitDate": "3/23/2015", "permitYr": 2015, "nonmetro": 1 }, "geometry": { "type": "MultiPolygon", "coordinates": [ [ [ [ -91.607473956778065, 41.791144018369401 ], [ -91.607579019873285, 41.790384907492978 ], [ -91.607610326384005, 41.790374788091157 ], [ -91.607953101377277, 41.790415363044183 ], [ -91.607839716609917, 41.79116839054614 ], [ -91.607473956778065, 41.791144018369401 ] ] ] ] } },
{ "type": "Feature", "properties": { "PPN": "0310128002", "TotalValue": 487600.0, "PropClass": "R", "pctLandVal": 0.15, "acreVal": 314580.6451612903, "SiteAddres": "2939 FAR FAR WAY NE", "credits": "NONE", "acres": 1.55, "permitNo": "BLD-25255", "permitType": "Dwelling", "permitDate": "7/9/2014", "permitYr": 2014, "nonmetro": 0 }, "geometry": { "type": "MultiPolygon", "coordinates": [ [ [ [ -91.64234291219816, 41.843360731205991 ], [ -91.642371683636739, 41.843360750381279 ], [ -91.642986022644621, 41.843361159309467 ], [ -91.643415102559629, 41.843361442754535 ], [ -91.643413680353149, 41.843992599680163 ], [ -91.642337623435452, 41.843991885963568 ], [ -91.64234291219816, 41.843360731205991 ] ] ] ] } },
{ "type": "Feature", "properties": { "PPN": "0921279001", "TotalValue": 636100.0, "PropClass": "R", "pctLandVal": 0.15, "acreVal": 192757.57575757577, "SiteAddres": "5088 AMERICAN LEGION RD SE", "credits": "HMST", "acres": 3.3, "permitNo": "BLD-17-27445", "permitType": "Dwelling", "permitDate": "10/4/2017", "permitYr": 2017, "nonmetro": 1 }, "geometry": { "type": "MultiPolygon", "coordinates": [ [ [ [ -91.434962878924594, 41.639411929043312 ], [ -91.435229685189512, 41.638328301632825 ], [ -91.435940729518123, 41.638426983391938 ], [ -91.436468653782057, 41.637480075054221 ], [ -91.436806127563827, 41.63758601272918 ], [ -91.436560729580464, 41.638026162697017 ], [ -91.435849796539912, 41.639301424875889 ], [ -91.435666211281244, 41.639631113399332 ], [ -91.434962878924594, 41.639411929043312 ] ] ] ] } },
{ "type": "Feature", "properties": { "PPN": "1215102001", "TotalValue": 452500.0, "PropClass": "A, AD", "pctLandVal": 0.0, "acreVal": 452500.0, "SiteAddres": "1781 IWV RD SW", "credits": "HMST, AG", "acres": 1.0, "permitNo": "BLD-26788", "permitType": "Dwelling", "permitDate": "9/22/2016", "permitYr": 2016, "nonmetro": 1 }, "geometry": { "type": "MultiPolygon", "coordinates": [ [ [ [ -91.759133165551276, 41.658027304170623 ], [ -91.758340421853489, 41.658018966791502 ], [ -91.758350756260441, 41.657466417559277 ], [ -91.759143492044274, 41.657474754851201 ], [ -91.759133165551276, 41.658027304170623 ] ] ] ] } },
{ "type": "Feature", "properties": { "PPN": "1124378003", "TotalValue": 307400.0, "PropClass": "R", "pctLandVal": 0.35, "acreVal": 61851.106639839032, "SiteAddres": "4173 LANDON AVE SW", "credits": "NONE", "acres": 4.97, "permitNo": "BLD-24-32648", "permitType": "Dwelling", "permitDate": "8/1/2024", "permitYr": 2024, "nonmetro": 1 }, "geometry": { "type": "MultiPolygon", "coordinates": [ [ [ [ -91.609202982955068, 41.629843934083546 ], [ -91.609202740875759, 41.629719068414744 ], [ -91.609355237986748, 41.629719117859153 ], [ -91.609354448160559, 41.629271536167842 ], [ -91.612709636836499, 41.629266794058232 ], [ -91.612929107756926, 41.629266480165285 ], [ -91.612928866822585, 41.629823891488329 ], [ -91.612709394791707, 41.62982384695519 ], [ -91.61257674673584, 41.629865632781573 ], [ -91.612225572964959, 41.629859545950609 ], [ -91.609697018084162, 41.629894466431637 ], [ -91.609202982955068, 41.629843934083546 ] ] ] ] } },
{ "type": "Feature", "properties": { "PPN": "0112101001", "TotalValue": 582600.0, "PropClass": "A, AD", "pctLandVal": 0.06, "acreVal": 14182.083739045765, "SiteAddres": "1224 YELLOW PINE AVE NE", "credits": "AG", "acres": 41.08, "permitNo": "BLD-23-32129", "permitType": "Dwelling", "permitDate": "9/25/2023", "permitYr": 2023, "nonmetro": 1 }, "geometry": { "type": "MultiPolygon", "coordinates": [ [ [ [ -91.370952843293097, 41.845465410772121 ], [ -91.370952357408271, 41.845503426593424 ], [ -91.366086901629259, 41.845475718661127 ], [ -91.36611343401114, 41.841806389605104 ], [ -91.371067639944286, 41.841882635259331 ], [ -91.371020324272777, 41.845466498336428 ], [ -91.370952843293097, 41.845465410772121 ] ] ] ] } },
{ "type": "Feature", "properties": { "PPN": "0314234002", "TotalValue": 775900.0, "PropClass": "R", "pctLandVal": 0.09, "acreVal": 620720.0, "SiteAddres": "1450 VIOLA LN NE", "credits": "HMST", "acres": 1.25, "permitNo": "BLD-25630", "permitType": "Dwelling", "permitDate": "4/22/2015", "permitYr": 2015, "nonmetro": 1 }, "geometry": { "type": "MultiPolygon", "coordinates": [ [ [ [ -91.636283745827981, 41.829943577148946 ], [ -91.636006381437539, 41.829726410330501 ], [ -91.635714144218142, 41.829550324388698 ], [ -91.635714142742984, 41.829353810162054 ], [ -91.636260693002498, 41.829353790355327 ], [ -91.636260800164877, 41.82935379027181 ], [ -91.636639635229542, 41.829353774850141 ], [ -91.636639744773106, 41.82935377570498 ], [ -91.636698075273671, 41.829354470868395 ], [ -91.636777976306632, 41.830114132548083 ], [ -91.636429298210501, 41.830114158115791 ], [ -91.636283745827981, 41.829943577148946 ] ] ] ] } },
{ "type": "Feature", "properties": { "PPN": "0713205001", "TotalValue": 569600.0, "PropClass": "R", "pctLandVal": 0.26, "acreVal": 62939.226519337011, "SiteAddres": "2603 JOHNSONS XING NE", "credits": "NONE", "acres": 9.05, "permitNo": "BLD-21-30166", "permitType": "Dwelling", "permitDate": "7/23/2021", "permitYr": 2021, "nonmetro": 1 }, "geometry": { "type": "MultiPolygon", "coordinates": [ [ [ [ -91.496318034205601, 41.743937841501015 ], [ -91.495720426713333, 41.743621512583502 ], [ -91.495723522789547, 41.743618124859772 ], [ -91.495726483847136, 41.743614669962923 ], [ -91.495729303821363, 41.743611149589441 ], [ -91.495731981399587, 41.74360756731906 ], [ -91.495734516443335, 41.743603927652366 ], [ -91.495736904089796, 41.743600232306619 ], [ -91.495739143026341, 41.74359648486157 ], [ -91.495741231912532, 41.743592689796998 ], [ -91.495743167087525, 41.743588848850926 ], [ -91.495744948412764, 41.743584966523919 ], [ -91.495746574575719, 41.74358104639574 ], [ -91.495748044291332, 41.74357709114598 ], [ -91.495749352613785, 41.743573105192162 ], [ -91.495750503093234, 41.743569090396861 ], [ -91.495751490728381, 41.743565052977878 ], [ -91.495752319069439, 41.743560994797626 ], [ -91.495752983170505, 41.74355692027374 ], [ -91.495753485352296, 41.74355283214804 ], [ -91.495753824274416, 41.743548734900358 ], [ -91.495753998651963, 41.743544631210298 ], [ -91.495754008318798, 41.743540526478562 ], [ -91.495753855623278, 41.743536422546804 ], [ -91.495753538023166, 41.743532323874184 ], [ -91.495753056581918, 41.743528234981937 ], [ -91.495752412418312, 41.743524158591214 ], [ -91.495751606651154, 41.743520097423087 ], [ -91.495750637912394, 41.743516056857437 ], [ -91.495749508495081, 41.743512040536288 ], [ -91.495748219545632, 41.743508050280532 ], [ -91.495746770925564, 41.743504090590768 ], [ -91.495745166129794, 41.743500165129696 ], [ -91.495743403845623, 41.743496277477021 ], [ -91.495741487540201, 41.74349243219541 ], [ -91.4957394183877, 41.743488630205952 ], [ -91.495737198625676, 41.743484876950603 ], [ -91.495734830574776, 41.743481175171262 ], [ -91.495732314151908, 41.743477527568331 ], [ -91.495729654026164, 41.743473938725231 ], [ -91.495726852545729, 41.743470410483731 ], [ -91.495723910801772, 41.743466946465013 ], [ -91.495720831114937, 41.743463549410841 ], [ -91.495717618126491, 41.74346022480497 ], [ -91.495714273065985, 41.743456971767927 ], [ -91.495710799372787, 41.743453795762719 ], [ -91.495707201799064, 41.743450698672447 ], [ -91.495706640427372, 41.743450223376904 ], [ -91.495706090066349, 41.743449741967304 ], [ -91.495705550716011, 41.743449254443561 ], [ -91.495705018798446, 41.743448759843403 ], [ -91.495704499065653, 41.743448260049995 ], [ -91.495703989169371, 41.743447753221616 ], [ -91.495703490256076, 41.74344724117924 ], [ -91.495703001123843, 41.743446723902139 ], [ -91.495702523002294, 41.743446200510952 ], [ -91.49570205586366, 41.743445671905796 ], [ -91.495701599707999, 41.743445138086621 ], [ -91.495701153333457, 41.743444599032728 ], [ -91.495700719143727, 41.743444054785584 ], [ -91.495700297166479, 41.743443504445139 ], [ -91.495699884887259, 41.743442951570238 ], [ -91.495699484820534, 41.743442392601992 ], [ -91.495699095709099, 41.743441829319906 ], [ -91.495698718782421, 41.743441260844556 ], [ -91.495698352783378, 41.743440688955481 ], [ -91.495698000143236, 41.743440112793984 ], [ -91.495697658430728, 41.743439533218762 ], [ -91.495697328902963, 41.743438948450255 ], [ -91.495697011476992, 41.743438361188893 ], [ -91.495696705006225, 41.743437769613635 ], [ -91.495696411866732, 41.743437174666127 ], [ -91.495696132058555, 41.743436576346333 ], [ -91.495695863150203, 41.743435975512938 ], [ -91.495695606371243, 41.743435371286495 ], [ -91.495695362923627, 41.74343476368778 ], [ -91.495695131577705, 41.743434153596226 ], [ -91.495694913507663, 41.743433541932568 ], [ -91.495694706365114, 41.743432926855192 ], [ -91.495694513755751, 41.743432308426286 ], [ -91.495694331963151, 41.743431690184046 ], [ -91.495694164703707, 41.74343106859029 ], [ -91.495694009545929, 41.743430444503673 ], [ -91.495693867636376, 41.743429819745124 ], [ -91.495693737800821, 41.743429193393766 ], [ -91.495693621241145, 41.74342856547041 ], [ -91.495693517957363, 41.743427935975006 ], [ -91.495693426719853, 41.743427305786909 ], [ -91.495693348758266, 41.743426674026786 ], [ -91.495693284044833, 41.743426041594745 ], [ -91.495693233781395, 41.743425408511506 ], [ -91.495693194334791, 41.74342477561499 ], [ -91.495677739343009, 41.743119914177285 ], [ -91.49567759928641, 41.743116611089377 ], [ -91.495677455568909, 41.743113309739485 ], [ -91.495677308301268, 41.743110006527104 ], [ -91.495677158602192, 41.743106704173336 ], [ -91.495677005269926, 41.743103402657461 ], [ -91.495676848332039, 41.743100101079364 ], [ -91.495676687788659, 41.743096799439023 ], [ -91.495676524841556, 41.743093497757187 ], [ -91.495676357087063, 41.743090195992345 ], [ -91.495676186928861, 41.743086894186007 ], [ -91.495676013137455, 41.743083593217584 ], [ -91.495675835740442, 41.743080292186889 ], [ -91.495675654737937, 41.743076991093965 ], [ -91.495675471331708, 41.743073689959544 ], [ -91.49567528431993, 41.743070388762902 ], [ -91.495675093702602, 41.743067087504002 ], [ -91.495674898250201, 41.743063787062269 ], [ -91.495674702825497, 41.743060485720363 ], [ -91.495674502537966, 41.743057186095733 ], [ -91.495674297470799, 41.743053885487988 ], [ -91.495674089972212, 41.743050585738892 ], [ -91.495673880097613, 41.743047285048164 ], [ -91.49567366538794, 41.74304398517458 ], [ -91.495673448302313, 41.743040684359379 ], [ -91.495673227555727, 41.743037385282221 ], [ -91.495673003231261, 41.74303408524262 ], [ -91.495672775301301, 41.743030785140824 ], [ -91.495672543710384, 41.743027486777009 ], [ -91.495672309743526, 41.743024187471612 ], [ -91.495672072171061, 41.743020888103949 ], [ -91.495671830993118, 41.74301758867405 ], [ -91.495671586181871, 41.743014290082073 ], [ -91.495671338966986, 41.74301099144855 ], [ -91.495671088146537, 41.743007692752819 ], [ -91.495670833720609, 41.743004393994823 ], [ -91.495670575689104, 41.743001095174577 ], [ -91.495670313996698, 41.742997798092354 ], [ -91.495670049928236, 41.742994500068519 ], [ -91.495669781052456, 41.742991201961658 ], [ -91.495669509772981, 41.742987903813358 ], [ -91.495669236062156, 41.742984606523656 ], [ -91.495668957543884, 41.742981309150991 ], [ -91.495668676621932, 41.742978011736795 ], [ -91.495668390892661, 41.742974714239658 ], [ -91.495668103906112, 41.74297141852194 ], [ -91.496615002761089, 41.742921080762621 ], [ -91.498015854627255, 41.741628350070791 ], [ -91.498018541843777, 41.741516860768137 ], [ -91.498281031031823, 41.741517651251478 ], [ -91.498262430338471, 41.742258478163208 ], [ -91.49824898666219, 41.74279392920792 ], [ -91.498234863625783, 41.74335640780636 ], [ -91.498220051010591, 41.743946323536278 ], [ -91.497758547868784, 41.743945839225624 ], [ -91.497755800011163, 41.744146240982801 ], [ -91.497256518314359, 41.744141616212204 ], [ -91.496693147782693, 41.74413639611641 ], [ -91.496318034205601, 41.743937841501015 ] ] ] ] } },
{ "type": "Feature", "properties": { "PPN": "1329177001", "TotalValue": 499100.0, "PropClass": "R", "pctLandVal": 0.16, "acreVal": 178250.0, "SiteAddres": "5463 CALKINS AVE SW", "credits": "HMST", "acres": 2.8, "permitNo": "BLD-26117", "permitType": "Dwelling", "permitDate": "9/29/2015", "permitYr": 2015, "nonmetro": 1 }, "geometry": { "type": "MultiPolygon", "coordinates": [ [ [ [ -91.790551589400138, 41.536275892263085 ], [ -91.791899644287724, 41.536259799990049 ], [ -91.791884728478365, 41.537167926070872 ], [ -91.790537569719319, 41.537184189279145 ], [ -91.790551589400138, 41.536275892263085 ] ] ] ] } },
{ "type": "Feature", "properties": { "PPN": "0727227001", "TotalValue": 527300.0, "PropClass": "R", "pctLandVal": 0.17, "acreVal": 732361.11111111112, "SiteAddres": "24 RIVERVIEW DR NE", "credits": "NONE", "acres": 0.72, "permitNo": "BLD-17502", "permitType": "Dwelling", "permitDate": "1/11/2013", "permitYr": 2013, "nonmetro": 0 }, "geometry": { "type": "MultiPolygon", "coordinates": [ [ [ [ -91.537089316789931, 41.714416952195272 ], [ -91.537084393973871, 41.714416740158697 ], [ -91.537079468736309, 41.714416568607597 ], [ -91.537074542278589, 41.714416437562235 ], [ -91.537069613426482, 41.714416346102176 ], [ -91.537064683354245, 41.714416295147871 ], [ -91.537059753317422, 41.714416282919409 ], [ -91.537054823261698, 41.714416311216986 ], [ -91.537049894388474, 41.714416380060953 ], [ -91.537044965523521, 41.71441648853088 ], [ -91.537040040243681, 41.714416637587789 ], [ -91.537035114999213, 41.71441682537052 ], [ -91.537030194541245, 41.714417053760613 ], [ -91.537025276467006, 41.714417322717409 ], [ -91.537020363233481, 41.714417630481258 ], [ -91.537015455987685, 41.714417978872767 ], [ -91.537010552354147, 41.7144183669512 ], [ -91.537005655936824, 41.714418794777472 ], [ -91.537000764360158, 41.714419261410811 ], [ -91.536995881173866, 41.714419768712418 ], [ -91.536991005203802, 41.71442031576192 ], [ -91.536986137678412, 41.714420901679425 ], [ -91.536981278597565, 41.714421526464946 ], [ -91.536976427907149, 41.714422191918814 ], [ -91.536971589265406, 41.714422896301656 ], [ -91.53696675906825, 41.7144236395525 ], [ -91.536961939691196, 41.714424422612197 ], [ -91.536957133564158, 41.714425244621182 ], [ -91.536952339512823, 41.714426104659047 ], [ -91.536947557510061, 41.714427003625879 ], [ -91.536942788702959, 41.714427943342322 ], [ -91.536938033227145, 41.7144289193077 ], [ -91.536933293376848, 41.714429935163132 ], [ -91.536928568004853, 41.714430989088079 ], [ -91.536923858312576, 41.714432081102835 ], [ -91.536919164299931, 41.714433211207457 ], [ -91.536914487168332, 41.714434379422187 ], [ -91.53690982691775, 41.714435585747097 ], [ -91.536905184776643, 41.714436829302329 ], [ -91.536900559516496, 41.714438110967734 ], [ -91.536895954795568, 41.714439429003932 ], [ -91.536891369331187, 41.714440786091096 ], [ -91.536886802003409, 41.714442179508453 ], [ -91.536882257590349, 41.714443610237446 ], [ -91.536877731313837, 41.714445077296688 ], [ -91.5368732279521, 41.714446581667531 ], [ -91.53642619379319, 41.713923946589254 ], [ -91.536789682503198, 41.713615289049578 ], [ -91.536966391514639, 41.71368945244857 ], [ -91.537089316789931, 41.714416952195272 ] ] ] ] } },
{ "type": "Feature", "properties": { "PPN": "0216460004", "TotalValue": 394400.0, "PropClass": "R", "pctLandVal": 0.1, "acreVal": 563428.57142857148, "SiteAddres": "3967 HENDRICKS LN NE", "credits": "HMST", "acres": 0.7, "permitNo": "BLD-26210", "permitType": "Dwelling", "permitDate": "11/20/2015", "permitYr": 2015, "nonmetro": 1 }, "geometry": { "type": "MultiPolygon", "coordinates": [ [ [ [ -91.54592189421075, 41.820461638186956 ], [ -91.546283540674807, 41.820415543128277 ], [ -91.546377307271896, 41.820827292170655 ], [ -91.546015657409413, 41.820873386593668 ], [ -91.545654008210803, 41.820919480811533 ], [ -91.545560246031016, 41.820507732099841 ], [ -91.54592189421075, 41.820461638186956 ] ] ] ] } },
{ "type": "Feature", "properties": { "PPN": "0305377002", "TotalValue": 2500.0, "PropClass": "A", "pctLandVal": 1.0, "acreVal": 2500.0, "SiteAddres": "2494 120TH ST NW", "credits": "AG", "acres": 1.0, "permitNo": "BLD-25-33312", "permitType": "Dwelling", "permitDate": "5/21/2025", "permitYr": 2025, "nonmetro": 1 }, "geometry": { "type": "MultiPolygon", "coordinates": [ [ [ [ -91.68583933116733, 41.847909881137568 ], [ -91.68652985572021, 41.847894532285657 ], [ -91.686513707729432, 41.848530272046951 ], [ -91.685823174040195, 41.848545619861646 ], [ -91.68583933116733, 41.847909881137568 ] ] ] ] } },
{ "type": "Feature", "properties": { "PPN": "0216460002", "TotalValue": 373800.0, "PropClass": "R", "pctLandVal": 0.11, "acreVal": 534000.0, "SiteAddres": "3971 HENDRICKS LN NE", "credits": "HMST", "acres": 0.7, "permitNo": "BLD-25979", "permitType": "Dwelling", "permitDate": "8/12/2015", "permitYr": 2015, "nonmetro": 1 }, "geometry": { "type": "MultiPolygon", "coordinates": [ [ [ [ -91.54592189421075, 41.820461638186956 ], [ -91.546283540674807, 41.820415543128277 ], [ -91.546377307271896, 41.820827292170655 ], [ -91.546015657409413, 41.820873386593668 ], [ -91.545654008210803, 41.820919480811533 ], [ -91.545560246031016, 41.820507732099841 ], [ -91.54592189421075, 41.820461638186956 ] ] ] ] } },
{ "type": "Feature", "properties": { "PPN": "0924327001", "TotalValue": 551700.0, "PropClass": "R", "pctLandVal": 0.17, "acreVal": 172946.70846394985, "SiteAddres": "4140 OASIS RD SE", "credits": "HMST", "acres": 3.19, "permitNo": "BLD-26739", "permitType": "Dwelling", "permitDate": "8/29/2016", "permitYr": 2016, "nonmetro": 1 }, "geometry": { "type": "MultiPolygon", "coordinates": [ [ [ [ -91.385843058815553, 41.631150277772456 ], [ -91.385846996580938, 41.632268946176254 ], [ -91.384582727073806, 41.632241620038151 ], [ -91.384588141339393, 41.631145823692066 ], [ -91.385843058815553, 41.631150277772456 ] ] ] ] } },
{ "type": "Feature", "properties": { "PPN": "0322453006", "TotalValue": 575200.0, "PropClass": "R", "pctLandVal": 0.18, "acreVal": 217056.60377358491, "SiteAddres": "1792 WENROSE DR NE", "credits": "HMST", "acres": 2.65, "permitNo": "BLD-17269", "permitType": "Dwelling", "permitDate": "6/7/2012", "permitYr": 2012, "nonmetro": 1 }, "geometry": { "type": "MultiPolygon", "coordinates": [ [ [ [ -91.644928452717778, 41.805983849654403 ], [ -91.644803636420704, 41.805889213318849 ], [ -91.644680932785874, 41.805793042916797 ], [ -91.644242018180506, 41.805465720341424 ], [ -91.644462641338734, 41.805313066535803 ], [ -91.644540501021808, 41.805358587265324 ], [ -91.644622870710876, 41.805399423553233 ], [ -91.644709248117152, 41.805435326376895 ], [ -91.644799106509822, 41.80546607679792 ], [ -91.644847303427539, 41.805484098014446 ], [ -91.64489145159834, 41.805507207910068 ], [ -91.644930598298018, 41.805534907772106 ], [ -91.644963898731277, 41.805566599835551 ], [ -91.644982852162386, 41.805584299487528 ], [ -91.645005442715956, 41.805599422009621 ], [ -91.645031053471868, 41.80561155442296 ], [ -91.645058985030488, 41.805620365404913 ], [ -91.645088474612507, 41.805625614337302 ], [ -91.645118716890025, 41.805627157877609 ], [ -91.645148885979424, 41.80562495387337 ], [ -91.645178157995844, 41.805619062513557 ], [ -91.645205733552913, 41.805609644684729 ], [ -91.645230859593553, 41.805596957577329 ], [ -91.645252849955341, 41.805581347662049 ], [ -91.645271104108943, 41.805563241227858 ], [ -91.645285123557869, 41.805543132740496 ], [ -91.645294525451561, 41.805521571338943 ], [ -91.645299053040347, 41.805499145838986 ], [ -91.645298610126602, 41.805476730035913 ], [ -91.645293294578977, 41.805454667383586 ], [ -91.645283248297503, 41.805433546830592 ], [ -91.645268739465493, 41.805413932176229 ], [ -91.645250155390144, 41.805396347020327 ], [ -91.645227992163299, 41.805381260786305 ], [ -91.646381757559325, 41.80549709182398 ], [ -91.646408799601602, 41.80561055677439 ], [ -91.64655626869208, 41.806228635697245 ], [ -91.646543172897765, 41.806226666332385 ], [ -91.644928452717778, 41.805983849654403 ] ] ] ] } },
{ "type": "Feature", "properties": { "PPN": "0311328011", "TotalValue": 673100.0, "PropClass": "R", "pctLandVal": 0.19, "acreVal": 384628.57142857142, "SiteAddres": "3007 FOREST RIDGE DR NE", "credits": "HMST", "acres": 1.75, "permitNo": "BLD-23-31586", "permitType": "Dwelling", "permitDate": "3/7/2023", "permitYr": 2023, "nonmetro": 1 }, "geometry": { "type": "MultiPolygon", "coordinates": [ [ [ [ -91.63452886756815, 41.836496198761651 ], [ -91.635077897862132, 41.836496239542505 ], [ -91.635075062713796, 41.836620018794022 ], [ -91.63506183090044, 41.837197717346399 ], [ -91.635578147311151, 41.838024521704106 ], [ -91.635549643038388, 41.838034124552003 ], [ -91.635540943320294, 41.838036608731962 ], [ -91.635531854625114, 41.838038125848755 ], [ -91.63552256807597, 41.838038643999411 ], [ -91.635513278956594, 41.838038152287972 ], [ -91.635504182604777, 41.838036661054403 ], [ -91.635470745061895, 41.838031495804074 ], [ -91.635436621702468, 41.838030619494674 ], [ -91.635402789104262, 41.838034057205256 ], [ -91.635370215523878, 41.838041710551884 ], [ -91.635339833186762, 41.838053360502975 ], [ -91.635312511608262, 41.838068673647889 ], [ -91.635289032709167, 41.838087211738447 ], [ -91.63527006843799, 41.838108444231125 ], [ -91.635256161540212, 41.8381317634705 ], [ -91.635252144192322, 41.838138624310616 ], [ -91.6352467492149, 41.838144934597146 ], [ -91.635240107831493, 41.838150540842811 ], [ -91.635232381582483, 41.838155306684968 ], [ -91.635223758395981, 41.838159116202306 ], [ -91.635105623537001, 41.838199083934526 ], [ -91.634815882520968, 41.837678113211133 ], [ -91.63452886756815, 41.836496198761651 ] ] ] ] } },
{ "type": "Feature", "properties": { "PPN": "0322478001", "TotalValue": 1593400.0, "PropClass": "R", "pctLandVal": 0.23, "acreVal": 490276.92307692301, "SiteAddres": "1759 SUGAR MAPLE AVE NE", "credits": "HMST", "acres": 3.25, "permitNo": "BLD-27407", "permitType": "Dwelling", "permitDate": "9/11/2017", "permitYr": 2017, "nonmetro": 1 }, "geometry": { "type": "MultiPolygon", "coordinates": [ [ [ [ -91.639800291998824, 41.806891608801422 ], [ -91.641610016459808, 41.806914448287166 ], [ -91.641592479692918, 41.807723640305717 ], [ -91.640108755129617, 41.807742952109606 ], [ -91.640003534189987, 41.807619900213815 ], [ -91.639959942576965, 41.80756376177154 ], [ -91.639922961645453, 41.807505027796289 ], [ -91.639892865094765, 41.807444133012496 ], [ -91.639869875666918, 41.807381528136808 ], [ -91.639854163498498, 41.807317676541913 ], [ -91.639820349538994, 41.807136892578619 ], [ -91.63980798539923, 41.80705542820526 ], [ -91.639801293537445, 41.806973593300583 ], [ -91.639800291998824, 41.806891608801422 ] ] ] ] } },
{ "type": "Feature", "properties": { "PPN": "0311328012", "TotalValue": 699700.0, "PropClass": "R", "pctLandVal": 0.18, "acreVal": 378216.21621621621, "SiteAddres": "3009 FOREST RIDGE DR NE", "credits": "HMST", "acres": 1.85, "permitNo": "BLD-22-30745", "permitType": "Dwelling", "permitDate": "4/12/2022", "permitYr": 2022, "nonmetro": 1 }, "geometry": { "type": "MultiPolygon", "coordinates": [ [ [ [ -91.634099976578739, 41.836496165807368 ], [ -91.63452886756815, 41.836496198761651 ], [ -91.634815882520968, 41.837678113211133 ], [ -91.635105623537001, 41.838199083934526 ], [ -91.634996188593675, 41.838230483779697 ], [ -91.634884590796261, 41.838257290663591 ], [ -91.634771174548447, 41.838279421856605 ], [ -91.634656289867024, 41.838296809058889 ], [ -91.63454029130159, 41.838309398611145 ], [ -91.634099976578739, 41.836496165807368 ] ] ] ] } },
{ "type": "Feature", "properties": { "PPN": "0311328009", "TotalValue": 698600.0, "PropClass": "R", "pctLandVal": 0.16, "acreVal": 646851.8518518518, "SiteAddres": "3003 FOREST RIDGE DR NE", "credits": "HMST", "acres": 1.08, "permitNo": "BLD-18-27730", "permitType": "Dwelling", "permitDate": "5/2/2018", "permitYr": 2018, "nonmetro": 1 }, "geometry": { "type": "MultiPolygon", "coordinates": [ [ [ [ -91.635883147092997, 41.83719740064857 ], [ -91.636507252107805, 41.837197154768795 ], [ -91.636556028364879, 41.837197135763965 ], [ -91.636700933814353, 41.837862322972654 ], [ -91.636045378823468, 41.837942174347759 ], [ -91.635883147092997, 41.83719740064857 ] ] ] ] } },
{ "type": "Feature", "properties": { "PPN": "0118402001", "TotalValue": 342300.0, "PropClass": "R", "pctLandVal": 0.23, "acreVal": 75065.789473684214, "SiteAddres": "1550 TAFT AVE NE", "credits": "HMST", "acres": 4.56, "permitNo": "BLD-19-28795", "permitType": "Dwelling", "permitDate": "11/21/2019", "permitYr": 2019, "nonmetro": 1 }, "geometry": { "type": "MultiPolygon", "coordinates": [ [ [ [ -91.468619845804923, 41.819836752659434 ], [ -91.468645412000811, 41.821130807548414 ], [ -91.468646570753009, 41.821266390291377 ], [ -91.468108762615444, 41.821256564700768 ], [ -91.466367845438995, 41.819781983589223 ], [ -91.468619845804923, 41.819836752659434 ] ] ] ] } },
{ "type": "Feature", "properties": { "PPN": "0311328010", "TotalValue": 557000.0, "PropClass": "R", "pctLandVal": 0.2, "acreVal": 472033.89830508479, "SiteAddres": "3005 FOREST RIDGE DR NE", "credits": "HMST", "acres": 1.18, "permitNo": "BLD-21-30103", "permitType": "Dwelling", "permitDate": "7/8/2021", "permitYr": 2021, "nonmetro": 1 }, "geometry": { "type": "MultiPolygon", "coordinates": [ [ [ [ -91.63506183090044, 41.837197717346399 ], [ -91.635883147092997, 41.83719740064857 ], [ -91.636045378823468, 41.837942174347759 ], [ -91.635839041826259, 41.837967307628283 ], [ -91.635750068725599, 41.837980983768411 ], [ -91.635662906095362, 41.838000098502611 ], [ -91.635578147311151, 41.838024521704106 ], [ -91.63506183090044, 41.837197717346399 ] ] ] ] } },
{ "type": "Feature", "properties": { "PPN": "0311328016", "TotalValue": 940200.0, "PropClass": "R", "pctLandVal": 0.17, "acreVal": 259008.26446280992, "SiteAddres": "3017 FOREST RIDGE DR NE", "credits": "HMST", "acres": 3.63, "permitNo": "BLD-20-29068", "permitType": "Dwelling", "permitDate": "4/21/2020", "permitYr": 2020, "nonmetro": 1 }, "geometry": { "type": "MultiPolygon", "coordinates": [ [ [ [ -91.631871824330972, 41.836495966537285 ], [ -91.632533690667699, 41.83649602898015 ], [ -91.632891949250975, 41.838202375610123 ], [ -91.632861378772787, 41.838207817332147 ], [ -91.632832308403707, 41.838216741777821 ], [ -91.632805442882457, 41.838228932596316 ], [ -91.632781433497684, 41.838244094251792 ], [ -91.632760862299349, 41.838261859187597 ], [ -91.632744227988297, 41.838281796736709 ], [ -91.63273193382642, 41.838303423562074 ], [ -91.632724277860262, 41.838326215373776 ], [ -91.632721445695267, 41.838349619639111 ], [ -91.631841392719011, 41.838341487331256 ], [ -91.631871824330972, 41.836495966537285 ] ] ] ] } },
{ "type": "Feature", "properties": { "PPN": "0706426004", "TotalValue": 1510700.0000000002, "PropClass": "R", "pctLandVal": 0.24, "acreVal": 472093.75, "SiteAddres": "2343 LAKERIDGE PL NE", "credits": "HMST", "acres": 3.2, "permitNo": "BLD-17194", "permitType": "Dwelling", "permitDate": "4/23/2012", "permitYr": 2012, "nonmetro": 1 }, "geometry": { "type": "MultiPolygon", "coordinates": [ [ [ [ -91.587006693359157, 41.763097995523012 ], [ -91.587106135454277, 41.762871161681566 ], [ -91.588951895752061, 41.763324744004201 ], [ -91.588523325717219, 41.763849293715985 ], [ -91.586965664932393, 41.763864644124624 ], [ -91.586956511278686, 41.763343264598795 ], [ -91.586958852747287, 41.763280991589035 ], [ -91.586968046406753, 41.763219075344281 ], [ -91.586984029588692, 41.76315793778469 ], [ -91.587006693359157, 41.763097995523012 ] ] ] ] } },
{ "type": "Feature", "properties": { "PPN": "0311328014", "TotalValue": 662500.0, "PropClass": "R", "pctLandVal": 0.21, "acreVal": 265000.0, "SiteAddres": "3013 FOREST RIDGE DR NE", "credits": "HMST", "acres": 2.5, "permitNo": "BLD-18-27734", "permitType": "Dwelling", "permitDate": "4/19/2018", "permitYr": 2018, "nonmetro": 1 }, "geometry": { "type": "MultiPolygon", "coordinates": [ [ [ [ -91.633053730446832, 41.836496076653539 ], [ -91.633671086845098, 41.836496129490726 ], [ -91.633938701384594, 41.837598331666982 ], [ -91.633923082003335, 41.838295313761677 ], [ -91.633886912716406, 41.838290221740934 ], [ -91.633815393892263, 41.838282084173294 ], [ -91.633743197083291, 41.838278659310994 ], [ -91.633670876507807, 41.83827997344499 ], [ -91.633598987334167, 41.838286016487316 ], [ -91.633433644673275, 41.838305432167815 ], [ -91.633053730446832, 41.836496076653539 ] ] ] ] } },
{ "type": "Feature", "properties": { "PPN": "0311328013", "TotalValue": 885400.0, "PropClass": "R", "pctLandVal": 0.15, "acreVal": 458756.47668393783, "SiteAddres": "3011 FOREST RIDGE DR NE", "credits": "HMST", "acres": 1.93, "permitNo": "BLD-19-28759", "permitType": "Dwelling", "permitDate": "10/28/2019", "permitYr": 2019, "nonmetro": 1 }, "geometry": { "type": "MultiPolygon", "coordinates": [ [ [ [ -91.633923082003335, 41.838295313761677 ], [ -91.633938701384594, 41.837598331666982 ], [ -91.633671086845098, 41.836496129490726 ], [ -91.634099976578739, 41.836496165807368 ], [ -91.63454029130159, 41.838309398611145 ], [ -91.634416833239683, 41.838317449101069 ], [ -91.634292956096459, 41.838320065501698 ], [ -91.634169087216051, 41.838317238787127 ], [ -91.634045653914114, 41.838308978708753 ], [ -91.633923082003335, 41.838295313761677 ] ] ] ] } },
{ "type": "Feature", "properties": { "PPN": "1414302001", "TotalValue": 310400.0, "PropClass": "R", "pctLandVal": 0.31, "acreVal": 105938.56655290101, "SiteAddres": "3055 500TH ST SW", "credits": "NONE", "acres": 2.93, "permitNo": "BLD-22-31010", "permitType": "Dwelling", "permitDate": "8/12/2022", "permitYr": 2022, "nonmetro": 1 }, "geometry": { "type": "MultiPolygon", "coordinates": [ [ [ [ -91.631514654563546, 41.561448270499213 ], [ -91.631610251871038, 41.561037453433087 ], [ -91.630918623257486, 41.561035495860303 ], [ -91.63095033403782, 41.559937979372954 ], [ -91.63206277523382, 41.559941123486134 ], [ -91.632031083140333, 41.561038640277033 ], [ -91.631758530340491, 41.561037870840828 ], [ -91.631662935137598, 41.561448688948822 ], [ -91.631514654563546, 41.561448270499213 ] ] ] ] } },
{ "type": "Feature", "properties": { "PPN": "0311328005", "TotalValue": 878700.0, "PropClass": "R", "pctLandVal": 0.14, "acreVal": 606000.0, "SiteAddres": "3012 FOREST RIDGE DR NE", "credits": "NONE", "acres": 1.45, "permitNo": "BLD-23-31603", "permitType": "Dwelling", "permitDate": "3/23/2023", "permitYr": 2023, "nonmetro": 1 }, "geometry": { "type": "MultiPolygon", "coordinates": [ [ [ [ -91.634295401685222, 41.838457288768041 ], [ -91.63443428452878, 41.838454137078813 ], [ -91.63457265725917, 41.838444701843741 ], [ -91.634710011970967, 41.838429017695333 ], [ -91.634845844496354, 41.838407142203124 ], [ -91.634845950430929, 41.839592745064856 ], [ -91.634295505638576, 41.83959085194153 ], [ -91.634295401685222, 41.838457288768041 ] ] ] ] } },
{ "type": "Feature", "properties": { "PPN": "0311328002", "TotalValue": 314400.0, "PropClass": "R", "pctLandVal": 0.43, "acreVal": 134935.62231759657, "SiteAddres": "3018 FOREST RIDGE DR NE", "credits": "NONE", "acres": 2.33, "permitNo": "BLD-24-32795", "permitType": "Dwelling", "permitDate": "8/20/2024", "permitYr": 2024, "nonmetro": 1 }, "geometry": { "type": "MultiPolygon", "coordinates": [ [ [ [ -91.632849306055462, 41.838491916557665 ], [ -91.632874808662322, 41.838498000422909 ], [ -91.632901163611507, 41.838501506903469 ], [ -91.632927907290693, 41.838502374316526 ], [ -91.632954569249264, 41.838500587403352 ], [ -91.633223159524292, 41.838469047120469 ], [ -91.633053699527508, 41.84025190640449 ], [ -91.632349852356896, 41.840251842478246 ], [ -91.632669563041816, 41.838833218691974 ], [ -91.632849306055462, 41.838491916557665 ] ] ] ] } },
{ "type": "Feature", "properties": { "PPN": "0311328003", "TotalValue": 1063400.0, "PropClass": "R", "pctLandVal": 0.13, "acreVal": 472622.22222222225, "SiteAddres": "3016 FOREST RIDGE DR NE", "credits": "HMST", "acres": 2.25, "permitNo": "BLD-21-29963", "permitType": "Dwelling", "permitDate": "6/4/2021", "permitYr": 2021, "nonmetro": 1 }, "geometry": { "type": "MultiPolygon", "coordinates": [ [ [ [ -91.633223159524292, 41.838469047120469 ], [ -91.63362740255323, 41.838421576321075 ], [ -91.633699810984098, 41.838416192620606 ], [ -91.633772569016557, 41.838416969103648 ], [ -91.633598138399989, 41.840251954700818 ], [ -91.633053699527508, 41.84025190640449 ], [ -91.633223159524292, 41.838469047120469 ] ] ] ] } },
{ "type": "Feature", "properties": { "PPN": "0311328008", "TotalValue": 817300.0, "PropClass": "R", "pctLandVal": 0.14, "acreVal": 801274.50980392157, "SiteAddres": "3006 FOREST RIDGE DR NE", "credits": "NONE", "acres": 1.02, "permitNo": "BLD-23-31871", "permitType": "Dwelling", "permitDate": "6/21/2023", "permitYr": 2023, "nonmetro": 1 }, "geometry": { "type": "MultiPolygon", "coordinates": [ [ [ [ -91.635546722367678, 41.838312474669713 ], [ -91.635575500735783, 41.838297585164412 ], [ -91.635600407223691, 41.838279202029867 ], [ -91.635620693052715, 41.838257877931788 ], [ -91.635635748360329, 41.838234253951669 ], [ -91.63564512053442, 41.838209040313338 ], [ -91.635648527819924, 41.838182995030714 ], [ -91.635649581742115, 41.838174833979117 ], [ -91.635652476721461, 41.838166925941835 ], [ -91.635657128370681, 41.838159501432813 ], [ -91.635663401096821, 41.838152776871311 ], [ -91.635671112053856, 41.838146948273582 ], [ -91.63568003647255, 41.838142185539105 ], [ -91.635689914212236, 41.838138627498189 ], [ -91.6357779839188, 41.838117322961295 ], [ -91.635868476074975, 41.838102763421645 ], [ -91.636140695573417, 41.83806960593752 ], [ -91.63637910800594, 41.839164018979467 ], [ -91.635546778349848, 41.838452461089872 ], [ -91.635546722367678, 41.838312474669713 ] ] ] ] } },
{ "type": "Feature", "properties": { "PPN": "0310405001", "TotalValue": 99600.0, "PropClass": "R", "pctLandVal": 1.0, "acreVal": 63037.9746835443, "SiteAddres": "3004 FOREST RIDGE DR NE", "credits": "NONE", "acres": 1.58, "permitNo": "BLD-25-33206", "permitType": "Dwelling", "permitDate": "3/18/2025", "permitYr": 2025, "nonmetro": 1 }, "geometry": { "type": "MultiPolygon", "coordinates": [ [ [ [ -91.63637910800594, 41.839164018979467 ], [ -91.636140695573417, 41.83806960593752 ], [ -91.636683971208114, 41.838003431625552 ], [ -91.636927115893329, 41.839119437388355 ], [ -91.636670391775368, 41.83941303218154 ], [ -91.63637910800594, 41.839164018979467 ] ] ] ] } },
{ "type": "Feature", "properties": { "PPN": "0311328006", "TotalValue": 860200.0, "PropClass": "R", "pctLandVal": 0.14, "acreVal": 547898.08917197445, "SiteAddres": "3010 FOREST RIDGE DR NE", "credits": "HMST", "acres": 1.57, "permitNo": "BLD-18-27860", "permitType": "Dwelling", "permitDate": "6/12/2018", "permitYr": 2018, "nonmetro": 1 }, "geometry": { "type": "MultiPolygon", "coordinates": [ [ [ [ -91.634845844496354, 41.838407142203124 ], [ -91.634987380535378, 41.838377337690559 ], [ -91.635126071659698, 41.838340811972934 ], [ -91.635261347767582, 41.838297715193455 ], [ -91.635270549454503, 41.838295139690899 ], [ -91.635280168820628, 41.838293644028553 ], [ -91.635289980702751, 41.838293263215775 ], [ -91.635299755431532, 41.8382940061664 ], [ -91.635309264207223, 41.83829585548996 ], [ -91.635318284455295, 41.838298767898827 ], [ -91.635326605036241, 41.838302675221442 ], [ -91.635348335489596, 41.83831316536201 ], [ -91.635371681528454, 41.838321491057435 ], [ -91.635396259720537, 41.838327515567386 ], [ -91.635396397662674, 41.839594635621943 ], [ -91.634845950430929, 41.839592745064856 ], [ -91.634845844496354, 41.838407142203124 ] ] ] ] } },
{ "type": "Feature", "properties": { "PPN": "0101451002", "TotalValue": 583800.0, "PropClass": "R", "pctLandVal": 0.18, "acreVal": 61908.801696712624, "SiteAddres": "1183 YELLOW PINE AVE NE", "credits": "HMST", "acres": 9.43, "permitNo": "BLD-17348", "permitType": "Dwelling", "permitDate": "7/24/2012", "permitYr": 2012, "nonmetro": 1 }, "geometry": { "type": "MultiPolygon", "coordinates": [ [ [ [ -91.371150297124728, 41.848961782206963 ], [ -91.371174865490048, 41.847043521156671 ], [ -91.371975239717869, 41.847041359248834 ], [ -91.371976275861414, 41.847255403252547 ], [ -91.373483576740668, 41.847251316697417 ], [ -91.373491862931104, 41.848955440349847 ], [ -91.371150297124728, 41.848961782206963 ] ] ] ] } },
{ "type": "Feature", "properties": { "PPN": "0310454002", "TotalValue": 543300.0, "PropClass": "R", "pctLandVal": 0.19, "acreVal": 493909.09090909088, "SiteAddres": "1352 LAKEWOODS CT NE", "credits": "NONE", "acres": 1.1, "permitNo": "BLD-17575", "permitType": "Dwelling", "permitDate": "11/6/2012", "permitYr": 2012, "nonmetro": 0 }, "geometry": { "type": "MultiPolygon", "coordinates": [ [ [ [ -91.644104803991283, 41.836672621948566 ], [ -91.64409346085904, 41.835986488655678 ], [ -91.644677585383761, 41.835960539895872 ], [ -91.644685446633162, 41.836003026181992 ], [ -91.644702064244683, 41.836044077456584 ], [ -91.644727032282631, 41.836082690877738 ], [ -91.644759740815601, 41.836117923156152 ], [ -91.644799390815521, 41.836148913599239 ], [ -91.644845013676388, 41.836174905137469 ], [ -91.644895494876252, 41.836195262819473 ], [ -91.644557501873734, 41.836766903998125 ], [ -91.644104803991283, 41.836672621948566 ] ] ] ] } },
{ "type": "Feature", "properties": { "PPN": "0734326016", "TotalValue": 812100.0, "PropClass": "R", "pctLandVal": 0.16, "acreVal": 324840.0, "SiteAddres": "7 HICKORY RIDGE LN NE", "credits": "HMST", "acres": 2.5, "permitNo": "BLD-25949", "permitType": "Dwelling", "permitDate": "7/13/2015", "permitYr": 2015, "nonmetro": 1 }, "geometry": { "type": "MultiPolygon", "coordinates": [ [ [ [ -91.53622355393577, 41.691200263750233 ], [ -91.537125246704079, 41.690733574530498 ], [ -91.53767727557711, 41.690977483647366 ], [ -91.537733538557646, 41.691004262438923 ], [ -91.537787314744989, 41.691033772524747 ], [ -91.537838368515324, 41.691065884606367 ], [ -91.537817950047469, 41.691082684698301 ], [ -91.537801511054624, 41.691101780444917 ], [ -91.537789502471099, 41.691122648039347 ], [ -91.537782253703583, 41.691144715071431 ], [ -91.537779963595071, 41.691167376229131 ], [ -91.537782694969835, 41.691190009902598 ], [ -91.537790372909598, 41.691211995235228 ], [ -91.537802786808044, 41.691232729154315 ], [ -91.537819596147401, 41.691251642913656 ], [ -91.537840339838667, 41.691268217694891 ], [ -91.537864448869357, 41.691281998839223 ], [ -91.537891261911867, 41.691292608319131 ], [ -91.537920043464268, 41.691299755108197 ], [ -91.537933527085244, 41.691332085827121 ], [ -91.537893724964505, 41.691511729525139 ], [ -91.537881432274901, 41.691567210104523 ], [ -91.537877382379193, 41.691579996625322 ], [ -91.537871041777862, 41.691592249097525 ], [ -91.537862529169473, 41.69160373814762 ], [ -91.537852003914111, 41.691614248693618 ], [ -91.537765579051225, 41.691689247879431 ], [ -91.537587162040936, 41.691844074569339 ], [ -91.537546432743511, 41.69188271508898 ], [ -91.537510367651407, 41.691923877230323 ], [ -91.536658839043113, 41.691445103445623 ], [ -91.53622355393577, 41.691200263750233 ] ] ] ] } },
{ "type": "Feature", "properties": { "PPN": "0310309002", "TotalValue": 434000.0, "PropClass": "R", "pctLandVal": 0.18, "acreVal": 374137.93103448278, "SiteAddres": "2888 SYDNEY CT NE", "credits": "HMST", "acres": 1.16, "permitNo": "BLD-16328", "permitType": "Dwelling", "permitDate": "6/18/2010", "permitYr": 2010, "nonmetro": 0 }, "geometry": { "type": "MultiPolygon", "coordinates": [ [ [ [ -91.647587516619694, 41.838447709745147 ], [ -91.647206703135097, 41.838438881574938 ], [ -91.647172634349218, 41.837773698475701 ], [ -91.647325728182764, 41.837769323149637 ], [ -91.6473548030514, 41.837768449361903 ], [ -91.647383327552888, 41.837764149149166 ], [ -91.647410584243289, 41.837756530669722 ], [ -91.647435887566985, 41.83774578554241 ], [ -91.647458601099999, 41.837732184026848 ], [ -91.648381366499933, 41.838466111311746 ], [ -91.647587516619694, 41.838447709745147 ] ] ] ] } },
{ "type": "Feature", "properties": { "PPN": "0310309003", "TotalValue": 520400.0, "PropClass": "R", "pctLandVal": 0.24, "acreVal": 231288.88888888888, "SiteAddres": "2884 SYDNEY CT NE", "credits": "NONE", "acres": 2.25, "permitNo": "BLD-22-31392", "permitType": "Dwelling", "permitDate": "1/6/2023", "permitYr": 2023, "nonmetro": 0 }, "geometry": { "type": "MultiPolygon", "coordinates": [ [ [ [ -91.648381366499933, 41.838466111311746 ], [ -91.647458601099999, 41.837732184026848 ], [ -91.647479311565604, 41.837714935858784 ], [ -91.647495843679764, 41.837695326571421 ], [ -91.647507725561894, 41.837673915882576 ], [ -91.647514618066339, 41.837651314927903 ], [ -91.647516324462501, 41.837628168816735 ], [ -91.647512796049483, 41.837605138218329 ], [ -91.647504133545624, 41.837582880504179 ], [ -91.647490584213045, 41.837562030984444 ], [ -91.647584785903135, 41.837520130590001 ], [ -91.648877307869142, 41.837518748183037 ], [ -91.648855472677482, 41.838477099621421 ], [ -91.648381366499933, 41.838466111311746 ] ] ] ] } },
{ "type": "Feature", "properties": { "PPN": "0310453002", "TotalValue": 807300.0, "PropClass": "R", "pctLandVal": 0.13, "acreVal": 733909.09090909082, "SiteAddres": "1364 SPENCER CT NE", "credits": "HMST", "acres": 1.1, "permitNo": "BLD-21-29825", "permitType": "Dwelling", "permitDate": "3/25/2021", "permitYr": 2021, "nonmetro": 0 }, "geometry": { "type": "MultiPolygon", "coordinates": [ [ [ [ -91.64569478058182, 41.836334916134604 ], [ -91.645901905637217, 41.835778759174516 ], [ -91.645907122046481, 41.835768197172087 ], [ -91.645914578290373, 41.835758415502767 ], [ -91.645924073530495, 41.835749677640528 ], [ -91.645935352007342, 41.835742218943729 ], [ -91.645948109929492, 41.835736240315768 ], [ -91.645962003656251, 41.835731902793668 ], [ -91.645976658953771, 41.835729323210501 ], [ -91.645991681075216, 41.835728571048485 ], [ -91.646006665393173, 41.835729666567396 ], [ -91.646599895504181, 41.835810223732842 ], [ -91.646435036399893, 41.836489095931427 ], [ -91.64569478058182, 41.836334916134604 ] ] ] ] } },
{ "type": "Feature", "properties": { "PPN": "1720377002", "TotalValue": 251200.0, "PropClass": "R", "pctLandVal": 0.22, "acreVal": 306341.46341463417, "SiteAddres": "4896 660TH ST SE", "credits": "HMST", "acres": 0.82, "permitNo": "BLD-17045", "permitType": "Dwelling", "permitDate": "1/26/2012", "permitYr": 2012, "nonmetro": 1 }, "geometry": { "type": "MultiPolygon", "coordinates": [ [ [ [ -91.455285007298471, 41.452799097577007 ], [ -91.456046324585998, 41.452805891230703 ], [ -91.456041217003317, 41.453273898180079 ], [ -91.455274248876563, 41.453266168804895 ], [ -91.455285007298471, 41.452799097577007 ] ] ] ] } },
{ "type": "Feature", "properties": { "PPN": "0315277002", "TotalValue": 975200.0, "PropClass": "R", "pctLandVal": 0.15, "acreVal": 233860.91127098323, "SiteAddres": "1442 DEER WOODS DR NE", "credits": "NONE", "acres": 4.17, "permitNo": "BLD-22-31499", "permitType": "Dwelling", "permitDate": "1/25/2023", "permitYr": 2023, "nonmetro": 1 }, "geometry": { "type": "MultiPolygon", "coordinates": [ [ [ [ -91.648101239831234, 41.828328589593902 ], [ -91.649420752532407, 41.828934138888989 ], [ -91.649413146379558, 41.828945998485473 ], [ -91.64940577270194, 41.828957939226825 ], [ -91.649398630347349, 41.828969959293623 ], [ -91.649391721799617, 41.828982056023911 ], [ -91.649385050771841, 41.828994225874709 ], [ -91.6493786149084, 41.829006467007439 ], [ -91.6493724178966, 41.829018776779321 ], [ -91.649366461016925, 41.829031152509103 ], [ -91.649360744346325, 41.829043591496536 ], [ -91.649355270343165, 41.829056091979609 ], [ -91.649350040338959, 41.829068649477023 ], [ -91.649345054334006, 41.829081263988726 ], [ -91.649340313685528, 41.829093930133126 ], [ -91.649335818444769, 41.829106646110127 ], [ -91.649331572273709, 41.829119410176943 ], [ -91.649327574045785, 41.829132219614053 ], [ -91.649323823863497, 41.829145070820978 ], [ -91.649320324210876, 41.829157961135721 ], [ -91.649317076368362, 41.82917088787709 ], [ -91.649314079183782, 41.8291838492257 ], [ -91.649311333988919, 41.82919684070005 ], [ -91.649308840783846, 41.829209862300239 ], [ -91.649306600925897, 41.829222908644738 ], [ -91.649304615669919, 41.829235977952358 ], [ -91.649302882685888, 41.829249067484504 ], [ -91.649301405661376, 41.829262174598284 ], [ -91.64930018229181, 41.829275295654909 ], [ -91.649299213832208, 41.829288428873269 ], [ -91.649298501537359, 41.829301572472353 ], [ -91.649298044357607, 41.829314721032155 ], [ -91.649297841115185, 41.829327873633552 ], [ -91.649297894294179, 41.829341027614397 ], [ -91.649298204048279, 41.829354177573926 ], [ -91.649298766741609, 41.829367324354884 ], [ -91.649299587316364, 41.829380463533241 ], [ -91.649300661035497, 41.829393592331961 ], [ -91.649301990357415, 41.829406708989147 ], [ -91.649303574232405, 41.829419808084936 ], [ -91.649305412660681, 41.829432889619255 ], [ -91.649307504515647, 41.829445950872604 ], [ -91.649309849976746, 41.829458985544107 ], [ -91.649312446611575, 41.829471994495577 ], [ -91.649315298107538, 41.829484975084092 ], [ -91.649318399804486, 41.829497921832257 ], [ -91.649321752931655, 41.829510833859111 ], [ -91.649407081230464, 41.829827094387809 ], [ -91.649409510160325, 41.829836603910394 ], [ -91.649411673192972, 41.829846148824537 ], [ -91.649413572837759, 41.829855725568088 ], [ -91.649415205637709, 41.829865328682878 ], [ -91.649416571643883, 41.829874956368634 ], [ -91.649417669831976, 41.829884602305341 ], [ -91.649418500278628, 41.829894263792703 ], [ -91.649419063111836, 41.829903936330084 ], [ -91.649419357255937, 41.829913615397764 ], [ -91.649419382864551, 41.829923295594966 ], [ -91.649419139963129, 41.82993297602156 ], [ -91.649418627552905, 41.829942649457521 ], [ -91.64941784811765, 41.829952313240653 ], [ -91.649416800581676, 41.829961962851243 ], [ -91.649415485073007, 41.829971593788684 ], [ -91.649413902897422, 41.829981202471622 ], [ -91.649412054182875, 41.829990784399449 ], [ -91.649409939057264, 41.830000335071553 ], [ -91.649407561182201, 41.830009852745107 ], [ -91.649404918381109, 41.830019329280702 ], [ -91.649402014289961, 41.830028763835656 ], [ -91.649398847858805, 41.830038150990092 ], [ -91.649395422800467, 41.830047487200922 ], [ -91.649391739242972, 41.830056767967555 ], [ -91.649387798492086, 41.830065989708608 ], [ -91.649383604260734, 41.830075148881072 ], [ -91.649379154295374, 41.830084240045792 ], [ -91.649374454690388, 41.83009326059824 ], [ -91.649369505548037, 41.830102206937795 ], [ -91.649364309454583, 41.830111072802033 ], [ -91.649358867639037, 41.830119857309811 ], [ -91.649353182636389, 41.83012855599884 ], [ -91.64934726061783, 41.830137163564153 ], [ -91.64934109802391, 41.830145678147971 ], [ -91.649334702229282, 41.830154094464504 ], [ -91.649328073310741, 41.830162409813269 ], [ -91.649321214981242, 41.83017062065128 ], [ -91.649314130953613, 41.830178723435431 ], [ -91.649306823737334, 41.830186714603492 ], [ -91.649299295841857, 41.830194590593301 ], [ -91.64929155098001, 41.830202347861785 ], [ -91.649283592864862, 41.830209982865824 ], [ -91.649275425183632, 41.830217492962468 ], [ -91.649267050420292, 41.830224875489677 ], [ -91.649258472313235, 41.830232126004233 ], [ -91.648075114675621, 41.82984987541569 ], [ -91.648101239831234, 41.828328589593902 ] ] ] ] } },
{ "type": "Feature", "properties": { "PPN": "0313376010", "TotalValue": 1631000.0, "PropClass": "R", "pctLandVal": 0.06, "acreVal": 921468.9265536723, "SiteAddres": "1570 IROQUOIS DR NE", "credits": "NONE", "acres": 1.77, "permitNo": "BLD-16596", "permitType": "Dwelling", "permitDate": "3/2/2011", "permitYr": 2011, "nonmetro": 1 }, "geometry": { "type": "MultiPolygon", "coordinates": [ [ [ [ -91.608268900730309, 41.820819538999167 ], [ -91.608297688685198, 41.820809225580462 ], [ -91.608323650658392, 41.820795335311402 ], [ -91.608346000507439, 41.820778288797854 ], [ -91.60836406146872, 41.820758602218291 ], [ -91.608377286650168, 41.820736871693455 ], [ -91.608385275591175, 41.820713755235332 ], [ -91.608387786388192, 41.820689952821951 ], [ -91.609812477893072, 41.820681203848501 ], [ -91.609891894434483, 41.820768573164379 ], [ -91.60987886917296, 41.821112256437878 ], [ -91.609015975664619, 41.821375807203076 ], [ -91.608268900730309, 41.820819538999167 ] ] ] ] } },
{ "type": "Feature", "properties": { "PPN": "0310377001", "TotalValue": 652600.0, "PropClass": "R", "pctLandVal": 0.16, "acreVal": 615660.37735849048, "SiteAddres": "1366 SPENCER CT NE", "credits": "HMST", "acres": 1.06, "permitNo": "BLD-27429", "permitType": "Dwelling", "permitDate": "9/15/2017", "permitYr": 2017, "nonmetro": 0 }, "geometry": { "type": "MultiPolygon", "coordinates": [ [ [ [ -91.646807869797797, 41.836566747656576 ], [ -91.646435036399893, 41.836489095931427 ], [ -91.646599895504181, 41.835810223732842 ], [ -91.646677516530431, 41.835818001836117 ], [ -91.64675576745428, 41.835820365723578 ], [ -91.646833974480558, 41.83581729504057 ], [ -91.646911464192087, 41.835808816227733 ], [ -91.646987569348852, 41.835795002293565 ], [ -91.647292593290757, 41.836575003054136 ], [ -91.646807869797797, 41.836566747656576 ] ] ] ] } },
{ "type": "Feature", "properties": { "PPN": "0310377014", "TotalValue": 857900.0, "PropClass": "R", "pctLandVal": 0.12, "acreVal": 832912.62135922327, "SiteAddres": "1365 SOUTH VIEW LN NE", "credits": "HMST", "acres": 1.03, "permitNo": "BLD-25970", "permitType": "Dwelling", "permitDate": "7/20/2015", "permitYr": 2015, "nonmetro": 0 }, "geometry": { "type": "MultiPolygon", "coordinates": [ [ [ [ -91.646213153717909, 41.834943044647218 ], [ -91.646687557551942, 41.835007464502162 ], [ -91.646907539442978, 41.835640703062815 ], [ -91.646841272790368, 41.835650745633593 ], [ -91.646773942009489, 41.835655365613604 ], [ -91.646706338123749, 41.835654508725838 ], [ -91.646639255365315, 41.835648185037293 ], [ -91.646082675449804, 41.835572604195114 ], [ -91.646067962458034, 41.83556964439574 ], [ -91.646054107440762, 41.835564904282499 ], [ -91.64604149257687, 41.835558514607477 ], [ -91.646030465836361, 41.835550651624494 ], [ -91.646021331381846, 41.835541532227168 ], [ -91.646014341178542, 41.835531407966272 ], [ -91.646009688044074, 41.835520558110623 ], [ -91.64600750032983, 41.835509281943942 ], [ -91.646007838380669, 41.835497890509075 ], [ -91.646010692870419, 41.835486698028333 ], [ -91.646213153717909, 41.834943044647218 ] ] ] ] } },
{ "type": "Feature", "properties": { "PPN": "1312456001", "TotalValue": 396600.0, "PropClass": "R", "pctLandVal": 0.18, "acreVal": 204432.98969072165, "SiteAddres": "4997 WATERWAY LN SW", "credits": "HMST", "acres": 1.94, "permitNo": "BLD-17921", "permitType": "Dwelling", "permitDate": "7/30/2013", "permitYr": 2013, "nonmetro": 1 }, "geometry": { "type": "MultiPolygon", "coordinates": [ [ [ [ -91.718407438292417, 41.570456127221767 ], [ -91.718438055884619, 41.570454838702538 ], [ -91.718467955630587, 41.570449724096378 ], [ -91.718496295797266, 41.570440927388987 ], [ -91.71852227855743, 41.570428696223793 ], [ -91.718545172450291, 41.57041337493056 ], [ -91.718678942449031, 41.570564196608714 ], [ -91.718654475707666, 41.571219858196599 ], [ -91.718725481012143, 41.571276252874675 ], [ -91.719897853920855, 41.571300918648653 ], [ -91.719871124524005, 41.572017592790225 ], [ -91.718939556871049, 41.571997993906606 ], [ -91.718962204263605, 41.571391055225384 ], [ -91.718502196117356, 41.571381374709077 ], [ -91.71853150473612, 41.570596008019699 ], [ -91.718407438292417, 41.570456127221767 ] ] ] ] } },
{ "type": "Feature", "properties": { "PPN": "0310454005", "TotalValue": 660600.0, "PropClass": "R", "pctLandVal": 0.15, "acreVal": 647647.0588235294, "SiteAddres": "1362 LAKEWOODS CT NE", "credits": "HMST, MIL", "acres": 1.02, "permitNo": "BLD-18-27671", "permitType": "Dwelling", "permitDate": "4/18/2018", "permitYr": 2018, "nonmetro": 0 }, "geometry": { "type": "MultiPolygon", "coordinates": [ [ [ [ -91.645115531951134, 41.835675142422602 ], [ -91.645322184863033, 41.834899084122604 ], [ -91.645495266613295, 41.834944596072788 ], [ -91.645512294475296, 41.834988443849021 ], [ -91.645536671689442, 41.835030305953623 ], [ -91.645567998937423, 41.835069496628229 ], [ -91.645763025448446, 41.835281392121942 ], [ -91.645781931671763, 41.835305526318926 ], [ -91.645795950902681, 41.835331457996354 ], [ -91.645804785894327, 41.835358637341173 ], [ -91.645808249317099, 41.835386488086137 ], [ -91.645806267731189, 41.835414419727947 ], [ -91.64579888314411, 41.835441840047359 ], [ -91.645623037249138, 41.835914007206704 ], [ -91.645618036847864, 41.835924221913992 ], [ -91.64561094042115, 41.835933717162668 ], [ -91.645601926373004, 41.835942254241189 ], [ -91.645591221316963, 41.835949618526428 ], [ -91.645579094378945, 41.835955624879361 ], [ -91.645565850431453, 41.83596012229944 ], [ -91.64555182242897, 41.835962997720927 ], [ -91.645537363037391, 41.835964178855299 ], [ -91.645522835767949, 41.835963636008721 ], [ -91.645508605838316, 41.835961382828373 ], [ -91.645470081218519, 41.835952844738038 ], [ -91.645456457437049, 41.83594892059665 ], [ -91.645443838605743, 41.835943429850943 ], [ -91.645432544320897, 41.835936511564832 ], [ -91.645422860631797, 41.835928340957366 ], [ -91.645415032796052, 41.835919124965066 ], [ -91.645409259067847, 41.835909097000638 ], [ -91.645405685676963, 41.835898511041556 ], [ -91.645392381201106, 41.835858372294723 ], [ -91.645371162639591, 41.835820184403808 ], [ -91.645342511854338, 41.835784814570864 ], [ -91.64530707948127, 41.835753066001828 ], [ -91.645265670154444, 41.835725659667034 ], [ -91.645219224233387, 41.835703217929257 ], [ -91.645168796448786, 41.835686250411165 ], [ -91.645115531951134, 41.835675142422602 ] ] ] ] } },
{ "type": "Feature", "properties": { "PPN": "0310377005", "TotalValue": 849800.0, "PropClass": "R", "pctLandVal": 0.13, "acreVal": 615797.10144927539, "SiteAddres": "1376 SPENCER CT NE", "credits": "HMST", "acres": 1.38, "permitNo": "BLD-26404", "permitType": "Dwelling", "permitDate": "4/4/2016", "permitYr": 2016, "nonmetro": 0 }, "geometry": { "type": "MultiPolygon", "coordinates": [ [ [ [ -91.647538228435494, 41.835416106006932 ], [ -91.647561874407032, 41.83536339293677 ], [ -91.647579225431258, 41.835309328126407 ], [ -91.647590146878173, 41.83525433112456 ], [ -91.647594554012784, 41.835198828712777 ], [ -91.647596224035198, 41.835116980210159 ], [ -91.64883493404011, 41.835131090038892 ], [ -91.648819291819805, 41.83578517521633 ], [ -91.647538228435494, 41.835416106006932 ] ] ] ] } },
{ "type": "Feature", "properties": { "PPN": "1029477006", "TotalValue": 630600.0, "PropClass": "R", "pctLandVal": 0.24, "acreVal": 241609.19540229885, "SiteAddres": "3708 LACINA DR SW", "credits": "HMST", "acres": 2.61, "permitNo": "BLD-17755", "permitType": "Dwelling", "permitDate": "4/8/2013", "permitYr": 2013, "nonmetro": 1 }, "geometry": { "type": "MultiPolygon", "coordinates": [ [ [ [ -91.56874253736467, 41.615573070130395 ], [ -91.569199660727534, 41.615575603861132 ], [ -91.569826982428637, 41.616610571250185 ], [ -91.570059282832489, 41.616611138285514 ], [ -91.570054826153779, 41.616871422681776 ], [ -91.568740248081866, 41.61686570699014 ], [ -91.56874253736467, 41.615573070130395 ] ] ] ] } },
{ "type": "Feature", "properties": { "PPN": "0819203001", "TotalValue": 112700.0, "PropClass": "R", "pctLandVal": 0.98, "acreVal": 26706.161137440758, "SiteAddres": "2847 HIGHWAY 1 NE", "credits": "NONE", "acres": 4.22, "permitNo": "BLD-24-33057", "permitType": "Dwelling", "permitDate": "12/10/2024", "permitYr": 2024, "nonmetro": 1 }, "geometry": { "type": "MultiPolygon", "coordinates": [ [ [ [ -91.477951299186046, 41.725700971466921 ], [ -91.477983850501317, 41.725701244846448 ], [ -91.478109551205748, 41.725702299445437 ], [ -91.479193263078898, 41.725699124124468 ], [ -91.479183602122248, 41.726510415760139 ], [ -91.478100088268278, 41.726514987904295 ], [ -91.478090609654387, 41.727329025873608 ], [ -91.477094300885483, 41.72735241359311 ], [ -91.47719089538603, 41.727082710363362 ], [ -91.477942842281706, 41.725740389399533 ], [ -91.477951299186046, 41.725700971466921 ] ] ] ] } },
{ "type": "Feature", "properties": { "PPN": "0310454006", "TotalValue": 1017600.0, "PropClass": "R", "pctLandVal": 0.1, "acreVal": 925090.90909090894, "SiteAddres": "1384 LAKEWOODS DR NE", "credits": "HMST", "acres": 1.1, "permitNo": "BLD-16348", "permitType": "Dwelling", "permitDate": "8/30/2010", "permitYr": 2010, "nonmetro": 0 }, "geometry": { "type": "MultiPolygon", "coordinates": [ [ [ [ -91.645322184863033, 41.834899084122604 ], [ -91.645065862765136, 41.834831719351129 ], [ -91.6449620723088, 41.834801639558819 ], [ -91.64486102985218, 41.834766716743545 ], [ -91.644763138973005, 41.834727090393372 ], [ -91.644668790659011, 41.834682918782924 ], [ -91.644578361746042, 41.834634378341008 ], [ -91.645367027028968, 41.834027489535082 ], [ -91.645445971382557, 41.834084864089434 ], [ -91.645474458835537, 41.834109402122699 ], [ -91.645497008004114, 41.834137180239694 ], [ -91.645512973564962, 41.834167403482148 ], [ -91.645521898603377, 41.834199206915727 ], [ -91.645523527690159, 41.834231680382608 ], [ -91.645484443628419, 41.834850382183575 ], [ -91.645485662565676, 41.834897758497938 ], [ -91.645495266613295, 41.834944596072788 ], [ -91.645322184863033, 41.834899084122604 ] ] ] ] } },
{ "type": "Feature", "properties": { "PPN": "0310455004", "TotalValue": 539300.0, "PropClass": "R", "pctLandVal": 0.16, "acreVal": 434919.3548387097, "SiteAddres": "1387 LAKEWOODS DR NE", "credits": "NONE", "acres": 1.24, "permitNo": "BLD-16309", "permitType": "Dwelling", "permitDate": "6/14/2010", "permitYr": 2010, "nonmetro": 0 }, "geometry": { "type": "MultiPolygon", "coordinates": [ [ [ [ -91.645486890885977, 41.833885040018778 ], [ -91.646326373928588, 41.833238978043596 ], [ -91.64644041693434, 41.833241084029801 ], [ -91.646421118142811, 41.834028311326655 ], [ -91.64599285894873, 41.83396820283366 ], [ -91.645703334359808, 41.834873813948157 ], [ -91.645743403244353, 41.834239459516134 ], [ -91.64574183157255, 41.834189159099246 ], [ -91.645730813196906, 41.834139524317486 ], [ -91.645710567309663, 41.834091542476706 ], [ -91.645681496649047, 41.834046168001422 ], [ -91.645644179486666, 41.834004303450108 ], [ -91.645599358123917, 41.833966781562623 ], [ -91.645486890885977, 41.833885040018778 ] ] ] ] } },
{ "type": "Feature", "properties": { "PPN": "0310377013", "TotalValue": 693300.0, "PropClass": "R", "pctLandVal": 0.15, "acreVal": 666634.61538461538, "SiteAddres": "1375 SPENCER CT NE", "credits": "HMST", "acres": 1.04, "permitNo": "BLD-22-30767", "permitType": "Dwelling", "permitDate": "4/15/2022", "permitYr": 2022, "nonmetro": 0 }, "geometry": { "type": "MultiPolygon", "coordinates": [ [ [ [ -91.646687557551942, 41.835007464502162 ], [ -91.646909524887846, 41.835037605118323 ], [ -91.646884082335205, 41.8347007713487 ], [ -91.647402287245782, 41.834706668444213 ], [ -91.647387741925186, 41.834763185403162 ], [ -91.647382085795229, 41.834820584021905 ], [ -91.647374415888279, 41.835196302634309 ], [ -91.647368932111135, 41.835251308326299 ], [ -91.647354805460992, 41.835305445492573 ], [ -91.647332233403034, 41.835357957311501 ], [ -91.64730153146877, 41.835408109681708 ], [ -91.647263128846035, 41.835455201484535 ], [ -91.647217562379936, 41.835498574386051 ], [ -91.647165469068398, 41.835537622040469 ], [ -91.647107577157541, 41.835571798567294 ], [ -91.647044695961057, 41.835600626182874 ], [ -91.646977704545947, 41.835623701880124 ], [ -91.646907539442978, 41.835640703062815 ], [ -91.646687557551942, 41.835007464502162 ] ] ] ] } },
{ "type": "Feature", "properties": { "PPN": "0734453002", "TotalValue": 557500.0, "PropClass": "R", "pctLandVal": 0.2, "acreVal": 446000.0, "SiteAddres": "781 LINDER RD NE", "credits": "HMST", "acres": 1.25, "permitNo": "BLD-23-31525", "permitType": "Dwelling", "permitDate": "3/8/2023", "permitYr": 2023, "nonmetro": 1 }, "geometry": { "type": "MultiPolygon", "coordinates": [ [ [ [ -91.531294174634837, 41.687996112835364 ], [ -91.531294017705321, 41.689281725750554 ], [ -91.531230650610453, 41.689305506514209 ], [ -91.531163664454581, 41.689322840533436 ], [ -91.531094220617547, 41.68933342727729 ], [ -91.53102352309196, 41.689337083196449 ], [ -91.530890903421152, 41.689337450557453 ], [ -91.530877736682243, 41.687988757605211 ], [ -91.531154020681612, 41.687995134994274 ], [ -91.531240053642108, 41.687995825796271 ], [ -91.531294174634837, 41.687996112835364 ] ] ] ] } },
{ "type": "Feature", "properties": { "PPN": "1029477005", "TotalValue": 710300.0, "PropClass": "R", "pctLandVal": 0.24, "acreVal": 217883.4355828221, "SiteAddres": "3712 LACINA DR SW", "credits": "HMST, MIL", "acres": 3.26, "permitNo": "BLD-16898", "permitType": "Dwelling", "permitDate": "9/12/2011", "permitYr": 2011, "nonmetro": 1 }, "geometry": { "type": "MultiPolygon", "coordinates": [ [ [ [ -91.568285416436382, 41.615570534636824 ], [ -91.56874253736467, 41.615573070130395 ], [ -91.568740248081866, 41.61686570699014 ], [ -91.570054826153779, 41.616871422681776 ], [ -91.570052475271069, 41.617008630378074 ], [ -91.567454036030981, 41.616997318978108 ], [ -91.568285416436382, 41.615570534636824 ] ] ] ] } },
{ "type": "Feature", "properties": { "PPN": "0734453001", "TotalValue": 725500.0, "PropClass": "R", "pctLandVal": 0.15, "acreVal": 740306.12244897964, "SiteAddres": "791 LINDER RD NE", "credits": "HMST", "acres": 0.98, "permitNo": "BLD-18-27935", "permitType": "Dwelling", "permitDate": "8/28/2018", "permitYr": 2018, "nonmetro": 1 }, "geometry": { "type": "MultiPolygon", "coordinates": [ [ [ [ -91.530562515630677, 41.688349769669067 ], [ -91.530558958712149, 41.68798522191635 ], [ -91.530877736682243, 41.687988757605211 ], [ -91.530890903421152, 41.689337450557453 ], [ -91.530572165545109, 41.689338334943088 ], [ -91.53056787940281, 41.688899252971545 ], [ -91.530562515630677, 41.688349769669067 ] ] ] ] } },
{ "type": "Feature", "properties": { "PPN": "0310377007", "TotalValue": 676500.0, "PropClass": "R", "pctLandVal": 0.15, "acreVal": 609459.45945945941, "SiteAddres": "1384 SPENCER CT NE", "credits": "HMST", "acres": 1.11, "permitNo": "BLD-17780", "permitType": "Dwelling", "permitDate": "4/16/2013", "permitYr": 2013, "nonmetro": 0 }, "geometry": { "type": "MultiPolygon", "coordinates": [ [ [ [ -91.647672079333631, 41.834388474339363 ], [ -91.648856675730073, 41.834221729174764 ], [ -91.648844587591611, 41.834727347986991 ], [ -91.647629020771433, 41.834713522129299 ], [ -91.647672414745244, 41.834609032543547 ], [ -91.647686681396223, 41.834565559388373 ], [ -91.647693832875802, 41.834521116746217 ], [ -91.647693764787689, 41.834476353475445 ], [ -91.647686478140784, 41.834431923114323 ], [ -91.647672079333631, 41.834388474339363 ] ] ] ] } },
{ "type": "Feature", "properties": { "PPN": "0310377009", "TotalValue": 976700.0, "PropClass": "R", "pctLandVal": 0.12, "acreVal": 536648.35164835164, "SiteAddres": "1390 SPENCER CT NE", "credits": "HMST", "acres": 1.82, "permitNo": "BLD-16174", "permitType": "Dwelling", "permitDate": "2/19/2010", "permitYr": 2010, "nonmetro": 0 }, "geometry": { "type": "MultiPolygon", "coordinates": [ [ [ [ -91.647395072248202, 41.833854270986215 ], [ -91.648030536038092, 41.833259800485671 ], [ -91.648879439739702, 41.833269782992147 ], [ -91.64886547769126, 41.833853653260121 ], [ -91.647585182341857, 41.834016438130703 ], [ -91.647574586330308, 41.833985027302425 ], [ -91.647557531254705, 41.833955248991892 ], [ -91.647534439652233, 41.833927840937847 ], [ -91.647505883609043, 41.833903482156572 ], [ -91.647472570586913, 41.833882776119964 ], [ -91.647435325895941, 41.833866235805154 ], [ -91.647395072248202, 41.833854270986215 ] ] ] ] } },
{ "type": "Feature", "properties": { "PPN": "0310455003", "TotalValue": 531400.0, "PropClass": "R", "pctLandVal": 0.19, "acreVal": 520980.39215686277, "SiteAddres": "1389 LAKEWOODS DR NE", "credits": "HMST, MIL", "acres": 1.02, "permitNo": "BLD-26882", "permitType": "Dwelling", "permitDate": "11/2/2016", "permitYr": 2016, "nonmetro": 0 }, "geometry": { "type": "MultiPolygon", "coordinates": [ [ [ [ -91.645099371226522, 41.833708232650551 ], [ -91.645285780109617, 41.833219757424182 ], [ -91.646326373928588, 41.833238978043596 ], [ -91.645486890885977, 41.833885040018778 ], [ -91.645455918337049, 41.833862531756992 ], [ -91.64539347162426, 41.833821421074617 ], [ -91.645325916139825, 41.83378510827972 ], [ -91.645253908349972, 41.83375394623561 ], [ -91.645178147982321, 41.83372823775354 ], [ -91.645099371226522, 41.833708232650551 ] ] ] ] } },
{ "type": "Feature", "properties": { "PPN": "1533180008", "TotalValue": 542700.0, "PropClass": "R", "pctLandVal": 0.16, "acreVal": 239074.88986784141, "SiteAddres": "3980 WINDWOOD RD SE", "credits": "HMST", "acres": 2.27, "permitNo": "BLD-25512", "permitType": "Dwelling", "permitDate": "11/12/2014", "permitYr": 2014, "nonmetro": 1 }, "geometry": { "type": "MultiPolygon", "coordinates": [ [ [ [ -91.543501841494503, 41.519491844816976 ], [ -91.543532737946848, 41.519497498710081 ], [ -91.543564471040725, 41.519499038113146 ], [ -91.543596078244903, 41.5194964163328 ], [ -91.54362660084675, 41.519489712893183 ], [ -91.543655113032472, 41.519479131123603 ], [ -91.54368074996944, 41.519464991991015 ], [ -91.543702734038661, 41.519447724364447 ], [ -91.543720398421655, 41.519427852006139 ], [ -91.54373320732627, 41.519405977684677 ], [ -91.543740772238039, 41.519382764891567 ], [ -91.543742863704054, 41.519358917716154 ], [ -91.543739418292134, 41.519335159489053 ], [ -91.543730540514019, 41.519312210842116 ], [ -91.544070966282547, 41.519212941549426 ], [ -91.54588693375473, 41.519191084956809 ], [ -91.545894599852332, 41.519410896303 ], [ -91.545902722802225, 41.519643767451825 ], [ -91.5436579007402, 41.51967078315073 ], [ -91.543501841494503, 41.519491844816976 ] ] ] ] } },
{ "type": "Feature", "properties": { "PPN": "1505452001", "TotalValue": 252600.0, "PropClass": "R", "pctLandVal": 0.32, "acreVal": 126934.67336683419, "SiteAddres": "3707 475TH ST SW", "credits": "NONE", "acres": 1.99, "permitNo": "BLD-24-32606", "permitType": "Dwelling", "permitDate": "6/11/2024", "permitYr": 2024, "nonmetro": 1 }, "geometry": { "type": "MultiPolygon", "coordinates": [ [ [ [ -91.569433631244991, 41.585632250448157 ], [ -91.570301126298929, 41.585638581474456 ], [ -91.57028094821284, 41.58719785860616 ], [ -91.570242765035346, 41.587198342895668 ], [ -91.570096526834504, 41.587200081016064 ], [ -91.570109846503243, 41.586171138248147 ], [ -91.569308796431969, 41.586165291048353 ], [ -91.569306843846078, 41.586315951974527 ], [ -91.568838970453527, 41.586312534432594 ], [ -91.568844164165881, 41.585911868656126 ], [ -91.569429953980972, 41.585916147341997 ], [ -91.569433631244991, 41.585632250448157 ] ] ] ] } },
{ "type": "Feature", "properties": { "PPN": "0310377008", "TotalValue": 1018300.0, "PropClass": "R", "pctLandVal": 0.1, "acreVal": 934220.18348623847, "SiteAddres": "1388 SPENCER CT NE", "credits": "HMST", "acres": 1.09, "permitNo": "BLD-27270", "permitType": "Dwelling", "permitDate": "7/14/2017", "permitYr": 2017, "nonmetro": 0 }, "geometry": { "type": "MultiPolygon", "coordinates": [ [ [ [ -91.647585182341857, 41.834016438130703 ], [ -91.64886547769126, 41.833853653260121 ], [ -91.648856675730073, 41.834221729174764 ], [ -91.647672079333631, 41.834388474339363 ], [ -91.647655796757945, 41.834355234544788 ], [ -91.647635346327945, 41.83432330875381 ], [ -91.64755621956229, 41.834213579706926 ], [ -91.647550172064939, 41.834203236521496 ], [ -91.647546474442962, 41.834192291686406 ], [ -91.647545226810081, 41.834181041538358 ], [ -91.6475464629453, 41.834169790680406 ], [ -91.64755014937839, 41.834158843734741 ], [ -91.647556186296356, 41.834148497094745 ], [ -91.647574374274896, 41.834117295806863 ], [ -91.647585437465509, 41.834084279386744 ], [ -91.64758907329761, 41.834050350843242 ], [ -91.647585182341857, 41.834016438130703 ] ] ] ] } },
{ "type": "Feature", "properties": { "PPN": "1033352001", "TotalValue": 311400.0, "PropClass": "R", "pctLandVal": 0.23, "acreVal": 128148.14814814815, "SiteAddres": "4564 DANE RD SW", "credits": "HMST", "acres": 2.43, "permitNo": "BLD-21-30412", "permitType": "Dwelling", "permitDate": "10/20/2021", "permitYr": 2021, "nonmetro": 1 }, "geometry": { "type": "MultiPolygon", "coordinates": [ [ [ [ -91.560620008391354, 41.600734448740923 ], [ -91.560594873366739, 41.601879863078153 ], [ -91.559669696544987, 41.601868420865067 ], [ -91.559694847795953, 41.600723006724621 ], [ -91.560620008391354, 41.600734448740923 ] ] ] ] } },
{ "type": "Feature", "properties": { "PPN": "0310455002", "TotalValue": 493800.0, "PropClass": "R", "pctLandVal": 0.2, "acreVal": 493800.0, "SiteAddres": "1391 LAKEWOODS DR NE", "credits": "NONE", "acres": 1.0, "permitNo": "BLD-17825", "permitType": "Dwelling", "permitDate": "5/21/2013", "permitYr": 2013, "nonmetro": 0 }, "geometry": { "type": "MultiPolygon", "coordinates": [ [ [ [ -91.644156082633302, 41.83319887678622 ], [ -91.645285780109617, 41.833219757424182 ], [ -91.645099371226522, 41.833708232650551 ], [ -91.645017466282439, 41.833694006511827 ], [ -91.644934075005366, 41.833685946297777 ], [ -91.644850025173668, 41.833684132017638 ], [ -91.644766151102218, 41.833688581680718 ], [ -91.644683285361353, 41.833699251117736 ], [ -91.644602250513188, 41.833716034419126 ], [ -91.644472158363186, 41.833748277898366 ], [ -91.644156082633302, 41.83319887678622 ] ] ] ] } },
{ "type": "Feature", "properties": { "PPN": "0315107001", "TotalValue": 689900.0, "PropClass": "R", "pctLandVal": 0.1, "acreVal": 689900.0, "SiteAddres": "2927 BLUE RIDGE CT NE", "credits": "NONE", "acres": 1.0, "permitNo": "BLD-26598", "permitType": "Dwelling", "permitDate": "6/23/2016", "permitYr": 2016, "nonmetro": 1 }, "geometry": { "type": "MultiPolygon", "coordinates": [ [ [ [ -91.637137406567831, 41.829358146412879 ], [ -91.637817586408659, 41.829365400229605 ], [ -91.637803162418095, 41.830051086417313 ], [ -91.637211333806832, 41.830052162289221 ], [ -91.637137406567831, 41.829358146412879 ] ] ] ] } },
{ "type": "Feature", "properties": { "PPN": "0307149023", "TotalValue": 247900.0, "PropClass": "R", "pctLandVal": 0.14, "acreVal": 349154.92957746482, "SiteAddres": "320 AMY ST SW", "credits": "NONE", "acres": 0.71, "permitNo": "BLD-18-27653", "permitType": "Dwelling", "permitDate": "3/9/2018", "permitYr": 2018, "nonmetro": 1 }, "geometry": { "type": "MultiPolygon", "coordinates": [ [ [ [ -91.705002985549271, 41.846177130334304 ], [ -91.705006781877941, 41.846518274873766 ], [ -91.704222506684999, 41.846518057647842 ], [ -91.704183548150155, 41.846458138628478 ], [ -91.704138803439619, 41.846400523446263 ], [ -91.704088514755014, 41.846345523951022 ], [ -91.704032954303443, 41.846293437834142 ], [ -91.703972422823838, 41.846244547017271 ], [ -91.70400405393184, 41.846221174945313 ], [ -91.704040601489794, 41.846202231672137 ], [ -91.704080970418815, 41.846188284795488 ], [ -91.704123951142762, 41.846179752205622 ], [ -91.704168255830297, 41.846176889564433 ], [ -91.705002985549271, 41.846177130334304 ] ] ] ] } },
{ "type": "Feature", "properties": { "PPN": "0728453001", "TotalValue": 731000.0, "PropClass": "R", "pctLandVal": 0.11, "acreVal": 1405769.2307692308, "SiteAddres": "3901 HENSLEIGH DR NE", "credits": "NONE", "acres": 0.52, "permitNo": "BLD-24931", "permitType": "Dwelling", "permitDate": "11/21/2013", "permitYr": 2013, "nonmetro": 0 }, "geometry": { "type": "MultiPolygon", "coordinates": [ [ [ [ -91.550103476431687, 41.704278320960427 ], [ -91.550062619969125, 41.704278327940081 ], [ -91.550064527646157, 41.703921187348911 ], [ -91.550705364195636, 41.703923112956147 ], [ -91.550703471654145, 41.704278217516787 ], [ -91.550103476431687, 41.704278320960427 ] ] ] ] } },
{ "type": "Feature", "properties": { "PPN": "1126152004", "TotalValue": 345000.0, "PropClass": "R", "pctLandVal": 0.2, "acreVal": 345000.0, "SiteAddres": "4285 PHEBE LN SW", "credits": "HMST", "acres": 1.0, "permitNo": "BLD-26668", "permitType": "Dwelling", "permitDate": "8/9/2016", "permitYr": 2016, "nonmetro": 1 }, "geometry": { "type": "MultiPolygon", "coordinates": [ [ [ [ -91.624469754842025, 41.622209682424867 ], [ -91.624506131092645, 41.622207151990011 ], [ -91.624541443823972, 41.622200128444135 ], [ -91.624574714386213, 41.622188806436377 ], [ -91.624605020727046, 41.622173499742537 ], [ -91.624631522945549, 41.622154632568908 ], [ -91.62465348656923, 41.62213272779573 ], [ -91.62467030290891, 41.622108392485998 ], [ -91.624681505927498, 41.622082301061226 ], [ -91.624686785155049, 41.622055176610559 ], [ -91.624685994292392, 41.622027770851226 ], [ -91.625272650112578, 41.622359335693503 ], [ -91.624847894820803, 41.622692076240369 ], [ -91.624667950169396, 41.622813674270127 ], [ -91.624240560003926, 41.62280686194218 ], [ -91.624469754842025, 41.622209682424867 ] ] ] ] } },
{ "type": "Feature", "properties": { "PPN": "0230476001", "TotalValue": 964400.0, "PropClass": "R", "pctLandVal": 0.21, "acreVal": 343202.84697508893, "SiteAddres": "3574 CUMBERLAND RIDGE RD NE", "credits": "HMST", "acres": 2.81, "permitNo": "BLD-25811", "permitType": "Dwelling", "permitDate": "5/26/2015", "permitYr": 2015, "nonmetro": 1 }, "geometry": { "type": "MultiPolygon", "coordinates": [ [ [ [ -91.579011068216388, 41.789659808855802 ], [ -91.579725765143351, 41.789951400084107 ], [ -91.58133260368011, 41.789973790316594 ], [ -91.581515916346447, 41.789976343971865 ], [ -91.581713747333538, 41.789979098272539 ], [ -91.581703335879865, 41.79039828807425 ], [ -91.579004353889758, 41.790360283419858 ], [ -91.579011068216388, 41.789659808855802 ] ] ] ] } },
{ "type": "Feature", "properties": { "PPN": "0734428002", "TotalValue": 1811299.9999999998, "PropClass": "R", "pctLandVal": 0.07, "acreVal": 624586.20689655177, "SiteAddres": "13 LINDER VALLEY CIR NE", "credits": "NONE", "acres": 2.9, "permitNo": "BLD-23-32041", "permitType": "Dwelling", "permitDate": "9/29/2023", "permitYr": 2023, "nonmetro": 1 }, "geometry": { "type": "MultiPolygon", "coordinates": [ [ [ [ -91.530616950209492, 41.693118118504181 ], [ -91.529056301059356, 41.693104337539694 ], [ -91.529048997085923, 41.692687307126675 ], [ -91.529249030824417, 41.692427417302262 ], [ -91.529246229558737, 41.692267189105038 ], [ -91.530610352093234, 41.692253760164235 ], [ -91.530616950209492, 41.693118118504181 ] ] ] ] } },
{ "type": "Feature", "properties": { "PPN": "1709185002", "TotalValue": 283100.0, "PropClass": "R", "pctLandVal": 0.1, "acreVal": 1348095.2380952381, "SiteAddres": "220 TAYLOR DR", "credits": "NONE", "acres": 0.21, "permitNo": "BLD-20-29069", "permitType": "Dwelling", "permitDate": "5/6/2020", "permitYr": 2020, "nonmetro": 1 }, "geometry": { "type": "MultiPolygon", "coordinates": [ [ [ [ -91.429052400971472, 41.489491269936671 ], [ -91.429051087682836, 41.489806913929939 ], [ -91.428759098994618, 41.489804833291295 ], [ -91.428760216172819, 41.489530633127565 ], [ -91.42876092161822, 41.489524168153324 ], [ -91.428762968884143, 41.489517866754824 ], [ -91.428766307140791, 41.489511885382932 ], [ -91.428770853505739, 41.489506372542806 ], [ -91.4287764951018, 41.489501465106969 ], [ -91.428783091859572, 41.489497284916915 ], [ -91.428790479995016, 41.489493935758155 ], [ -91.428798476075912, 41.48949150078333 ], [ -91.428806881576122, 41.489490040447841 ], [ -91.428815487804499, 41.48948959100877 ], [ -91.429052400971472, 41.489491269936671 ] ] ] ] } },
{ "type": "Feature", "properties": { "PPN": "0708476014", "TotalValue": 815000.0, "PropClass": "R", "pctLandVal": 0.22, "acreVal": 761682.24299065419, "SiteAddres": "3752 CARDINAL CT NE", "credits": "HMST", "acres": 1.07, "permitNo": "BLD-25215", "permitType": "Dwelling", "permitDate": "6/26/2014", "permitYr": 2014, "nonmetro": 1 }, "geometry": { "type": "MultiPolygon", "coordinates": [ [ [ [ -91.566215834825712, 41.746073822174814 ], [ -91.565427663644115, 41.745580193848689 ], [ -91.565430394275239, 41.745558035271678 ], [ -91.565428306215281, 41.745535837542697 ], [ -91.565421454390602, 41.745514184520403 ], [ -91.566391621849107, 41.745277953793519 ], [ -91.566388188785325, 41.745497092681269 ], [ -91.566391073247004, 41.745716235987928 ], [ -91.566400273953477, 41.745935281576202 ], [ -91.566415786680196, 41.746154127353421 ], [ -91.566361943346394, 41.746139905649066 ], [ -91.56631031642813, 41.746121647377755 ], [ -91.566261443847296, 41.746099542780527 ], [ -91.566215834825712, 41.746073822174814 ] ] ] ] } },
{ "type": "Feature", "properties": { "PPN": "0222257009", "TotalValue": 661300.0, "PropClass": "R", "pctLandVal": 0.12, "acreVal": 1322600.0, "SiteAddres": "4009 CREST VIEW RD NE", "credits": "HMST", "acres": 0.5, "permitNo": "BLD-27383", "permitType": "Dwelling", "permitDate": "8/23/2017", "permitYr": 2017, "nonmetro": 1 }, "geometry": { "type": "MultiPolygon", "coordinates": [ [ [ [ -91.539101728520379, 41.810799283101439 ], [ -91.53912227945726, 41.810250819973696 ], [ -91.539525606806947, 41.810259202392722 ], [ -91.539505058514777, 41.810807610643238 ], [ -91.539101728520379, 41.810799283101439 ] ] ] ] } },
{ "type": "Feature", "properties": { "PPN": "1709152002", "TotalValue": 311900.0, "PropClass": "R", "pctLandVal": 0.09, "acreVal": 1485238.0952380954, "SiteAddres": "316 TAYLOR DR", "credits": "NONE", "acres": 0.21, "permitNo": "BLD-21-29799", "permitType": "Dwelling", "permitDate": "3/16/2021", "permitYr": 2021, "nonmetro": 1 }, "geometry": { "type": "MultiPolygon", "coordinates": [ [ [ [ -91.430803031972587, 41.489819313143471 ], [ -91.430804336834882, 41.489503668231258 ], [ -91.431096324556819, 41.489505733805984 ], [ -91.431095022329288, 41.489821377842532 ], [ -91.430803031972587, 41.489819313143471 ] ] ] ] } },
{ "type": "Feature", "properties": { "PPN": "0710355002", "TotalValue": 1115900.0, "PropClass": "R", "pctLandVal": 0.18, "acreVal": 111590.0, "SiteAddres": "3998 STARRY NIGHT LN NE", "credits": "NONE", "acres": 10.0, "permitNo": "BLD-19-28664", "permitType": "Dwelling", "permitDate": "9/24/2019", "permitYr": 2019, "nonmetro": 1 }, "geometry": { "type": "MultiPolygon", "coordinates": [ [ [ [ -91.539404301789872, 41.747740517865466 ], [ -91.539121181715231, 41.746522079993461 ], [ -91.539752798535787, 41.745632350718424 ], [ -91.542173016760913, 41.745996892925213 ], [ -91.540013009287165, 41.74824325807149 ], [ -91.539723641500331, 41.748259660081445 ], [ -91.539708230196069, 41.748151162082003 ], [ -91.539684034362665, 41.748043567051489 ], [ -91.539651143657437, 41.747937273489427 ], [ -91.539609679939232, 41.747832675073269 ], [ -91.539598453292157, 41.747812682898079 ], [ -91.539583160554145, 41.747794265155171 ], [ -91.539564183776832, 41.747777881962904 ], [ -91.539541997046783, 41.747763942611492 ], [ -91.539517154641501, 41.747752795338151 ], [ -91.539490277182367, 41.747744718627303 ], [ -91.539462036130175, 41.747739914253572 ], [ -91.539433137010818, 41.747738502241219 ], [ -91.539404301789872, 41.747740517865466 ] ] ] ] } },
{ "type": "Feature", "properties": { "PPN": "0715401003", "TotalValue": 506200.0, "PropClass": "R", "pctLandVal": 0.32, "acreVal": 62186.732186732181, "SiteAddres": "2748 ANCHORAGE RD NE", "credits": "HMST", "acres": 8.14, "permitNo": "BLD-21-29952", "permitType": "Dwelling", "permitDate": "6/11/2021", "permitYr": 2021, "nonmetro": 1 }, "geometry": { "type": "MultiPolygon", "coordinates": [ [ [ [ -91.524687261173355, 41.734767825394485 ], [ -91.524687498639466, 41.733373530843508 ], [ -91.524568503540863, 41.733139901976152 ], [ -91.526024361477511, 41.733151510238599 ], [ -91.526293203924467, 41.733537756206445 ], [ -91.526423886668113, 41.733738117786459 ], [ -91.52652721164857, 41.733896605165448 ], [ -91.52674596035196, 41.734234474417072 ], [ -91.526811539065335, 41.734344089012282 ], [ -91.526896069367965, 41.73447322254875 ], [ -91.527128522740412, 41.734975756669066 ], [ -91.527151884544338, 41.735189645928642 ], [ -91.527150558851545, 41.735202532419564 ], [ -91.527010417570906, 41.735177931828332 ], [ -91.526675064476905, 41.735118735176798 ], [ -91.524687261173355, 41.734767825394485 ] ] ] ] } },
{ "type": "Feature", "properties": { "PPN": "0310454001", "TotalValue": 634900.0, "PropClass": "R", "pctLandVal": 0.16, "acreVal": 604666.66666666663, "SiteAddres": "1350 SOUTHVIEW LN NE", "credits": "HMST", "acres": 1.05, "permitNo": "BLD-17574", "permitType": "Dwelling", "permitDate": "11/6/2012", "permitYr": 2012, "nonmetro": 0 }, "geometry": { "type": "MultiPolygon", "coordinates": [ [ [ [ -91.644557501873734, 41.836766903998125 ], [ -91.644895494876252, 41.836195262819473 ], [ -91.644949239532068, 41.836209417595541 ], [ -91.64500526646556, 41.836217179383411 ], [ -91.645062224722011, 41.836218361026191 ], [ -91.645118740889274, 41.836212934031451 ], [ -91.645173452215516, 41.836201029258106 ], [ -91.645225039469921, 41.836182933761101 ], [ -91.645272258753721, 41.836159083869411 ], [ -91.64531397149463, 41.836130054664785 ], [ -91.645324678284737, 41.836122631894156 ], [ -91.64533682410044, 41.836116573373516 ], [ -91.645350101315259, 41.836112032551561 ], [ -91.645364173647152, 41.836109124437016 ], [ -91.645378684675777, 41.836107922685883 ], [ -91.645393266869647, 41.836108457735762 ], [ -91.645407550894859, 41.836110716035058 ], [ -91.645452408095295, 41.836120655492884 ], [ -91.645467136257196, 41.836124983189784 ], [ -91.645480650796486, 41.836131139363516 ], [ -91.645492549585214, 41.836138940836001 ], [ -91.645502478572013, 41.836148155472955 ], [ -91.645510142316979, 41.836158509090993 ], [ -91.645515312782621, 41.836169693615901 ], [ -91.645517836119225, 41.836181376249655 ], [ -91.645517637242861, 41.836193209372581 ], [ -91.645514722069677, 41.836204840887007 ], [ -91.645251552912185, 41.836911467672898 ], [ -91.644557501873734, 41.836766903998125 ] ] ] ] } },
{ "type": "Feature", "properties": { "PPN": "0709404002", "TotalValue": 1771800.0, "PropClass": "R", "pctLandVal": 0.11, "acreVal": 177180.0, "SiteAddres": "3990 STARRY NIGHT CT NE", "credits": "HMST", "acres": 10.0, "permitNo": "BLD-16201", "permitType": "Dwelling", "permitDate": "5/21/2010", "permitYr": 2010, "nonmetro": 1 }, "geometry": { "type": "MultiPolygon", "coordinates": [ [ [ [ -91.540858351131803, 41.74882731806219 ], [ -91.540899303234212, 41.748794917485228 ], [ -91.540936063753293, 41.748759810889673 ], [ -91.540968315468689, 41.748722301230174 ], [ -91.540995780070503, 41.748682712198246 ], [ -91.541001976010861, 41.748674573161303 ], [ -91.541009930092557, 41.748667341822205 ], [ -91.541019410560438, 41.748661228877339 ], [ -91.541030141185914, 41.748656412436851 ], [ -91.541041809315345, 41.74865303283525 ], [ -91.541069810737227, 41.748645006942773 ], [ -91.541095689440496, 41.748633668693849 ], [ -91.541118752498505, 41.748619321681325 ], [ -91.541138382377355, 41.748602350060473 ], [ -91.541154053471089, 41.748583208262581 ], [ -91.541165346175177, 41.74856240882724 ], [ -91.541171958121467, 41.748540508678204 ], [ -91.541173712274002, 41.748518094211363 ], [ -91.541170561668835, 41.748495765593283 ], [ -91.541162590671007, 41.748474120691291 ], [ -91.541150012715022, 41.74845373906507 ], [ -91.54113316458961, 41.748435166448537 ], [ -91.542208415659161, 41.747785768874543 ], [ -91.543513334113996, 41.747062904620925 ], [ -91.544103521029115, 41.748508260791169 ], [ -91.54174172321494, 41.749759259993191 ], [ -91.540858351131803, 41.74882731806219 ] ] ] ] } },
{ "type": "Feature", "properties": { "PPN": "0314153002", "TotalValue": 1327100.0000000002, "PropClass": "R", "pctLandVal": 0.24, "acreVal": 80430.303030303025, "SiteAddres": "3127 SANDY BEACH RD NE", "credits": "NONE", "acres": 16.5, "permitNo": "BLD-24920", "permitType": "Dwelling", "permitDate": "11/22/2013", "permitYr": 2013, "nonmetro": 1 }, "geometry": { "type": "MultiPolygon", "coordinates": [ [ [ [ -91.623390161303107, 41.826080083843479 ], [ -91.624839536010953, 41.826084354698494 ], [ -91.624850584454521, 41.825754958280484 ], [ -91.625038111378217, 41.825755349184419 ], [ -91.625574427639407, 41.825756466803981 ], [ -91.626110743944892, 41.825757581050098 ], [ -91.626839786896639, 41.825759091652237 ], [ -91.62682629513391, 41.827144244561111 ], [ -91.626814677191845, 41.828338791845482 ], [ -91.626812680402054, 41.828544099627592 ], [ -91.626033430372928, 41.828499716245801 ], [ -91.626026327443384, 41.828671497686187 ], [ -91.625878671996261, 41.828519542717245 ], [ -91.62570612840733, 41.828341942576031 ], [ -91.625503923151683, 41.828133807727738 ], [ -91.625488673181579, 41.82811842479088 ], [ -91.625473131943153, 41.828103205556395 ], [ -91.625457305401952, 41.828088151921371 ], [ -91.625441194631861, 41.828073268405767 ], [ -91.625424803191422, 41.828058556867838 ], [ -91.625408134613266, 41.828044020066024 ], [ -91.625391191200649, 41.828029661639526 ], [ -91.625373978867188, 41.828015485285675 ], [ -91.625356498790353, 41.828001491923864 ], [ -91.625338754450894, 41.827987686112778 ], [ -91.6253207518143, 41.827974069749565 ], [ -91.625302490828673, 41.82796064463431 ], [ -91.625283979788534, 41.827947415403351 ], [ -91.625265217438454, 41.827934383837324 ], [ -91.625246210947452, 41.827921551852839 ], [ -91.625226963822001, 41.827908923108403 ], [ -91.62520747841711, 41.827896499443 ], [ -91.625187760646256, 41.827884284553917 ], [ -91.625167811686978, 41.827872279360648 ], [ -91.625147637478605, 41.827860486660377 ], [ -91.625127242757131, 41.827848909230987 ], [ -91.62510662987745, 41.827837548911475 ], [ -91.625085803549553, 41.827826409379689 ], [ -91.625064768587208, 41.827815490713242 ], [ -91.625043528496832, 41.827804796570653 ], [ -91.625022088066345, 41.827794327929588 ], [ -91.625000450776128, 41.827784089348718 ], [ -91.624978622643383, 41.827774080924947 ], [ -91.624956607226466, 41.82776430451662 ], [ -91.624934408057754, 41.827754762882293 ], [ -91.624912028747445, 41.827745456079988 ], [ -91.624889477563968, 41.827736389646212 ], [ -91.62486675576244, 41.82772756180001 ], [ -91.624843869256225, 41.827718976238742 ], [ -91.624820821629498, 41.82771063392078 ], [ -91.624797620025021, 41.827702537662709 ], [ -91.624774265645996, 41.827694687483898 ], [ -91.624750764431724, 41.827687086181697 ], [ -91.624727122373301, 41.827679734753062 ], [ -91.624703343028941, 41.827672635056508 ], [ -91.624679432415718, 41.82766578718887 ], [ -91.624655392836502, 41.827659194789462 ], [ -91.624631231537748, 41.82765285707444 ], [ -91.62460695328113, 41.827646775921707 ], [ -91.62458256159897, 41.827640954089709 ], [ -91.624532466557696, 41.827629286552337 ], [ -91.624419716392993, 41.827603022895659 ], [ -91.624357131467761, 41.827589541858913 ], [ -91.623896508836424, 41.827481876668784 ], [ -91.623745884021858, 41.827448367001317 ], [ -91.62360456610881, 41.827403430034124 ], [ -91.623492028576607, 41.82736105650627 ], [ -91.623422528700516, 41.827309788542109 ], [ -91.623295085345646, 41.827177414229332 ], [ -91.623242266947187, 41.827060266508525 ], [ -91.623236018728164, 41.827021854153379 ], [ -91.623235787794002, 41.826847118503622 ], [ -91.623245943178986, 41.826700571567095 ], [ -91.623304158568374, 41.826302207102046 ], [ -91.623305329355148, 41.826297974566657 ], [ -91.623306512150137, 41.826293743125632 ], [ -91.623307706927392, 41.826289513679065 ], [ -91.623308911279935, 41.826285286188096 ], [ -91.623310128792198, 41.826281061611105 ], [ -91.623311355931733, 41.826276837189468 ], [ -91.623312595027514, 41.826272615662418 ], [ -91.623313846131538, 41.826268395229697 ], [ -91.623315107988276, 41.826264177672108 ], [ -91.623316381853243, 41.826259961208883 ], [ -91.623317665293598, 41.826255746701236 ], [ -91.623318961919523, 41.826251534207451 ], [ -91.623320268120807, 41.826247323669278 ], [ -91.6233215863043, 41.826243115125543 ], [ -91.62332291526657, 41.826238908556803 ], [ -91.623324257414467, 41.826234704001948 ], [ -91.62332560913768, 41.826230501402726 ], [ -91.623326971613693, 41.826226301678588 ], [ -91.623328346097921, 41.826222103048821 ], [ -91.623329732564287, 41.826217906413504 ], [ -91.623331129783395, 41.826213712653292 ], [ -91.623332537781337, 41.826209520868112 ], [ -91.623333956583963, 41.826205330157819 ], [ -91.623335387342792, 41.826201142342093 ], [ -91.623336828880383, 41.826196956501413 ], [ -91.623338282400155, 41.826192772655119 ], [ -91.623339746672727, 41.82618859168403 ], [ -91.623341221749968, 41.826184411787771 ], [ -91.623342708783412, 41.826180234786122 ], [ -91.623344206569641, 41.826176060659584 ], [ -91.623345716338051, 41.826171888527476 ], [ -91.623347235707698, 41.826167717450836 ], [ -91.62334876703359, 41.826163549268756 ], [ -91.623350309112212, 41.826159383961837 ], [ -91.623351863172999, 41.826155220649348 ], [ -91.623353426809047, 41.826151059292428 ], [ -91.623355003604757, 41.826146900849494 ], [ -91.623356591179203, 41.826142744381592 ], [ -91.623358188276939, 41.826138591669491 ], [ -91.623359797408796, 41.826134439151609 ], [ -91.623361418470878, 41.826130290428367 ], [ -91.623363049108221, 41.826126143660737 ], [ -91.623364692905199, 41.8261219998071 ], [ -91.623366345074047, 41.826117857889599 ], [ -91.623368010402444, 41.826113718886063 ], [ -91.623390161303107, 41.826080083843479 ] ] ] ] } },
{ "type": "Feature", "properties": { "PPN": "0310309005", "TotalValue": 830100.0, "PropClass": "R", "pctLandVal": 0.12, "acreVal": 709487.17948717938, "SiteAddres": "2891 SYDNEY CT NE", "credits": "HMST", "acres": 1.17, "permitNo": "BLD-22-31273", "permitType": "Dwelling", "permitDate": "9/30/2022", "permitYr": 2022, "nonmetro": 0 }, "geometry": { "type": "MultiPolygon", "coordinates": [ [ [ [ -91.646556497166102, 41.836833334061843 ], [ -91.646799648792253, 41.836837477359438 ], [ -91.647258549951076, 41.83684529256049 ], [ -91.647238195746411, 41.837514699519254 ], [ -91.647217879865892, 41.837525319363898 ], [ -91.64719966347549, 41.837537890083752 ], [ -91.647183879039858, 41.837552182253383 ], [ -91.647170814639139, 41.837567935029298 ], [ -91.647160406391606, 41.837579955414867 ], [ -91.647147370198013, 41.837590445138268 ], [ -91.647132100506767, 41.837599086801134 ], [ -91.647115059348096, 41.837605618923661 ], [ -91.647096762353868, 41.837609843856512 ], [ -91.647077763155522, 41.837611633761433 ], [ -91.64659666666752, 41.837625377647846 ], [ -91.646556497166102, 41.836833334061843 ] ] ] ] } },
{ "type": "Feature", "properties": { "PPN": "0710355003", "TotalValue": 1159200.0, "PropClass": "R", "pctLandVal": 0.17, "acreVal": 115920.0, "SiteAddres": "3994 STARRY NIGHT CT NE", "credits": "HMST", "acres": 10.0, "permitNo": "BLD-18-28031", "permitType": "Dwelling", "permitDate": "9/25/2018", "permitYr": 2018, "nonmetro": 1 }, "geometry": { "type": "MultiPolygon", "coordinates": [ [ [ [ -91.539703554325683, 41.74866297545757 ], [ -91.539719967420737, 41.748562625583155 ], [ -91.539728800986055, 41.748461742417128 ], [ -91.53973002696695, 41.748360646758734 ], [ -91.539723641500331, 41.748259660081445 ], [ -91.540013009287165, 41.74824325807149 ], [ -91.542173016760913, 41.745996892925213 ], [ -91.5432980541391, 41.746535673172708 ], [ -91.543513334113996, 41.747062904620925 ], [ -91.542208415659161, 41.747785768874543 ], [ -91.54113316458961, 41.748435166448537 ], [ -91.541111402954726, 41.748418175581833 ], [ -91.541086083158845, 41.748404220649626 ], [ -91.541057950585525, 41.7483937124668 ], [ -91.541027833421424, 41.74838696038033 ], [ -91.540996618275884, 41.748384163162591 ], [ -91.540965224080765, 41.748385403159915 ], [ -91.540934575038818, 41.748390643868433 ], [ -91.54090557341685, 41.748399731008746 ], [ -91.540879072984737, 41.74841239706754 ], [ -91.540855853881837, 41.748428269172713 ], [ -91.540836599650959, 41.748446880070155 ], [ -91.54082187711559, 41.748467681878807 ], [ -91.540812119693271, 41.748490062219389 ], [ -91.540807614635739, 41.748513362242065 ], [ -91.540808494572218, 41.748536896021967 ], [ -91.540814733604122, 41.748559970751955 ], [ -91.540826148066984, 41.748581907138053 ], [ -91.540830267533835, 41.748589585897435 ], [ -91.540832798581448, 41.74859764118365 ], [ -91.540833683671735, 41.748605889878576 ], [ -91.540832902683604, 41.748614144467375 ], [ -91.54083047337042, 41.748622217301097 ], [ -91.540826450956374, 41.74862992486252 ], [ -91.540796249158348, 41.748669893781859 ], [ -91.540759188691055, 41.748706483364316 ], [ -91.540715933786984, 41.748739037806324 ], [ -91.540667259706467, 41.748766973626225 ], [ -91.540614038842705, 41.748789790122444 ], [ -91.540557225085365, 41.748807078348001 ], [ -91.540497836723446, 41.748818528440488 ], [ -91.540436938193437, 41.748823935176176 ], [ -91.540375621000408, 41.748823201648271 ], [ -91.540314984153568, 41.748816341004051 ], [ -91.539760251414563, 41.748724781976819 ], [ -91.539748565710781, 41.74872207090587 ], [ -91.539737644972433, 41.748717941979891 ], [ -91.539727793471201, 41.748712510238363 ], [ -91.539719285687696, 41.74870592701955 ], [ -91.539712358663905, 41.748698375743949 ], [ -91.539707205398713, 41.748690066803846 ], [ -91.539703969470708, 41.748681231701312 ], [ -91.539702741037871, 41.748672116598229 ], [ -91.539703554325683, 41.74866297545757 ] ] ] ] } },
{ "type": "Feature", "properties": { "PPN": "0222284004", "TotalValue": 468200.0, "PropClass": "R", "pctLandVal": 0.17, "acreVal": 414336.28318584076, "SiteAddres": "4077 HILL HAVEN CT NE", "credits": "HMST", "acres": 1.13, "permitNo": "BLD-22-31341", "permitType": "Dwelling", "permitDate": "10/26/2022", "permitYr": 2022, "nonmetro": 1 }, "geometry": { "type": "MultiPolygon", "coordinates": [ [ [ [ -91.531437838874737, 41.810617725132474 ], [ -91.531439335120311, 41.810357328508395 ], [ -91.531440833986679, 41.810096327626901 ], [ -91.531954144472451, 41.810107365198853 ], [ -91.532628346847943, 41.810556862473646 ], [ -91.532605349848126, 41.810579386178496 ], [ -91.532587856717953, 41.810604526825458 ], [ -91.532576385807957, 41.810631539464801 ], [ -91.532571277024019, 41.81065962367623 ], [ -91.532572681754587, 41.810687947286404 ], [ -91.531437838874737, 41.810617725132474 ] ] ] ] } },
{ "type": "Feature", "properties": { "PPN": "0310431002", "TotalValue": 563600.0, "PropClass": "R", "pctLandVal": 0.18, "acreVal": 507747.74774774775, "SiteAddres": "2905 SYDNEY CT NE", "credits": "HMST", "acres": 1.11, "permitNo": "BLD-19-28806", "permitType": "Dwelling", "permitDate": "11/19/2019", "permitYr": 2019, "nonmetro": 0 }, "geometry": { "type": "MultiPolygon", "coordinates": [ [ [ [ -91.645950928507489, 41.836823014027694 ], [ -91.646556497166102, 41.836833334061843 ], [ -91.64659666666752, 41.837625377647846 ], [ -91.645991629519955, 41.837642663082804 ], [ -91.645950928507489, 41.836823014027694 ] ] ] ] } },
{ "type": "Feature", "properties": { "PPN": "0310432001", "TotalValue": 515800.0, "PropClass": "R", "pctLandVal": 0.21, "acreVal": 515800.0, "SiteAddres": "1346 SOUTHVIEW LN NE", "credits": "HMST", "acres": 1.0, "permitNo": "BLD-17593", "permitType": "Dwelling", "permitDate": "11/14/2012", "permitYr": 2012, "nonmetro": 0 }, "geometry": { "type": "MultiPolygon", "coordinates": [ [ [ [ -91.644104803991283, 41.836672621948566 ], [ -91.644557501873734, 41.836766903998125 ], [ -91.645251552912185, 41.836911467672898 ], [ -91.645113716967899, 41.837281567348434 ], [ -91.644057713423592, 41.837061610945987 ], [ -91.64409458662557, 41.83675701849657 ], [ -91.644104803991283, 41.836672621948566 ] ] ] ] } },
{ "type": "Feature", "properties": { "PPN": "0315106002", "TotalValue": 249000.0, "PropClass": "R", "pctLandVal": 0.39, "acreVal": 86458.333333333343, "SiteAddres": "2992 KOHOUTEK CT NE", "credits": "NONE", "acres": 2.88, "permitNo": "BLD-17161", "permitType": "Dwelling", "permitDate": "4/13/2012", "permitYr": 2012, "nonmetro": 1 }, "geometry": { "type": "MultiPolygon", "coordinates": [ [ [ [ -91.637826730353751, 41.831962792466122 ], [ -91.637849275980017, 41.83126558483464 ], [ -91.637860728639069, 41.831287541422242 ], [ -91.637877036414338, 41.831307708275183 ], [ -91.637897718163003, 41.831325490387719 ], [ -91.637922163690448, 41.831340363113313 ], [ -91.63794965175336, 41.831351887644182 ], [ -91.637979371339355, 41.831359723958151 ], [ -91.638010445595683, 41.831363640850846 ], [ -91.63804195770031, 41.831363522757393 ], [ -91.638072977912586, 41.83135937316203 ], [ -91.638102591005051, 41.831351314495357 ], [ -91.638129923266973, 41.831339584522084 ], [ -91.638154168282895, 41.831324529325826 ], [ -91.638174610725471, 41.83130659309797 ], [ -91.638190647460718, 41.831286305032052 ], [ -91.638201805342703, 41.831264263710139 ], [ -91.638207755173028, 41.831241119441948 ], [ -91.638208321412975, 41.831217555078027 ], [ -91.639692923303002, 41.83136626721133 ], [ -91.639702522579043, 41.831996705945329 ], [ -91.637826730353751, 41.831962792466122 ] ] ] ] } },
{ "type": "Feature", "properties": { "PPN": "0616177001", "TotalValue": 489300.0, "PropClass": "R", "pctLandVal": 0.16, "acreVal": 185340.90909090909, "SiteAddres": "2661 JAMES AVE NW", "credits": "HMST", "acres": 2.64, "permitNo": "BLD-27000", "permitType": "Dwelling", "permitDate": "2/15/2017", "permitYr": 2017, "nonmetro": 1 }, "geometry": { "type": "MultiPolygon", "coordinates": [ [ [ [ -91.656748854893223, 41.741683504174752 ], [ -91.656762339860322, 41.740662064563132 ], [ -91.657845377912608, 41.740675214873335 ], [ -91.657928427302551, 41.741700294825982 ], [ -91.656748854893223, 41.741683504174752 ] ] ] ] } },
{ "type": "Feature", "properties": { "PPN": "0315277003", "TotalValue": 940500.0, "PropClass": "R", "pctLandVal": 0.15, "acreVal": 223928.57142857142, "SiteAddres": "1446 DEER WOODS DR NE", "credits": "HMST", "acres": 4.2, "permitNo": "BLD-25541", "permitType": "Dwelling", "permitDate": "12/4/2014", "permitYr": 2014, "nonmetro": 1 }, "geometry": { "type": "MultiPolygon", "coordinates": [ [ [ [ -91.648101239831234, 41.828328589593902 ], [ -91.647507985354977, 41.827864258497385 ], [ -91.647717209780382, 41.827491140113437 ], [ -91.650035626452379, 41.82800616434001 ], [ -91.650033477500259, 41.828011533329821 ], [ -91.650031297436712, 41.828016895520904 ], [ -91.65002908749085, 41.828022250032276 ], [ -91.650026844026584, 41.828027597706608 ], [ -91.650024571883421, 41.828032937720401 ], [ -91.650022266221896, 41.828038270897189 ], [ -91.650019930677971, 41.828043596394231 ], [ -91.650017565251673, 41.828048914211564 ], [ -91.650015167536012, 41.828054224310918 ], [ -91.650012739937949, 41.828059526730527 ], [ -91.65001028127962, 41.828064820551141 ], [ -91.65000779273889, 41.828070106692067 ], [ -91.650005271934404, 41.828075384214813 ], [ -91.650002721247475, 41.828080654057871 ], [ -91.650000140678131, 41.828085916221212 ], [ -91.649997527870553, 41.828091168866251 ], [ -91.649994886409672, 41.828096412950607 ], [ -91.649992212659342, 41.828101649316963 ], [ -91.649989510255637, 41.828106877122536 ], [ -91.649986776842852, 41.828112094528947 ], [ -91.649984012344049, 41.828117304236429 ], [ -91.649981219217509, 41.828122504483076 ], [ -91.649978393852692, 41.828127695211435 ], [ -91.649975539834472, 41.828132877379069 ], [ -91.649972654781465, 41.828138050047556 ], [ -91.649969741100662, 41.828143213255238 ], [ -91.649966796385058, 41.828148366963759 ], [ -91.649963821812563, 41.828153512092406 ], [ -91.649960817485578, 41.828158645040652 ], [ -91.649957784505119, 41.828163769428208 ], [ -91.649954719286384, 41.828168884297462 ], [ -91.649951626668852, 41.828173988824886 ], [ -91.64994850421995, 41.828179083872278 ], [ -91.649945350787476, 41.828184167620265 ], [ -91.649942168727122, 41.828189241907403 ], [ -91.649938956861007, 41.828194305814407 ], [ -91.649935716418213, 41.828199358460274 ], [ -91.649932446144021, 41.828204401626152 ], [ -91.649929146089676, 41.828209433511724 ], [ -91.649925817458666, 41.828214454136187 ], [ -91.649922459021838, 41.82821946438051 ], [ -91.649919073211763, 41.828224463382831 ], [ -91.649915656366858, 41.828229452885999 ], [ -91.649912210996405, 41.828234429327786 ], [ -91.649908737049273, 41.828239394508458 ], [ -91.64943703132549, 41.828910133188721 ], [ -91.649436659907494, 41.828910661291793 ], [ -91.649436287209198, 41.828911192076163 ], [ -91.649435915739971, 41.828911721979544 ], [ -91.649435545474276, 41.828912251902054 ], [ -91.649435175208524, 41.828912781824549 ], [ -91.649434806120652, 41.828913312666366 ], [ -91.649434435854943, 41.828913842588847 ], [ -91.649434067970546, 41.828914373449798 ], [ -91.649433698882675, 41.828914904291601 ], [ -91.64943333097267, 41.828915436052661 ], [ -91.649432964291734, 41.828915966932733 ], [ -91.649432597585232, 41.828916498712935 ], [ -91.649432230878674, 41.828917030493152 ], [ -91.649431864172172, 41.828917562273368 ], [ -91.649431499846983, 41.828918094992027 ], [ -91.649431134343871, 41.828918626791378 ], [ -91.64943076884083, 41.828919158590736 ], [ -91.649430405719144, 41.828919691328515 ], [ -91.649430041368333, 41.828920224947254 ], [ -91.649429678246605, 41.828920757685061 ], [ -91.64942931632838, 41.828921290441983 ], [ -91.649428954410098, 41.828921823198897 ], [ -91.649428592440657, 41.828922357756078 ], [ -91.649428230522417, 41.828922890513013 ], [ -91.649427869756423, 41.828923425089343 ], [ -91.64942750901605, 41.828923958765557 ], [ -91.649427149479123, 41.828924492460871 ], [ -91.649426788713114, 41.828925027037201 ], [ -91.649426430354055, 41.82892556165185 ], [ -91.649426073172904, 41.828926097185736 ], [ -91.649425714813873, 41.828926631800378 ], [ -91.649425357658316, 41.828927166434163 ], [ -91.649425000477081, 41.828927701968041 ], [ -91.649424643295916, 41.828928237501941 ], [ -91.649424288521729, 41.828928773074168 ], [ -91.649423931340536, 41.828929308608053 ], [ -91.649423576566278, 41.828929844180244 ], [ -91.649423222969943, 41.828930380671693 ], [ -91.649422866966589, 41.828930917124872 ], [ -91.649422514573715, 41.828931453635498 ], [ -91.649422160977352, 41.828931990126982 ], [ -91.649421808584464, 41.828932526637594 ], [ -91.649421454936885, 41.828933064929295 ], [ -91.649421103747443, 41.828933601459092 ], [ -91.649420752532407, 41.828934138888989 ], [ -91.648101239831234, 41.828328589593902 ] ] ] ] } },
{ "type": "Feature", "properties": { "PPN": "0310430002", "TotalValue": 503900.0, "PropClass": "R", "pctLandVal": 0.2, "acreVal": 503900.0, "SiteAddres": "2906 SYDNEY CT NE", "credits": "HMST", "acres": 1.0, "permitNo": "BLD-27404", "permitType": "Dwelling", "permitDate": "9/1/2017", "permitYr": 2017, "nonmetro": 0 }, "geometry": { "type": "MultiPolygon", "coordinates": [ [ [ [ -91.645807678637141, 41.83840643764384 ], [ -91.645777381437753, 41.837813559752995 ], [ -91.646496093971479, 41.837793027116717 ], [ -91.64652833468331, 41.838423152680654 ], [ -91.646319486952507, 41.838418309357706 ], [ -91.645826163068747, 41.838406866525744 ], [ -91.645807678637141, 41.83840643764384 ] ] ] ] } },
{ "type": "Feature", "properties": { "PPN": "0709403002", "TotalValue": 907700.0, "PropClass": "R", "pctLandVal": 0.22, "acreVal": 90770.0, "SiteAddres": "3960 245TH ST EXT", "credits": "HMST", "acres": 10.0, "permitNo": "BLD-25117", "permitType": "Dwelling", "permitDate": "5/22/2014", "permitYr": 2014, "nonmetro": 1 }, "geometry": { "type": "MultiPolygon", "coordinates": [ [ [ [ -91.546238208912072, 41.751145150816306 ], [ -91.545270468591326, 41.75005538364298 ], [ -91.54488970390446, 41.749941538756225 ], [ -91.544898055976375, 41.749921568691505 ], [ -91.544902255732097, 41.749900879776504 ], [ -91.544902205493173, 41.749879953216237 ], [ -91.544897906432169, 41.749859275742715 ], [ -91.544889458545086, 41.749839328293938 ], [ -91.544877058325071, 41.749820574827879 ], [ -91.544860994191978, 41.749803451531214 ], [ -91.545937276976545, 41.74813177880155 ], [ -91.546906599768278, 41.748069331959428 ], [ -91.546854730368878, 41.751649416528515 ], [ -91.546238208912072, 41.751145150816306 ] ] ] ] } },
{ "type": "Feature", "properties": { "PPN": "0301377001", "TotalValue": 652400.0, "PropClass": "R", "pctLandVal": 0.14, "acreVal": 195915.91591591592, "SiteAddres": "3298 120TH ST NE", "credits": "HMST", "acres": 3.33, "permitNo": "BLD-16461", "permitType": "Dwelling", "permitDate": "10/12/2010", "permitYr": 2010, "nonmetro": 1 }, "geometry": { "type": "MultiPolygon", "coordinates": [ [ [ [ -91.607229925767939, 41.847645811558444 ], [ -91.607735315654523, 41.847642877719785 ], [ -91.608240678265574, 41.847637978434285 ], [ -91.608856047749882, 41.847630812121572 ], [ -91.608973112619694, 41.847629554536731 ], [ -91.608994443325784, 41.848589885838358 ], [ -91.608168767087164, 41.848600136320272 ], [ -91.607240883435153, 41.848139696138446 ], [ -91.607229925767939, 41.847645811558444 ] ] ] ] } },
{ "type": "Feature", "properties": { "PPN": "0310430001", "TotalValue": 677400.0, "PropClass": "R", "pctLandVal": 0.15, "acreVal": 664117.6470588235, "SiteAddres": "2914 SYDNEY CT NE", "credits": "NONE", "acres": 1.02, "permitNo": "BLD-22-31393", "permitType": "Dwelling", "permitDate": "11/9/2022", "permitYr": 2022, "nonmetro": 0 }, "geometry": { "type": "MultiPolygon", "coordinates": [ [ [ [ -91.645334673354611, 41.83839546435695 ], [ -91.644930881334773, 41.8383860947758 ], [ -91.645142706182511, 41.837817357430673 ], [ -91.645145107282843, 41.837811828664506 ], [ -91.645151383883999, 41.837801787853508 ], [ -91.645159740686097, 41.837792633925915 ], [ -91.645169959565479, 41.837784605810533 ], [ -91.645181773796267, 41.837777913050992 ], [ -91.64519487501228, 41.837772730336432 ], [ -91.64520892125573, 41.837769192941991 ], [ -91.645223545902667, 41.837767393197858 ], [ -91.645238367232281, 41.837767378079555 ], [ -91.645252998390134, 41.837769147981675 ], [ -91.64544217269075, 41.837803958870069 ], [ -91.645502514554849, 41.837812857300165 ], [ -91.64556370161516, 41.837817519893029 ], [ -91.645625203351642, 41.837817906221829 ], [ -91.645777381437753, 41.837813559752995 ], [ -91.645807678637141, 41.83840643764384 ], [ -91.645334673354611, 41.83839546435695 ] ] ] ] } },
{ "type": "Feature", "properties": { "PPN": "0315427002", "TotalValue": 743200.0, "PropClass": "R", "pctLandVal": 0.13, "acreVal": 422272.72727272729, "SiteAddres": "1526 CURTIS BRIDGE RD NE", "credits": "HMST", "acres": 1.76, "permitNo": "BLD-20-28985", "permitType": "Dwelling", "permitDate": "3/31/2020", "permitYr": 2020, "nonmetro": 1 }, "geometry": { "type": "MultiPolygon", "coordinates": [ [ [ [ -91.644702693804618, 41.82318349730248 ], [ -91.644654511273473, 41.823244180230006 ], [ -91.644600295035431, 41.823301944742873 ], [ -91.644540359466205, 41.823356455874077 ], [ -91.644475052109513, 41.823407397521706 ], [ -91.644404751662051, 41.823454474281974 ], [ -91.644329865777436, 41.823497413162571 ], [ -91.64425082870234, 41.82353596516564 ], [ -91.643336178094444, 41.823946810023379 ], [ -91.643318466240189, 41.823922746828543 ], [ -91.642920632633107, 41.823382272036241 ], [ -91.643503731172785, 41.823238400500017 ], [ -91.64448528607754, 41.823069785676523 ], [ -91.644672387928097, 41.823167646127203 ], [ -91.644702693804618, 41.82318349730248 ] ] ] ] } },
{ "type": "Feature", "properties": { "PPN": "0323161002", "TotalValue": 583700.0, "PropClass": "R", "pctLandVal": 0.23, "acreVal": 160798.89807162536, "SiteAddres": "3134  VALLEY PL NE", "credits": "HMST", "acres": 3.63, "permitNo": "BLD-19-28528", "permitType": "Dwelling", "permitDate": "8/9/2019", "permitYr": 2019, "nonmetro": 1 }, "geometry": { "type": "MultiPolygon", "coordinates": [ [ [ [ -91.623706331333793, 41.811572839917204 ], [ -91.623711902055831, 41.811575013682251 ], [ -91.623717570803763, 41.811577044042075 ], [ -91.623723328056158, 41.811578927240824 ], [ -91.62372916902622, 41.811580662300656 ], [ -91.62373508416654, 41.811582246365852 ], [ -91.623741069919546, 41.811583677577978 ], [ -91.623747117889067, 41.811584954900852 ], [ -91.623753219704767, 41.811586076398385 ], [ -91.623759370579975, 41.8115870410927 ], [ -91.623765560941251, 41.811587847028235 ], [ -91.623771785949984, 41.811588495027436 ], [ -91.623778034881539, 41.81158898131504 ], [ -91.623784302845294, 41.811589308513682 ], [ -91.623790583877394, 41.811589474726084 ], [ -91.623796867149295, 41.811589479777417 ], [ -91.623803147848335, 41.811589323590113 ], [ -91.623809417552323, 41.8115890060281 ], [ -91.623815668990417, 41.811588528775246 ], [ -91.623821894943504, 41.811587891714964 ], [ -91.623828086989462, 41.811587094711385 ], [ -91.623834240263747, 41.811586139487048 ], [ -91.623840346292255, 41.811585027706265 ], [ -91.623846396626845, 41.811583760133274 ], [ -91.623852386428879, 41.811582337590522 ], [ -91.623858307172455, 41.811580763542622 ], [ -91.62386415284162, 41.811579037892393 ], [ -91.623869914936463, 41.811577163204404 ], [ -91.623875588566364, 41.811575142101269 ], [ -91.623881166434558, 41.811572977166939 ], [ -91.623886641270104, 41.811570670085096 ], [ -91.623892009359636, 41.811568224398044 ], [ -91.623897259822854, 41.811565641731285 ], [ -91.623902388894535, 41.811562927427275 ], [ -91.623907391736068, 41.811560082308503 ], [ -91.623912260998637, 41.811557110759118 ], [ -91.623916991765867, 41.811554016301898 ], [ -91.623921577918139, 41.811550802440301 ], [ -91.623926013335719, 41.811547472677759 ], [ -91.623930294279532, 41.811544031456606 ], [ -91.623934414629858, 41.811540482280321 ], [ -91.623938371850613, 41.811536829610631 ], [ -91.623942158593096, 41.811533077831719 ], [ -91.623945771118102, 41.811529231385904 ], [ -91.623949203280091, 41.811525294676805 ], [ -91.623952456178372, 41.81152127132426 ], [ -91.624554167050022, 41.811522743056443 ], [ -91.624564840597046, 41.811522736945605 ], [ -91.624575513476003, 41.81152267048671 ], [ -91.624586185764798, 41.811522540979496 ], [ -91.624596856182421, 41.811522351104827 ], [ -91.624607524806578, 41.811522098162442 ], [ -91.624618189179117, 41.81152178391369 ], [ -91.62462885175816, 41.811521406597159 ], [ -91.62463950885639, 41.811520968855007 ], [ -91.624650161754744, 41.811520468006272 ], [ -91.624660809198204, 41.811519905831801 ], [ -91.624671449983566, 41.81151928231214 ], [ -91.624682084136651, 41.811518596547224 ], [ -91.62469271045444, 41.811517848517632 ], [ -91.62470333008801, 41.811517040042965 ], [ -91.624713939453869, 41.81151617016495 ], [ -91.624724541036159, 41.811515236222036 ], [ -91.624735131121525, 41.81151424175642 ], [ -91.624745710887211, 41.811513187687687 ], [ -91.624756280411063, 41.811512071315484 ], [ -91.624766836083438, 41.811510892581559 ], [ -91.624777381462067, 41.811509653344409 ], [ -91.624787911734131, 41.811508353526357 ], [ -91.62479842933196, 41.811506992266182 ], [ -91.624808933052336, 41.811505569544408 ], [ -91.624819420462941, 41.811504086222364 ], [ -91.624829891589741, 41.811502541399918 ], [ -91.624840348787117, 41.81150093691619 ], [ -91.624850787268358, 41.811499271793359 ], [ -91.624861208288436, 41.811497544250656 ], [ -91.6248716117436, 41.811495757888565 ], [ -91.624881995279395, 41.811493910867966 ], [ -91.624892360072991, 41.811492004108501 ], [ -91.624902704947132, 41.811490036690522 ], [ -91.624913029875884, 41.811488009514264 ], [ -91.624923331275667, 41.811485921621305 ], [ -91.624933612678092, 41.81148377577032 ], [ -91.624943869374292, 41.811481568283149 ], [ -91.624954104869943, 41.811479302818526 ], [ -91.624964315633349, 41.811476976617804 ], [ -91.624974502789826, 41.811474592400877 ], [ -91.624984663984932, 41.811472148328633 ], [ -91.624994799166814, 41.811469646201282 ], [ -91.625004909564396, 41.811467085138219 ], [ -91.625014992771497, 41.811464465100507 ], [ -91.625025047584842, 41.811461786068861 ], [ -91.6262843680842, 41.81112220059795 ], [ -91.626289161356169, 41.811120943255823 ], [ -91.626293985272653, 41.811119750345838 ], [ -91.626298834995154, 41.811118622690465 ], [ -91.626303710601377, 41.811117557589405 ], [ -91.626308610784619, 41.811116558623816 ], [ -91.626313534393447, 41.81111562397389 ], [ -91.626318478918023, 41.811114757201473 ], [ -91.626323443284676, 41.811113953786496 ], [ -91.626328427389836, 41.811113217329435 ], [ -91.626333426446848, 41.811112546852627 ], [ -91.626338440429691, 41.811111943256179 ], [ -91.626343469338494, 41.811111406540064 ], [ -91.626348509589675, 41.811110935746086 ], [ -91.62635355992829, 41.811110532654936 ], [ -91.626358619202975, 41.811110195447114 ], [ -91.626363686106998, 41.811109927703654 ], [ -91.626368757108693, 41.811109726665997 ], [ -91.626373833437043, 41.811109591453466 ], [ -91.626378912608104, 41.811109524727613 ], [ -91.626383992241415, 41.811109525549519 ], [ -91.626389069956673, 41.811109592980294 ], [ -91.626394145702037, 41.811109728820156 ], [ -91.626399218326242, 41.811109931249533 ], [ -91.626404284193882, 41.811110201110324 ], [ -91.626409343304957, 41.811110538402545 ], [ -91.62641439445639, 41.811110943106812 ], [ -91.626419434038738, 41.811111415164909 ], [ -91.626424462077864, 41.811111953676765 ], [ -91.62642947616753, 41.811112558603547 ], [ -91.626434475104617, 41.811113229925951 ], [ -91.626439457685947, 41.811113967624522 ], [ -91.626444422734295, 41.811114770779781 ], [ -91.626449366614395, 41.811115640233631 ], [ -91.62645429052931, 41.811116576005489 ], [ -91.626459189718304, 41.811117576217555 ], [ -91.626464066561837, 41.811118641808768 ], [ -91.626468915069978, 41.811119771782003 ], [ -91.626473737675056, 41.811120965275983 ], [ -91.626478530741664, 41.811122223132571 ], [ -91.626483291889429, 41.811123544412908 ], [ -91.626488023524658, 41.811124929155831 ], [ -91.626492718480335, 41.811126375444687 ], [ -91.626497380339998, 41.811127884237784 ], [ -91.626502005494146, 41.811129455476973 ], [ -91.626506592791557, 41.811131087342652 ], [ -91.626669208579187, 41.811190269147097 ], [ -91.626047124920007, 41.812149208000335 ], [ -91.626237820389974, 41.811530992748331 ], [ -91.625320813656288, 41.811527016604018 ], [ -91.625316873412913, 41.81214446274808 ], [ -91.623942795877454, 41.81214110361001 ], [ -91.623294861705688, 41.812139516580501 ], [ -91.623706331333793, 41.811572839917204 ] ] ] ] } },
{ "type": "Feature", "properties": { "PPN": "1033227001", "TotalValue": 542200.0, "PropClass": "A, AD", "pctLandVal": 0.0, "acreVal": 451833.33333333337, "SiteAddres": "4410 DANE RD SW", "credits": "AG", "acres": 1.2, "permitNo": "BLD-26279", "permitType": "Dwelling", "permitDate": "1/21/2016", "permitYr": 2016, "nonmetro": 1 }, "geometry": { "type": "MultiPolygon", "coordinates": [ [ [ [ -91.560342426034993, 41.611840768778521 ], [ -91.560327265935271, 41.612395026239533 ], [ -91.559387995192893, 41.61239291113349 ], [ -91.559386121347117, 41.611842606704379 ], [ -91.560342426034993, 41.611840768778521 ] ] ] ] } },
{ "type": "Feature", "properties": { "PPN": "0806328002", "TotalValue": 1012400.0, "PropClass": "R", "pctLandVal": 0.19, "acreVal": 54430.107526881715, "SiteAddres": "2332 HIGHWAY 1 NE", "credits": "HMST", "acres": 18.6, "permitNo": "BLD-18-28065", "permitType": "Dwelling", "permitDate": "10/8/2018", "permitYr": 2018, "nonmetro": 1 }, "geometry": { "type": "MultiPolygon", "coordinates": [ [ [ [ -91.477821912121343, 41.76201537389133 ], [ -91.479576083284229, 41.762024385216009 ], [ -91.479834085974943, 41.762439220236104 ], [ -91.479999488356682, 41.762705163590958 ], [ -91.480362839099044, 41.763394514257698 ], [ -91.480673453272118, 41.763983799041881 ], [ -91.480777835112789, 41.764151623712642 ], [ -91.480451032601223, 41.764266135933553 ], [ -91.480192219208561, 41.764356824614204 ], [ -91.479455980763035, 41.76554549577537 ], [ -91.477720245322374, 41.765538429913754 ], [ -91.477821912121343, 41.76201537389133 ] ] ] ] } },
{ "type": "Feature", "properties": { "PPN": "0336226001", "TotalValue": 973800.0, "PropClass": "R", "pctLandVal": 0.09, "acreVal": 854210.52631578955, "SiteAddres": "2103 LAKEVIEW RIDGE DR NE", "credits": "HMST", "acres": 1.14, "permitNo": "BLD-25150", "permitType": "Dwelling", "permitDate": "6/5/2014", "permitYr": 2014, "nonmetro": 1 }, "geometry": { "type": "MultiPolygon", "coordinates": [ [ [ [ -91.61247732696161, 41.788909047891345 ], [ -91.613162643220619, 41.788667097305463 ], [ -91.613170549901511, 41.789071691822102 ], [ -91.613178729661584, 41.789490280764589 ], [ -91.61243615995707, 41.789492214381916 ], [ -91.612458084346216, 41.789181637352279 ], [ -91.61247732696161, 41.788909047891345 ] ] ] ] } },
{ "type": "Feature", "properties": { "PPN": "1121227001", "TotalValue": 878900.0, "PropClass": "R", "pctLandVal": 0.14, "acreVal": 137328.125, "SiteAddres": "4018 IVY AVE SW", "credits": "NONE", "acres": 6.4, "permitNo": "BLD-23-31662", "permitType": "Dwelling", "permitDate": "4/18/2023", "permitYr": 2023, "nonmetro": 1 }, "geometry": { "type": "MultiPolygon", "coordinates": [ [ [ [ -91.676170532695977, 41.643336855664735 ], [ -91.674412662309166, 41.643322577597544 ], [ -91.674268929930378, 41.642935623212722 ], [ -91.673334764931809, 41.641910021417061 ], [ -91.674447415208292, 41.641929984804214 ], [ -91.674450016933804, 41.641822120852751 ], [ -91.674774196123295, 41.641831887081935 ], [ -91.675086008498525, 41.641923706901586 ], [ -91.675096903358693, 41.642266602524977 ], [ -91.676195286305614, 41.642277925654071 ], [ -91.676170532695977, 41.643336855664735 ] ] ] ] } },
{ "type": "Feature", "properties": { "PPN": "1413252001", "TotalValue": 476000.0, "PropClass": "R", "pctLandVal": 0.2, "acreVal": 179622.64150943398, "SiteAddres": "5068 LACKENDER AVE SW", "credits": "HMST", "acres": 2.65, "permitNo": "BLD-16681", "permitType": "Dwelling", "permitDate": "6/6/2011", "permitYr": 2011, "nonmetro": 1 }, "geometry": { "type": "MultiPolygon", "coordinates": [ [ [ [ -91.617462063423119, 41.563134746576459 ], [ -91.617463564011402, 41.563143093551794 ], [ -91.617476179838292, 41.563229926481831 ], [ -91.617483397355429, 41.56331710647224 ], [ -91.617485200877255, 41.56340444431914 ], [ -91.61747379080704, 41.564507238629503 ], [ -91.616621827357605, 41.564497905541472 ], [ -91.616648481947152, 41.563125833827108 ], [ -91.617462063423119, 41.563134746576459 ] ] ] ] } },
{ "type": "Feature", "properties": { "PPN": "0231227002", "TotalValue": 1280300.0000000002, "PropClass": "R", "pctLandVal": 0.24, "acreVal": 113804.44444444444, "SiteAddres": "2015 SCALES BEND RD NE", "credits": "HMST", "acres": 11.25, "permitNo": "BLD-26113", "permitType": "Dwelling", "permitDate": "10/7/2015", "permitYr": 2015, "nonmetro": 1 }, "geometry": { "type": "MultiPolygon", "coordinates": [ [ [ [ -91.595164319599803, 41.788454674901025 ], [ -91.595187124383784, 41.787218288492923 ], [ -91.596653468726117, 41.78724202466951 ], [ -91.596662314867913, 41.786761827925154 ], [ -91.597774197959922, 41.786779813962937 ], [ -91.59774842694479, 41.788979351261744 ], [ -91.59535663925368, 41.78894064975804 ], [ -91.595353729861856, 41.788929581084382 ], [ -91.595350756410056, 41.788918522167293 ], [ -91.595347720101159, 41.788907473026462 ], [ -91.595344622137887, 41.78889643368165 ], [ -91.595341461317517, 41.788885404113081 ], [ -91.595338236437343, 41.788874384301074 ], [ -91.59533494985024, 41.788863376085331 ], [ -91.595331600432459, 41.788852376745652 ], [ -91.595328189281432, 41.788841389902338 ], [ -91.595324715273506, 41.788830412835274 ], [ -91.595321178355974, 41.788819447344679 ], [ -91.595317579731585, 41.788808493450311 ], [ -91.595313918197704, 41.788797551132362 ], [ -91.595310194957079, 41.788786620410661 ], [ -91.59530640878063, 41.788775702165523 ], [ -91.595302560923827, 41.788764794616398 ], [ -91.595298652510408, 41.788753900483421 ], [ -91.595294679958471, 41.788743018807281 ], [ -91.59529064564731, 41.788732150527572 ], [ -91.595286550832284, 41.788721293863695 ], [ -91.595282394231646, 41.788710451496314 ], [ -91.595278175898144, 41.788699621625213 ], [ -91.595273894576408, 41.788688806030912 ], [ -91.595269553900906, 41.788678003872391 ], [ -91.595265150263643, 41.788667215090506 ], [ -91.595260684814548, 41.788656441505204 ], [ -91.59525615880905, 41.78864568133595 ], [ -91.595251572220945, 41.788634935482911 ], [ -91.595246923821151, 41.788624204826434 ], [ -91.595242214812416, 41.788613489386265 ], [ -91.595237445194698, 41.788602789162368 ], [ -91.595232613765418, 41.78859210413497 ], [ -91.595227722929934, 41.788581434343598 ], [ -91.595222770309306, 41.788570778848616 ], [ -91.595217758177128, 41.788560142190114 ], [ -91.595212684259849, 41.788549519827981 ], [ -91.595207550936522, 41.788538912701831 ], [ -91.595202356899037, 41.788528324392395 ], [ -91.595197102252882, 41.788517751299139 ], [ -91.595191789350778, 41.788507195261779 ], [ -91.595186414584617, 41.78849665622117 ], [ -91.595180980386232, 41.78848613331661 ], [ -91.595175486650177, 41.788475630148511 ], [ -91.595169933481969, 41.78846514311644 ], [ -91.595164319599803, 41.788454674901025 ] ] ] ] } },
{ "type": "Feature", "properties": { "PPN": "0723376012", "TotalValue": 728900.0, "PropClass": "R", "pctLandVal": 0.14, "acreVal": 328333.33333333331, "SiteAddres": "14 BRIAR RIDGE DR NE", "credits": "HMST", "acres": 2.22, "permitNo": "BLD-22-30691", "permitType": "Dwelling", "permitDate": "7/15/2022", "permitYr": 2022, "nonmetro": 1 }, "geometry": { "type": "MultiPolygon", "coordinates": [ [ [ [ -91.51245626558422, 41.716098854914243 ], [ -91.51244659289064, 41.714892269930083 ], [ -91.514116720136116, 41.714896995357691 ], [ -91.513140906705303, 41.715607494103175 ], [ -91.512635464757707, 41.715609756317626 ], [ -91.5126409612663, 41.716295820288721 ], [ -91.512609501007887, 41.716298003831518 ], [ -91.512579009833317, 41.716304206324665 ], [ -91.512550395263659, 41.716314243160888 ], [ -91.51252450896682, 41.716327815609787 ], [ -91.512502121409327, 41.716344519708933 ], [ -91.512483898924742, 41.716363858286861 ], [ -91.512470383881137, 41.716385255760542 ], [ -91.512461978538155, 41.716408075266457 ], [ -91.512458933073802, 41.716431637615891 ], [ -91.51245626558422, 41.716098854914243 ] ] ] ] } },
{ "type": "Feature", "properties": { "PPN": "0311355005", "TotalValue": 532600.0, "PropClass": "R", "pctLandVal": 0.13, "acreVal": 527326.73267326737, "SiteAddres": "3027  SANDY BEACH RD NE", "credits": "HMST", "acres": 1.01, "permitNo": "BLD-26851", "permitType": "Dwelling", "permitDate": "10/24/2016", "permitYr": 2016, "nonmetro": 1 }, "geometry": { "type": "MultiPolygon", "coordinates": [ [ [ [ -91.633494658058652, 41.832632642821785 ], [ -91.633583360678756, 41.832621700428902 ], [ -91.633991427441714, 41.832980092357268 ], [ -91.634428542012543, 41.833199400572802 ], [ -91.634142947341942, 41.833554377379016 ], [ -91.63392916128825, 41.833445453554809 ], [ -91.633710276247484, 41.833342349916343 ], [ -91.633486575386044, 41.833245199835886 ], [ -91.633490002847623, 41.832985364076727 ], [ -91.633494658058652, 41.832632642821785 ] ] ] ] } },
{ "type": "Feature", "properties": { "PPN": "0310478006", "TotalValue": 596400.0, "PropClass": "R", "pctLandVal": 0.25, "acreVal": 209263.15789473683, "SiteAddres": "1351 SPRING VALLEY PL", "credits": "HMST", "acres": 2.85, "permitNo": "BLD-18-28127", "permitType": "Dwelling", "permitDate": "10/18/2018", "permitYr": 2018, "nonmetro": 0 }, "geometry": { "type": "MultiPolygon", "coordinates": [ [ [ [ -91.636767742332964, 41.834183500487363 ], [ -91.636708191876465, 41.834182954281736 ], [ -91.636882458403875, 41.833850129379108 ], [ -91.636883002570698, 41.833849628396926 ], [ -91.636883470053093, 41.83384919822867 ], [ -91.637104378192333, 41.833645505314159 ], [ -91.637267902048606, 41.83355362936652 ], [ -91.637411424252264, 41.833540620105566 ], [ -91.637562171583454, 41.8335627921495 ], [ -91.638968383739339, 41.83393103020979 ], [ -91.63895909264707, 41.83421757703475 ], [ -91.638332321999684, 41.834211840433881 ], [ -91.638017183276517, 41.834393252545539 ], [ -91.636942976537114, 41.834285940006467 ], [ -91.63693309622235, 41.83426488573447 ], [ -91.636918783515611, 41.834245307513591 ], [ -91.63690041693016, 41.834227723103481 ], [ -91.63687848218575, 41.834212597535704 ], [ -91.636853559363217, 41.834200330815825 ], [ -91.636826307563965, 41.834191247345046 ], [ -91.636797447479566, 41.83418558734148 ], [ -91.636767742332964, 41.834183500487363 ] ] ] ] } },
{ "type": "Feature", "properties": { "PPN": "0310478001", "TotalValue": 775400.0, "PropClass": "R", "pctLandVal": 0.18, "acreVal": 323083.33333333337, "SiteAddres": "1347 SPRING VALLEY PL", "credits": "HMST", "acres": 2.4, "permitNo": "BLD-26081", "permitType": "Dwelling", "permitDate": "9/11/2015", "permitYr": 2015, "nonmetro": 0 }, "geometry": { "type": "MultiPolygon", "coordinates": [ [ [ [ -91.636942976537114, 41.834285940006467 ], [ -91.638017183276517, 41.834393252545539 ], [ -91.638332321999684, 41.834211840433881 ], [ -91.63895909264707, 41.83421757703475 ], [ -91.63894135733662, 41.834766283386905 ], [ -91.638115805525359, 41.834758715158934 ], [ -91.6374432929412, 41.834752545870202 ], [ -91.636724659992396, 41.834921374967323 ], [ -91.636729638257478, 41.834552230009095 ], [ -91.636732110451774, 41.83453324017924 ], [ -91.636738942193503, 41.83451485736088 ], [ -91.636749927075911, 41.834497636942615 ], [ -91.636764733216765, 41.834482099193814 ], [ -91.636782913285501, 41.83446871354608 ], [ -91.636803918018401, 41.834457884410746 ], [ -91.636827112813108, 41.834449938960859 ], [ -91.636854649893692, 41.834440618797125 ], [ -91.636879767113996, 41.834428043863191 ], [ -91.63690178275813, 41.834412555460815 ], [ -91.636920099292624, 41.834394573967202 ], [ -91.636934219584347, 41.834374587425195 ], [ -91.636943760393137, 41.834353138297047 ], [ -91.636948462773177, 41.834330808741043 ], [ -91.636948199100658, 41.834308204810846 ], [ -91.636942976537114, 41.834285940006467 ] ] ] ] } },
{ "type": "Feature", "properties": { "PPN": "0221327001", "TotalValue": 515200.0, "PropClass": "R", "pctLandVal": 0.16, "acreVal": 1226666.6666666667, "SiteAddres": "3888 LAKE VISTA DR NE", "credits": "NONE", "acres": 0.42, "permitNo": "BLD-22-31029", "permitType": "Dwelling", "permitDate": "7/28/2022", "permitYr": 2022, "nonmetro": 1 }, "geometry": { "type": "MultiPolygon", "coordinates": [ [ [ [ -91.558690674757244, 41.809647064985953 ], [ -91.558904014466307, 41.809221426922484 ], [ -91.559196724826847, 41.809614908079226 ], [ -91.559183608071876, 41.809932778166598 ], [ -91.558690674757244, 41.809647064985953 ] ] ] ] } },
{ "type": "Feature", "properties": { "PPN": "0831202006", "TotalValue": 700.0, "PropClass": "R", "pctLandVal": 1.0, "acreVal": 624.99999999999989, "SiteAddres": "4661 YELLOW ROCK RD NE", "credits": "NONE", "acres": 1.12, "permitNo": "BLD-24-33052", "permitType": "Dwelling", "permitDate": "12/3/2024", "permitYr": 2024, "nonmetro": 1 }, "geometry": { "type": "MultiPolygon", "coordinates": [ [ [ [ -91.47634484900874, 41.699295857070766 ], [ -91.476430378627171, 41.698905536405121 ], [ -91.476950519395373, 41.698921759244129 ], [ -91.477258566412118, 41.699005671508594 ], [ -91.477543969953189, 41.698988572167899 ], [ -91.477538586717174, 41.6991574111223 ], [ -91.477534515777833, 41.699213110889808 ], [ -91.477525876846627, 41.699268517150578 ], [ -91.47751270268914, 41.699323419686358 ], [ -91.476526489239475, 41.699433975565292 ], [ -91.476518707127781, 41.699408747493017 ], [ -91.476505744126925, 41.699384745665213 ], [ -91.476487920802001, 41.699362563618578 ], [ -91.476465677906816, 41.699342749888167 ], [ -91.476439565484327, 41.69932579444302 ], [ -91.476410229264545, 41.699312116569864 ], [ -91.476378394696439, 41.699302054505175 ], [ -91.47634484900874, 41.699295857070766 ] ] ] ] } },
{ "type": "Feature", "properties": { "PPN": "0532178001", "TotalValue": 468700.0, "PropClass": "R", "pctLandVal": 0.16, "acreVal": 251989.24731182793, "SiteAddres": "3280 BLACK HAWK AVE NW", "credits": "HMST", "acres": 1.86, "permitNo": "BLD-17735", "permitType": "Dwelling", "permitDate": "4/1/2013", "permitYr": 2013, "nonmetro": 1 }, "geometry": { "type": "MultiPolygon", "coordinates": [ [ [ [ -91.798466373447795, 41.696684244824759 ], [ -91.798474922923333, 41.697542322891501 ], [ -91.797546186596222, 41.697606418796759 ], [ -91.797554626036273, 41.696692766199966 ], [ -91.797882023834433, 41.696689784682945 ], [ -91.798466373447795, 41.696684244824759 ] ] ] ] } },
{ "type": "Feature", "properties": { "PPN": "0230357002", "TotalValue": 239800.0, "PropClass": "R", "pctLandVal": 0.32, "acreVal": 232815.53398058252, "SiteAddres": "1998 SCALES BEND RD NE", "credits": "NONE", "acres": 1.03, "permitNo": "BLD-22-30746", "permitType": "Dwelling", "permitDate": "4/8/2022", "permitYr": 2022, "nonmetro": 1 }, "geometry": { "type": "MultiPolygon", "coordinates": [ [ [ [ -91.593556040743721, 41.789352021155288 ], [ -91.595200783219781, 41.789378665411036 ], [ -91.595216739242531, 41.789648109008162 ], [ -91.593554435002474, 41.789626671270838 ], [ -91.593556040743721, 41.789352021155288 ] ] ] ] } },
{ "type": "Feature", "properties": { "PPN": "0315106003", "TotalValue": 886500.0, "PropClass": "R", "pctLandVal": 0.17, "acreVal": 261504.42477876105, "SiteAddres": "2997 KOHOUTEK CT NE", "credits": "HMST", "acres": 3.39, "permitNo": "BLD-17160", "permitType": "Dwelling", "permitDate": "4/13/2012", "permitYr": 2012, "nonmetro": 1 }, "geometry": { "type": "MultiPolygon", "coordinates": [ [ [ [ -91.638298194061392, 41.830603432082398 ], [ -91.639681234597376, 41.830598602571207 ], [ -91.639692923303002, 41.83136626721133 ], [ -91.638208321412975, 41.831217555078027 ], [ -91.638203425708383, 41.831194077674468 ], [ -91.6381931876914, 41.831171584007407 ], [ -91.638177914400373, 41.831150748650686 ], [ -91.638158063877754, 41.831132196445665 ], [ -91.63813423143327, 41.831116483762635 ], [ -91.638107131790662, 41.831104081815894 ], [ -91.638077577653547, 41.83109536253243 ], [ -91.638046455333125, 41.831090587398201 ], [ -91.637542804424569, 41.83104013112348 ], [ -91.637507143115329, 41.831034274461153 ], [ -91.637473266460944, 41.831024090284423 ], [ -91.637442106227752, 41.831009858706039 ], [ -91.637414519466262, 41.830991971161083 ], [ -91.637391264938017, 41.830970919640528 ], [ -91.637372982246092, 41.830947283158856 ], [ -91.637360174243284, 41.830921711828431 ], [ -91.63729978294036, 41.83076188797552 ], [ -91.637287671423039, 41.830737984453329 ], [ -91.637270372653219, 41.830715938081227 ], [ -91.637248376404258, 41.830696373043317 ], [ -91.637222305444382, 41.830679843270815 ], [ -91.637192897904555, 41.830666816759219 ], [ -91.637208049455225, 41.830602589507023 ], [ -91.638298194061392, 41.830603432082398 ] ] ], [ [ [ -91.637155458691353, 41.830786971102668 ], [ -91.637155760781596, 41.830786134845432 ], [ -91.637158650828297, 41.830792011185714 ], [ -91.637218937618243, 41.830951563281545 ], [ -91.637237051770384, 41.830988923267455 ], [ -91.637262191016802, 41.831023934726517 ], [ -91.637293828150931, 41.831055863402518 ], [ -91.637331299690359, 41.831084039689991 ], [ -91.637373819791023, 41.831107872677435 ], [ -91.637420496727501, 41.831126862540238 ], [ -91.637470351594686, 41.83114061102323 ], [ -91.637522338837499, 41.831148829793179 ], [ -91.636999756160307, 41.831096480308773 ], [ -91.637060398206401, 41.830995849691121 ], [ -91.637112369036856, 41.830892540806801 ], [ -91.637155458691353, 41.830786971102668 ] ] ] ] } },
{ "type": "Feature", "properties": { "PPN": "0229401017", "TotalValue": 702300.0, "PropClass": "R", "pctLandVal": 0.77, "acreVal": 3192272.7272727271, "SiteAddres": "3766 COTTAGE RESERVE RD NE", "credits": "NONE", "acres": 0.22, "permitNo": "BLD-25-33220", "permitType": "Dwelling", "permitDate": "4/9/2025", "permitYr": 2025, "nonmetro": 1 }, "geometry": { "type": "MultiPolygon", "coordinates": [ [ [ [ -91.563993990262787, 41.794345113579709 ], [ -91.564230900514616, 41.793878601913462 ], [ -91.564291129307946, 41.79391168095141 ], [ -91.56435415460821, 41.793941700931839 ], [ -91.564419699420654, 41.793968529915965 ], [ -91.564203936371356, 41.794374607277852 ], [ -91.564134719035977, 41.794343180186061 ], [ -91.564062439414641, 41.794330027538017 ], [ -91.563993990262787, 41.794345113579709 ] ] ] ] } },
{ "type": "Feature", "properties": { "PPN": "0716326001", "TotalValue": 681500.0, "PropClass": "R", "pctLandVal": 0.23, "acreVal": 136300.0, "SiteAddres": "3846 LOCUST RIDGE RD NE", "credits": "HMST", "acres": 5.0, "permitNo": "BLD-26092", "permitType": "Dwelling", "permitDate": "9/25/2015", "permitYr": 2015, "nonmetro": 1 }, "geometry": { "type": "MultiPolygon", "coordinates": [ [ [ [ -91.556583538875742, 41.73727462765838 ], [ -91.556553806460386, 41.735641131830469 ], [ -91.557240078486316, 41.735352889248176 ], [ -91.557741178927941, 41.735357528108302 ], [ -91.557765912022731, 41.736715823427076 ], [ -91.55777606749848, 41.737273438495755 ], [ -91.556583538875742, 41.73727462765838 ] ] ] ] } },
{ "type": "Feature", "properties": { "PPN": "0722353007", "TotalValue": 582200.0, "PropClass": "R", "pctLandVal": 0.19, "acreVal": 510701.75438596494, "SiteAddres": "6 WOODLAND HTS NE", "credits": "HMST", "acres": 1.14, "permitNo": "BLD-26413", "permitType": "Dwelling", "permitDate": "4/14/2016", "permitYr": 2016, "nonmetro": 0 }, "geometry": { "type": "MultiPolygon", "coordinates": [ [ [ [ -91.541063883037751, 41.717903826826614 ], [ -91.54158435204792, 41.717468893499053 ], [ -91.541597594926813, 41.717777228271302 ], [ -91.541601497685335, 41.717868098708031 ], [ -91.54160540165617, 41.717958969162162 ], [ -91.541637613994681, 41.718708991692388 ], [ -91.541648929882328, 41.718923801000848 ], [ -91.541640088378983, 41.718863865261561 ], [ -91.541622684956053, 41.718804991181614 ], [ -91.54159692197976, 41.718747863268895 ], [ -91.541563099007661, 41.718693145727492 ], [ -91.54152160930505, 41.718641474735485 ], [ -91.541472935271642, 41.718593451048498 ], [ -91.541417642832585, 41.718549633015357 ], [ -91.541356374858083, 41.718510530086647 ], [ -91.541289843689071, 41.718476596891954 ], [ -91.541218822855086, 41.718448227954354 ], [ -91.541144138081052, 41.718425753103865 ], [ -91.54106665768758, 41.718409433642869 ], [ -91.540987282495934, 41.718399459308365 ], [ -91.540983421239773, 41.718126043754417 ], [ -91.540983414175756, 41.71812383989375 ], [ -91.54098345396676, 41.718121636823781 ], [ -91.540983540612686, 41.718119434544633 ], [ -91.540983674113562, 41.718117233056226 ], [ -91.540983855643674, 41.718115033278991 ], [ -91.540984084001721, 41.718112835192642 ], [ -91.540984360307817, 41.718110641517868 ], [ -91.540984682186263, 41.718108451313988 ], [ -91.5409850520128, 41.718106265521648 ], [ -91.540985468613073, 41.718104083220474 ], [ -91.540985930704466, 41.718101907090613 ], [ -91.540986440716793, 41.718099736272436 ], [ -91.540986996193269, 41.718097572525672 ], [ -91.540987599536564, 41.718095415890865 ], [ -91.540988247142479, 41.7180932663072 ], [ -91.540988942588257, 41.718091124735636 ], [ -91.540989682242483, 41.718088992015481 ], [ -91.540990468508099, 41.71808686818725 ], [ -91.540991300156463, 41.718084754130793 ], [ -91.540992175959275, 41.718082650726039 ], [ -91.54099309711782, 41.718080557993204 ], [ -91.540994064806497, 41.718078476852732 ], [ -91.540995074219637, 41.718076407223457 ], [ -91.540996130135824, 41.718074350086717 ], [ -91.5409972289508, 41.718072305381568 ], [ -91.540998371811909, 41.718070274928579 ], [ -91.540999557517722, 41.718068258707575 ], [ -91.541000786095239, 41.7180662558183 ], [ -91.541002058664773, 41.718064268981436 ], [ -91.541003372850469, 41.718062297256388 ], [ -91.541004727423896, 41.718060341522914 ], [ -91.541006125935141, 41.718058403642146 ], [ -91.54100756603556, 41.718056481773267 ], [ -91.541009047698012, 41.718054576816435 ], [ -91.541010567264223, 41.718052690511001 ], [ -91.54101212953978, 41.71805082293816 ], [ -91.541013730920426, 41.718048974037039 ], [ -91.541015370150674, 41.718047145587612 ], [ -91.541017050888883, 41.718045335850505 ], [ -91.541018768248193, 41.718043547444942 ], [ -91.541020524658521, 41.718041779511331 ], [ -91.541022318891322, 41.718040032929608 ], [ -91.541024149691154, 41.718038309479681 ], [ -91.541026018340531, 41.718036606481419 ], [ -91.541027922355497, 41.71803492659474 ], [ -91.541030596117864, 41.718032551835684 ], [ -91.541033197893043, 41.718030132633388 ], [ -91.541035725251319, 41.718027669847437 ], [ -91.541038178138535, 41.7180251652781 ], [ -91.541040554151877, 41.718022618884859 ], [ -91.541042853210129, 41.71802003336812 ], [ -91.541045074111921, 41.718017408707553 ], [ -91.541047213144793, 41.718014748442975 ], [ -91.54104927273859, 41.718012051714709 ], [ -91.541051250409367, 41.718009321182592 ], [ -91.541053143754269, 41.718006556806188 ], [ -91.541054955067935, 41.718003762226459 ], [ -91.541056679571767, 41.718000936462296 ], [ -91.541058320761763, 41.717998083174976 ], [ -91.541059872630854, 41.717995202263118 ], [ -91.541061337527836, 41.717992295567569 ], [ -91.541062715371453, 41.717989365788739 ], [ -91.541064002557519, 41.717986412865791 ], [ -91.541065201434691, 41.717983438639557 ], [ -91.54106630954611, 41.717980444869724 ], [ -91.541067328066148, 41.717977432476779 ], [ -91.541068254483662, 41.717974405020591 ], [ -91.541069088825807, 41.717971361601087 ], [ -91.541069832212827, 41.717968304938935 ], [ -91.541070483416178, 41.717965235914022 ], [ -91.541071039951987, 41.717962157186172 ], [ -91.541071504168897, 41.717959070596208 ], [ -91.541071873664052, 41.717955976103561 ], [ -91.541072150759206, 41.717952876449196 ], [ -91.541072334225873, 41.717949772512974 ], [ -91.541072424009911, 41.717946666095131 ], [ -91.541072418828719, 41.717943559875827 ], [ -91.541072321085238, 41.717940453895622 ], [ -91.541072128322398, 41.717937349914195 ], [ -91.54107184283491, 41.717934251572636 ], [ -91.541071463475404, 41.717931157050401 ], [ -91.541070990135736, 41.717928069948016 ], [ -91.541070425137463, 41.717924993006442 ], [ -91.541069764903483, 41.717921925264704 ], [ -91.541069014131196, 41.717918870404482 ], [ -91.541068169216373, 41.717915828364866 ], [ -91.541067234910585, 41.717912801027239 ], [ -91.54106620752836, 41.717909791031218 ], [ -91.541065090619853, 41.717906800237905 ], [ -91.541063883037751, 41.717903826826614 ] ] ] ] } },
{ "type": "Feature", "properties": { "PPN": "0705377012", "TotalValue": 468400.0, "PropClass": "R", "pctLandVal": 0.22, "acreVal": 883773.58490566036, "SiteAddres": "3684 QUARRY HEIGHTS LN NE", "credits": "HMST", "acres": 0.53, "permitNo": "BLD-25402", "permitType": "Dwelling", "permitDate": "11/10/2014", "permitYr": 2014, "nonmetro": 1 }, "geometry": { "type": "MultiPolygon", "coordinates": [ [ [ [ -91.571911139505659, 41.761778812410668 ], [ -91.572241447009105, 41.761783480600577 ], [ -91.572240330125936, 41.761852083584301 ], [ -91.572235345391348, 41.762419585002093 ], [ -91.57223461319343, 41.76249587350118 ], [ -91.571903952745913, 41.762464168934351 ], [ -91.571910420371054, 41.761847416595906 ], [ -91.571911139505659, 41.761778812410668 ] ] ] ] } },
{ "type": "Feature", "properties": { "PPN": "0309329002", "TotalValue": 930000.0, "PropClass": "R", "pctLandVal": 0.13, "acreVal": 240310.07751937985, "SiteAddres": "1348 HIGHWAY 965 NW", "credits": "HMST", "acres": 3.87, "permitNo": "BLD-17677", "permitType": "Dwelling", "permitDate": "2/27/2013", "permitYr": 2013, "nonmetro": 1 }, "geometry": { "type": "MultiPolygon", "coordinates": [ [ [ [ -91.67070626628842, 41.836933944731278 ], [ -91.670706231140471, 41.836926417612744 ], [ -91.670705744547092, 41.836824182661175 ], [ -91.675305998567865, 41.836778888008695 ], [ -91.675300771189541, 41.836888726330351 ], [ -91.674580837718764, 41.836895827722913 ], [ -91.672674762260741, 41.836914605696762 ], [ -91.672674154262225, 41.837260564933523 ], [ -91.672366436020809, 41.837561672752102 ], [ -91.670709178963207, 41.837545844974237 ], [ -91.67070626628842, 41.836933944731278 ] ] ] ] } },
{ "type": "Feature", "properties": { "PPN": "1034329005", "TotalValue": 346600.0, "PropClass": "R", "pctLandVal": 0.19, "acreVal": 210060.60606060605, "SiteAddres": "4544 OAK CREST HILL RD SE", "credits": "HMST", "acres": 1.65, "permitNo": "BLD-19-28782", "permitType": "Dwelling", "permitDate": "11/6/2019", "permitYr": 2019, "nonmetro": 0 }, "geometry": { "type": "MultiPolygon", "coordinates": [ [ [ [ -91.540027388907191, 41.602812665476364 ], [ -91.539891098400972, 41.602307864175422 ], [ -91.541363611023897, 41.60231010647351 ], [ -91.541363526955706, 41.602319906519341 ], [ -91.541346443334447, 41.602839637618906 ], [ -91.540027388907191, 41.602812665476364 ] ] ] ] } },
{ "type": "Feature", "properties": { "PPN": "1219103001", "TotalValue": 637300.0, "PropClass": "R", "pctLandVal": 0.25, "acreVal": 37138.694638694637, "SiteAddres": "4041 BLACK HAWK AVE SW", "credits": "HMST", "acres": 17.16, "permitNo": "BLD-20-29478", "permitType": "Dwelling", "permitDate": "10/27/2020", "permitYr": 2020, "nonmetro": 1 }, "geometry": { "type": "MultiPolygon", "coordinates": [ [ [ [ -91.813624271538615, 41.641827408559642 ], [ -91.81361258438362, 41.640224617724208 ], [ -91.815438845921591, 41.6402454465399 ], [ -91.818188606729919, 41.640276753784633 ], [ -91.818171647547885, 41.641963974186346 ], [ -91.813624271538615, 41.641827408559642 ] ] ] ] } },
{ "type": "Feature", "properties": { "PPN": "0711453001", "TotalValue": 882500.0, "PropClass": "R", "pctLandVal": 0.26, "acreVal": 84530.651340996177, "SiteAddres": "2574 SUGAR BOTTOM RD NE", "credits": "HMST", "acres": 10.44, "permitNo": "BLD-26813", "permitType": "Dwelling", "permitDate": "10/14/2016", "permitYr": 2016, "nonmetro": 1 }, "geometry": { "type": "MultiPolygon", "coordinates": [ [ [ [ -91.507535088518168, 41.74844593246393 ], [ -91.507551708050414, 41.746856932864205 ], [ -91.507561126114396, 41.74595647816227 ], [ -91.507571835315318, 41.745955870286991 ], [ -91.507583395864884, 41.74595522478338 ], [ -91.507594957368227, 41.745954587400291 ], [ -91.507606519715353, 41.745953961738131 ], [ -91.507618084135629, 41.745953346917545 ], [ -91.507629648280385, 41.745952741096922 ], [ -91.507641213296353, 41.745952146097139 ], [ -91.507652780385527, 41.745951561938845 ], [ -91.507664347144143, 41.745950988580802 ], [ -91.507675916003478, 41.745950425164175 ], [ -91.507687484559668, 41.745949871647596 ], [ -91.50769905518915, 41.745949328972571 ], [ -91.507710625515529, 41.745948796197602 ], [ -91.50772219671326, 41.745948274243517 ], [ -91.507733770011725, 41.745947762230827 ], [ -91.507745343007201, 41.745947260118243 ], [ -91.507756918075884, 41.745946768847105 ], [ -91.507768492813994, 41.745946288376238 ], [ -91.507780068423443, 41.745945818726248 ], [ -91.507791644959298, 41.745945358096826 ], [ -91.507803222339007, 41.745944909188395 ], [ -91.507814799443224, 41.745944469280033 ], [ -91.507826378593222, 41.745944041113205 ], [ -91.507837958669597, 41.745943621967051 ], [ -91.507849537213573, 41.745943213600476 ], [ -91.507861119032725, 41.74594281609599 ], [ -91.50787269934699, 41.745942428471032 ], [ -91.50788428173459, 41.74594205168755 ], [ -91.507895863819215, 41.745941684804173 ], [ -91.507907446775221, 41.745941328741672 ], [ -91.507919030630163, 41.745940982599883 ], [ -91.507930614154603, 41.745940647258365 ], [ -91.50794219857805, 41.745940321837601 ], [ -91.50795378387285, 41.745940007237643 ], [ -91.507965370066714, 41.745939702558438 ], [ -91.507976955930047, 41.745939408679455 ], [ -91.507988542692331, 41.745939124721282 ], [ -91.508000129124227, 41.745938851563317 ], [ -91.508011717656984, 41.745938588346668 ], [ -91.508023304657343, 41.745938335909692 ], [ -91.508034893731164, 41.745938094314148 ], [ -91.508046481327654, 41.745937861698003 ], [ -91.50805807217192, 41.74593764084409 ], [ -91.508069660336986, 41.745937428948892 ], [ -91.508081249346034, 41.745937228774707 ], [ -91.508078137143471, 41.746641095007782 ], [ -91.508184445407039, 41.746827914554359 ], [ -91.510112416663446, 41.746843591749702 ], [ -91.51009638882762, 41.748425622140822 ], [ -91.509468799698993, 41.748430603604767 ], [ -91.507535088518168, 41.74844593246393 ] ] ] ] } },
{ "type": "Feature", "properties": { "PPN": "1419377001", "TotalValue": 354800.0, "PropClass": "A, AD", "pctLandVal": 0.05, "acreVal": 50326.241134751777, "SiteAddres": "2300 540TH ST SW", "credits": "AG", "acres": 7.05, "permitNo": "BLD-23-32319", "permitType": "Dwelling", "permitDate": "2/2/2024", "permitYr": 2024, "nonmetro": 1 }, "geometry": { "type": "MultiPolygon", "coordinates": [ [ [ [ -91.705084950091276, 41.540489642746138 ], [ -91.705231102612714, 41.540490009488103 ], [ -91.705208380346733, 41.541579834756384 ], [ -91.706387211730927, 41.54158278120768 ], [ -91.706391187806034, 41.542266472496664 ], [ -91.706253545337702, 41.542266128372489 ], [ -91.706218770494289, 41.543933554439853 ], [ -91.705013240749508, 41.543928650235223 ], [ -91.705084950091276, 41.540489642746138 ] ] ] ] } },
{ "type": "Feature", "properties": { "PPN": "0222207004", "TotalValue": 202500.0, "PropClass": "R", "pctLandVal": 0.3, "acreVal": 440217.39130434784, "SiteAddres": "1635 POLK AVE NE", "credits": "NONE", "acres": 0.46, "permitNo": "BLD-24-32804", "permitType": "Dwelling", "permitDate": "8/26/2024", "permitYr": 2024, "nonmetro": 1 }, "geometry": { "type": "MultiPolygon", "coordinates": [ [ [ [ -91.530682836293764, 41.81433401763897 ], [ -91.531416476754117, 41.81433637766127 ], [ -91.531414899185123, 41.814610794274152 ], [ -91.530681253224571, 41.814608434201403 ], [ -91.530682836293764, 41.81433401763897 ] ] ] ] } },
{ "type": "Feature", "properties": { "PPN": "0222452008", "TotalValue": 1364000.0, "PropClass": "R", "pctLandVal": 0.13, "acreVal": 1286792.4528301889, "SiteAddres": "4110 DEACON LN NE", "credits": "NONE", "acres": 1.06, "permitNo": "BLD-19-28669", "permitType": "Dwelling", "permitDate": "9/24/2019", "permitYr": 2019, "nonmetro": 1 }, "geometry": { "type": "MultiPolygon", "coordinates": [ [ [ [ -91.52873706074476, 41.80396207285618 ], [ -91.528760238588333, 41.8032076111515 ], [ -91.528904967756958, 41.803212956872883 ], [ -91.52904911991358, 41.803223997692989 ], [ -91.529192295058479, 41.803240702975209 ], [ -91.529334095902314, 41.803263026364903 ], [ -91.529474128968076, 41.803290905918011 ], [ -91.529165534888733, 41.804074913853086 ], [ -91.52873706074476, 41.80396207285618 ] ] ] ] } },
{ "type": "Feature", "properties": { "PPN": "0315278004", "TotalValue": 616600.0, "PropClass": "R", "pctLandVal": 0.37, "acreVal": 72712.264150943389, "SiteAddres": "1453  DEER WOODS DR NE", "credits": "HMST", "acres": 8.48, "permitNo": "BLD-27123", "permitType": "Dwelling", "permitDate": "5/4/2017", "permitYr": 2017, "nonmetro": 1 }, "geometry": { "type": "MultiPolygon", "coordinates": [ [ [ [ -91.650147194451549, 41.827550386373034 ], [ -91.648302947633809, 41.82644654146695 ], [ -91.648611575788081, 41.825896123854605 ], [ -91.65130744813402, 41.825944299909047 ], [ -91.651313350592474, 41.827332061829765 ], [ -91.650460910768643, 41.827585441889198 ], [ -91.650457583369246, 41.827579581446123 ], [ -91.650453897365679, 41.827573841373159 ], [ -91.650449858365761, 41.827568236167842 ], [ -91.650445476893751, 41.827562776803987 ], [ -91.650440759812028, 41.827557475998034 ], [ -91.650435721255121, 41.827552344781239 ], [ -91.650430368162333, 41.827547393169617 ], [ -91.650424714642483, 41.827542633094623 ], [ -91.650418772474296, 41.827538073748691 ], [ -91.650412552181891, 41.827533726105685 ], [ -91.650406069179795, 41.827529598515426 ], [ -91.650399337628116, 41.827525701108968 ], [ -91.65039237178911, 41.827522040416824 ], [ -91.65038518584845, 41.827518625669981 ], [ -91.650377796449703, 41.827515464337274 ], [ -91.65037021908438, 41.827512562068343 ], [ -91.650362469166978, 41.827509927213107 ], [ -91.650354564646989, 41.827507563659175 ], [ -91.650346522244789, 41.827505476175119 ], [ -91.650338357451872, 41.827503670410536 ], [ -91.650330090624408, 41.82750215029133 ], [ -91.650321738559754, 41.827500917885693 ], [ -91.650313319207257, 41.827499977081374 ], [ -91.650304849364062, 41.82749932994647 ], [ -91.650296349514605, 41.827498975906416 ], [ -91.650287837608218, 41.82749891884886 ], [ -91.650279329366697, 41.827499156322212 ], [ -91.650270846452088, 41.827499688671146 ], [ -91.650262404534985, 41.827500515244395 ], [ -91.650254025354315, 41.827501633686168 ], [ -91.650245722224938, 41.82750304150678 ], [ -91.650237515682321, 41.827504736331321 ], [ -91.650229423906239, 41.827506713946313 ], [ -91.65022146266962, 41.82750897010007 ], [ -91.65021365017796, 41.827511499679112 ], [ -91.650206003407575, 41.827514298450815 ], [ -91.650198538208144, 41.827517359463172 ], [ -91.650191271632892, 41.827520675783198 ], [ -91.650184218328093, 41.827524240439772 ], [ -91.65017739293998, 41.827528046461609 ], [ -91.650170811369591, 41.8275320850965 ], [ -91.650164487110885, 41.827536347553789 ], [ -91.650158434835845, 41.827540825962181 ], [ -91.650152666937402, 41.827545507911459 ], [ -91.650147194451549, 41.827550386373034 ] ] ] ] } },
{ "type": "Feature", "properties": { "PPN": "0222452005", "TotalValue": 1020900.0, "PropClass": "R", "pctLandVal": 0.18, "acreVal": 887739.13043478271, "SiteAddres": "4122 DEACON LN NE", "credits": "HMST", "acres": 1.15, "permitNo": "BLD-26349", "permitType": "Dwelling", "permitDate": "3/30/2016", "permitYr": 2016, "nonmetro": 1 }, "geometry": { "type": "MultiPolygon", "coordinates": [ [ [ [ -91.526662061697124, 41.803345029255631 ], [ -91.526763554980846, 41.803306815495624 ], [ -91.526868161587885, 41.803273633330583 ], [ -91.52697543653899, 41.803245623910705 ], [ -91.527084923506294, 41.803222906382281 ], [ -91.527196156754059, 41.803205577380773 ], [ -91.527308663119584, 41.803193710620071 ], [ -91.527421964025521, 41.803187356578782 ], [ -91.527535577515422, 41.803186542285573 ], [ -91.527512385455353, 41.803941004651769 ], [ -91.527191312612842, 41.804071882284909 ], [ -91.526662061697124, 41.803345029255631 ] ] ] ] } },
{ "type": "Feature", "properties": { "PPN": "0222452007", "TotalValue": 1132800.0, "PropClass": "R", "pctLandVal": 0.16, "acreVal": 1078857.1428571427, "SiteAddres": "4114 DEACON LN NE", "credits": "NONE", "acres": 1.05, "permitNo": "BLD-18-27825", "permitType": "Dwelling", "permitDate": "6/25/2018", "permitYr": 2018, "nonmetro": 1 }, "geometry": { "type": "MultiPolygon", "coordinates": [ [ [ [ -91.528147907939129, 41.803197078781267 ], [ -91.528760238588333, 41.8032076111515 ], [ -91.52873706074476, 41.80396207285618 ], [ -91.528124723000943, 41.80395154036669 ], [ -91.528147907939129, 41.803197078781267 ] ] ] ] } },
{ "type": "Feature", "properties": { "PPN": "0222452006", "TotalValue": 1047100.0, "PropClass": "R", "pctLandVal": 0.17, "acreVal": 997238.09523809515, "SiteAddres": "4118 DEACON LN NE", "credits": "NONE", "acres": 1.05, "permitNo": "BLD-19-28338", "permitType": "Dwelling", "permitDate": "5/6/2019", "permitYr": 2019, "nonmetro": 1 }, "geometry": { "type": "MultiPolygon", "coordinates": [ [ [ [ -91.527535577515422, 41.803186542285573 ], [ -91.528147907939129, 41.803197078781267 ], [ -91.528124723000943, 41.80395154036669 ], [ -91.527512385455353, 41.803941004651769 ], [ -91.527535577515422, 41.803186542285573 ] ] ] ] } },
{ "type": "Feature", "properties": { "PPN": "0703453001", "TotalValue": 581900.0, "PropClass": "R", "pctLandVal": 0.22, "acreVal": 162997.19887955184, "SiteAddres": "2365 SUGAR BOTTOM RD NE", "credits": "HMST", "acres": 3.57, "permitNo": "BLD-21-30410", "permitType": "Dwelling", "permitDate": "10/20/2021", "permitYr": 2021, "nonmetro": 1 }, "geometry": { "type": "MultiPolygon", "coordinates": [ [ [ [ -91.530010355178931, 41.760832194120525 ], [ -91.529868177304465, 41.760101813345479 ], [ -91.532061333921121, 41.760162261930809 ], [ -91.532061975668569, 41.760162280008345 ], [ -91.532047327070714, 41.760797455520454 ], [ -91.532000947617405, 41.760809764130755 ], [ -91.531866350377271, 41.760842049581854 ], [ -91.531729374421687, 41.760868130574273 ], [ -91.531590529426992, 41.760887910062451 ], [ -91.531450332025756, 41.760901314448205 ], [ -91.531309303883887, 41.760908293854669 ], [ -91.531167969759238, 41.760908822311897 ], [ -91.53102685554849, 41.760902897853541 ], [ -91.530010355178931, 41.760832194120525 ] ] ] ] } },
{ "type": "Feature", "properties": { "PPN": "0222452010", "TotalValue": 1031700.0, "PropClass": "R", "pctLandVal": 0.18, "acreVal": 921160.7142857142, "SiteAddres": "4102 DEACON LN NE", "credits": "HMST", "acres": 1.12, "permitNo": "BLD-17-27540", "permitType": "Dwelling", "permitDate": "12/12/2017", "permitYr": 2017, "nonmetro": 1 }, "geometry": { "type": "MultiPolygon", "coordinates": [ [ [ [ -91.529590483202711, 41.804186823524923 ], [ -91.530146337847384, 41.803515911539733 ], [ -91.530170419253409, 41.80352721019149 ], [ -91.530196976870243, 41.803537640570127 ], [ -91.53022545191746, 41.803544691638443 ], [ -91.53025508238845, 41.803548174706208 ], [ -91.530285075356261, 41.803547996564653 ], [ -91.530314628193182, 41.803544161980966 ], [ -91.530342950049828, 41.803536773570613 ], [ -91.530369283019084, 41.803526029051284 ], [ -91.530392922418443, 41.803512215951756 ], [ -91.530413235647757, 41.803495703917378 ], [ -91.530429679118043, 41.803476934817986 ], [ -91.530441812798074, 41.803456410923211 ], [ -91.530449311989528, 41.803434681461262 ], [ -91.530451976015712, 41.803412327921343 ], [ -91.530527968289334, 41.803412740232979 ], [ -91.530519522683662, 41.804283239825871 ], [ -91.529590483202711, 41.804186823524923 ] ] ] ] } },
{ "type": "Feature", "properties": { "PPN": "0726257012", "TotalValue": 1048400.0, "PropClass": "R", "pctLandVal": 0.1, "acreVal": 1048400.0, "SiteAddres": "4231 WESTCOTT DR NE", "credits": "NONE", "acres": 1.0, "permitNo": "BLD-20-29415", "permitType": "Dwelling", "permitDate": "9/28/2020", "permitYr": 2020, "nonmetro": 1 }, "geometry": { "type": "MultiPolygon", "coordinates": [ [ [ [ -91.520035970943425, 41.710639311599216 ], [ -91.520072593559632, 41.710639077185462 ], [ -91.520079724904889, 41.711263334468001 ], [ -91.520043996959984, 41.711263265341323 ], [ -91.520043100397771, 41.711263263555594 ], [ -91.519464325540127, 41.711262132564684 ], [ -91.519141751655241, 41.711261494477171 ], [ -91.51914207708343, 41.71117455556719 ], [ -91.519145488088625, 41.711135129020441 ], [ -91.519155371716096, 41.71109632003288 ], [ -91.51917157660219, 41.711058722903317 ], [ -91.519193854584273, 41.711022913371885 ], [ -91.519221864501489, 41.710989439803534 ], [ -91.519357366687771, 41.710847809944937 ], [ -91.51961284461899, 41.710846177783509 ], [ -91.519809385430207, 41.710640765781214 ], [ -91.520035970943425, 41.710639311599216 ] ] ] ] } },
{ "type": "Feature", "properties": { "PPN": "0222452002", "TotalValue": 954300.0, "PropClass": "R", "pctLandVal": 0.19, "acreVal": 900283.01886792446, "SiteAddres": "4132 DEACON LN NE", "credits": "HMST, MIL", "acres": 1.06, "permitNo": "BLD-26375", "permitType": "Dwelling", "permitDate": "3/24/2016", "permitYr": 2016, "nonmetro": 1 }, "geometry": { "type": "MultiPolygon", "coordinates": [ [ [ [ -91.525689472356717, 41.803585220234027 ], [ -91.525875436811504, 41.803509419027876 ], [ -91.525891143058715, 41.803527460136635 ], [ -91.525910427880817, 41.803543440724113 ], [ -91.525932816417566, 41.803556967289971 ], [ -91.525957757382827, 41.803567706760546 ], [ -91.52598463663935, 41.803575394690668 ], [ -91.526012792321211, 41.803579841775083 ], [ -91.526041531131582, 41.803580938510152 ], [ -91.526070145414636, 41.803578657890235 ], [ -91.52609793058086, 41.803573056072601 ], [ -91.526124202457126, 41.803564270994656 ], [ -91.526571878559352, 41.804179102534128 ], [ -91.525689052533778, 41.804309503189131 ], [ -91.525689472356717, 41.803585220234027 ] ] ] ] } },
{ "type": "Feature", "properties": { "PPN": "0222452009", "TotalValue": 1004300.0, "PropClass": "R", "pctLandVal": 0.18, "acreVal": 912999.99999999988, "SiteAddres": "4106  DEACON LN NE", "credits": "HMST", "acres": 1.1, "permitNo": "BLD-18-27916", "permitType": "Dwelling", "permitDate": "7/26/2018", "permitYr": 2018, "nonmetro": 1 }, "geometry": { "type": "MultiPolygon", "coordinates": [ [ [ [ -91.529165534888733, 41.804074913853086 ], [ -91.529474128968076, 41.803290905918011 ], [ -91.529614648085342, 41.803324962436463 ], [ -91.529752521552084, 41.803364613441488 ], [ -91.529887351850206, 41.803409744612274 ], [ -91.530018750233339, 41.803460225827301 ], [ -91.530146337847384, 41.803515911539733 ], [ -91.529590483202711, 41.804186823524923 ], [ -91.529165534888733, 41.804074913853086 ] ] ] ] } },
{ "type": "Feature", "properties": { "PPN": "0222452004", "TotalValue": 960800.0, "PropClass": "R", "pctLandVal": 0.19, "acreVal": 889629.62962962955, "SiteAddres": "4128 DEACON LN NE", "credits": "HMST", "acres": 1.08, "permitNo": "BLD-25879", "permitType": "Dwelling", "permitDate": "6/30/2015", "permitYr": 2015, "nonmetro": 1 }, "geometry": { "type": "MultiPolygon", "coordinates": [ [ [ [ -91.526124202457126, 41.803564270994656 ], [ -91.526662061697124, 41.803345029255631 ], [ -91.527191312612842, 41.804071882284909 ], [ -91.527130827522896, 41.80409653709409 ], [ -91.526571878559352, 41.804179102534128 ], [ -91.526124202457126, 41.803564270994656 ] ] ] ] } },
{ "type": "Feature", "properties": { "PPN": "0326176003", "TotalValue": 892600.0, "PropClass": "R", "pctLandVal": 0.11, "acreVal": 215603.86473429957, "SiteAddres": "1894 LAKE MANOR RD NE", "credits": "HMST", "acres": 4.14, "permitNo": "BLD-24817", "permitType": "Dwelling", "permitDate": "9/26/2013", "permitYr": 2013, "nonmetro": 1 }, "geometry": { "type": "MultiPolygon", "coordinates": [ [ [ [ -91.619672788516198, 41.79906923774579 ], [ -91.619670992931461, 41.798680621279296 ], [ -91.621724653246133, 41.798692377799242 ], [ -91.621724716217003, 41.798697201238774 ], [ -91.62172500439398, 41.79870201931233 ], [ -91.621725521515629, 41.798706827577597 ], [ -91.621726261749373, 41.798711619636435 ], [ -91.62172722891178, 41.798716388346207 ], [ -91.621728418321212, 41.798721129128523 ], [ -91.621729828982495, 41.798725834762919 ], [ -91.621731460999669, 41.79873050164889 ], [ -91.621733310971848, 41.798735122527049 ], [ -91.621735376675105, 41.798739691057712 ], [ -91.621737655807493, 41.798744203601437 ], [ -91.621740144968143, 41.798748652898873 ], [ -91.621742841907135, 41.798753033510401 ], [ -91.621745743119661, 41.79875734177714 ], [ -91.621748844027863, 41.798761569520259 ], [ -91.62175214350674, 41.798765714019865 ], [ -91.621755633317818, 41.798769768839009 ], [ -91.621759312387994, 41.798773729457601 ], [ -91.621763176035515, 41.798777591297238 ], [ -91.621767218427678, 41.798781347959839 ], [ -91.621771433627757, 41.798784996647747 ], [ -91.621775818156962, 41.79878853280205 ], [ -91.621780367359406, 41.798791950944235 ], [ -91.621785072918584, 41.798795247337651 ], [ -91.621789930126724, 41.798798418304052 ], [ -91.621794934327923, 41.798801458364899 ], [ -91.621800078330679, 41.798804366503433 ], [ -91.621805355099326, 41.798807136302116 ], [ -91.621810758671131, 41.798809765863425 ], [ -91.621816281906419, 41.798812252370411 ], [ -91.621821920097531, 41.798814592144758 ], [ -91.621827663724829, 41.798816781430403 ], [ -91.621833505622789, 41.798818818310551 ], [ -91.621839442260537, 41.798820700026404 ], [ -91.621845460431786, 41.79882242546401 ], [ -91.621851557834631, 41.798823990983962 ], [ -91.621857724897609, 41.798825394630526 ], [ -91.621863954403054, 41.798826636287053 ], [ -91.621870238034461, 41.798827712216948 ], [ -91.621876568548259, 41.798828623203732 ], [ -91.621882937601839, 41.798829366410907 ], [ -91.621889337951586, 41.79882994262195 ], [ -91.621895760052098, 41.798830348981021 ], [ -91.621902199039639, 41.798830587210603 ], [ -91.621908644139765, 41.798830655335493 ], [ -91.622092008092437, 41.798831702712853 ], [ -91.622094899936343, 41.799462844456322 ], [ -91.619674543599928, 41.799449010142439 ], [ -91.619672788516198, 41.79906923774579 ] ] ] ] } },
{ "type": "Feature", "properties": { "PPN": "1529477001", "TotalValue": 269800.0, "PropClass": "A, AD", "pctLandVal": 0.0, "acreVal": 293260.86956521741, "SiteAddres": "3760 560TH ST SW", "credits": "HMST, AG", "acres": 0.92, "permitNo": "BLD-16284", "permitType": "Dwelling", "permitDate": "5/25/2010", "permitYr": 2010, "nonmetro": 1 }, "geometry": { "type": "MultiPolygon", "coordinates": [ [ [ [ -91.564600229541867, 41.525526399620688 ], [ -91.565309635144089, 41.525518818347628 ], [ -91.565316446050559, 41.526083715568447 ], [ -91.565264943924646, 41.526084277585724 ], [ -91.564607070194853, 41.526091461397762 ], [ -91.564600229541867, 41.525526399620688 ] ] ] ] } },
{ "type": "Feature", "properties": { "PPN": "0708401006", "TotalValue": 950500.0, "PropClass": "R", "pctLandVal": 0.2, "acreVal": 459178.74396135268, "SiteAddres": "2542 COTTONWOOD CT NE", "credits": "NONE", "acres": 2.07, "permitNo": "BLD-16498", "permitType": "Dwelling", "permitDate": "10/28/2010", "permitYr": 2010, "nonmetro": 1 }, "geometry": { "type": "MultiPolygon", "coordinates": [ [ [ [ -91.566088055536653, 41.74862348538683 ], [ -91.564586609748602, 41.748561722080488 ], [ -91.566101163657038, 41.747418423799871 ], [ -91.566088055536653, 41.74862348538683 ] ] ] ] } },
{ "type": "Feature", "properties": { "PPN": "0222152001", "TotalValue": 1914899.9999999998, "PropClass": "R", "pctLandVal": 0.08, "acreVal": 658041.23711340199, "SiteAddres": "4129 SHAGBARK LN NE", "credits": "HMST", "acres": 2.91, "permitNo": "BLD-22-31199", "permitType": "Dwelling", "permitDate": "9/13/2022", "permitYr": 2022, "nonmetro": 1 }, "geometry": { "type": "MultiPolygon", "coordinates": [ [ [ [ -91.527737198053615, 41.812129302443715 ], [ -91.527817109276981, 41.811965459842092 ], [ -91.528988817382213, 41.812246443275725 ], [ -91.52868733010061, 41.813110030745136 ], [ -91.528634855937781, 41.813094502052273 ], [ -91.528580229449148, 41.813083913095852 ], [ -91.528524278008248, 41.813078424256283 ], [ -91.527672860983756, 41.813034512873472 ], [ -91.527601821467385, 41.813027855621065 ], [ -91.527532214740688, 41.813015321583741 ], [ -91.527464906663894, 41.812997066676502 ], [ -91.527400734501754, 41.812973317977942 ], [ -91.527340496508046, 41.812944370905441 ], [ -91.527737198053615, 41.812129302443715 ] ] ] ] } },
{ "type": "Feature", "properties": { "PPN": "0229406001", "TotalValue": 1688200.0, "PropClass": "R", "pctLandVal": 0.83, "acreVal": 2164358.9743589745, "SiteAddres": "3773 COTTAGE RESERVE RD NE", "credits": "NONE", "acres": 0.78, "permitNo": "BLD-23-31820", "permitType": "Dwelling", "permitDate": "8/29/2023", "permitYr": 2023, "nonmetro": 1 }, "geometry": { "type": "MultiPolygon", "coordinates": [ [ [ [ -91.562857635544859, 41.793111633218203 ], [ -91.562929888705867, 41.793100149565461 ], [ -91.562952681806223, 41.793171649467318 ], [ -91.562973655418915, 41.793237448204437 ], [ -91.563028340392165, 41.793409007811555 ], [ -91.5631219435666, 41.793702692623846 ], [ -91.562502653955406, 41.793750649472038 ], [ -91.562433122666675, 41.793269328359237 ], [ -91.562424875898117, 41.793210429269934 ], [ -91.56243813531475, 41.793201119700612 ], [ -91.562498101693791, 41.793167169599137 ], [ -91.562565192786366, 41.793141282092961 ], [ -91.562634395182826, 41.793133242839033 ], [ -91.562638423640109, 41.793132775062944 ], [ -91.562710320762037, 41.793119307078207 ], [ -91.562783471386865, 41.793113817299911 ], [ -91.562857635544859, 41.793111633218203 ] ] ] ] } },
{ "type": "Feature", "properties": { "PPN": "0723178001", "TotalValue": 452800.0, "PropClass": "R", "pctLandVal": 0.25, "acreVal": 187107.43801652893, "SiteAddres": "2887 NEWPORT RD NE", "credits": "HMST", "acres": 2.42, "permitNo": "BLD-25500", "permitType": "Dwelling", "permitDate": "12/22/2014", "permitYr": 2014, "nonmetro": 1 }, "geometry": { "type": "MultiPolygon", "coordinates": [ [ [ [ -91.504099415878827, 41.722923194293358 ], [ -91.504152045948132, 41.722816842655099 ], [ -91.505199745657904, 41.722895574666026 ], [ -91.505224514550122, 41.722785934842115 ], [ -91.50642067121936, 41.723102598195709 ], [ -91.505986811956362, 41.723927351901352 ], [ -91.505054636198082, 41.7235289072038 ], [ -91.50517525420122, 41.723004042170572 ], [ -91.504099415878827, 41.722923194293358 ] ] ] ] } },
{ "type": "Feature", "properties": { "PPN": "0308262002", "TotalValue": 662700.0, "PropClass": "R", "pctLandVal": 0.27, "acreVal": 82837.5, "SiteAddres": "540 JEFFERSON AVE SW", "credits": "HMST", "acres": 8.0, "permitNo": "BLD-25259", "permitType": "Dwelling", "permitDate": "7/11/2014", "permitYr": 2014, "nonmetro": 1 }, "geometry": { "type": "MultiPolygon", "coordinates": [ [ [ [ -91.695287416091702, 41.841056196712159 ], [ -91.692526676919044, 41.841040770972661 ], [ -91.692234226459675, 41.840913473570978 ], [ -91.691957183491155, 41.84045742743757 ], [ -91.691908902831372, 41.839980975334313 ], [ -91.695288347129065, 41.83994315558045 ], [ -91.695287475702045, 41.840248912254623 ], [ -91.695287428283592, 41.840891544814433 ], [ -91.695287416091702, 41.841056196712159 ] ] ] ] } },
{ "type": "Feature", "properties": { "PPN": "0735305001", "TotalValue": 982800.0, "PropClass": "R", "pctLandVal": 0.09, "acreVal": 982800.0, "SiteAddres": "2355 SUSSEX LN NE", "credits": "NONE", "acres": 1.0, "permitNo": "BLD-22-30985", "permitType": "Dwelling", "permitDate": "7/7/2022", "permitYr": 2022, "nonmetro": 0 }, "geometry": { "type": "MultiPolygon", "coordinates": [ [ [ [ -91.516385581241522, 41.691082139415904 ], [ -91.515976144541, 41.691080101233425 ], [ -91.515500405398669, 41.690718739735424 ], [ -91.515622611926091, 41.690628320819336 ], [ -91.515627218158713, 41.690624899854953 ], [ -91.515631806898099, 41.690621461479807 ], [ -91.515636374431892, 41.690618009232686 ], [ -91.515640921961065, 41.690614543134274 ], [ -91.515645450713791, 41.690611062304853 ], [ -91.515649960662799, 41.690607567644662 ], [ -91.515654448260122, 41.690604057291765 ], [ -91.515658918254601, 41.690600533128581 ], [ -91.515663367043473, 41.690596995093529 ], [ -91.515667794654206, 41.690593442286442 ], [ -91.515672203461151, 41.690589875648591 ], [ -91.515676591062515, 41.69058629513885 ], [ -91.515680958659246, 41.690582700777782 ], [ -91.515685305077795, 41.690579091644693 ], [ -91.515689631491682, 41.690575468660271 ], [ -91.515693937873507, 41.690571832724636 ], [ -91.515698221876264, 41.69056818199649 ], [ -91.515702487047832, 41.690564518337709 ], [ -91.515706729785606, 41.690560841686654 ], [ -91.51571095134517, 41.690557150263579 ], [ -91.515715152872687, 41.690553445889329 ], [ -91.515719333194653, 41.690549727643223 ], [ -91.515723492256313, 41.690545997325557 ], [ -91.515727630139764, 41.690542252235865 ], [ -91.515731745561979, 41.69053849505412 ], [ -91.515735840979517, 41.690534724021049 ], [ -91.515739913963273, 41.690530939995718 ], [ -91.515743965714023, 41.690527142998661 ], [ -91.515747995003537, 41.690523333909546 ], [ -91.515752003087528, 41.690519510948512 ], [ -91.515755989938583, 41.690515675015881 ], [ -91.515759954328402, 41.690511826991077 ], [ -91.515763896256971, 41.690507966874229 ], [ -91.515767816980016, 41.69050409288554 ], [ -91.515771715241812, 41.690500206804742 ], [ -91.515775591042427, 41.690496308631857 ], [ -91.51577944558268, 41.69049239838742 ], [ -91.515783277689081, 41.690488475150751 ], [ -91.515787087334303, 41.690484539822002 ], [ -91.515790873317414, 41.690480592380688 ], [ -91.515794638040163, 41.69047663286775 ], [ -91.51579838027429, 41.690472662162925 ], [ -91.515802098901148, 41.690468677545226 ], [ -91.515805795011985, 41.690464682635678 ], [ -91.515809468661615, 41.690460675634071 ], [ -91.517027796763429, 41.69108533402639 ], [ -91.516385581241522, 41.691082139415904 ] ] ] ] } },
{ "type": "Feature", "properties": { "PPN": "0807379001", "TotalValue": 1620499.9999999998, "PropClass": "R", "pctLandVal": 0.1, "acreVal": 556872.85223367694, "SiteAddres": "4611 TIMBERLAND CT NE", "credits": "HMST", "acres": 2.91, "permitNo": "BLD-16427", "permitType": "Dwelling", "permitDate": "9/17/2010", "permitYr": 2010, "nonmetro": 1 }, "geometry": { "type": "MultiPolygon", "coordinates": [ [ [ [ -91.476501816831856, 41.746716268946528 ], [ -91.476497271033594, 41.746722221357189 ], [ -91.476491468874485, 41.746727526053668 ], [ -91.476484571360473, 41.746732035834057 ], [ -91.476476769892983, 41.746735625554763 ], [ -91.476468280957789, 41.746738195603285 ], [ -91.476459340117486, 41.746739674662415 ], [ -91.476326925598471, 41.746753022299693 ], [ -91.47634202273278, 41.746029691751744 ], [ -91.477756629892966, 41.746104061860208 ], [ -91.477758770903463, 41.747363794342107 ], [ -91.476816469889584, 41.746854501777207 ], [ -91.47683200492456, 41.746835220963163 ], [ -91.476843119720399, 41.746814296909257 ], [ -91.476849514916722, 41.746792293181713 ], [ -91.476851018270949, 41.746769802426115 ], [ -91.476847589297009, 41.746747430404916 ], [ -91.476839320355253, 41.746725779682016 ], [ -91.476826434164295, 41.746705433393444 ], [ -91.476809277801848, 41.746686939541355 ], [ -91.476787797962743, 41.746670462822763 ], [ -91.476762941384962, 41.74665690815074 ], [ -91.476735408104688, 41.746646657264741 ], [ -91.476705973540717, 41.746639998859749 ], [ -91.476675466656559, 41.746637120455837 ], [ -91.47664474661488, 41.746638103117249 ], [ -91.476614678581328, 41.746642919169389 ], [ -91.476586109359474, 41.746651432978211 ], [ -91.476559843542745, 41.746663404769961 ], [ -91.476536620854986, 41.746678497383826 ], [ -91.476517095317902, 41.746696285767264 ], [ -91.476501816831856, 41.746716268946528 ] ] ] ] } },
{ "type": "Feature", "properties": { "PPN": "0233404002", "TotalValue": 466700.0, "PropClass": "R", "pctLandVal": 0.28, "acreVal": 90621.359223300969, "SiteAddres": "2148 SUGAR BOTTOM RD NE", "credits": "NONE", "acres": 5.15, "permitNo": "BLD-25027", "permitType": "Dwelling", "permitDate": "3/3/2014", "permitYr": 2014, "nonmetro": 1 }, "geometry": { "type": "MultiPolygon", "coordinates": [ [ [ [ -91.54501560065755, 41.779419280823596 ], [ -91.545050212997594, 41.778139104810663 ], [ -91.545205042573244, 41.778141449605101 ], [ -91.545409519065487, 41.777831608510951 ], [ -91.545824077695315, 41.777985159489504 ], [ -91.545562203032745, 41.781279536504876 ], [ -91.545066774583859, 41.781272033189026 ], [ -91.544965547509818, 41.781270499303432 ], [ -91.54501560065755, 41.779419280823596 ] ] ] ] } },
{ "type": "Feature", "properties": { "PPN": "1320352001", "TotalValue": 666900.0, "PropClass": "R", "pctLandVal": 0.13, "acreVal": 182213.11475409835, "SiteAddres": "1192 540TH ST SW", "credits": "HMST", "acres": 3.66, "permitNo": "BLD-16468", "permitType": "Dwelling", "permitDate": "10/5/2010", "permitYr": 2010, "nonmetro": 1 }, "geometry": { "type": "MultiPolygon", "coordinates": [ [ [ [ -91.807791812617779, 41.540772701291495 ], [ -91.811159923956581, 41.540759213933889 ], [ -91.811181030941341, 41.541230581460297 ], [ -91.80960460454466, 41.541239410737894 ], [ -91.807813134366938, 41.541249418765439 ], [ -91.807791812617779, 41.540772701291495 ] ] ] ] } },
{ "type": "Feature", "properties": { "PPN": "1612402001", "TotalValue": 605700.0, "PropClass": "R", "pctLandVal": 0.14, "acreVal": 192898.08917197451, "SiteAddres": "4931 JOHNSON MUSCATINE RD SE", "credits": "HMST", "acres": 3.14, "permitNo": "BLD-21-30468", "permitType": "Dwelling", "permitDate": "5/2/2022", "permitYr": 2022, "nonmetro": 1 }, "geometry": { "type": "MultiPolygon", "coordinates": [ [ [ [ -91.366756921565923, 41.573141422100946 ], [ -91.368127409798831, 41.573147584158512 ], [ -91.368119432789854, 41.574149283078199 ], [ -91.366748924768103, 41.574143120049861 ], [ -91.366756921565923, 41.573141422100946 ] ] ] ] } },
{ "type": "Feature", "properties": { "PPN": "0716327002", "TotalValue": 1529000.0, "PropClass": "R", "pctLandVal": 0.12, "acreVal": 639748.95397489541, "SiteAddres": "3838 275TH ST NE", "credits": "NONE", "acres": 2.39, "permitNo": "BLD-18-27679", "permitType": "Dwelling", "permitDate": "4/10/2018", "permitYr": 2018, "nonmetro": 1 }, "geometry": { "type": "MultiPolygon", "coordinates": [ [ [ [ -91.561355739906901, 41.736310829507318 ], [ -91.560021573612772, 41.736291125089906 ], [ -91.560043304174414, 41.735497452799258 ], [ -91.561340334855316, 41.735514602755451 ], [ -91.561355739906901, 41.736310829507318 ] ] ] ] } },
{ "type": "Feature", "properties": { "PPN": "1412102002", "TotalValue": 683800.0, "PropClass": "R", "pctLandVal": 0.19, "acreVal": 100263.92961876832, "SiteAddres": "3365 480TH ST SW", "credits": "HMST", "acres": 6.82, "permitNo": "BLD-18-27772", "permitType": "Dwelling", "permitDate": "6/1/2018", "permitYr": 2018, "nonmetro": 1 }, "geometry": { "type": "MultiPolygon", "coordinates": [ [ [ [ -91.601321875619504, 41.581369073813839 ], [ -91.602933688609824, 41.581349031502981 ], [ -91.602922354965671, 41.582025559372973 ], [ -91.602904816851392, 41.583072528227177 ], [ -91.601296502460698, 41.583092522799774 ], [ -91.601310561911845, 41.582138892159364 ], [ -91.601321875619504, 41.581369073813839 ] ] ], [ [ [ -91.601977645892177, 41.583265178414997 ], [ -91.602635503662583, 41.583256996365208 ], [ -91.602642345351768, 41.583567073217026 ], [ -91.601984484458754, 41.583575255304872 ], [ -91.601977645892177, 41.583265178414997 ] ] ] ] } },
{ "type": "Feature", "properties": { "PPN": "0224151001", "TotalValue": 595400.0, "PropClass": "R", "pctLandVal": 0.22, "acreVal": 53113.291703835865, "SiteAddres": "4518 SUTLIFF RD NE", "credits": "HMST", "acres": 11.21, "permitNo": "BLD-16978", "permitType": "Dwelling", "permitDate": "11/10/2011", "permitYr": 2011, "nonmetro": 1 }, "geometry": { "type": "MultiPolygon", "coordinates": [ [ [ [ -91.490835288299579, 41.813064567788153 ], [ -91.486893687420377, 41.812987149799525 ], [ -91.486919292360554, 41.812053165593959 ], [ -91.49157647032392, 41.811873511599451 ], [ -91.491568868619197, 41.812872660510592 ], [ -91.490835288299579, 41.813064567788153 ] ] ] ] } },
{ "type": "Feature", "properties": { "PPN": "1129452003", "TotalValue": 536700.0, "PropClass": "R", "pctLandVal": 0.15, "acreVal": 383357.1428571429, "SiteAddres": "2528 BLACK DIAMOND RD SW", "credits": "HMST", "acres": 1.4, "permitNo": "BLD-20-29072", "permitType": "Dwelling", "permitDate": "7/7/2020", "permitYr": 2020, "nonmetro": 1 }, "geometry": { "type": "MultiPolygon", "coordinates": [ [ [ [ -91.683566688131819, 41.614694561782578 ], [ -91.68355329442106, 41.614462439112422 ], [ -91.683527391994744, 41.614144271038811 ], [ -91.683523661451105, 41.614098117838488 ], [ -91.683562056555985, 41.614095215455812 ], [ -91.683604735279417, 41.614092377497471 ], [ -91.683640480640975, 41.614090294519421 ], [ -91.683668956680663, 41.61408883518056 ], [ -91.683699076001773, 41.614456796093521 ], [ -91.683711958386652, 41.614678332436725 ], [ -91.684249091147265, 41.614620134710023 ], [ -91.684226122059087, 41.615275785311283 ], [ -91.683342249126895, 41.615253988717981 ], [ -91.683364259871965, 41.61474975675614 ], [ -91.683365694126977, 41.61471689702261 ], [ -91.683566688131819, 41.614694561782578 ] ] ] ] } },
{ "type": "Feature", "properties": { "PPN": "0708401004", "TotalValue": 999700.0, "PropClass": "R", "pctLandVal": 0.19, "acreVal": 462824.07407407404, "SiteAddres": "2528 COTTONWOOD CT NE", "credits": "HMST", "acres": 2.16, "permitNo": "BLD-25010", "permitType": "Dwelling", "permitDate": "2/13/2014", "permitYr": 2014, "nonmetro": 1 }, "geometry": { "type": "MultiPolygon", "coordinates": [ [ [ [ -91.564714335278822, 41.749926293213093 ], [ -91.564650298631932, 41.749241904718403 ], [ -91.566081218117276, 41.749251893769845 ], [ -91.566073871676053, 41.749926963069491 ], [ -91.564714335278822, 41.749926293213093 ] ] ] ] } },
{ "type": "Feature", "properties": { "PPN": "0715152001", "TotalValue": 320600.0, "PropClass": "R", "pctLandVal": 0.34, "acreVal": 66652.806652806656, "SiteAddres": "4142 CROSHECK RD NE", "credits": "NONE", "acres": 4.81, "permitNo": "BLD-16917", "permitType": "Dwelling", "permitDate": "9/27/2011", "permitYr": 2011, "nonmetro": 1 }, "geometry": { "type": "MultiPolygon", "coordinates": [ [ [ [ -91.527369639375564, 41.73912048834395 ], [ -91.528908114819203, 41.739252365988285 ], [ -91.529090604110422, 41.740479099708708 ], [ -91.527340761053793, 41.74046339336256 ], [ -91.52734669827062, 41.740187305347966 ], [ -91.527360346327569, 41.739552656710678 ], [ -91.527369639375564, 41.73912048834395 ] ] ] ] } },
{ "type": "Feature", "properties": { "PPN": "1102327002", "TotalValue": 115500.0, "PropClass": "R", "pctLandVal": 1.0, "acreVal": 8162.5441696113085, "SiteAddres": "3042 355TH ST SW", "credits": "NONE", "acres": 14.15, "permitNo": "BLD-25-33202", "permitType": "Dwelling", "permitDate": "3/25/2025", "permitYr": 2025, "nonmetro": 1 }, "geometry": { "type": "MultiPolygon", "coordinates": [ [ [ [ -91.63428701601535, 41.67661511880052 ], [ -91.634282548177737, 41.67541584606122 ], [ -91.637346219563383, 41.675436062965019 ], [ -91.637354400390549, 41.677607555125171 ], [ -91.635239261102996, 41.677594083692924 ], [ -91.63428701601535, 41.67661511880052 ] ] ] ] } },
{ "type": "Feature", "properties": { "PPN": "0515378002", "TotalValue": 386300.0, "PropClass": "R", "pctLandVal": 0.19, "acreVal": 297153.84615384613, "SiteAddres": "1684 HIGHWAY 6 NW", "credits": "HMST", "acres": 1.3, "permitNo": "BLD-17264", "permitType": "Dwelling", "permitDate": "6/6/2012", "permitYr": 2012, "nonmetro": 1 }, "geometry": { "type": "MultiPolygon", "coordinates": [ [ [ [ -91.765676425939361, 41.732254374817693 ], [ -91.765756774251329, 41.732293810018398 ], [ -91.765838994030986, 41.732331017957264 ], [ -91.766316406703098, 41.732538196063793 ], [ -91.765813849933991, 41.733187975377355 ], [ -91.765290119696104, 41.732960696764458 ], [ -91.765291017017333, 41.732638133006574 ], [ -91.765676425939361, 41.732254374817693 ] ] ] ] } },
{ "type": "Feature", "properties": { "PPN": "0421252001", "TotalValue": 402700.0, "PropClass": "R", "pctLandVal": 0.26, "acreVal": 86602.150537634399, "SiteAddres": "1657 KNAPP CREEK WAY NW", "credits": "NONE", "acres": 4.65, "permitNo": "BLD-25060", "permitType": "Dwelling", "permitDate": "4/11/2014", "permitYr": 2014, "nonmetro": 1 }, "geometry": { "type": "MultiPolygon", "coordinates": [ [ [ [ -91.787892524921872, 41.812418213864234 ], [ -91.787886406587958, 41.811593590005415 ], [ -91.789595405666518, 41.811591014044048 ], [ -91.789415920488537, 41.812256156548145 ], [ -91.78905684555545, 41.813399070771531 ], [ -91.788897816595465, 41.813279079664269 ], [ -91.788743681748372, 41.813155566097727 ], [ -91.788594580334262, 41.813028641736096 ], [ -91.788450647120328, 41.812898421326466 ], [ -91.788312012199015, 41.81276502259513 ], [ -91.788178800870526, 41.812628566140958 ], [ -91.788137173286501, 41.812588083895214 ], [ -91.788091359594802, 41.812550216426118 ], [ -91.788041652118608, 41.812515205348717 ], [ -91.787892524921872, 41.812418213864234 ] ] ] ] } },
{ "type": "Feature", "properties": { "PPN": "0601202003", "TotalValue": 1100200.0, "PropClass": "R", "pctLandVal": 0.21, "acreVal": 146693.33333333334, "SiteAddres": "2263 SCALES BEND RD NE", "credits": "HMST", "acres": 7.5, "permitNo": "BLD-22-30833", "permitType": "Dwelling", "permitDate": "5/6/2022", "permitYr": 2022, "nonmetro": 0 }, "geometry": { "type": "MultiPolygon", "coordinates": [ [ [ [ -91.609239562400163, 41.771246160868671 ], [ -91.609468286005381, 41.770402393944785 ], [ -91.611400002832241, 41.770437654272534 ], [ -91.611508551608665, 41.770439664720783 ], [ -91.611507001088526, 41.771899705744424 ], [ -91.609069580104673, 41.771873214179152 ], [ -91.609087867537923, 41.771815117013766 ], [ -91.609239562400163, 41.771246160868671 ] ] ] ] } },
{ "type": "Feature", "properties": { "PPN": "0112226005", "TotalValue": 356300.0, "PropClass": "R", "pctLandVal": 0.18, "acreVal": 194699.45355191256, "SiteAddres": "1216 WHITE OAK AVE NE", "credits": "HMST, MIL", "acres": 1.83, "permitNo": "BLD-19-28844", "permitType": "Dwelling", "permitDate": "12/20/2019", "permitYr": 2019, "nonmetro": 1 }, "geometry": { "type": "MultiPolygon", "coordinates": [ [ [ [ -91.38493885995635, 41.843730841362991 ], [ -91.385585266576328, 41.843734118667761 ], [ -91.385574186694654, 41.844306607651433 ], [ -91.384933679794969, 41.844303360229425 ], [ -91.384178003050664, 41.844303929201239 ], [ -91.384183242848408, 41.843727005659204 ], [ -91.38493885995635, 41.843730841362991 ] ] ] ] } },
{ "type": "Feature", "properties": { "PPN": "0716352010", "TotalValue": 1620099.9999999998, "PropClass": "R", "pctLandVal": 0.13, "acreVal": 303389.51310861419, "SiteAddres": "3838 PETERSON PL NE", "credits": "NONE", "acres": 5.34, "permitNo": "BLD-18-28079", "permitType": "Dwelling", "permitDate": "10/2/2018", "permitYr": 2018, "nonmetro": 1 }, "geometry": { "type": "MultiPolygon", "coordinates": [ [ [ [ -91.556359968212789, 41.731716113457402 ], [ -91.556362471187754, 41.731637458951532 ], [ -91.556393461988847, 41.729940211960589 ], [ -91.557965878322037, 41.729962692245742 ], [ -91.558837592731805, 41.729975151455584 ], [ -91.559398515311685, 41.730269302366139 ], [ -91.559415344768652, 41.73028002169935 ], [ -91.559429831956479, 41.73029251427085 ], [ -91.559441647652577, 41.730306496187083 ], [ -91.559450523343443, 41.730321649708962 ], [ -91.559456257326758, 41.730337630472455 ], [ -91.559458719295236, 41.730354075314196 ], [ -91.559429884944805, 41.730347559353881 ], [ -91.559400014977626, 41.730344670824813 ], [ -91.559369916893871, 41.730345487814972 ], [ -91.559340404360398, 41.730349988237997 ], [ -91.559312275214722, 41.730358050430148 ], [ -91.558790199905033, 41.730084278599463 ], [ -91.558358935464113, 41.73007811700117 ], [ -91.557960565892145, 41.730072422099205 ], [ -91.557952503283104, 41.730236941452389 ], [ -91.557659423707278, 41.730232769869758 ], [ -91.557407470795852, 41.731548806792688 ], [ -91.557121276725425, 41.731808397923423 ], [ -91.556359968212789, 41.731716113457402 ] ] ] ] } },
{ "type": "Feature", "properties": { "PPN": "0706201002", "TotalValue": 1698899.9999999998, "PropClass": "R", "pctLandVal": 0.18, "acreVal": 151417.11229946523, "SiteAddres": "2190 SCALES BEND RD NE", "credits": "NONE", "acres": 11.22, "permitNo": "BLD-17568", "permitType": "Dwelling", "permitDate": "11/5/2012", "permitYr": 2012, "nonmetro": 1 }, "geometry": { "type": "MultiPolygon", "coordinates": [ [ [ [ -91.597006333354003, 41.774916801720956 ], [ -91.596651577889659, 41.774997580092872 ], [ -91.596530037013238, 41.775076134863653 ], [ -91.591395376731697, 41.774970640454406 ], [ -91.591393349762058, 41.774847158385114 ], [ -91.592003977153198, 41.774090917745568 ], [ -91.591981742008684, 41.773785252761471 ], [ -91.594872411040484, 41.773343251524501 ], [ -91.594942222974723, 41.774808793398911 ], [ -91.597039951565819, 41.774908028880894 ], [ -91.597006333354003, 41.774916801720956 ] ] ] ] } },
{ "type": "Feature", "properties": { "PPN": "1506452002", "TotalValue": 559100.0, "PropClass": "R", "pctLandVal": 0.18, "acreVal": 126493.21266968326, "SiteAddres": "3540 480TH ST SW", "credits": "HMST", "acres": 4.42, "permitNo": "BLD-26706", "permitType": "Dwelling", "permitDate": "8/22/2016", "permitYr": 2016, "nonmetro": 1 }, "geometry": { "type": "MultiPolygon", "coordinates": [ [ [ [ -91.586005584063628, 41.583483156524167 ], [ -91.587066839251577, 41.583468522877673 ], [ -91.587063646656688, 41.584841643978493 ], [ -91.585369727462293, 41.584855676149012 ], [ -91.585358577477052, 41.58410128237842 ], [ -91.586013934926385, 41.584095819938852 ], [ -91.586005584063628, 41.583483156524167 ] ] ] ] } },
{ "type": "Feature", "properties": { "PPN": "0716352005", "TotalValue": 1576800.0, "PropClass": "R", "pctLandVal": 0.11, "acreVal": 491214.95327102806, "SiteAddres": "3802 PETERSON PL NE", "credits": "HMST", "acres": 3.21, "permitNo": "BLD-21-30283", "permitType": "Dwelling", "permitDate": "9/8/2021", "permitYr": 2021, "nonmetro": 1 }, "geometry": { "type": "MultiPolygon", "coordinates": [ [ [ [ -91.559413098314437, 41.730618017871009 ], [ -91.559440376308501, 41.730614011038888 ], [ -91.559466530836517, 41.730606958461252 ], [ -91.559475459757579, 41.730604628574078 ], [ -91.559484789681079, 41.730603479708748 ], [ -91.559494244409265, 41.730603545875631 ], [ -91.559503544049818, 41.730604825115989 ], [ -91.559512413301491, 41.730607279559862 ], [ -91.559582525715683, 41.730628331050994 ], [ -91.559655456828665, 41.730643059344338 ], [ -91.559730194263992, 41.730651259992293 ], [ -91.559805700569427, 41.730652819159211 ], [ -91.55988092761919, 41.730647715201883 ], [ -91.559954831164177, 41.730636018969811 ], [ -91.560026385328413, 41.730617892821797 ], [ -91.560094596850462, 41.730593588371946 ], [ -91.56015851887183, 41.730563442996825 ], [ -91.560378169683574, 41.730445776641702 ], [ -91.560435798111541, 41.730418258418204 ], [ -91.560497009446721, 41.730395491632109 ], [ -91.560561108154801, 41.730377734977459 ], [ -91.560627365894916, 41.73036519021916 ], [ -91.56069502979517, 41.73035799990032 ], [ -91.560763331006854, 41.730356245722859 ], [ -91.560560501599369, 41.730955859503673 ], [ -91.559749785769938, 41.731835960065474 ], [ -91.558929867089304, 41.73156693766267 ], [ -91.559413098314437, 41.730618017871009 ] ] ] ] } },
{ "type": "Feature", "properties": { "PPN": "0314455002", "TotalValue": 603600.0, "PropClass": "R", "pctLandVal": 0.25, "acreVal": 44513.274336283182, "SiteAddres": "3133 ROBERTS FERRY RD NE", "credits": "NONE", "acres": 13.56, "permitNo": "BLD-24989", "permitType": "Dwelling", "permitDate": "1/9/2014", "permitYr": 2014, "nonmetro": 1 }, "geometry": { "type": "MultiPolygon", "coordinates": [ [ [ [ -91.621926856909823, 41.81923483257043 ], [ -91.62193970575558, 41.818496367567178 ], [ -91.62328570400777, 41.818499124745628 ], [ -91.623836194826438, 41.818500246918127 ], [ -91.623907866722718, 41.818762717310328 ], [ -91.624438796944929, 41.818760170043653 ], [ -91.625032878887694, 41.820694833511411 ], [ -91.625032819290425, 41.820835581195354 ], [ -91.623740205678359, 41.821492929997206 ], [ -91.622870243393336, 41.820411811233043 ], [ -91.621926856909823, 41.81923483257043 ] ] ] ] } },
{ "type": "Feature", "properties": { "PPN": "1026152014", "TotalValue": 304600.0, "PropClass": "R", "pctLandVal": 0.22, "acreVal": 534385.96491228079, "SiteAddres": "4322 MOIRA AVE SE", "credits": "HMST, MIL", "acres": 0.57, "permitNo": "BLD-16658", "permitType": "Dwelling", "permitDate": "4/28/2011", "permitYr": 2011, "nonmetro": 1 }, "geometry": { "type": "MultiPolygon", "coordinates": [ [ [ [ -91.509325106309859, 41.622195496852299 ], [ -91.509325110986481, 41.622194674662936 ], [ -91.50932665056169, 41.621938582555281 ], [ -91.509984415073006, 41.621936194077691 ], [ -91.509990668333359, 41.622309401074197 ], [ -91.509324402201869, 41.622312379442313 ], [ -91.509325106309859, 41.622195496852299 ] ] ] ] } },
{ "type": "Feature", "properties": { "PPN": "1026153001", "TotalValue": 290000.0, "PropClass": "R", "pctLandVal": 0.18, "acreVal": 659090.90909090894, "SiteAddres": "4316 MOIRA AVE SE", "credits": "HMST", "acres": 0.44, "permitNo": "BLD-17514", "permitType": "Dwelling", "permitDate": "10/5/2012", "permitYr": 2012, "nonmetro": 1 }, "geometry": { "type": "MultiPolygon", "coordinates": [ [ [ [ -91.509990668333359, 41.622309401074197 ], [ -91.509984415073006, 41.621936194077691 ], [ -91.510496449810191, 41.621934331941418 ], [ -91.51050270599815, 41.622307538910512 ], [ -91.509990668333359, 41.622309401074197 ] ] ] ] } },
{ "type": "Feature", "properties": { "PPN": "0720303001", "TotalValue": 1697299.9999999998, "PropClass": "R", "pctLandVal": 0.17, "acreVal": 563887.04318936879, "SiteAddres": "3679 JOHNSTON WAY NE", "credits": "HMST", "acres": 3.01, "permitNo": "BLD-16666", "permitType": "Dwelling", "permitDate": "4/15/2011", "permitYr": 2011, "nonmetro": 1 }, "geometry": { "type": "MultiPolygon", "coordinates": [ [ [ [ -91.572064350149134, 41.721143494202686 ], [ -91.57342478931858, 41.721946358156664 ], [ -91.573596924343519, 41.721951532032385 ], [ -91.573597679133499, 41.72247215292689 ], [ -91.572089144507387, 41.722449869708512 ], [ -91.572064350149134, 41.721143494202686 ] ] ] ] } },
{ "type": "Feature", "properties": { "PPN": "1813452001", "TotalValue": 107900.0, "PropClass": "R", "pctLandVal": 0.56, "acreVal": 58961.748633879783, "SiteAddres": "6363 RIVER JUNCTION RD SE", "credits": "NONE", "acres": 1.83, "permitNo": "BLD-24-32898", "permitType": "Dwelling", "permitDate": "10/15/2024", "permitYr": 2024, "nonmetro": 1 }, "geometry": { "type": "MultiPolygon", "coordinates": [ [ [ [ -91.488842296648087, 41.470028756028654 ], [ -91.488986623355686, 41.470011318306909 ], [ -91.48894992334121, 41.469823887042779 ], [ -91.489993300214323, 41.469792447658016 ], [ -91.489957138961685, 41.470362052853019 ], [ -91.489529813787897, 41.470606450010891 ], [ -91.488969167243965, 41.470648860805227 ], [ -91.488957947117441, 41.470575633579777 ], [ -91.488943801791066, 41.470502693521802 ], [ -91.488842296648087, 41.470028756028654 ] ] ] ] } },
{ "type": "Feature", "properties": { "PPN": "0220428003", "TotalValue": 512000.0, "PropClass": "R", "pctLandVal": 0.19, "acreVal": 105133.47022587269, "SiteAddres": "1690 NEWBERRY AVE NE", "credits": "NONE", "acres": 4.87, "permitNo": "BLD-16653", "permitType": "Dwelling", "permitDate": "4/29/2011", "permitYr": 2011, "nonmetro": 1 }, "geometry": { "type": "MultiPolygon", "coordinates": [ [ [ [ -91.568140226617018, 41.810121901916119 ], [ -91.567462013234845, 41.810105205675775 ], [ -91.567481295435499, 41.809666861719307 ], [ -91.567912048772811, 41.809677468458105 ], [ -91.567934847808445, 41.809159091154527 ], [ -91.56750409787189, 41.809148485398303 ], [ -91.567528892036293, 41.808584798262387 ], [ -91.568923233298378, 41.809020161956255 ], [ -91.56950882338576, 41.809052649138422 ], [ -91.569421424984498, 41.809918729246036 ], [ -91.569282064094821, 41.810027344857822 ], [ -91.569138458707585, 41.810132820567134 ], [ -91.568990735143458, 41.810235063579 ], [ -91.568528486847839, 41.809849933009176 ], [ -91.568140226617018, 41.810121901916119 ] ] ] ] } },
{ "type": "Feature", "properties": { "PPN": "0118378001", "TotalValue": 522900.0, "PropClass": "R", "pctLandVal": 0.13, "acreVal": 194386.61710037175, "SiteAddres": "4680 SUTLIFF RD NE", "credits": "HMST", "acres": 2.69, "permitNo": "BLD-17002", "permitType": "Dwelling", "permitDate": "11/16/2011", "permitYr": 2011, "nonmetro": 1 }, "geometry": { "type": "MultiPolygon", "coordinates": [ [ [ [ -91.476038444536741, 41.816646991995619 ], [ -91.476178960965896, 41.816638357930223 ], [ -91.476318671297818, 41.81662418210415 ], [ -91.476457185243291, 41.816604504118345 ], [ -91.476594115856145, 41.816579378944425 ], [ -91.476729080614547, 41.816548876770931 ], [ -91.476861702489842, 41.816513082807205 ], [ -91.476954849637039, 41.817860335840699 ], [ -91.475898492321448, 41.817846812009677 ], [ -91.476038444536741, 41.816646991995619 ] ] ] ] } },
{ "type": "Feature", "properties": { "PPN": "0629253002", "TotalValue": 513200.0, "PropClass": "R", "pctLandVal": 0.12, "acreVal": 551827.95698924724, "SiteAddres": "2442 COPI RD NW", "credits": "NONE", "acres": 0.93, "permitNo": "BLD-21-30593", "permitType": "Dwelling", "permitDate": "3/4/2022", "permitYr": 2022, "nonmetro": 1 }, "geometry": { "type": "MultiPolygon", "coordinates": [ [ [ [ -91.691420858775089, 41.709744772274512 ], [ -91.691432544490084, 41.709355781873498 ], [ -91.692444521980931, 41.709369595125658 ], [ -91.692520979079603, 41.709754506243556 ], [ -91.691420858775089, 41.709744772274512 ] ] ] ] } },
{ "type": "Feature", "properties": { "PPN": "1531477001", "TotalValue": 580900.0, "PropClass": "R", "pctLandVal": 0.14, "acreVal": 341705.8823529412, "SiteAddres": "5761 NAPLES AVE SW", "credits": "NONE", "acres": 1.7, "permitNo": "BLD-19-28835", "permitType": "Dwelling", "permitDate": "1/31/2020", "permitYr": 2020, "nonmetro": 1 }, "geometry": { "type": "MultiPolygon", "coordinates": [ [ [ [ -91.579692984971985, 41.513222994838898 ], [ -91.580594830940825, 41.513216850474251 ], [ -91.580604765527909, 41.514040158160903 ], [ -91.579702907005426, 41.51404630258169 ], [ -91.579692984971985, 41.513222994838898 ] ] ] ] } },
{ "type": "Feature", "properties": { "PPN": "0230302001", "TotalValue": 407100.0, "PropClass": "R", "pctLandVal": 0.14, "acreVal": 1507777.7777777778, "SiteAddres": "1912 LOCUST DR NE", "credits": "HMST", "acres": 0.27, "permitNo": "BLD-26543", "permitType": "Dwelling", "permitDate": "5/27/2016", "permitYr": 2016, "nonmetro": 1 }, "geometry": { "type": "MultiPolygon", "coordinates": [ [ [ [ -91.592509079498825, 41.795683990809749 ], [ -91.592932785602827, 41.795671277090392 ], [ -91.592946489817436, 41.795964730141733 ], [ -91.592524044254858, 41.795958185589257 ], [ -91.592509079498825, 41.795683990809749 ] ] ] ] } },
{ "type": "Feature", "properties": { "PPN": "1104227001", "TotalValue": 271700.0, "PropClass": "A, AD", "pctLandVal": 0.02, "acreVal": 56020.618556701033, "SiteAddres": "3448 IVY AVE SW", "credits": "HMST, AG", "acres": 4.85, "permitNo": "BLD-22-31356", "permitType": "Dwelling", "permitDate": "11/9/2022", "permitYr": 2022, "nonmetro": 1 }, "geometry": { "type": "MultiPolygon", "coordinates": [ [ [ [ -91.673474953937685, 41.68709416579086 ], [ -91.67347123765613, 41.686462975392175 ], [ -91.673251575817503, 41.686463701994455 ], [ -91.673239398734282, 41.684394494612107 ], [ -91.672437606309984, 41.684297274039842 ], [ -91.672392671625843, 41.683358627503729 ], [ -91.67361059418144, 41.683246402304903 ], [ -91.673613635564735, 41.68577755637309 ], [ -91.673621395398612, 41.687094823956357 ], [ -91.673474953937685, 41.68709416579086 ] ] ] ] } },
{ "type": "Feature", "properties": { "PPN": "0722376008", "TotalValue": 1141100.0, "PropClass": "R", "pctLandVal": 0.11, "acreVal": 958907.56302521017, "SiteAddres": "5 OAK PARK LN NE", "credits": "HMST", "acres": 1.19, "permitNo": "BLD-19-28350", "permitType": "Dwelling", "permitDate": "5/6/2019", "permitYr": 2019, "nonmetro": 0 }, "geometry": { "type": "MultiPolygon", "coordinates": [ [ [ [ -91.533704744850994, 41.717418579513996 ], [ -91.533697882477682, 41.717419778129305 ], [ -91.533691032232952, 41.717421012973311 ], [ -91.533684192942545, 41.717422283125529 ], [ -91.533677365807819, 41.717423588606316 ], [ -91.533670550801631, 41.717424930315865 ], [ -91.533663749098196, 41.717426309174513 ], [ -91.533656959604755, 41.717427721561492 ], [ -91.533650184642596, 41.717429170217926 ], [ -91.533643423010346, 41.717430655123387 ], [ -91.53363667476232, 41.717432174477651 ], [ -91.533629941045504, 41.717433730101341 ], [ -91.533623221968583, 41.717435318393896 ], [ -91.5336165173686, 41.717436944756216 ], [ -91.533609829756912, 41.717438605628331 ], [ -91.533603156730848, 41.717440300969621 ], [ -91.533596499464466, 41.7174420317006 ], [ -91.533589859213649, 41.717443796041316 ], [ -91.533583235896728, 41.717445596692187 ], [ -91.533576628393931, 41.717447430932395 ], [ -91.533570039053643, 41.717449300603029 ], [ -91.533563466728793, 41.717451203883428 ], [ -91.533556912566439, 41.717453142594167 ], [ -91.533550376620866, 41.717455114935007 ], [ -91.533543858892159, 41.717457120906019 ], [ -91.533537361728705, 41.717459162348099 ], [ -91.533530881580617, 41.717461237399924 ], [ -91.533524422052139, 41.717463346122649 ], [ -91.53351798317037, 41.717465487616025 ], [ -91.533511562451054, 41.717467664539832 ], [ -91.533505164781246, 41.717469874275039 ], [ -91.533498785328192, 41.717472117640355 ], [ -91.533492427723218, 41.71747439379682 ], [ -91.533486091939167, 41.717476703644458 ], [ -91.533479777976055, 41.717479047183289 ], [ -91.533473485861023, 41.717481423513256 ], [ -91.533467215621201, 41.717483831734128 ], [ -91.533460969577916, 41.717486274587074 ], [ -91.533454745409827, 41.717488749330997 ], [ -91.533448544345518, 41.717491255086102 ], [ -91.533442366276304, 41.717493795452945 ], [ -91.533436213713657, 41.717496366871707 ], [ -91.533430084200447, 41.717498971101882 ], [ -91.53342398016656, 41.717501607284142 ], [ -91.533417899209311, 41.717504275377692 ], [ -91.533411843758572, 41.717506974523211 ], [ -91.53274346623941, 41.716672130919925 ], [ -91.532882918493456, 41.716523442616463 ], [ -91.533425405543085, 41.716506377308491 ], [ -91.533704744850994, 41.717418579513996 ] ] ] ] } },
{ "type": "Feature", "properties": { "PPN": "0711452001", "TotalValue": 771700.0, "PropClass": "R", "pctLandVal": 0.3, "acreVal": 79148.717948717953, "SiteAddres": "2571 SUGAR BOTTOM RD NE", "credits": "HMST", "acres": 9.75, "permitNo": "BLD-21-30416", "permitType": "Dwelling", "permitDate": "10/13/2021", "permitYr": 2021, "nonmetro": 1 }, "geometry": { "type": "MultiPolygon", "coordinates": [ [ [ [ -91.509406237719816, 41.745796373073439 ], [ -91.509004139193166, 41.745772988196734 ], [ -91.508972142795699, 41.745771193198081 ], [ -91.508940140152589, 41.745769484539878 ], [ -91.508908127575552, 41.745767864860781 ], [ -91.508876108752688, 41.745766331522212 ], [ -91.508844081224964, 41.745764886283176 ], [ -91.508812047396191, 41.745763529184892 ], [ -91.508780007293666, 41.745762259327222 ], [ -91.508747962091647, 41.745761077630924 ], [ -91.508715909413681, 41.745759983154613 ], [ -91.508683852837976, 41.745758976860252 ], [ -91.508651791189919, 41.745758057827118 ], [ -91.508619725643726, 41.745757226975961 ], [ -91.508587656199396, 41.745756484306739 ], [ -91.508555582884213, 41.745755828919307 ], [ -91.508523506899976, 41.745755260834329 ], [ -91.508491428219074, 41.745754780951863 ], [ -91.508459348043218, 41.745754389292564 ], [ -91.508427265197952, 41.745754084935697 ], [ -91.508395180857548, 41.745753868801955 ], [ -91.508363096251244, 41.745753740011878 ], [ -91.508331012525801, 41.745753700386302 ], [ -91.508298927359888, 41.745753747183649 ], [ -91.508266841900152, 41.745753882224719 ], [ -91.508234758577828, 41.745754104650693 ], [ -91.508202676163393, 41.745754415341054 ], [ -91.508170597088053, 41.745754813436903 ], [ -91.508138517718379, 41.745755299776519 ], [ -91.508106441660019, 41.745755874421704 ], [ -91.508074368967854, 41.745756535572305 ], [ -91.508042299559165, 41.745757285928654 ], [ -91.508010234718412, 41.745758122811004 ], [ -91.507978173188405, 41.745759047998973 ], [ -91.507946116170956, 41.745760061513188 ], [ -91.507914064922886, 41.745761161574059 ], [ -91.507882019361489, 41.745762350881904 ], [ -91.50784997956923, 41.745763626736334 ], [ -91.507817946692782, 41.745764990958335 ], [ -91.50778591958526, 41.745766441726957 ], [ -91.507753900567678, 41.745767981783864 ], [ -91.507721889722546, 41.745769608428638 ], [ -91.507689886994669, 41.745771323461568 ], [ -91.507657891237045, 41.745773125061781 ], [ -91.507625906027755, 41.745775014191295 ], [ -91.507593930137261, 41.745776991729599 ], [ -91.507561963592892, 41.74577905677657 ], [ -91.50755614533162, 41.743979553426776 ], [ -91.507556956258782, 41.743663961271167 ], [ -91.507557484754173, 41.743458116351292 ], [ -91.509413636508683, 41.743461932307746 ], [ -91.509413163126268, 41.743990694073076 ], [ -91.509406237719816, 41.745796373073439 ] ] ] ] } },
{ "type": "Feature", "properties": { "PPN": "1108201001", "TotalValue": 291300.0, "PropClass": "A, AD", "pctLandVal": 0.21, "acreVal": 7609.7178683385582, "SiteAddres": "3631 HALF MOON AVE SW", "credits": "HMST, AG", "acres": 38.28, "permitNo": "BLD-22-30916", "permitType": "Dwelling", "permitDate": "6/7/2022", "permitYr": 2022, "nonmetro": 1 }, "geometry": { "type": "MultiPolygon", "coordinates": [ [ [ [ -91.690805013242709, 41.672480478297032 ], [ -91.686061639987102, 41.672363787723548 ], [ -91.686098183428015, 41.668838668390272 ], [ -91.690881622137155, 41.66897728139147 ], [ -91.690805013242709, 41.672480478297032 ] ] ] ] } },
{ "type": "Feature", "properties": { "PPN": "0706105002", "TotalValue": 475600.0, "PropClass": "R", "pctLandVal": 0.16, "acreVal": 1033913.0434782609, "SiteAddres": "3595 CREEK RD NE", "credits": "HMST", "acres": 0.46, "permitNo": "BLD-16924", "permitType": "Dwelling", "permitDate": "9/22/2011", "permitYr": 2011, "nonmetro": 1 }, "geometry": { "type": "MultiPolygon", "coordinates": [ [ [ [ -91.580770971166132, 41.77146805090122 ], [ -91.581039153504577, 41.770957235278274 ], [ -91.581380328687644, 41.771057615900929 ], [ -91.581112149814544, 41.77156843231333 ], [ -91.580770971166132, 41.77146805090122 ] ] ] ] } },
{ "type": "Feature", "properties": { "PPN": "0310253001", "TotalValue": 563900.0, "PropClass": "R", "pctLandVal": 0.13, "acreVal": 375933.33333333331, "SiteAddres": "1288 JAMES AVE NE", "credits": "HMST, MIL", "acres": 1.5, "permitNo": "BLD-21-30126", "permitType": "Dwelling", "permitDate": "7/30/2021", "permitYr": 2021, "nonmetro": 0 }, "geometry": { "type": "MultiPolygon", "coordinates": [ [ [ [ -91.654563845810216, 41.841503118200251 ], [ -91.654574152780327, 41.841009306274437 ], [ -91.655906150431491, 41.841031853144223 ], [ -91.655896226983756, 41.841525704424114 ], [ -91.654563845810216, 41.841503118200251 ] ] ] ] } },
{ "type": "Feature", "properties": { "PPN": "0307144001", "TotalValue": 354800.0, "PropClass": "R", "pctLandVal": 0.1, "acreVal": 1144516.1290322582, "SiteAddres": "150 ALAN AVE SW", "credits": "NONE", "acres": 0.31, "permitNo": "BLD-26123", "permitType": "Dwelling", "permitDate": "10/5/2015", "permitYr": 2015, "nonmetro": 1 }, "geometry": { "type": "MultiPolygon", "coordinates": [ [ [ [ -91.702775485970619, 41.846024858113843 ], [ -91.702949747230747, 41.846104345384092 ], [ -91.702997751182721, 41.84612424515732 ], [ -91.703047798813515, 41.846141096487798 ], [ -91.703099544615768, 41.846154783040809 ], [ -91.702805463885866, 41.84651521081004 ], [ -91.702699153660944, 41.846414654975533 ], [ -91.702526912986983, 41.846329712651439 ], [ -91.702775485970619, 41.846024858113843 ] ] ] ] } },
{ "type": "Feature", "properties": { "PPN": "0307142001", "TotalValue": 282600.0, "PropClass": "R", "pctLandVal": 0.12, "acreVal": 588750.0, "SiteAddres": "331 AMY ST SW", "credits": "HMST", "acres": 0.48, "permitNo": "BLD-25475", "permitType": "Dwelling", "permitDate": "10/31/2014", "permitYr": 2014, "nonmetro": 1 }, "geometry": { "type": "MultiPolygon", "coordinates": [ [ [ [ -91.703649970560903, 41.846070823242606 ], [ -91.703660590925338, 41.845673183277789 ], [ -91.703914611533349, 41.845671820998668 ], [ -91.704189831458876, 41.845670343322155 ], [ -91.704183985226351, 41.846012228849105 ], [ -91.704168350670813, 41.846012225194166 ], [ -91.704109173312489, 41.846014961518833 ], [ -91.704050906785056, 41.846023164873792 ], [ -91.70399445090456, 41.846036708573791 ], [ -91.703940677526333, 41.846055383462009 ], [ -91.703890417081425, 41.846078901139926 ], [ -91.703844445752566, 41.846106898420871 ], [ -91.703803473487739, 41.846138942938609 ], [ -91.703746685180349, 41.846111328873029 ], [ -91.703687953903653, 41.846086089101405 ], [ -91.703649970560903, 41.846070823242606 ] ] ] ] } },
{ "type": "Feature", "properties": { "PPN": "0307143001", "TotalValue": 226300.0, "PropClass": "R", "pctLandVal": 0.15, "acreVal": 491956.52173913043, "SiteAddres": "140 ALAN AVE SW", "credits": "HMST", "acres": 0.46, "permitNo": "BLD-26047", "permitType": "Dwelling", "permitDate": "8/31/2015", "permitYr": 2015, "nonmetro": 1 }, "geometry": { "type": "MultiPolygon", "coordinates": [ [ [ [ -91.702805463885866, 41.84651521081004 ], [ -91.703099544615768, 41.846154783040809 ], [ -91.703163118783394, 41.84616685872011 ], [ -91.703227981166464, 41.846174160684782 ], [ -91.703293492271186, 41.846176616943019 ], [ -91.703337387513798, 41.846176632210899 ], [ -91.703386435199278, 41.846178696756141 ], [ -91.703434870241267, 41.846184832935684 ], [ -91.703482089991937, 41.846194964400837 ], [ -91.703527506923933, 41.84620896509184 ], [ -91.703499596203713, 41.846543737031787 ], [ -91.702805463885866, 41.84651521081004 ] ] ] ] } },
{ "type": "Feature", "properties": { "PPN": "0722376009", "TotalValue": 524800.0, "PropClass": "R", "pctLandVal": 0.22, "acreVal": 444745.76271186443, "SiteAddres": "4 OAK PARK LN NE", "credits": "HMST", "acres": 1.18, "permitNo": "BLD-18-27792", "permitType": "Dwelling", "permitDate": "5/23/2018", "permitYr": 2018, "nonmetro": 0 }, "geometry": { "type": "MultiPolygon", "coordinates": [ [ [ [ -91.534019783040804, 41.717402473605603 ], [ -91.534012762561062, 41.717402020579513 ], [ -91.534005739739371, 41.717401605338218 ], [ -91.533998710998731, 41.717401226920416 ], [ -91.533991678741884, 41.717400885366899 ], [ -91.533984645398704, 41.717400579818211 ], [ -91.533977608512146, 41.717400312033888 ], [ -91.533970569310753, 41.717400081134159 ], [ -91.533963527794469, 41.717399887118987 ], [ -91.533956483963308, 41.717399729988422 ], [ -91.533949440220027, 41.717399609783158 ], [ -91.533942394188998, 41.71739952556235 ], [ -91.533935348218733, 41.717399479166957 ], [ -91.53392830233625, 41.717399469696872 ], [ -91.533921256568817, 41.717399496251922 ], [ -91.53391421083488, 41.717399561532538 ], [ -91.533907166417336, 41.717399662858661 ], [ -91.533900122087601, 41.717399801110069 ], [ -91.533893080275604, 41.717399975427291 ], [ -91.533886039725644, 41.717400187590371 ], [ -91.53387900169335, 41.717400435819229 ], [ -91.533871964923094, 41.71740072189391 ], [ -91.53386493187196, 41.717401044054796 ], [ -91.533857902485522, 41.717401404102112 ], [ -91.533850875616821, 41.717401800215342 ], [ -91.533843853668486, 41.71740223243507 ], [ -91.53383683538496, 41.717402702541314 ], [ -91.533829820793244, 41.717403209633922 ], [ -91.533822813524736, 41.717403752873757 ], [ -91.533815809948109, 41.717404333099964 ], [ -91.533808811291848, 41.717404949432677 ], [ -91.533801818730197, 41.717405602792475 ], [ -91.533794833464555, 41.717406293199701 ], [ -91.533787854320622, 41.717407019733805 ], [ -91.533780882472684, 41.717407783315309 ], [ -91.533773916746512, 41.717408583023769 ], [ -91.533766959544792, 41.71740941889982 ], [ -91.533760010840453, 41.71741029184362 ], [ -91.533753069486309, 41.717411200034611 ], [ -91.533746137803703, 41.717412146213817 ], [ -91.53373921467275, 41.717413127660478 ], [ -91.533732301240434, 41.717414146195274 ], [ -91.533725396332613, 41.717415200897712 ], [ -91.53371850120493, 41.717416289987924 ], [ -91.533711618151443, 41.717417417107022 ], [ -91.533704744850994, 41.717418579513996 ], [ -91.533425405543085, 41.716506377308491 ], [ -91.53395270519502, 41.716489786210147 ], [ -91.534261699679675, 41.716752838042801 ], [ -91.534019783040804, 41.717402473605603 ] ] ] ] } },
{ "type": "Feature", "properties": { "PPN": "0516356001", "TotalValue": 371400.0, "PropClass": "R", "pctLandVal": 0.16, "acreVal": 371400.0, "SiteAddres": "725 N AUGUSTA AVE", "credits": "HMST", "acres": 1.0, "permitNo": "BLD-18-27769", "permitType": "Dwelling", "permitDate": "5/9/2018", "permitYr": 2018, "nonmetro": 1 }, "geometry": { "type": "MultiPolygon", "coordinates": [ [ [ [ -91.790697781877, 41.731437052980922 ], [ -91.791463746704778, 41.731444044023903 ], [ -91.791454632987424, 41.7320045791827 ], [ -91.791215834548041, 41.732012794354034 ], [ -91.790688736660158, 41.732015070282095 ], [ -91.790697781877, 41.731437052980922 ] ] ] ] } },
{ "type": "Feature", "properties": { "PPN": "0722354003", "TotalValue": 411200.0, "PropClass": "R", "pctLandVal": 0.27, "acreVal": 283586.20689655171, "SiteAddres": "4034 STEWART RD NE", "credits": "HMST", "acres": 1.45, "permitNo": "BLD-17927", "permitType": "Dwelling", "permitDate": "7/31/2013", "permitYr": 2013, "nonmetro": 0 }, "geometry": { "type": "MultiPolygon", "coordinates": [ [ [ [ -91.538700939081323, 41.717385803779706 ], [ -91.538114498277068, 41.717400700094366 ], [ -91.538023058851039, 41.717397040881167 ], [ -91.53787229413723, 41.716269920085949 ], [ -91.538241420952204, 41.71616685104734 ], [ -91.538700939081323, 41.717385803779706 ] ] ] ] } },
{ "type": "Feature", "properties": { "PPN": "1124103005", "TotalValue": 104500.0, "PropClass": "R", "pctLandVal": 0.7, "acreVal": 79166.666666666657, "SiteAddres": "4021 MAIER AVE SW", "credits": "HMST", "acres": 1.32, "permitNo": "BLD-22-31452", "permitType": "Dwelling", "permitDate": "2/2/2023", "permitYr": 2023, "nonmetro": 1 }, "geometry": { "type": "MultiPolygon", "coordinates": [ [ [ [ -91.600518360267472, 41.641287890126797 ], [ -91.599647222006723, 41.641271806123498 ], [ -91.599654881564831, 41.640948020855262 ], [ -91.600706194466255, 41.640967456499915 ], [ -91.601441148954478, 41.64098103961841 ], [ -91.601432712221751, 41.641304813030033 ], [ -91.600518360267472, 41.641287890126797 ] ] ] ] } },
{ "type": "Feature", "properties": { "PPN": "0511252002", "TotalValue": 509200.0, "PropClass": "R", "pctLandVal": 0.16, "acreVal": 141838.44011142061, "SiteAddres": "1823 250TH ST NW", "credits": "HMST", "acres": 3.59, "permitNo": "BLD-17275", "permitType": "Dwelling", "permitDate": "6/14/2012", "permitYr": 2012, "nonmetro": 1 }, "geometry": { "type": "MultiPolygon", "coordinates": [ [ [ [ -91.751945287320794, 41.756092051759794 ], [ -91.753777763697983, 41.756088375724218 ], [ -91.753779734694575, 41.756637227371748 ], [ -91.751569749841536, 41.756641656809485 ], [ -91.751506181870042, 41.760130888096199 ], [ -91.751385223597737, 41.760131049337609 ], [ -91.75135956720024, 41.760131083654628 ], [ -91.751423142457838, 41.756641963205084 ], [ -91.751425142682876, 41.756532173570264 ], [ -91.751946850785615, 41.756531133635995 ], [ -91.751945287320794, 41.756092051759794 ] ] ] ] } },
{ "type": "Feature", "properties": { "PPN": "0423128001", "TotalValue": 528200.0, "PropClass": "R", "pctLandVal": 0.18, "acreVal": 153546.51162790702, "SiteAddres": "1940 PLOTZ RD NW", "credits": "HMST", "acres": 3.44, "permitNo": "BLD-25131", "permitType": "Dwelling", "permitDate": "6/4/2014", "permitYr": 2014, "nonmetro": 1 }, "geometry": { "type": "MultiPolygon", "coordinates": [ [ [ [ -91.739006691008868, 41.815506494355567 ], [ -91.738934758599783, 41.814817683312619 ], [ -91.739295624350902, 41.814800843406395 ], [ -91.74075280946208, 41.814711566319438 ], [ -91.740838010693551, 41.815550634873198 ], [ -91.739339240753992, 41.815642458729798 ], [ -91.739130571329724, 41.815557143516557 ], [ -91.739006691008868, 41.815506494355567 ] ] ] ] } },
{ "type": "Feature", "properties": { "PPN": "0220253008", "TotalValue": 526300.0, "PropClass": "R", "pctLandVal": 0.12, "acreVal": 1315750.0, "SiteAddres": "188 WILDWOOD DR NE", "credits": "HMST", "acres": 0.4, "permitNo": "BLD-19-28542", "permitType": "Dwelling", "permitDate": "7/16/2019", "permitYr": 2019, "nonmetro": 1 }, "geometry": { "type": "MultiPolygon", "coordinates": [ [ [ [ -91.575748311020135, 41.813007400129543 ], [ -91.575554366003317, 41.812807532637336 ], [ -91.576177984610467, 41.812468443305029 ], [ -91.576278188939739, 41.812718849163552 ], [ -91.575748311020135, 41.813007400129543 ] ] ] ] } },
{ "type": "Feature", "properties": { "PPN": "0226252011", "TotalValue": 1110800.0, "PropClass": "R", "pctLandVal": 0.13, "acreVal": 344968.94409937883, "SiteAddres": "1873 JORDAN CREEK RD NE", "credits": "HMST", "acres": 3.22, "permitNo": "BLD-25290", "permitType": "Dwelling", "permitDate": "8/6/2014", "permitYr": 2014, "nonmetro": 1 }, "geometry": { "type": "MultiPolygon", "coordinates": [ [ [ [ -91.518926604411106, 41.796098073095322 ], [ -91.518939630877227, 41.79538458425769 ], [ -91.518444682899542, 41.795375233048759 ], [ -91.518298042353848, 41.795372462497802 ], [ -91.516302066586547, 41.795334725401574 ], [ -91.516306182441383, 41.795225002545152 ], [ -91.520243140444649, 41.795299409237721 ], [ -91.520397112904675, 41.795302316635002 ], [ -91.520391108063251, 41.795631593304414 ], [ -91.520237134824626, 41.795628685899551 ], [ -91.520228126400895, 41.79612265620635 ], [ -91.518926604411106, 41.796098073095322 ] ] ] ] } },
{ "type": "Feature", "properties": { "PPN": "0119127001", "TotalValue": 698300.0, "PropClass": "R", "pctLandVal": 0.11, "acreVal": 182801.04712041887, "SiteAddres": "4771 SUTLIFF RD NE", "credits": "HMST", "acres": 3.82, "permitNo": "BLD-19-28729", "permitType": "Dwelling", "permitDate": "10/21/2019", "permitYr": 2019, "nonmetro": 1 }, "geometry": { "type": "MultiPolygon", "coordinates": [ [ [ [ -91.468665588181508, 41.816282664541184 ], [ -91.468638103648402, 41.815511567979279 ], [ -91.47049402635561, 41.815839456222356 ], [ -91.471814572781767, 41.815912951559326 ], [ -91.471811420153514, 41.816297134025717 ], [ -91.468665588181508, 41.816282664541184 ] ] ] ] } },
{ "type": "Feature", "properties": { "PPN": "0722376012", "TotalValue": 470200.0, "PropClass": "R", "pctLandVal": 0.23, "acreVal": 470200.0, "SiteAddres": "2 OAK PARK LN NE", "credits": "HMST", "acres": 1.0, "permitNo": "BLD-26577", "permitType": "Dwelling", "permitDate": "6/16/2016", "permitYr": 2016, "nonmetro": 0 }, "geometry": { "type": "MultiPolygon", "coordinates": [ [ [ [ -91.535085668394544, 41.717146990705814 ], [ -91.535630337513496, 41.717072478965214 ], [ -91.535633419479112, 41.717078498435839 ], [ -91.535636480804612, 41.717084524761809 ], [ -91.535639525148369, 41.71709055620385 ], [ -91.535642547704967, 41.717096592680605 ], [ -91.535645550849878, 41.71710263513291 ], [ -91.535648535838888, 41.717108681780779 ], [ -91.535651500214883, 41.717114734383877 ], [ -91.535654445206376, 41.717120792062353 ], [ -91.53565737078624, 41.717126855716373 ], [ -91.535660277008773, 41.717132923545677 ], [ -91.535663163792478, 41.717138998250647 ], [ -91.535666032447409, 41.717145076251057 ], [ -91.535668879260712, 41.717151161086498 ], [ -91.535671707918098, 41.717157250117552 ], [ -91.535674515989527, 41.717163344203691 ], [ -91.53567730587784, 41.717169443385593 ], [ -91.535680075180196, 41.717175547622539 ], [ -91.535682823896678, 41.717181656914612 ], [ -91.535685554429989, 41.717187771302406 ], [ -91.535688265578742, 41.717193890765586 ], [ -91.535690956141551, 41.717200015283893 ], [ -91.535693627346944, 41.717206143977471 ], [ -91.535696276765009, 41.717212277705833 ], [ -91.535698909201301, 41.717218416550267 ], [ -91.535701521078792, 41.717224559549663 ], [ -91.53570411237024, 41.717230707604138 ], [ -91.535706685505687, 41.717236859854289 ], [ -91.535709239256533, 41.717243017179833 ], [ -91.535711770018651, 41.717249179519797 ], [ -91.535714283826053, 41.71725534607576 ], [ -91.535716775873226, 41.717261516766321 ], [ -91.535719248562913, 41.717267691632195 ], [ -91.535721703069427, 41.717273871593882 ], [ -91.535724135815627, 41.717280055690168 ], [ -91.535726549177269, 41.717286244861874 ], [ -91.535728943208468, 41.717292437308778 ], [ -91.535731316653724, 41.71729863481081 ], [ -91.535733670768607, 41.717304835588003 ], [ -91.535736004270319, 41.717311042320439 ], [ -91.535738318468717, 41.717317251427922 ], [ -91.535740612053999, 41.717323466490676 ], [ -91.535742886308896, 41.717329684828563 ], [ -91.535745140032006, 41.717335906421361 ], [ -91.535747373169073, 41.717342133069245 ], [ -91.535749586948583, 41.717348363892384 ], [ -91.535785405982665, 41.717449630827048 ], [ -91.535787835071318, 41.717457053171501 ], [ -91.535789894471378, 41.717464537704892 ], [ -91.535791580849832, 41.717472075365016 ], [ -91.535792894586464, 41.717479653550022 ], [ -91.535793831119818, 41.717487264077469 ], [ -91.53579438839968, 41.717494895204887 ], [ -91.535794569181391, 41.717502535271315 ], [ -91.535794371279167, 41.717510177035038 ], [ -91.535793793898492, 41.717517806973724 ], [ -91.535792839740452, 41.717525415226632 ], [ -91.535791507902019, 41.717532991871956 ], [ -91.535789802285706, 41.717540527069211 ], [ -91.535787724445555, 41.717548009137019 ], [ -91.535785278284095, 41.717555428234917 ], [ -91.535782464099682, 41.717562774461406 ], [ -91.535779290627588, 41.717570037157238 ], [ -91.535775756964824, 41.717577206400527 ], [ -91.535771871819477, 41.717584272432198 ], [ -91.535767639094146, 41.717591225411752 ], [ -91.53576306506713, 41.717598056439442 ], [ -91.535758154869455, 41.717604754794969 ], [ -91.535752915953751, 41.717611312499159 ], [ -91.535747357028157, 41.717617719792763 ], [ -91.535741483169573, 41.717623967755806 ], [ -91.535735304233313, 41.717630048449664 ], [ -91.535728830101959, 41.717635953035618 ], [ -91.53572206462384, 41.717641673473416 ], [ -91.535715021285682, 41.717647200985418 ], [ -91.535707709861427, 41.717652530333304 ], [ -91.535700139059415, 41.717657651758032 ], [ -91.535692319882216, 41.71766255914148 ], [ -91.535684263386628, 41.717667244565519 ], [ -91.535675979292392, 41.717671704592114 ], [ -91.535667479912092, 41.717675929523132 ], [ -91.535658777368297, 41.717679915961327 ], [ -91.535649883837834, 41.717683658709163 ], [ -91.5356408103776, 41.717687149848445 ], [ -91.535631570311608, 41.717690386002161 ], [ -91.535622175762569, 41.717693363773108 ], [ -91.535612640108667, 41.717696077984108 ], [ -91.535602977875385, 41.717698525278614 ], [ -91.535593199984021, 41.717700702239014 ], [ -91.535583322188529, 41.717702604628961 ], [ -91.535573355328708, 41.717704231731297 ], [ -91.535563315104355, 41.717705581109904 ], [ -91.535554313047214, 41.717706623844819 ], [ -91.535545296449683, 41.717707590683304 ], [ -91.535536267633262, 41.717708484366533 ], [ -91.535527225477949, 41.717709302173702 ], [ -91.53551816995666, 41.717710045004935 ], [ -91.535509105847851, 41.71771071384174 ], [ -91.535500032031607, 41.717711305963327 ], [ -91.535490949600828, 41.71771182499058 ], [ -91.535481862295399, 41.717712266483865 ], [ -91.535472766402577, 41.717712633982678 ], [ -91.535463665553749, 41.71771292664787 ], [ -91.535454562206084, 41.717713142719909 ], [ -91.535445455103812, 41.717713283978632 ], [ -91.535436347878417, 41.717713349584969 ], [ -91.535427239274171, 41.71771334131887 ], [ -91.535418131802544, 41.717713255620367 ], [ -91.535409025382123, 41.717713095189964 ], [ -91.535399921241378, 41.717712859147852 ], [ -91.535390822957581, 41.717712548455154 ], [ -91.535381730584888, 41.717712161311546 ], [ -91.535372641639185, 41.717711700376839 ], [ -91.535363562208886, 41.71771116305225 ], [ -91.535354491038376, 41.717710551117776 ], [ -91.535345429356241, 41.717709863693557 ], [ -91.535336377162423, 41.717709100779601 ], [ -91.535327338006965, 41.717708264237189 ], [ -91.535318310742767, 41.717707352245789 ], [ -91.535309298946885, 41.717706365766446 ], [ -91.535300300243705, 41.717705303858395 ], [ -91.535291319384527, 41.71770416840328 ], [ -91.535282355168064, 41.717702959380702 ], [ -91.535273408877131, 41.717701674110693 ], [ -91.535264482778871, 41.717700317134465 ], [ -91.535255578183211, 41.717698884871915 ], [ -91.535246692633194, 41.71769737908263 ], [ -91.535237832135749, 41.717695799868338 ], [ -91.535228995462404, 41.717694148108691 ], [ -91.53522018386893, 41.717692422023958 ], [ -91.535211396072398, 41.717690624294072 ], [ -91.53520263693288, 41.717688753200122 ], [ -91.535193905194575, 41.717686810522132 ], [ -91.535185203314683, 41.7176847945004 ], [ -91.535176531238875, 41.7176827069353 ], [ -91.535167891370051, 41.717680547867452 ], [ -91.535159283708154, 41.717678317296873 ], [ -91.53487165837447, 41.717602451081682 ], [ -91.535085668394544, 41.717146990705814 ] ] ] ] } },
{ "type": "Feature", "properties": { "PPN": "0316353002", "TotalValue": 616100.0, "PropClass": "R", "pctLandVal": 0.17, "acreVal": 517731.09243697481, "SiteAddres": "2636 HUNTER CT NW", "credits": "HMST", "acres": 1.19, "permitNo": "BLD-25538", "permitType": "Dwelling", "permitDate": "11/26/2014", "permitYr": 2014, "nonmetro": 1 }, "geometry": { "type": "MultiPolygon", "coordinates": [ [ [ [ -91.673351362493335, 41.821401368902997 ], [ -91.673424673201197, 41.821403597672685 ], [ -91.673441293395499, 41.821405053969215 ], [ -91.673457426327033, 41.821408378203493 ], [ -91.673472699043813, 41.821413493527849 ], [ -91.673486758479555, 41.821420281689058 ], [ -91.673499279615655, 41.821428585762185 ], [ -91.673509972994765, 41.821438213778244 ], [ -91.673518591412247, 41.821448943161982 ], [ -91.673542298687408, 41.821479276151955 ], [ -91.673570993112392, 41.821507094609018 ], [ -91.673604204281673, 41.821531942482189 ], [ -91.673641387741142, 41.821553412419206 ], [ -91.673715796753044, 41.821588121340142 ], [ -91.673793330929499, 41.821618764828067 ], [ -91.673873593964643, 41.821645186251317 ], [ -91.673956175602754, 41.821667250558747 ], [ -91.674040653735261, 41.8216848449702 ], [ -91.674008330650025, 41.822332709246609 ], [ -91.673915382123354, 41.822333993373611 ], [ -91.673455609562225, 41.822367883189507 ], [ -91.673381299006081, 41.822374984413955 ], [ -91.673351362493335, 41.821401368902997 ] ] ] ] } },
{ "type": "Feature", "properties": { "PPN": "0316353001", "TotalValue": 572600.0, "PropClass": "R", "pctLandVal": 0.17, "acreVal": 171437.12574850299, "SiteAddres": "2640  HUNTER CT NW", "credits": "HMST", "acres": 3.34, "permitNo": "BLD-26567", "permitType": "Dwelling", "permitDate": "6/16/2016", "permitYr": 2016, "nonmetro": 1 }, "geometry": { "type": "MultiPolygon", "coordinates": [ [ [ [ -91.672075400371099, 41.822004583924397 ], [ -91.671730401430324, 41.821187374778233 ], [ -91.672813432591397, 41.821363247638153 ], [ -91.672923739811807, 41.821378682726511 ], [ -91.673035053796127, 41.82138933178841 ], [ -91.673147003725148, 41.821395159348747 ], [ -91.673351362493335, 41.821401368902997 ], [ -91.673381299006081, 41.822374984413955 ], [ -91.673286936504098, 41.822384003862375 ], [ -91.672996364216502, 41.822378737704021 ], [ -91.672446220701829, 41.822368747226591 ], [ -91.672079972989181, 41.822362083045434 ], [ -91.672075400371099, 41.822004583924397 ] ] ] ] } },
{ "type": "Feature", "properties": { "PPN": "0316353005", "TotalValue": 588300.0, "PropClass": "R", "pctLandVal": 0.18, "acreVal": 389602.64900662249, "SiteAddres": "2623 HUNTER CT NW", "credits": "NONE", "acres": 1.51, "permitNo": "BLD-26805", "permitType": "Dwelling", "permitDate": "9/28/2016", "permitYr": 2016, "nonmetro": 1 }, "geometry": { "type": "MultiPolygon", "coordinates": [ [ [ [ -91.674633135352934, 41.821460077043255 ], [ -91.674648589404995, 41.821414046192857 ], [ -91.674657233360492, 41.821367028502969 ], [ -91.674658963915036, 41.821319585965277 ], [ -91.674653760398826, 41.821272285648305 ], [ -91.674641685023033, 41.821225692919498 ], [ -91.674622882135466, 41.821180364687478 ], [ -91.675929947290044, 41.821008808341993 ], [ -91.675808737135299, 41.821799473406358 ], [ -91.674633135352934, 41.821460077043255 ] ] ] ] } },
{ "type": "Feature", "properties": { "PPN": "0316353003", "TotalValue": 647400.0, "PropClass": "R", "pctLandVal": 0.16, "acreVal": 622500.0, "SiteAddres": "2632 HUNTER CT NW", "credits": "HMST", "acres": 1.04, "permitNo": "BLD-25779", "permitType": "Dwelling", "permitDate": "5/29/2015", "permitYr": 2015, "nonmetro": 1 }, "geometry": { "type": "MultiPolygon", "coordinates": [ [ [ [ -91.674008330650025, 41.822332709246609 ], [ -91.674040653735261, 41.8216848449702 ], [ -91.674118609333632, 41.821696868690708 ], [ -91.674197443362289, 41.821705085046169 ], [ -91.674276823836323, 41.821709459435972 ], [ -91.674317641817311, 41.8217084451056 ], [ -91.674357809429807, 41.821702922505068 ], [ -91.674396441711167, 41.821693013306913 ], [ -91.674432687525723, 41.821678935828004 ], [ -91.675049275496278, 41.822335956983146 ], [ -91.674833348249194, 41.822334280418758 ], [ -91.674373047787313, 41.822327671599211 ], [ -91.674008330650025, 41.822332709246609 ] ] ] ] } },
{ "type": "Feature", "properties": { "PPN": "0826402004", "TotalValue": 52100.0, "PropClass": "R", "pctLandVal": 1.0, "acreVal": 186071.42857142855, "SiteAddres": "3149 OASIS RD NE", "credits": "NONE", "acres": 0.28, "permitNo": "BLD-24-32711", "permitType": "Dwelling", "permitDate": "12/16/2024", "permitYr": 2024, "nonmetro": 1 }, "geometry": { "type": "MultiPolygon", "coordinates": [ [ [ [ -91.385854446980971, 41.704256397534763 ], [ -91.385851634422835, 41.703800425325845 ], [ -91.386127020316678, 41.703805144758576 ], [ -91.386126855064219, 41.703822022273002 ], [ -91.3861225915457, 41.70425926211427 ], [ -91.385854446980971, 41.704256397534763 ] ] ] ] } },
{ "type": "Feature", "properties": { "PPN": "0316353004", "TotalValue": 545400.0, "PropClass": "R", "pctLandVal": 0.2, "acreVal": 308135.59322033898, "SiteAddres": "2628 HUNTER CT NW", "credits": "HMST", "acres": 1.77, "permitNo": "BLD-25874", "permitType": "Dwelling", "permitDate": "6/8/2015", "permitYr": 2015, "nonmetro": 1 }, "geometry": { "type": "MultiPolygon", "coordinates": [ [ [ [ -91.674432687525723, 41.821678935828004 ], [ -91.67446122745946, 41.821663795979511 ], [ -91.674486968100723, 41.821646069364682 ], [ -91.674509493227106, 41.821626042621915 ], [ -91.674545806056074, 41.821589235497285 ], [ -91.674581295268382, 41.821548708833376 ], [ -91.674610526387994, 41.821505476528678 ], [ -91.674633135352934, 41.821460077043255 ], [ -91.675808737135299, 41.821799473406358 ], [ -91.675712398139382, 41.822427895200804 ], [ -91.675471436092579, 41.822423532483732 ], [ -91.675474159720423, 41.822339255362543 ], [ -91.675049275496278, 41.822335956983146 ], [ -91.674432687525723, 41.821678935828004 ] ] ] ] } },
{ "type": "Feature", "properties": { "PPN": "0717177002", "TotalValue": 1121100.0, "PropClass": "R", "pctLandVal": 0.29, "acreVal": 112447.34202607823, "SiteAddres": "2692 ZACKARY LN NE", "credits": "HMST", "acres": 9.97, "permitNo": "BLD-25643", "permitType": "Dwelling", "permitDate": "3/10/2015", "permitYr": 2015, "nonmetro": 1 }, "geometry": { "type": "MultiPolygon", "coordinates": [ [ [ [ -91.561569841351627, 41.738275376874562 ], [ -91.56160031387985, 41.73827445037724 ], [ -91.561630159058623, 41.738269750756295 ], [ -91.561658549951503, 41.738261408226634 ], [ -91.561684699917492, 41.738249653939228 ], [ -91.561707884407156, 41.738234813576206 ], [ -91.561727461038316, 41.738217298327022 ], [ -91.565492882473947, 41.739485068721557 ], [ -91.565515252245973, 41.740188283985646 ], [ -91.563461855820094, 41.740797734383328 ], [ -91.562270726813139, 41.738816183061495 ], [ -91.561569841351627, 41.738275376874562 ] ] ] ] } },
{ "type": "Feature", "properties": { "PPN": "0521337004", "TotalValue": 307500.0, "PropClass": "R", "pctLandVal": 0.1, "acreVal": 1464285.7142857143, "SiteAddres": "212 SUMMIT ST", "credits": "HMST", "acres": 0.21, "permitNo": "BLD-18-28185", "permitType": "Dwelling", "permitDate": "11/15/2018", "permitYr": 2018, "nonmetro": 1 }, "geometry": { "type": "MultiPolygon", "coordinates": [ [ [ [ -91.793021627745375, 41.721697404080849 ], [ -91.792948366675247, 41.721697438072042 ], [ -91.792801845689127, 41.721697507733772 ], [ -91.792801501714735, 41.721285861780984 ], [ -91.792948021775317, 41.721285792119673 ], [ -91.79302128118114, 41.72128575811103 ], [ -91.793021627745375, 41.721697404080849 ] ] ] ] } },
{ "type": "Feature", "properties": { "PPN": "0727230005", "TotalValue": 877300.0, "PropClass": "R", "pctLandVal": 0.29, "acreVal": 783303.57142857136, "SiteAddres": "3018 WOODLAND RIDGE DR NE", "credits": "HMST", "acres": 1.12, "permitNo": "BLD-17550", "permitType": "Dwelling", "permitDate": "10/23/2012", "permitYr": 2012, "nonmetro": 0 }, "geometry": { "type": "MultiPolygon", "coordinates": [ [ [ [ -91.538753172170203, 41.713618480170922 ], [ -91.539529055766963, 41.713202106065239 ], [ -91.539897320589958, 41.713444734424193 ], [ -91.539944939192253, 41.713479562605464 ], [ -91.539987487262763, 41.713517899069068 ], [ -91.540000971429407, 41.713531416788143 ], [ -91.53907179353854, 41.714010185517729 ], [ -91.539053112214404, 41.713996749198408 ], [ -91.538753172170203, 41.713618480170922 ] ] ] ] } },
{ "type": "Feature", "properties": { "PPN": "0630479004", "TotalValue": 322900.0, "PropClass": "R", "pctLandVal": 0.35, "acreVal": 189941.17647058825, "SiteAddres": "3149 LINCOLNS LN NW", "credits": "NONE", "acres": 1.7, "permitNo": "BLD-24-32709", "permitType": "Dwelling", "permitDate": "8/22/2024", "permitYr": 2024, "nonmetro": 1 }, "geometry": { "type": "MultiPolygon", "coordinates": [ [ [ [ -91.698434092535223, 41.705117058477761 ], [ -91.698860170773983, 41.704798988346212 ], [ -91.698896618015681, 41.704868605149741 ], [ -91.699003418852669, 41.705072573746371 ], [ -91.69907233522207, 41.705204191619472 ], [ -91.699174536778003, 41.705399379357743 ], [ -91.698900022463079, 41.705592120911163 ], [ -91.698783670335686, 41.705673811260553 ], [ -91.698694092755289, 41.705723760856458 ], [ -91.698077518289423, 41.70606756734999 ], [ -91.697993487405213, 41.706079293717707 ], [ -91.697970459783363, 41.705986619116835 ], [ -91.697969553293007, 41.70598024631019 ], [ -91.697969977823334, 41.705973845302076 ], [ -91.6979717230831, 41.705967571257247 ], [ -91.697974746765667, 41.705961576262702 ], [ -91.697978975574614, 41.705956005641063 ], [ -91.697984307000596, 41.705950994427788 ], [ -91.697990611806148, 41.705946664098001 ], [ -91.697997737158602, 41.705943119621573 ], [ -91.698005510334738, 41.705940446918952 ], [ -91.698035956539385, 41.705929826089111 ], [ -91.698063624650416, 41.705915562001756 ], [ -91.698087745490056, 41.705898051201693 ], [ -91.698107648497086, 41.705877780492777 ], [ -91.698122780368379, 41.705855313404378 ], [ -91.698132720440654, 41.70583127452506 ], [ -91.698137192384465, 41.70580633213865 ], [ -91.698136071885656, 41.705781179645953 ], [ -91.698129390100547, 41.705756516287828 ], [ -91.698117332789124, 41.705733027706472 ], [ -91.697994177320595, 41.705542294730684 ], [ -91.697929560165676, 41.705493689729046 ], [ -91.698434092535223, 41.705117058477761 ] ] ] ] } },
{ "type": "Feature", "properties": { "PPN": "0727230004", "TotalValue": 1380899.9999999998, "PropClass": "R", "pctLandVal": 0.18, "acreVal": 1232946.4285714284, "SiteAddres": "3014 WOODLAND RIDGE DR NE", "credits": "HMST", "acres": 1.12, "permitNo": "BLD-26063", "permitType": "Dwelling", "permitDate": "9/10/2015", "permitYr": 2015, "nonmetro": 0 }, "geometry": { "type": "MultiPolygon", "coordinates": [ [ [ [ -91.53907179353854, 41.714010185517729 ], [ -91.540000971429407, 41.713531416788143 ], [ -91.540359234130776, 41.713890576813455 ], [ -91.539526697503092, 41.71433735540095 ], [ -91.53907179353854, 41.714010185517729 ] ] ] ] } },
{ "type": "Feature", "properties": { "PPN": "0727230006", "TotalValue": 1480400.0, "PropClass": "R", "pctLandVal": 0.19, "acreVal": 675981.73515981738, "SiteAddres": "3024 WOODLAND RIDGE DR NE", "credits": "HMST", "acres": 2.19, "permitNo": "BLD-25666", "permitType": "Dwelling", "permitDate": "4/8/2015", "permitYr": 2015, "nonmetro": 0 }, "geometry": { "type": "MultiPolygon", "coordinates": [ [ [ [ -91.537968642785913, 41.712629049474188 ], [ -91.537628390580096, 41.712002104273942 ], [ -91.539064354760413, 41.712862982578905 ], [ -91.539055022256832, 41.712884581821001 ], [ -91.53905057057699, 41.71290703844209 ], [ -91.539051121592067, 41.712929737685236 ], [ -91.539056660222997, 41.712952058151018 ], [ -91.539067034852749, 41.712973388808543 ], [ -91.539081961476342, 41.712993145722699 ], [ -91.539101031475084, 41.713010788039746 ], [ -91.539123722802515, 41.713025832793527 ], [ -91.539149414275315, 41.713037868126982 ], [ -91.539177402578588, 41.713046564567122 ], [ -91.539206921519508, 41.713051684044679 ], [ -91.539237163002568, 41.713053086411421 ], [ -91.539267299151945, 41.713050733276809 ], [ -91.539275553778396, 41.713050043663472 ], [ -91.539283852812559, 41.713050294361274 ], [ -91.539292006560416, 41.71305147963993 ], [ -91.539299828648879, 41.713053572407119 ], [ -91.539307140285587, 41.713056524827714 ], [ -91.539313774345786, 41.713060269417127 ], [ -91.539529055766963, 41.713202106065239 ], [ -91.538753172170203, 41.713618480170922 ], [ -91.537968642785913, 41.712629049474188 ] ] ] ] } },
{ "type": "Feature", "properties": { "PPN": "0727230012", "TotalValue": 1065100.0, "PropClass": "R", "pctLandVal": 0.24, "acreVal": 934298.24561403517, "SiteAddres": "3013 WOODLAND RIDGE DR NE", "credits": "HMST", "acres": 1.14, "permitNo": "BLD-18-27656", "permitType": "Dwelling", "permitDate": "3/14/2018", "permitYr": 2018, "nonmetro": 0 }, "geometry": { "type": "MultiPolygon", "coordinates": [ [ [ [ -91.540253828164879, 41.713555682212352 ], [ -91.541396748142162, 41.712942313815141 ], [ -91.541410406920647, 41.713282179486853 ], [ -91.541416667174303, 41.713437958480874 ], [ -91.540582798311561, 41.713885474001614 ], [ -91.540253828164879, 41.713555682212352 ] ] ] ] } },
{ "type": "Feature", "properties": { "PPN": "0727230013", "TotalValue": 1254700.0000000002, "PropClass": "R", "pctLandVal": 0.21, "acreVal": 883591.54929577466, "SiteAddres": "3009 WOODLAND RIDGE DR NE", "credits": "HMST", "acres": 1.42, "permitNo": "BLD-25941", "permitType": "Dwelling", "permitDate": "7/13/2015", "permitYr": 2015, "nonmetro": 0 }, "geometry": { "type": "MultiPolygon", "coordinates": [ [ [ [ -91.540582798311561, 41.713885474001614 ], [ -91.541416667174303, 41.713437958480874 ], [ -91.541417020330982, 41.713446763208182 ], [ -91.541421430500137, 41.713556485404062 ], [ -91.541458912009546, 41.714489127861206 ], [ -91.541480807428002, 41.715033900352715 ], [ -91.541446459811283, 41.715043510059552 ], [ -91.541204144861766, 41.714551034681705 ], [ -91.541173189819631, 41.714496368271966 ], [ -91.541135367253048, 41.71444418356721 ], [ -91.541091027227068, 41.714394963538602 ], [ -91.540582798311561, 41.713885474001614 ] ] ] ] } },
{ "type": "Feature", "properties": { "PPN": "0727230001", "TotalValue": 1072500.0, "PropClass": "R", "pctLandVal": 0.24, "acreVal": 844488.18897637783, "SiteAddres": "3006 WOODLAND RIDGE DR NE", "credits": "NONE", "acres": 1.27, "permitNo": "BLD-25161", "permitType": "Dwelling", "permitDate": "5/28/2014", "permitYr": 2014, "nonmetro": 0 }, "geometry": { "type": "MultiPolygon", "coordinates": [ [ [ [ -91.540008031547288, 41.714683527260803 ], [ -91.540494762065478, 41.714422323793258 ], [ -91.540603088247622, 41.714364190313383 ], [ -91.540751970931595, 41.71428429141708 ], [ -91.540944317462731, 41.714477114090343 ], [ -91.540978819452334, 41.714515394513199 ], [ -91.541008249137533, 41.714555983254655 ], [ -91.541032333788905, 41.714598504185943 ], [ -91.541274912634236, 41.715091520237856 ], [ -91.540851938485474, 41.715209850094993 ], [ -91.540470598543493, 41.714846271281701 ], [ -91.540120860902931, 41.71476467270567 ], [ -91.540008031547288, 41.714683527260803 ] ] ] ] } },
{ "type": "Feature", "properties": { "PPN": "0630479001", "TotalValue": 156000.0, "PropClass": "R", "pctLandVal": 0.71, "acreVal": 101960.78431372548, "SiteAddres": "3146 LINCOLNS LN NW", "credits": "NONE", "acres": 1.53, "permitNo": "BLD-24-32988", "permitType": "Dwelling", "permitDate": "12/4/2024", "permitYr": 2024, "nonmetro": 1 }, "geometry": { "type": "MultiPolygon", "coordinates": [ [ [ [ -91.696729068651251, 41.705262879546027 ], [ -91.697657393735952, 41.705600032930015 ], [ -91.697786624343479, 41.705697243140335 ], [ -91.697682854209972, 41.70577475648173 ], [ -91.696769230285852, 41.706458506902536 ], [ -91.696726917387636, 41.706398751271273 ], [ -91.696727110038509, 41.706296278902293 ], [ -91.696729068651251, 41.705262879546027 ] ] ] ] } },
{ "type": "Feature", "properties": { "PPN": "0727230014", "TotalValue": 1392099.9999999998, "PropClass": "R", "pctLandVal": 0.18, "acreVal": 1325809.5238095238, "SiteAddres": "3010 WOODLAND RIDGE DR NE", "credits": "HMST", "acres": 1.05, "permitNo": "BLD-25162", "permitType": "Dwelling", "permitDate": "6/10/2014", "permitYr": 2014, "nonmetro": 0 }, "geometry": { "type": "MultiPolygon", "coordinates": [ [ [ [ -91.539526697503092, 41.71433735540095 ], [ -91.540359234130776, 41.713890576813455 ], [ -91.54070811640409, 41.71424032731673 ], [ -91.540559233766785, 41.714320226157966 ], [ -91.540450907591534, 41.714378360497896 ], [ -91.540494762065478, 41.714422323793258 ], [ -91.540008031547288, 41.714683527260803 ], [ -91.539790300930377, 41.714526937362443 ], [ -91.539526697503092, 41.71433735540095 ] ] ] ] } },
{ "type": "Feature", "properties": { "PPN": "0306478004", "TotalValue": 242600.0, "PropClass": "R", "pctLandVal": 0.46, "acreVal": 449259.25925925921, "SiteAddres": "160 PLEASANT HILL DR NE", "credits": "NONE", "acres": 0.54, "permitNo": "BLD-24-32970", "permitType": "Dwelling", "permitDate": "10/24/2024", "permitYr": 2024, "nonmetro": 1 }, "geometry": { "type": "MultiPolygon", "coordinates": [ [ [ [ -91.695275139946204, 41.849478270999057 ], [ -91.695277853939459, 41.849027931481565 ], [ -91.695979979795069, 41.849281492349597 ], [ -91.695943103095928, 41.84934458624744 ], [ -91.695912744508078, 41.84940959268593 ], [ -91.695889079560246, 41.849476135849926 ], [ -91.695872245085269, 41.84954383103905 ], [ -91.695275139946204, 41.849478270999057 ] ] ] ] } },
{ "type": "Feature", "properties": { "PPN": "0735379006", "TotalValue": 552900.0, "PropClass": "R", "pctLandVal": 0.15, "acreVal": 536796.11650485441, "SiteAddres": "1159 KYLE DR NE", "credits": "HMST", "acres": 1.03, "permitNo": "BLD-16223", "permitType": "Dwelling", "permitDate": "4/14/2010", "permitYr": 2010, "nonmetro": 0 }, "geometry": { "type": "MultiPolygon", "coordinates": [ [ [ [ -91.516616241767835, 41.688617035822631 ], [ -91.516607223804883, 41.688614141125548 ], [ -91.516598177862775, 41.688611297283835 ], [ -91.51658910271334, 41.688608505177115 ], [ -91.516580000812951, 41.688605763046134 ], [ -91.51657087090598, 41.688603072670652 ], [ -91.516561715394204, 41.688600434091718 ], [ -91.516552533104019, 41.688597846388689 ], [ -91.516543325208929, 41.688595310482192 ], [ -91.516534092882395, 41.688592827292887 ], [ -91.516524834978341, 41.688590394999949 ], [ -91.516515553843632, 41.688588015444765 ], [ -91.516506248277395, 41.688585688606715 ], [ -91.516496919535257, 41.688583412706095 ], [ -91.516487568735926, 41.688581190463864 ], [ -91.516478195906728, 41.688579020979859 ], [ -91.516468801075064, 41.688576903353955 ], [ -91.516459386587783, 41.688574839427389 ], [ -91.51644995127144, 41.688572828279597 ], [ -91.516440495098664, 41.688570870810686 ], [ -91.516431020498445, 41.68856896616154 ], [ -91.516421527470882, 41.68856711433218 ], [ -91.516412015988465, 41.688565316222764 ], [ -91.516402487279422, 41.688563570953605 ], [ -91.516392938887265, 41.688561880283963 ], [ -91.516383376843677, 41.688560243416376 ], [ -91.516373797546038, 41.688558660289154 ], [ -91.516364202195149, 41.688557130922959 ], [ -91.516354592019283, 41.688555654438062 ], [ -91.51634496690879, 41.688554234435074 ], [ -91.516335329402409, 41.688552866454359 ], [ -91.516325675787897, 41.688551554034838 ], [ -91.516316012151734, 41.688550294578747 ], [ -91.516306334781802, 41.688549091625106 ], [ -91.516296646189232, 41.688547941614345 ], [ -91.516286946319354, 41.68854684634681 ], [ -91.516277235199439, 41.68854580492232 ], [ -91.516267513975521, 41.68854481916167 ], [ -91.516257782647685, 41.688543889064881 ], [ -91.516248043699704, 41.68854301197257 ], [ -91.516238295848595, 41.688542190564633 ], [ -91.516228539149012, 41.68854142304081 ], [ -91.516218775947976, 41.688540711242432 ], [ -91.516209005071929, 41.688540054248818 ], [ -91.516199228922574, 41.68853945210099 ], [ -91.516189446299038, 41.688538904778497 ], [ -91.516262949362613, 41.687744941961533 ], [ -91.516433486443916, 41.687749965105198 ], [ -91.516972404663889, 41.688000004341831 ], [ -91.516616241767835, 41.688617035822631 ] ] ] ] } },
{ "type": "Feature", "properties": { "PPN": "1405107005", "TotalValue": 331500.0, "PropClass": "R", "pctLandVal": 0.29, "acreVal": 120985.40145985402, "SiteAddres": "2581 HIGHWAY 1 SW", "credits": "HMST", "acres": 2.74, "permitNo": "BLD-26712", "permitType": "Dwelling", "permitDate": "8/23/2016", "permitYr": 2016, "nonmetro": 1 }, "geometry": { "type": "MultiPolygon", "coordinates": [ [ [ [ -91.675498245704389, 41.59820012518697 ], [ -91.675681048618245, 41.598200859369314 ], [ -91.675677222531277, 41.598737959367483 ], [ -91.675926224647526, 41.599202660663188 ], [ -91.675488383530393, 41.599583862653105 ], [ -91.675168093167542, 41.599862724944323 ], [ -91.674934123668052, 41.599860059237947 ], [ -91.674945973069583, 41.59819790147256 ], [ -91.675498245704389, 41.59820012518697 ] ] ] ] } },
{ "type": "Feature", "properties": { "PPN": "0306479007", "TotalValue": 1300.0, "PropClass": "R", "pctLandVal": 1.0, "acreVal": 2407.4074074074074, "SiteAddres": "230 HOWARD AVE NW", "credits": "NONE", "acres": 0.54, "permitNo": "BLD-25-33157", "permitType": "Dwelling", "permitDate": "2/27/2025", "permitYr": 2025, "nonmetro": 1 }, "geometry": { "type": "MultiPolygon", "coordinates": [ [ [ [ -91.697071002704476, 41.850147275218056 ], [ -91.69780718784024, 41.84969317813399 ], [ -91.698040750025925, 41.849904860800308 ], [ -91.697407063304041, 41.850295751421029 ], [ -91.697174305377686, 41.85015990759878 ], [ -91.697071002704476, 41.850147275218056 ] ] ] ] } },
{ "type": "Feature", "properties": { "PPN": "0322454001", "TotalValue": 243600.0, "PropClass": "R", "pctLandVal": 0.71, "acreVal": 140000.0, "SiteAddres": "1774 CURTIS BRIDGE RD NE", "credits": "NONE", "acres": 1.74, "permitNo": "BLD-24-32663", "permitType": "Dwelling", "permitDate": "10/1/2024", "permitYr": 2024, "nonmetro": 1 }, "geometry": { "type": "MultiPolygon", "coordinates": [ [ [ [ -91.643595690743894, 41.806626123176123 ], [ -91.644241105200649, 41.806613468800521 ], [ -91.644431075249003, 41.806460126658799 ], [ -91.644417182688031, 41.806063558233738 ], [ -91.644568292651542, 41.806187442169232 ], [ -91.64460643280114, 41.807276084527778 ], [ -91.643971312160573, 41.807290653338335 ], [ -91.643618880912413, 41.807382242206074 ], [ -91.643595690743894, 41.806626123176123 ] ] ] ] } },
{ "type": "Feature", "properties": { "PPN": "0727230009", "TotalValue": 1282200.0, "PropClass": "R", "pctLandVal": 0.24, "acreVal": 379349.11242603557, "SiteAddres": "3025 WOODLAND RIDGE DR NE", "credits": "HMST", "acres": 3.38, "permitNo": "BLD-27060", "permitType": "Dwelling", "permitDate": "3/20/2017", "permitYr": 2017, "nonmetro": 0 }, "geometry": { "type": "MultiPolygon", "coordinates": [ [ [ [ -91.53925199160264, 41.712779418395435 ], [ -91.539444002622503, 41.712038379177699 ], [ -91.539296113539791, 41.711406762953949 ], [ -91.539971342269652, 41.7111657113051 ], [ -91.540581247211094, 41.710838471432844 ], [ -91.540072861065184, 41.712586488045915 ], [ -91.539469017146445, 41.712979861788988 ], [ -91.539434691518849, 41.71295724631878 ], [ -91.539428889300638, 41.71295279224708 ], [ -91.539424048797855, 41.71294773406413 ], [ -91.539420280492521, 41.712942187220612 ], [ -91.539417670394172, 41.712936278320669 ], [ -91.539416278076743, 41.712930142232167 ], [ -91.539416135318916, 41.712923919008347 ], [ -91.539415313147842, 41.712900674240338 ], [ -91.539409264555971, 41.71287786726171 ], [ -91.53939816325007, 41.712856153035766 ], [ -91.539382328038286, 41.71283615514389 ], [ -91.539362213674266, 41.712818447877844 ], [ -91.539338397797238, 41.712803539747661 ], [ -91.539311564343535, 41.712791858878596 ], [ -91.539282483905566, 41.712783740716645 ], [ -91.53925199160264, 41.712779418395435 ] ] ] ] } },
{ "type": "Feature", "properties": { "PPN": "0226253001", "TotalValue": 726200.0, "PropClass": "R", "pctLandVal": 0.23, "acreVal": 172085.30805687205, "SiteAddres": "4287 BUFFALO CT NE", "credits": "NONE", "acres": 4.22, "permitNo": "BLD-16401", "permitType": "Dwelling", "permitDate": "8/19/2010", "permitYr": 2010, "nonmetro": 1 }, "geometry": { "type": "MultiPolygon", "coordinates": [ [ [ [ -91.516459716555232, 41.796580562217933 ], [ -91.51625565533304, 41.796578310362506 ], [ -91.516297972286409, 41.795444451323398 ], [ -91.51666747068964, 41.795451419589639 ], [ -91.517298739455128, 41.795786697148458 ], [ -91.518377317058949, 41.796359533451415 ], [ -91.517360477223065, 41.797031831601721 ], [ -91.517079354364725, 41.796793739163085 ], [ -91.517020743068286, 41.796748814749535 ], [ -91.516956457425039, 41.796708469923914 ], [ -91.516887133517756, 41.796673103877374 ], [ -91.516813457276697, 41.79664306653806 ], [ -91.516736157692876, 41.796618655108944 ], [ -91.516668890858185, 41.796602660782462 ], [ -91.516600072561943, 41.796590930841724 ], [ -91.516530184674579, 41.796583547420489 ], [ -91.516459716555232, 41.796580562217933 ] ] ] ] } },
{ "type": "Feature", "properties": { "PPN": "0734426002", "TotalValue": 465400.0, "PropClass": "R", "pctLandVal": 0.29, "acreVal": 85082.266910420483, "SiteAddres": "878 LINDER RD NE", "credits": "NONE", "acres": 5.47, "permitNo": "BLD-26842", "permitType": "Dwelling", "permitDate": "10/19/2016", "permitYr": 2016, "nonmetro": 1 }, "geometry": { "type": "MultiPolygon", "coordinates": [ [ [ [ -91.526593739898246, 41.689523687553063 ], [ -91.527608262666078, 41.689532894490263 ], [ -91.527657484752098, 41.691882574280243 ], [ -91.526644958614298, 41.691894873569069 ], [ -91.526593739898246, 41.689523687553063 ] ] ] ] } },
{ "type": "Feature", "properties": { "PPN": "0629356001", "TotalValue": 870100.0, "PropClass": "R", "pctLandVal": 0.08, "acreVal": 853039.21568627446, "SiteAddres": "3181 HALF MOON AVE NW", "credits": "NONE", "acres": 1.02, "permitNo": "BLD-26408", "permitType": "Dwelling", "permitDate": "4/12/2016", "permitYr": 2016, "nonmetro": 1 }, "geometry": { "type": "MultiPolygon", "coordinates": [ [ [ [ -91.6909432673894, 41.70367794602457 ], [ -91.691093173681878, 41.703787428578551 ], [ -91.691128205223322, 41.703809301684913 ], [ -91.691167341518494, 41.703826836218347 ], [ -91.691209634501874, 41.703839607408597 ], [ -91.69125405963581, 41.703847305876131 ], [ -91.691299540730242, 41.703849745127037 ], [ -91.691508857405779, 41.703848736690695 ], [ -91.691650111452404, 41.70393604517605 ], [ -91.691958613200555, 41.704034051631268 ], [ -91.692251506119675, 41.704061850560812 ], [ -91.692251134598621, 41.704253963794898 ], [ -91.690940818682392, 41.704252362251665 ], [ -91.690938685881449, 41.704003237819535 ], [ -91.6909432673894, 41.70367794602457 ] ] ] ] } },
{ "type": "Feature", "properties": { "PPN": "0734408006", "TotalValue": 953700.0, "PropClass": "R", "pctLandVal": 0.12, "acreVal": 953700.0, "SiteAddres": "4196 PRAIRIE MEADOW CT NE", "credits": "HMST", "acres": 1.0, "permitNo": "BLD-20-29646", "permitType": "Dwelling", "permitDate": "12/11/2020", "permitYr": 2020, "nonmetro": 0 }, "geometry": { "type": "MultiPolygon", "coordinates": [ [ [ [ -91.521673294627448, 41.691157650174453 ], [ -91.521665135778903, 41.690893992326529 ], [ -91.521662014124217, 41.690744778748474 ], [ -91.52165828636717, 41.69056652393094 ], [ -91.522777804382599, 41.690577331581416 ], [ -91.522849598018183, 41.690600366672157 ], [ -91.522838610854564, 41.690624704247476 ], [ -91.522832808480089, 41.690650026669296 ], [ -91.522832332176932, 41.690675717387819 ], [ -91.522837193548355, 41.690701150885339 ], [ -91.522847274235659, 41.690725707906211 ], [ -91.522711087789958, 41.690766080151441 ], [ -91.521673930793355, 41.691171171846207 ], [ -91.521673294627448, 41.691157650174453 ] ] ] ] } },
{ "type": "Feature", "properties": { "PPN": "0203226003", "TotalValue": 483900.0, "PropClass": "R", "pctLandVal": 0.21, "acreVal": 96780.0, "SiteAddres": "4007 SEVEN SISTERS RD NE", "credits": "HMST", "acres": 5.0, "permitNo": "BLD-23-31620", "permitType": "Dwelling", "permitDate": "3/30/2023", "permitYr": 2023, "nonmetro": 1 }, "geometry": { "type": "MultiPolygon", "coordinates": [ [ [ [ -91.540487758885405, 41.860126790682742 ], [ -91.53797702829732, 41.860108720232049 ], [ -91.537972278520016, 41.859234847039367 ], [ -91.540482976569479, 41.859252917619109 ], [ -91.540487758885405, 41.860126790682742 ] ] ] ] } },
{ "type": "Feature", "properties": { "PPN": "0632378001", "TotalValue": 335600.0, "PropClass": "R", "pctLandVal": 0.26, "acreVal": 70356.394129979046, "SiteAddres": "3376 HALF MOON AVE SW", "credits": "HMST", "acres": 4.77, "permitNo": "BLD-20-29346", "permitType": "Dwelling", "permitDate": "9/28/2020", "permitYr": 2020, "nonmetro": 1 }, "geometry": { "type": "MultiPolygon", "coordinates": [ [ [ [ -91.690551100705804, 41.688717437830455 ], [ -91.690557450341998, 41.689533927921822 ], [ -91.687952951579319, 41.689570806816448 ], [ -91.687947656383031, 41.688782562554636 ], [ -91.690551100705804, 41.688717437830455 ] ] ] ] } },
{ "type": "Feature", "properties": { "PPN": "0306478005", "TotalValue": 170700.0, "PropClass": "R", "pctLandVal": 0.66, "acreVal": 196206.89655172414, "SiteAddres": "150 PLEASANT HILL DR NE", "credits": "NONE", "acres": 0.87, "permitNo": "BLD-24-32961", "permitType": "Dwelling", "permitDate": "10/21/2024", "permitYr": 2024, "nonmetro": 1 }, "geometry": { "type": "MultiPolygon", "coordinates": [ [ [ [ -91.695277853939459, 41.849027931481565 ], [ -91.695281525725633, 41.848418749023814 ], [ -91.696187861047505, 41.849055325926351 ], [ -91.696127402137307, 41.849107264370105 ], [ -91.696072395842947, 41.849162487279862 ], [ -91.69602316017739, 41.849220675404467 ], [ -91.695979979795069, 41.849281492349597 ], [ -91.695277853939459, 41.849027931481565 ] ] ] ] } },
{ "type": "Feature", "properties": { "PPN": "0229401027", "TotalValue": 1325500.0000000002, "PropClass": "R", "pctLandVal": 0.58, "acreVal": 3155952.3809523811, "SiteAddres": "3770 COTTAGE RESERVE RD NE", "credits": "NONE", "acres": 0.42, "permitNo": "BLD-16537", "permitType": "Dwelling", "permitDate": "12/3/2010", "permitYr": 2010, "nonmetro": 1 }, "geometry": { "type": "MultiPolygon", "coordinates": [ [ [ [ -91.56344854316508, 41.794373780071147 ], [ -91.563480156457942, 41.794294204716351 ], [ -91.563490710405773, 41.794267633937061 ], [ -91.563501263061809, 41.794241065836822 ], [ -91.563673944795255, 41.793806378844373 ], [ -91.56380547949064, 41.793795185313385 ], [ -91.563880255792583, 41.793792409367335 ], [ -91.563954897756346, 41.793796762169045 ], [ -91.564028196737681, 41.793808173235462 ], [ -91.5637649272375, 41.79433142192859 ], [ -91.563741338911385, 41.794378306538967 ], [ -91.563725034446165, 41.794378122246357 ], [ -91.563704971771131, 41.794377895147804 ], [ -91.563633448019303, 41.794363930813361 ], [ -91.563569006021879, 41.794346703729857 ], [ -91.563562790458562, 41.794345042194792 ], [ -91.56349605538108, 41.794371474747123 ], [ -91.56344854316508, 41.794373780071147 ] ] ] ] } },
{ "type": "Feature", "properties": { "PPN": "0716302003", "TotalValue": 797400.0, "PropClass": "R", "pctLandVal": 0.12, "acreVal": 972439.02439024393, "SiteAddres": "3855 LOCUST RIDGE RD NE", "credits": "HMST", "acres": 0.82, "permitNo": "BLD-25138", "permitType": "Dwelling", "permitDate": "5/19/2014", "permitYr": 2014, "nonmetro": 1 }, "geometry": { "type": "MultiPolygon", "coordinates": [ [ [ [ -91.555849032078171, 41.735713902088705 ], [ -91.555528984795799, 41.735847480659004 ], [ -91.55490646636386, 41.735009743447861 ], [ -91.555204783353474, 41.734847138940346 ], [ -91.555849032078171, 41.735713902088705 ] ] ] ] } },
{ "type": "Feature", "properties": { "PPN": "1518452001", "TotalValue": 492900.0, "PropClass": "R", "pctLandVal": 0.21, "acreVal": 123533.83458646615, "SiteAddres": "3539 BAYERTOWN RD SW", "credits": "HMST", "acres": 3.99, "permitNo": "BLD-26008", "permitType": "Dwelling", "permitDate": "8/18/2015", "permitYr": 2015, "nonmetro": 1 }, "geometry": { "type": "MultiPolygon", "coordinates": [ [ [ [ -91.586385720253347, 41.556770167543199 ], [ -91.585006994964104, 41.557051248565834 ], [ -91.584469925120899, 41.557087757897342 ], [ -91.584505766874059, 41.556021937533934 ], [ -91.584823320417726, 41.556027966046827 ], [ -91.586409646801755, 41.556058047396597 ], [ -91.586385720253347, 41.556770167543199 ] ] ] ] } },
{ "type": "Feature", "properties": { "PPN": "0735379003", "TotalValue": 525800.0, "PropClass": "R", "pctLandVal": 0.16, "acreVal": 525800.0, "SiteAddres": "1171 KYLE DR NE", "credits": "HMST", "acres": 1.0, "permitNo": "BLD-16703", "permitType": "Dwelling", "permitDate": "5/11/2011", "permitYr": 2011, "nonmetro": 0 }, "geometry": { "type": "MultiPolygon", "coordinates": [ [ [ [ -91.515092308661337, 41.688480631587545 ], [ -91.515084143811237, 41.688480223523229 ], [ -91.515075973851282, 41.688479864904146 ], [ -91.515067802301772, 41.688479558492347 ], [ -91.51505962561491, 41.688479302425868 ], [ -91.515051447393205, 41.688479096766386 ], [ -91.515043267609315, 41.688478942414044 ], [ -91.515035086290595, 41.688478838468654 ], [ -91.515026902208717, 41.688478785809835 ], [ -91.515018719021114, 41.688478782698972 ], [ -91.515010536645534, 41.688478831836434 ], [ -91.515002355164128, 41.68847893052186 ], [ -91.514994174522116, 41.688479080555489 ], [ -91.514985995920313, 41.688479281957854 ], [ -91.514977820614362, 41.688479532949245 ], [ -91.514969647348579, 41.688479835309401 ], [ -91.514961477351207, 41.688480188158735 ], [ -91.514953313051365, 41.6884805906382 ], [ -91.514945151965051, 41.688481045407066 ], [ -91.514936996576239, 41.688481549806092 ], [ -91.514928848030891, 41.688482105656036 ], [ -91.514920705183016, 41.688482711136096 ], [ -91.51491256917852, 41.688483368067125 ], [ -91.514904441273231, 41.688484074669383 ], [ -91.514896320238705, 41.688484831822429 ], [ -91.514888208476719, 41.688485639567396 ], [ -91.514880105987245, 41.688486497904279 ], [ -91.514872013998513, 41.688487405953467 ], [ -91.514863931282207, 41.688488364594576 ], [ -91.514855859066671, 41.688489372948005 ], [ -91.514847798525196, 41.688490431934447 ], [ -91.514839750886182, 41.688491540674299 ], [ -91.514831714948599, 41.688492699147069 ], [ -91.514823693114309, 41.688493907393791 ], [ -91.514815684209708, 41.68849516449383 ], [ -91.514807689353461, 41.688496473168101 ], [ -91.514799708655175, 41.688497829816065 ], [ -91.514791743260886, 41.6884992362586 ], [ -91.514783795572299, 41.68850069253677 ], [ -91.514775863215036, 41.688502197709312 ], [ -91.514767946161783, 41.688503752676425 ], [ -91.514760048069775, 41.688505355699434 ], [ -91.514752167683383, 41.688507008558084 ], [ -91.514744306230909, 41.688508710372865 ], [ -91.514736463767051, 41.688510459343348 ], [ -91.514728640209597, 41.688512258170114 ], [ -91.514566560524173, 41.688189245197229 ], [ -91.514574060496003, 41.687655247708271 ], [ -91.515167358947878, 41.687686759635241 ], [ -91.515092308661337, 41.688480631587545 ] ] ] ] } },
{ "type": "Feature", "properties": { "PPN": "0217226002", "TotalValue": 665000.0, "PropClass": "R", "pctLandVal": 0.14, "acreVal": 212460.06389776358, "SiteAddres": "3625 140TH ST NE", "credits": "HMST", "acres": 3.13, "permitNo": "BLD-22-30750", "permitType": "Dwelling", "permitDate": "5/6/2022", "permitYr": 2022, "nonmetro": 1 }, "geometry": { "type": "MultiPolygon", "coordinates": [ [ [ [ -91.577400252006427, 41.832725060624867 ], [ -91.576600647053198, 41.832709780037774 ], [ -91.576659414668001, 41.830989208040556 ], [ -91.577458802510819, 41.831010222366224 ], [ -91.577400252006427, 41.832725060624867 ] ] ] ] } },
{ "type": "Feature", "properties": { "PPN": "1126303003", "TotalValue": 316100.0, "PropClass": "A, AD", "pctLandVal": 0.01, "acreVal": 215034.01360544219, "SiteAddres": "3081 HIGHWAY 1 SW", "credits": "HMST, AG", "acres": 1.47, "permitNo": "BLD-19-28465", "permitType": "Dwelling", "permitDate": "9/16/2019", "permitYr": 2019, "nonmetro": 1 }, "geometry": { "type": "MultiPolygon", "coordinates": [ [ [ [ -91.630897185033277, 41.618271559749665 ], [ -91.632880765756497, 41.618296383492364 ], [ -91.631017161828993, 41.61888135882014 ], [ -91.630956959457407, 41.618900375826371 ], [ -91.63088534846986, 41.61880389728244 ], [ -91.630897185033277, 41.618271559749665 ] ] ] ] } },
{ "type": "Feature", "properties": { "PPN": "0930253002", "TotalValue": 584500.0, "PropClass": "R", "pctLandVal": 0.16, "acreVal": 204370.62937062938, "SiteAddres": "4300 SIOUX AVE SE", "credits": "HMST", "acres": 2.86, "permitNo": "BLD-16781", "permitType": "Dwelling", "permitDate": "7/20/2011", "permitYr": 2011, "nonmetro": 1 }, "geometry": { "type": "MultiPolygon", "coordinates": [ [ [ [ -91.480442119858225, 41.62118763673169 ], [ -91.480447327817572, 41.620661108604693 ], [ -91.482817113043865, 41.620687628616508 ], [ -91.482814752461579, 41.621214297033973 ], [ -91.480442119858225, 41.62118763673169 ] ] ] ] } },
{ "type": "Feature", "properties": { "PPN": "1602477001", "TotalValue": 499200.0, "PropClass": "A, AD", "pctLandVal": 0.03, "acreVal": 101463.41463414635, "SiteAddres": "5552 480TH ST SE", "credits": "AG", "acres": 4.92, "permitNo": "BLD-21-30181", "permitType": "Dwelling", "permitDate": "8/30/2021", "permitYr": 2021, "nonmetro": 1 }, "geometry": { "type": "MultiPolygon", "coordinates": [ [ [ [ -91.390718745630039, 41.583565733975782 ], [ -91.391084318133679, 41.583570422598193 ], [ -91.391109365422281, 41.586228297702078 ], [ -91.38982042937252, 41.586211748357677 ], [ -91.389813677628723, 41.585493881718911 ], [ -91.390726498750595, 41.584389039829297 ], [ -91.390718745630039, 41.583565733975782 ] ] ] ] } },
{ "type": "Feature", "properties": { "PPN": "0921201015", "TotalValue": 608700.0, "PropClass": "R", "pctLandVal": 0.2, "acreVal": 334450.54945054941, "SiteAddres": "2524 AARON DR SE", "credits": "HMST", "acres": 1.82, "permitNo": "BLD-26482", "permitType": "Dwelling", "permitDate": "5/4/2016", "permitYr": 2016, "nonmetro": 1 }, "geometry": { "type": "MultiPolygon", "coordinates": [ [ [ [ -91.43716521942585, 41.640430155356583 ], [ -91.436675704934331, 41.640458772948342 ], [ -91.43667569293487, 41.640458772734775 ], [ -91.435764548846777, 41.640512037215373 ], [ -91.435773012963637, 41.640506164463254 ], [ -91.435781452506717, 41.640500271458976 ], [ -91.435789868647461, 41.640494359124055 ], [ -91.435798260185891, 41.640488427437134 ], [ -91.435806627122091, 41.640482476398176 ], [ -91.43581496945599, 41.640476506007303 ], [ -91.435823289530504, 41.640470518107335 ], [ -91.435831582659802, 41.640464509012453 ], [ -91.435839853529771, 41.640458482408562 ], [ -91.435848098597489, 41.640452436431275 ], [ -91.435856317806, 41.640446372880952 ], [ -91.435864514840631, 41.640440289121251 ], [ -91.435872686044519, 41.640434186888399 ], [ -91.43588083141772, 41.640428066182281 ], [ -91.435888953360063, 41.640421927045722 ], [ -91.435897049500184, 41.640415768535888 ], [ -91.435905122181026, 41.640409592495729 ], [ -91.435913167859667, 41.640403397060894 ], [ -91.435921188879078, 41.640397184074374 ], [ -91.43592918406776, 41.640390952614695 ], [ -91.435937154625677, 41.640384702703265 ], [ -91.435945100552857, 41.640378434339986 ], [ -91.435953018220928, 41.640372148361017 ], [ -91.435960911258235, 41.640365843930226 ], [ -91.435968779636312, 41.640359521947808 ], [ -91.435976622212138, 41.640353180592157 ], [ -91.435984437700426, 41.640346822542227 ], [ -91.435992228557893, 41.640340446040568 ], [ -91.435999993527687, 41.640334052866066 ], [ -91.436007731495366, 41.64032764029696 ], [ -91.436015444775279, 41.640321211076362 ], [ -91.436023130967598, 41.640314765161577 ], [ -91.436030790157787, 41.640308299852173 ], [ -91.436038423460246, 41.64030181786994 ], [ -91.436046030903626, 41.640295318314799 ], [ -91.436053611259368, 41.640288802065442 ], [ -91.436061165784437, 41.640282267343025 ], [ -91.436068693250391, 41.640275715026277 ], [ -91.436076194800194, 41.640269146936859 ], [ -91.436083668090959, 41.640262561231829 ], [ -91.436091115494065, 41.64025595885397 ], [ -91.436098535838141, 41.640249338881823 ], [ -91.436105929094609, 41.640242702215545 ], [ -91.436113296491911, 41.64023604797638 ], [ -91.436120635601696, 41.640229377021697 ], [ -91.436410999651258, 41.639964647529446 ], [ -91.436847922751227, 41.639566294415424 ], [ -91.436852091978054, 41.639562512986309 ], [ -91.4368562894619, 41.63955874917194 ], [ -91.436860515231103, 41.639555002072321 ], [ -91.436864766828947, 41.639551273444916 ], [ -91.43686904668381, 41.639547562432305 ], [ -91.436873353624094, 41.639543868113016 ], [ -91.436877686421511, 41.639540191365825 ], [ -91.436882046247476, 41.639536533112228 ], [ -91.436886433101961, 41.639532893352161 ], [ -91.436890845813593, 41.639529271164207 ], [ -91.436895286753668, 41.639525667491149 ], [ -91.436899752350925, 41.639522081368852 ], [ -91.43690424377678, 41.639518513718755 ], [ -91.436908762202776, 41.639514965462318 ], [ -91.436913306485792, 41.639511434777965 ], [ -91.436917875369119, 41.63950792344459 ], [ -91.436922471280937, 41.639504430604774 ], [ -91.436927090593059, 41.639500957094512 ], [ -91.436931736933744, 41.639497502077873 ], [ -91.436936409074548, 41.639494066433528 ], [ -91.436941104587248, 41.639490651018882 ], [ -91.436945825957011, 41.639487253176299 ], [ -91.43695057067012, 41.639483876463601 ], [ -91.436955341211899, 41.63948051822306 ], [ -91.436960136325411, 41.639477180233584 ], [ -91.43696495486769, 41.639473860673597 ], [ -91.436969799153175, 41.639470562286135 ], [ -91.436974665610592, 41.639467284107042 ], [ -91.436979556639812, 41.639464026179013 ], [ -91.436984471097801, 41.639460786680438 ], [ -91.436989408899123, 41.639457568311691 ], [ -91.436994371272235, 41.639454370194017 ], [ -91.43699935698875, 41.639451193206163 ], [ -91.43700436607709, 41.63944803644803 ], [ -91.43700939733732, 41.639444899898237 ], [ -91.437014450741103, 41.639441784456878 ], [ -91.437019527516654, 41.639438689245239 ], [ -91.437024626407222, 41.639435616042149 ], [ -91.437029748698109, 41.639432562168693 ], [ -91.437034891875584, 41.63942953118255 ], [ -91.437040058424984, 41.639426520426063 ], [ -91.43704524591783, 41.639423530756694 ], [ -91.437050454325799, 41.639420563074573 ], [ -91.43705568607723, 41.639417616522238 ], [ -91.437060938743656, 41.639414691957128 ], [ -91.4373057670593, 41.64030224573046 ], [ -91.43716521942585, 41.640430155356583 ] ] ] ] } },
{ "type": "Feature", "properties": { "PPN": "0229427016", "TotalValue": 1374499.9999999998, "PropClass": "R", "pctLandVal": 0.35, "acreVal": 8085294.1176470583, "SiteAddres": "3732 JAMES LN NE", "credits": "NONE", "acres": 0.17, "permitNo": "BLD-18-27624", "permitType": "Dwelling", "permitDate": "7/26/2018", "permitYr": 2018, "nonmetro": 1 }, "geometry": { "type": "MultiPolygon", "coordinates": [ [ [ [ -91.567688868683774, 41.794034405331054 ], [ -91.567909891390187, 41.793993408704793 ], [ -91.567975864446993, 41.794349344758572 ], [ -91.567964296022851, 41.794351248941993 ], [ -91.567959208378269, 41.794352086535092 ], [ -91.567887675618678, 41.794338398453277 ], [ -91.567814864132473, 41.794344718405661 ], [ -91.567755379595539, 41.794358648079225 ], [ -91.567688868683774, 41.794034405331054 ] ] ] ] } },
{ "type": "Feature", "properties": { "PPN": "0721382002", "TotalValue": 731600.0, "PropClass": "R", "pctLandVal": 0.22, "acreVal": 475064.93506493507, "SiteAddres": "2989 DUBUQUE ST NE", "credits": "HMST", "acres": 1.54, "permitNo": "BLD-16563", "permitType": "Dwelling", "permitDate": "1/4/2011", "permitYr": 2011, "nonmetro": 0 }, "geometry": { "type": "MultiPolygon", "coordinates": [ [ [ [ -91.553604414474236, 41.716165567681287 ], [ -91.553257588264515, 41.716173777094518 ], [ -91.552970038780273, 41.71625592193525 ], [ -91.552300833535782, 41.716520366166733 ], [ -91.551877916733773, 41.715898224672344 ], [ -91.552358979830927, 41.715886221757103 ], [ -91.552563203244659, 41.7158811260798 ], [ -91.55335280467871, 41.715861420413326 ], [ -91.553592871102097, 41.715891602037459 ], [ -91.553604414474236, 41.716165567681287 ] ] ] ] } },
{ "type": "Feature", "properties": { "PPN": "0704103002", "TotalValue": 572500.0, "PropClass": "R", "pctLandVal": 0.17, "acreVal": 369354.83870967739, "SiteAddres": "2241 SUGAR BOTTOM RD NE", "credits": "HMST", "acres": 1.55, "permitNo": "BLD-25973", "permitType": "Dwelling", "permitDate": "7/29/2015", "permitYr": 2015, "nonmetro": 1 }, "geometry": { "type": "MultiPolygon", "coordinates": [ [ [ [ -91.542203702583961, 41.770638255249139 ], [ -91.542190804151204, 41.770212566772884 ], [ -91.543804789512578, 41.770241054214424 ], [ -91.543792669853929, 41.770666318355723 ], [ -91.542203702583961, 41.770638255249139 ] ] ] ] } },
{ "type": "Feature", "properties": { "PPN": "1036178001", "TotalValue": 463300.0, "PropClass": "R", "pctLandVal": 0.12, "acreVal": 263238.63636363635, "SiteAddres": "4477 SIOUX AVE SE", "credits": "HMST", "acres": 1.76, "permitNo": "BLD-21-30351", "permitType": "Dwelling", "permitDate": "11/8/2021", "permitYr": 2021, "nonmetro": 1 }, "geometry": { "type": "MultiPolygon", "coordinates": [ [ [ [ -91.483051985505597, 41.606303469450225 ], [ -91.484010611446621, 41.606331845718834 ], [ -91.483878446288614, 41.60717689077606 ], [ -91.483046396124251, 41.60717388485093 ], [ -91.483051985505597, 41.606303469450225 ] ] ] ] } },
{ "type": "Feature", "properties": { "PPN": "0708452004", "TotalValue": 1167800.0, "PropClass": "R", "pctLandVal": 0.16, "acreVal": 540648.14814814809, "SiteAddres": "3713 MAPLE CIR NE", "credits": "NONE", "acres": 2.16, "permitNo": "BLD-26862", "permitType": "Dwelling", "permitDate": "11/7/2016", "permitYr": 2016, "nonmetro": 1 }, "geometry": { "type": "MultiPolygon", "coordinates": [ [ [ [ -91.571066354054935, 41.747946421699865 ], [ -91.57081622407361, 41.747945892508731 ], [ -91.570003228500326, 41.747302765353773 ], [ -91.570008485575315, 41.747299209902209 ], [ -91.570013555833128, 41.747295506353318 ], [ -91.570018430780109, 41.747291657267695 ], [ -91.570023104166395, 41.747287670646678 ], [ -91.570027568620205, 41.747283551771261 ], [ -91.570031815541086, 41.747279306802454 ], [ -91.570035841136544, 41.747274941981352 ], [ -91.570039638008183, 41.747270463488981 ], [ -91.57004320231006, 41.74726587936663 ], [ -91.570046525468427, 41.747261194875279 ], [ -91.57004960606811, 41.747256417196041 ], [ -91.570052435428678, 41.747251555190338 ], [ -91.570055013390089, 41.747246614259062 ], [ -91.570057334931192, 41.747241601523328 ], [ -91.570059394950945, 41.747236526804656 ], [ -91.570061192087252, 41.747231395483922 ], [ -91.570062722494313, 41.747226215602325 ], [ -91.570063984703523, 41.747220996141294 ], [ -91.570064976124286, 41.747215743361664 ], [ -91.570065696463345, 41.747210467164997 ], [ -91.570066143183396, 41.747205172011938 ], [ -91.570066317139762, 41.74719986962419 ], [ -91.570066216997205, 41.747194564482392 ], [ -91.570065842409051, 41.747189268288267 ], [ -91.570065195645867, 41.747183985582417 ], [ -91.570064276441002, 41.747178725366119 ], [ -91.570063085756416, 41.747173495760521 ], [ -91.570061626958022, 41.747168304926724 ], [ -91.570059901034426, 41.747163160085726 ], [ -91.570057911351455, 41.747158069398594 ], [ -91.57005565772252, 41.747153039166271 ], [ -91.570053149496545, 41.747148078549834 ], [ -91.570050385258256, 41.747143194730278 ], [ -91.570047372032676, 41.74713839412842 ], [ -91.570044113212376, 41.747133684005185 ], [ -91.570040613391754, 41.747129071641481 ], [ -91.570036878340645, 41.747124565238302 ], [ -91.570032913962052, 41.747120168496096 ], [ -91.570028724770495, 41.747115891396156 ], [ -91.57002431666902, 41.747111737638811 ], [ -91.570019699033196, 41.747107715485079 ], [ -91.570014877739425, 41.747103829535419 ], [ -91.570009858610788, 41.747100086190613 ], [ -91.570004651102863, 41.747096491011206 ], [ -91.569999261092036, 41.747093048597691 ], [ -91.570468887312813, 41.746688225919918 ], [ -91.571079669020236, 41.746805119437866 ], [ -91.571066354054935, 41.747946421699865 ] ] ] ] } },
{ "type": "Feature", "properties": { "PPN": "1328153001", "TotalValue": 407200.0, "PropClass": "R", "pctLandVal": 0.12, "acreVal": 607761.19402985065, "SiteAddres": "1495 HEIM STRASZE SW", "credits": "HMST", "acres": 0.67, "permitNo": "BLD-18-28133", "permitType": "Dwelling", "permitDate": "10/26/2018", "permitYr": 2018, "nonmetro": 1 }, "geometry": { "type": "MultiPolygon", "coordinates": [ [ [ [ -91.781008432503981, 41.536297207578556 ], [ -91.780810783181636, 41.536610316767636 ], [ -91.780154164192496, 41.536606575827562 ], [ -91.780154816382804, 41.536541945923048 ], [ -91.780154863112898, 41.536539396156442 ], [ -91.780154951777945, 41.536536847012862 ], [ -91.780155082354185, 41.536534299392635 ], [ -91.780155254865306, 41.536531752395433 ], [ -91.780155470462091, 41.536529207839571 ], [ -91.780155726772009, 41.536526664789221 ], [ -91.78015602494564, 41.536524125062627 ], [ -91.780156364983156, 41.536521588659788 ], [ -91.780156748106279, 41.536519054698289 ], [ -91.780157171871366, 41.536516524943011 ], [ -91.780157637476563, 41.536513999411717 ], [ -91.780158144921842, 41.536511478104444 ], [ -91.780158694183541, 41.536508961921399 ], [ -91.780159284063501, 41.536506450844769 ], [ -91.780159915759882, 41.536503944892402 ], [ -91.780160588003355, 41.536501446747145 ], [ -91.780161302063291, 41.536498953726095 ], [ -91.780162056694024, 41.53649646761199 ], [ -91.780162853093756, 41.536493988422578 ], [ -91.780163690040638, 41.536491517040304 ], [ -91.780164567510951, 41.536489054365397 ], [ -91.780165484330297, 41.536486599479765 ], [ -91.780166444069366, 41.536484153337135 ], [ -91.780167443110031, 41.536481716784323 ], [ -91.780168481476011, 41.536479288921065 ], [ -91.780169560294354, 41.536476872465833 ], [ -91.780170678437969, 41.536474464700184 ], [ -91.780171835859448, 41.53647206742454 ], [ -91.780173033733291, 41.536469681556987 ], [ -91.780174270861366, 41.536467307079654 ], [ -91.780175546045442, 41.536464943974778 ], [ -91.780176860460102, 41.536462593160415 ], [ -91.780178214081502, 41.536460255536817 ], [ -91.78017960573527, 41.536457930185868 ], [ -91.780181036619481, 41.53645561712537 ], [ -91.780182504290565, 41.536453318120223 ], [ -91.780184009946638, 41.536451033188257 ], [ -91.780185553587614, 41.536448762329407 ], [ -91.780187134015449, 41.536446505525937 ], [ -91.780188751182649, 41.536444264578257 ], [ -91.780190406311164, 41.53644203860398 ], [ -91.780192098202733, 41.536439827585284 ], [ -91.780193825635635, 41.536437632404549 ], [ -91.780195588562378, 41.536435454862321 ], [ -91.780197388228558, 41.536433293175875 ], [ -91.780203499330526, 41.536426028882204 ], [ -91.780209584356356, 41.536418753393711 ], [ -91.780215643329825, 41.536411465810211 ], [ -91.780221676274564, 41.536404165231488 ], [ -91.780227685515754, 41.536396854393779 ], [ -91.780233668728329, 41.536389530560911 ], [ -91.780239625888512, 41.536382194632992 ], [ -91.780245556972602, 41.536374847510338 ], [ -91.780251462004301, 41.536367488292697 ], [ -91.780257342134391, 41.536360118798342 ], [ -91.780263195037747, 41.536352736290958 ], [ -91.780269023063155, 41.536345342606658 ], [ -91.780274825036201, 41.53633793682738 ], [ -91.780280600933224, 41.53633051985333 ], [ -91.780286349556093, 41.53632309166678 ], [ -91.780292073301098, 41.53631565230328 ], [ -91.780297770993755, 41.536308200844886 ], [ -91.780303441388554, 41.53630073907415 ], [ -91.780309086905518, 41.536293266126492 ], [ -91.780314705172032, 41.536285781066105 ], [ -91.780320297338847, 41.536278285711255 ], [ -91.780325863429695, 41.536270779161661 ], [ -91.780331402246446, 41.536263261399625 ], [ -91.780336916185362, 41.536255732460674 ], [ -91.780342402850124, 41.53624819230923 ], [ -91.780347863391583, 41.536240642763524 ], [ -91.780353296682691, 41.536233081105145 ], [ -91.780358703874072, 41.536225509152317 ], [ -91.780364084989557, 41.536217926004788 ], [ -91.78036943880727, 41.536210332545039 ], [ -91.780374765303591, 41.536202729673242 ], [ -91.780380065747636, 41.536195114706587 ], [ -91.78038533889395, 41.536187489427732 ], [ -91.780390585940665, 41.536179853854406 ], [ -91.780395806887825, 41.536172207986667 ], [ -91.780401000513521, 41.53616455270695 ], [ -91.780406166888923, 41.536156885314526 ], [ -91.780411305919245, 41.536149209410368 ], [ -91.780416418873671, 41.536141522311574 ], [ -91.780421503284899, 41.536133826683248 ], [ -91.780426561644006, 41.536126118960055 ], [ -91.78043159268168, 41.536118401824879 ], [ -91.780436597596179, 41.536110675295546 ], [ -91.780441574014887, 41.536102938436251 ], [ -91.780446523112232, 41.536095192165007 ], [ -91.781008432503981, 41.536297207578556 ] ] ] ] } },
{ "type": "Feature", "properties": { "PPN": "0809358001", "TotalValue": 313700.0, "PropClass": "R", "pctLandVal": 0.34, "acreVal": 74868.735083532199, "SiteAddres": "5023 MORSE RD NE", "credits": "HMST", "acres": 4.19, "permitNo": "BLD-25001", "permitType": "Dwelling", "permitDate": "1/21/2014", "permitYr": 2014, "nonmetro": 1 }, "geometry": { "type": "MultiPolygon", "coordinates": [ [ [ [ -91.44109716328515, 41.743791291648911 ], [ -91.442070361611584, 41.743785150638423 ], [ -91.442064571341419, 41.745470324396805 ], [ -91.441837060504497, 41.745572009353054 ], [ -91.44160579611335, 41.745668829247265 ], [ -91.441370963608279, 41.745760706437622 ], [ -91.441093404297646, 41.745865582828642 ], [ -91.44109716328515, 41.743791291648911 ] ] ] ] } },
{ "type": "Feature", "properties": { "PPN": "0316353006", "TotalValue": 635900.0, "PropClass": "R", "pctLandVal": 0.17, "acreVal": 343729.7297297297, "SiteAddres": "2627 HUNTER CT NW", "credits": "NONE", "acres": 1.85, "permitNo": "BLD-25076", "permitType": "Dwelling", "permitDate": "4/25/2014", "permitYr": 2014, "nonmetro": 1 }, "geometry": { "type": "MultiPolygon", "coordinates": [ [ [ [ -91.674436316549631, 41.820998461203658 ], [ -91.675364225507266, 41.820222237612008 ], [ -91.675973381391543, 41.820725487114132 ], [ -91.675929947290044, 41.821008808341993 ], [ -91.674622882135466, 41.821180364687478 ], [ -91.67459320001295, 41.821130451935076 ], [ -91.674555372640185, 41.82108372287616 ], [ -91.674537427738144, 41.82106441120132 ], [ -91.674508723164379, 41.821038369523123 ], [ -91.674474714564582, 41.821016187339268 ], [ -91.674436316549631, 41.820998461203658 ] ] ] ] } },
{ "type": "Feature", "properties": { "PPN": "0508453007", "TotalValue": 74300.0, "PropClass": "R", "pctLandVal": 1.0, "acreVal": 40162.162162162167, "SiteAddres": "1308 UPPER OLD HIGHWAY 6 RD NW", "credits": "NONE", "acres": 1.85, "permitNo": "BLD-25-33205", "permitType": "Dwelling", "permitDate": "3/24/2025", "permitYr": 2025, "nonmetro": 1 }, "geometry": { "type": "MultiPolygon", "coordinates": [ [ [ [ -91.802192113144983, 41.746445213336472 ], [ -91.802196207333751, 41.746114697246973 ], [ -91.802201369669049, 41.745695041272477 ], [ -91.802983875124326, 41.746105908496325 ], [ -91.80297090207057, 41.74689790221538 ], [ -91.80218568725563, 41.746965972317504 ], [ -91.802186037355511, 41.746937641563669 ], [ -91.802192113144983, 41.746445213336472 ] ] ] ] } },
{ "type": "Feature", "properties": { "PPN": "0316353007", "TotalValue": 675300.0, "PropClass": "R", "pctLandVal": 0.16, "acreVal": 355421.05263157899, "SiteAddres": "1577 COURTNEY LN NW", "credits": "NONE", "acres": 1.9, "permitNo": "BLD-25739", "permitType": "Dwelling", "permitDate": "4/22/2015", "permitYr": 2015, "nonmetro": 1 }, "geometry": { "type": "MultiPolygon", "coordinates": [ [ [ [ -91.674125163654978, 41.820974638050622 ], [ -91.674119408925208, 41.820449752994655 ], [ -91.674372167893196, 41.820163801958842 ], [ -91.67476101501515, 41.819723885029461 ], [ -91.675364225507266, 41.820222237612008 ], [ -91.674436316549631, 41.820998461203658 ], [ -91.674406994660217, 41.820988858095738 ], [ -91.674376380227429, 41.82098186723276 ], [ -91.674344887568722, 41.820977583224774 ], [ -91.674271795652587, 41.820972808549541 ], [ -91.674198437330745, 41.820971825256343 ], [ -91.674125163654978, 41.820974638050622 ] ] ] ] } },
{ "type": "Feature", "properties": { "PPN": "1313230016", "TotalValue": 468200.0, "PropClass": "R", "pctLandVal": 0.16, "acreVal": 463564.35643564363, "SiteAddres": "2015 REDTOP CT SW", "credits": "NONE", "acres": 1.01, "permitNo": "BLD-23-31936", "permitType": "Dwelling", "permitDate": "7/18/2023", "permitYr": 2023, "nonmetro": 1 }, "geometry": { "type": "MultiPolygon", "coordinates": [ [ [ [ -91.730639126063934, 41.56709142125014 ], [ -91.731355979215977, 41.566652489529766 ], [ -91.7314283087413, 41.566859662421074 ], [ -91.731677118826795, 41.567147361760739 ], [ -91.731577751911871, 41.567199193661075 ], [ -91.731482861368406, 41.567255558480987 ], [ -91.731392813289105, 41.567316238768917 ], [ -91.731307955087686, 41.567381000424021 ], [ -91.731228614158539, 41.567449593598958 ], [ -91.731218307633227, 41.567457646471865 ], [ -91.731206397814162, 41.567464336731327 ], [ -91.731193200347832, 41.567469487064841 ], [ -91.731179065007552, 41.567472960972708 ], [ -91.731164366423442, 41.567474666385586 ], [ -91.731149494153456, 41.567474558104806 ], [ -91.731134842358784, 41.56747263900013 ], [ -91.731120799357328, 41.567468959933713 ], [ -91.731107737331911, 41.567463618412269 ], [ -91.730951297751375, 41.56738663930561 ], [ -91.73089956358379, 41.567358154412638 ], [ -91.730852096629889, 41.567325748615829 ], [ -91.73080942134348, 41.567289779965513 ], [ -91.730772009233149, 41.567250645877202 ], [ -91.730740273652714, 41.567208778740408 ], [ -91.730710394625603, 41.567167843871601 ], [ -91.730676618760256, 41.567128655092425 ], [ -91.730639126063934, 41.56709142125014 ] ] ] ] } },
{ "type": "Feature", "properties": { "PPN": "0307352004", "TotalValue": 505100.0, "PropClass": "R", "pctLandVal": 0.16, "acreVal": 348344.8275862069, "SiteAddres": "2246 CLAY STUDIO CT NW", "credits": "NONE", "acres": 1.45, "permitNo": "BLD-20-29164", "permitType": "Dwelling", "permitDate": "6/10/2020", "permitYr": 2020, "nonmetro": 1 }, "geometry": { "type": "MultiPolygon", "coordinates": [ [ [ [ -91.709981337228726, 41.834665187786939 ], [ -91.709984803305701, 41.833872493683224 ], [ -91.710799292870561, 41.83389327298314 ], [ -91.710795942228529, 41.834665454108645 ], [ -91.709981337228726, 41.834665187786939 ] ] ] ] } },
{ "type": "Feature", "properties": { "PPN": "0307191011", "TotalValue": 54400.0, "PropClass": "R", "pctLandVal": 1.0, "acreVal": 92203.389830508473, "SiteAddres": null, "credits": "NONE", "acres": 0.59, "permitNo": "BLD-25-33315", "permitType": "Dwelling", "permitDate": "5/2/2025", "permitYr": 2025, "nonmetro": 1 }, "geometry": { "type": "MultiPolygon", "coordinates": [ [ [ [ -91.696643342600453, 41.841102552348673 ], [ -91.696812842927628, 41.840735046085605 ], [ -91.697025820293248, 41.840789970865018 ], [ -91.69716004254667, 41.840824586258407 ], [ -91.697372741927325, 41.840879437643459 ], [ -91.697502664848315, 41.840912943201424 ], [ -91.697154212177352, 41.841285523666535 ], [ -91.697079028650762, 41.841246207891174 ], [ -91.696996533353257, 41.84120668410538 ], [ -91.69691003554972, 41.84117227628149 ], [ -91.696841263049663, 41.841149473287366 ], [ -91.696770729873563, 41.841129907415606 ], [ -91.696698708203371, 41.841113654168993 ], [ -91.696643342600453, 41.841102552348673 ] ] ] ] } },
{ "type": "Feature", "properties": { "PPN": "0229404011", "TotalValue": 1297000.0, "PropClass": "R", "pctLandVal": 0.43, "acreVal": 5404166.666666667, "SiteAddres": "3777 COTTAGE RESERVE RD NE", "credits": "NONE", "acres": 0.24, "permitNo": "BLD-21-29735", "permitType": "Dwelling", "permitDate": "3/30/2021", "permitYr": 2021, "nonmetro": 1 }, "geometry": { "type": "MultiPolygon", "coordinates": [ [ [ [ -91.56222137964086, 41.793318921994214 ], [ -91.562265711067113, 41.793311587647871 ], [ -91.562324957789357, 41.793277078993995 ], [ -91.56238319917901, 41.793238987327797 ], [ -91.562424875898117, 41.793210429269934 ], [ -91.562433122934635, 41.793269319358089 ], [ -91.562502653955406, 41.793750649472038 ], [ -91.562285355024926, 41.793767485475861 ], [ -91.56222137964086, 41.793318921994214 ] ] ] ] } },
{ "type": "Feature", "properties": { "PPN": "0316354001", "TotalValue": 679600.0, "PropClass": "R", "pctLandVal": 0.15, "acreVal": 566333.33333333337, "SiteAddres": "2639 HUNTER CT NW", "credits": "HMST", "acres": 1.2, "permitNo": "BLD-25417", "permitType": "Dwelling", "permitDate": "10/3/2014", "permitYr": 2014, "nonmetro": 1 }, "geometry": { "type": "MultiPolygon", "coordinates": [ [ [ [ -91.673064606595759, 41.820374343691121 ], [ -91.673651101547549, 41.821093636228731 ], [ -91.673612896238808, 41.821114280292356 ], [ -91.673578547944359, 41.821138420670202 ], [ -91.673548624530056, 41.821165658262665 ], [ -91.673523620709574, 41.821195542765174 ], [ -91.673514090511233, 41.821206551447752 ], [ -91.673502344147778, 41.821216288380533 ], [ -91.673488679727413, 41.821224506451451 ], [ -91.673473444036816, 41.821230997095249 ], [ -91.673457023740099, 41.821235595586828 ], [ -91.673439835565631, 41.821238185221631 ], [ -91.67342231572988, 41.821238700277661 ], [ -91.673156010329294, 41.82123060799227 ], [ -91.673056711055068, 41.821225443612668 ], [ -91.672957974938242, 41.821216005849024 ], [ -91.672860130388898, 41.821202326092603 ], [ -91.672546038586802, 41.82115132145573 ], [ -91.672971349655839, 41.820424645079349 ], [ -91.673064606595759, 41.820374343691121 ] ] ] ] } },
{ "type": "Feature", "properties": { "PPN": "0327131003", "TotalValue": 527100.0, "PropClass": "R", "pctLandVal": 0.15, "acreVal": 1550294.1176470588, "SiteAddres": "2913 WYATT DR NE", "credits": "HMST", "acres": 0.34, "permitNo": "BLD-16840", "permitType": "Dwelling", "permitDate": "8/17/2011", "permitYr": 2011, "nonmetro": 1 }, "geometry": { "type": "MultiPolygon", "coordinates": [ [ [ [ -91.643404162293606, 41.800482266349434 ], [ -91.643660291125599, 41.800470940119993 ], [ -91.643770269391595, 41.800466071301237 ], [ -91.643772459688108, 41.800493795189638 ], [ -91.643802758849759, 41.800876968990863 ], [ -91.643436647196779, 41.800893158699807 ], [ -91.643404162293606, 41.800482266349434 ] ] ] ] } },
{ "type": "Feature", "properties": { "PPN": "0716303013", "TotalValue": 523700.0, "PropClass": "R", "pctLandVal": 0.33, "acreVal": 2276956.5217391304, "SiteAddres": "3883 LOCUST RIDGE RD NE", "credits": "NONE", "acres": 0.23, "permitNo": "BLD-25-33203", "permitType": "Dwelling", "permitDate": "4/14/2025", "permitYr": 2025, "nonmetro": 1 }, "geometry": { "type": "MultiPolygon", "coordinates": [ [ [ [ -91.552689968716436, 41.735419658773345 ], [ -91.552632689115356, 41.735395178518665 ], [ -91.552422660683476, 41.735305416980978 ], [ -91.552640543333581, 41.735019386934162 ], [ -91.552850572399109, 41.73510914630635 ], [ -91.552907851830597, 41.735133626455863 ], [ -91.552689968716436, 41.735419658773345 ] ] ] ] } },
{ "type": "Feature", "properties": { "PPN": "1303253001", "TotalValue": 609500.0, "PropClass": "R", "pctLandVal": 0.18, "acreVal": 86947.21825962911, "SiteAddres": "4697 DERBY AVE SW", "credits": "HMST, MIL", "acres": 7.01, "permitNo": "BLD-26480", "permitType": "Dwelling", "permitDate": "5/28/2016", "permitYr": 2016, "nonmetro": 1 }, "geometry": { "type": "MultiPolygon", "coordinates": [ [ [ [ -91.766787725785377, 41.592604268765371 ], [ -91.76563044882063, 41.592598902091986 ], [ -91.764210729939492, 41.592592302811191 ], [ -91.764871968958957, 41.59158635901904 ], [ -91.764875623070068, 41.591579134395481 ], [ -91.764879221203287, 41.591571894524179 ], [ -91.764882763382531, 41.59156463850497 ], [ -91.764886247185601, 41.591557367202086 ], [ -91.764889675034794, 41.591550079751329 ], [ -91.764893046882165, 41.591542777953073 ], [ -91.764896360329487, 41.591535461771421 ], [ -91.764899616575974, 41.591528131224386 ], [ -91.764902815621596, 41.591520786311918 ], [ -91.764905958665537, 41.59151342705195 ], [ -91.764909042086387, 41.591506054290932 ], [ -91.764912068282527, 41.591498668064673 ], [ -91.764915037253971, 41.591491268373254 ], [ -91.76491794775373, 41.591483856999091 ], [ -91.764920801052739, 41.591476431259565 ], [ -91.764923595880092, 41.591468993837331 ], [ -91.764926333434985, 41.591461544750338 ], [ -91.764929011343028, 41.591454083062494 ], [ -91.764931631978612, 41.591446609709962 ], [ -91.764934192919526, 41.591439125556967 ], [ -91.76493669658808, 41.591431629739255 ], [ -91.764939140562007, 41.591424123121136 ], [ -91.764941527239671, 41.591416605738551 ], [ -91.764943855397917, 41.59140907847366 ], [ -91.764946122662536, 41.59140154039045 ], [ -91.764948332606977, 41.591393992442967 ], [ -91.764950482832987, 41.591386434595286 ], [ -91.764952573292717, 41.591378868647865 ], [ -91.764954606432383, 41.591371292836207 ], [ -91.764956579829757, 41.591363708024581 ], [ -91.764958494636147, 41.591356116031385 ], [ -91.764960347325939, 41.591348514102116 ], [ -91.764962142623901, 41.591340905009247 ], [ -91.764963879354852, 41.591333287834622 ], [ -91.76496555389754, 41.591325663424598 ], [ -91.764967169849314, 41.591318031832969 ], [ -91.764968727210288, 41.591310393059821 ], [ -91.764970224781209, 41.591302747087205 ], [ -91.764971661339146, 41.591295094797296 ], [ -91.764973039258479, 41.591287437126304 ], [ -91.764974356164799, 41.591279773138091 ], [ -91.764975614456475, 41.591272102868544 ], [ -91.76497681171125, 41.591264427181997 ], [ -91.764977950303546, 41.591256747014597 ], [ -91.764979027859098, 41.591249061430133 ], [ -91.764985479252388, 41.591178101734499 ], [ -91.766840848793393, 41.591180442977176 ], [ -91.766827091890491, 41.591549147876428 ], [ -91.766787725785377, 41.592604268765371 ] ] ] ] } },
{ "type": "Feature", "properties": { "PPN": "0316354002", "TotalValue": 739900.0, "PropClass": "R", "pctLandVal": 0.14, "acreVal": 493266.66666666669, "SiteAddres": "1570 COURTNEY LN NW", "credits": "HMST", "acres": 1.5, "permitNo": "BLD-25756", "permitType": "Dwelling", "permitDate": "5/6/2015", "permitYr": 2015, "nonmetro": 1 }, "geometry": { "type": "MultiPolygon", "coordinates": [ [ [ [ -91.673064606595759, 41.820374343691121 ], [ -91.673891839131542, 41.819928144386402 ], [ -91.674218203305102, 41.82008826417011 ], [ -91.674190793787503, 41.82007717298675 ], [ -91.674161269939333, 41.820069712580846 ], [ -91.674130483903866, 41.820066098281039 ], [ -91.674099324253987, 41.820066434406364 ], [ -91.67406869034599, 41.820070711255262 ], [ -91.674039466362032, 41.820078805385663 ], [ -91.674012495790592, 41.820090483177808 ], [ -91.673988557081273, 41.82010540757696 ], [ -91.673968341176746, 41.820123147821782 ], [ -91.673952431570143, 41.820143191877087 ], [ -91.673941287463606, 41.820164961212512 ], [ -91.67393523051399, 41.820187827500433 ], [ -91.673934435548418, 41.820211130751304 ], [ -91.673938925517604, 41.820234198362797 ], [ -91.673948570832806, 41.820256364533172 ], [ -91.67396309310557, 41.820276989478359 ], [ -91.673982073182259, 41.820295477898298 ], [ -91.674004963241785, 41.820311296159161 ], [ -91.67401167104785, 41.82031591844585 ], [ -91.674017266115683, 41.820321305993893 ], [ -91.674021594756283, 41.820327310814797 ], [ -91.674024538067513, 41.820333767964428 ], [ -91.674026015200226, 41.820340500073769 ], [ -91.674025985579163, 41.820347322220989 ], [ -91.674024450017498, 41.820354047010944 ], [ -91.674021450694596, 41.820360489722752 ], [ -91.67401706999739, 41.820366473383757 ], [ -91.673972272129703, 41.820417153889395 ], [ -91.67397860093979, 41.820991798502213 ], [ -91.673892717448481, 41.82100943253684 ], [ -91.673809116253707, 41.821032397682366 ], [ -91.673728387623839, 41.821060531793343 ], [ -91.673651101547549, 41.821093636228731 ], [ -91.673064606595759, 41.820374343691121 ] ] ] ] } },
{ "type": "Feature", "properties": { "PPN": "0727230010", "TotalValue": 2186700.0, "PropClass": "R", "pctLandVal": 0.17, "acreVal": 396860.25408348459, "SiteAddres": "3021 WOODLAND RIDGE DR NE", "credits": "NONE", "acres": 5.51, "permitNo": "BLD-19-28568", "permitType": "Dwelling", "permitDate": "8/15/2019", "permitYr": 2019, "nonmetro": 0 }, "geometry": { "type": "MultiPolygon", "coordinates": [ [ [ [ -91.539469017146445, 41.712979861788988 ], [ -91.540072861065184, 41.712586488045915 ], [ -91.540581247211094, 41.710838471432844 ], [ -91.541296770992545, 41.710454516613652 ], [ -91.541339471191606, 41.711517080095014 ], [ -91.541346091711404, 41.71168181534167 ], [ -91.541368236402192, 41.712232867915034 ], [ -91.541376827849049, 41.712446641120067 ], [ -91.539879461904917, 41.713250230341934 ], [ -91.539469017146445, 41.712979861788988 ] ] ] ] } },
{ "type": "Feature", "properties": { "PPN": "0327131002", "TotalValue": 453900.0, "PropClass": "R", "pctLandVal": 0.18, "acreVal": 1335000.0, "SiteAddres": "2917 WYATT DR NE", "credits": "HMST, MIL", "acres": 0.34, "permitNo": "BLD-17771", "permitType": "Dwelling", "permitDate": "4/12/2013", "permitYr": 2013, "nonmetro": 1 }, "geometry": { "type": "MultiPolygon", "coordinates": [ [ [ [ -91.643038055090528, 41.800498457544158 ], [ -91.643404162293606, 41.800482266349434 ], [ -91.643436647196779, 41.800893158699807 ], [ -91.643070536538886, 41.800909348174976 ], [ -91.643038055090528, 41.800498457544158 ] ] ] ] } },
{ "type": "Feature", "properties": { "PPN": "0727230011", "TotalValue": 1317500.0000000002, "PropClass": "R", "pctLandVal": 0.2, "acreVal": 872516.55629139068, "SiteAddres": "3017 WOODLAND RIDGE DR NE", "credits": "HMST", "acres": 1.51, "permitNo": "BLD-25085", "permitType": "Dwelling", "permitDate": "5/28/2014", "permitYr": 2014, "nonmetro": 0 }, "geometry": { "type": "MultiPolygon", "coordinates": [ [ [ [ -91.539879461904917, 41.713250230341934 ], [ -91.541376827849049, 41.712446641120067 ], [ -91.541388660160962, 41.712741057447481 ], [ -91.541396748142162, 41.712942313815141 ], [ -91.540253828164879, 41.713555682212352 ], [ -91.54013419489965, 41.713435748780086 ], [ -91.540079502601358, 41.713386460273419 ], [ -91.54001828024991, 41.713341689837947 ], [ -91.539879461904917, 41.713250230341934 ] ] ] ] } },
{ "type": "Feature", "properties": { "PPN": "0310252009", "TotalValue": 561700.0, "PropClass": "R", "pctLandVal": 0.14, "acreVal": 272669.90291262133, "SiteAddres": "1279 HILLVIEW CT NE", "credits": "NONE", "acres": 2.06, "permitNo": "BLD-16305", "permitType": "Dwelling", "permitDate": "6/14/2010", "permitYr": 2010, "nonmetro": 0 }, "geometry": { "type": "MultiPolygon", "coordinates": [ [ [ [ -91.653856749423355, 41.842535578810129 ], [ -91.653012216773888, 41.841151269375352 ], [ -91.653508001196315, 41.841311308803064 ], [ -91.654434011895091, 41.841610218673623 ], [ -91.654096365046527, 41.842556817062949 ], [ -91.654075095938282, 41.842541828623638 ], [ -91.654050914201349, 41.842529555429024 ], [ -91.654024433294722, 41.842520308833258 ], [ -91.653996325003163, 41.842514323409716 ], [ -91.653967302395259, 41.842511751000295 ], [ -91.653938101734042, 41.84251265686342 ], [ -91.653909463799479, 41.842517018018597 ], [ -91.653882115096181, 41.84252472382942 ], [ -91.653856749423355, 41.842535578810129 ] ] ] ] } },
{ "type": "Feature", "properties": { "PPN": "0327153011", "TotalValue": 468200.0, "PropClass": "R", "pctLandVal": 0.17, "acreVal": 1377058.8235294116, "SiteAddres": "1835 WENROSE DR NE", "credits": "HMST", "acres": 0.34, "permitNo": "BLD-26750", "permitType": "Dwelling", "permitDate": "9/1/2016", "permitYr": 2016, "nonmetro": 1 }, "geometry": { "type": "MultiPolygon", "coordinates": [ [ [ [ -91.644387010866495, 41.800372957863097 ], [ -91.64493599278444, 41.800347029657424 ], [ -91.64495910140316, 41.800620906855279 ], [ -91.644410113575432, 41.800646835109944 ], [ -91.644387010866495, 41.800372957863097 ] ] ] ] } },
{ "type": "Feature", "properties": { "PPN": "0727230007", "TotalValue": 1649699.9999999998, "PropClass": "R", "pctLandVal": 0.18, "acreVal": 522056.96202531643, "SiteAddres": "3028 WOODLAND RIDGE DR NE", "credits": "HMST", "acres": 3.16, "permitNo": "BLD-24865", "permitType": "Dwelling", "permitDate": "10/24/2013", "permitYr": 2013, "nonmetro": 0 }, "geometry": { "type": "MultiPolygon", "coordinates": [ [ [ [ -91.537628390580096, 41.712002104273942 ], [ -91.539296113539791, 41.711406762953949 ], [ -91.539444002622503, 41.712038379177699 ], [ -91.53925199160264, 41.712779418395435 ], [ -91.539222798563017, 41.712778925652593 ], [ -91.539193872240858, 41.712781916631236 ], [ -91.539165948374702, 41.712788315256063 ], [ -91.539139737206213, 41.712797958778559 ], [ -91.539115905415414, 41.712810601916402 ], [ -91.539095059164055, 41.71282592309209 ], [ -91.539077728677896, 41.712843532612176 ], [ -91.539064354760413, 41.712862982578905 ], [ -91.537628390580096, 41.712002104273942 ] ] ] ] } },
{ "type": "Feature", "properties": { "PPN": "0327129011", "TotalValue": 453800.0, "PropClass": "R", "pctLandVal": 0.18, "acreVal": 1296571.4285714286, "SiteAddres": "1827 WENROSE DR NE", "credits": "HMST", "acres": 0.35, "permitNo": "BLD-17747", "permitType": "Dwelling", "permitDate": "4/2/2013", "permitYr": 2013, "nonmetro": 1 }, "geometry": { "type": "MultiPolygon", "coordinates": [ [ [ [ -91.644433218884728, 41.800920712363755 ], [ -91.644982212622196, 41.800894784060148 ], [ -91.645006240884072, 41.801179562490177 ], [ -91.644452794203119, 41.801193163507932 ], [ -91.644442028442981, 41.801025141823956 ], [ -91.644433218884728, 41.800920712363755 ] ] ] ] } },
{ "type": "Feature", "properties": { "PPN": "0229401007", "TotalValue": 1733699.9999999998, "PropClass": "R", "pctLandVal": 0.57, "acreVal": 2751904.7619047612, "SiteAddres": "3790 COTTAGE RESERVE RD NE", "credits": "HMST", "acres": 0.63, "permitNo": "BLD-17753", "permitType": "Dwelling", "permitDate": "4/8/2013", "permitYr": 2013, "nonmetro": 1 }, "geometry": { "type": "MultiPolygon", "coordinates": [ [ [ [ -91.561139954357458, 41.794019089692441 ], [ -91.561684161690991, 41.793975143476978 ], [ -91.561898554085005, 41.794545962392625 ], [ -91.561873176926113, 41.794568530495262 ], [ -91.561818236615835, 41.794606932725074 ], [ -91.561746772748236, 41.794618479306997 ], [ -91.561673042512041, 41.794632460084372 ], [ -91.561603485198802, 41.794627508587745 ], [ -91.561139954357458, 41.794019089692441 ] ] ] ] } },
{ "type": "Feature", "properties": { "PPN": "0327131001", "TotalValue": 495300.0, "PropClass": "R", "pctLandVal": 0.18, "acreVal": 1270000.0, "SiteAddres": "2923 WYATT DR NE", "credits": "HMST", "acres": 0.39, "permitNo": "BLD-17543", "permitType": "Dwelling", "permitDate": "10/31/2012", "permitYr": 2012, "nonmetro": 1 }, "geometry": { "type": "MultiPolygon", "coordinates": [ [ [ [ -91.642628561802283, 41.8005165658425 ], [ -91.643038055090528, 41.800498457544158 ], [ -91.643070536538886, 41.800909348174976 ], [ -91.642661250859987, 41.800927471650816 ], [ -91.642628561802283, 41.8005165658425 ] ] ] ] } },
{ "type": "Feature", "properties": { "PPN": "0327129012", "TotalValue": 419500.0, "PropClass": "R", "pctLandVal": 0.19, "acreVal": 1233823.5294117646, "SiteAddres": "1831 WENROSE DR NE", "credits": "HMST", "acres": 0.34, "permitNo": "BLD-17815", "permitType": "Dwelling", "permitDate": "5/21/2013", "permitYr": 2013, "nonmetro": 1 }, "geometry": { "type": "MultiPolygon", "coordinates": [ [ [ [ -91.644410113575432, 41.800646835109944 ], [ -91.64495910140316, 41.800620906855279 ], [ -91.644982212622196, 41.800894784060148 ], [ -91.644433218884728, 41.800920712363755 ], [ -91.644410113575432, 41.800646835109944 ] ] ] ] } },
{ "type": "Feature", "properties": { "PPN": "0306479010", "TotalValue": 1400.0, "PropClass": "R", "pctLandVal": 1.0, "acreVal": 2499.9999999999995, "SiteAddres": "260 HOWARD AVE NW", "credits": "NONE", "acres": 0.56, "permitNo": "BLD-24-33054", "permitType": "Dwelling", "permitDate": "12/3/2024", "permitYr": 2024, "nonmetro": 1 }, "geometry": { "type": "MultiPolygon", "coordinates": [ [ [ [ -91.698138467157307, 41.850722613858402 ], [ -91.698537287178922, 41.850307964749376 ], [ -91.698614040476983, 41.850346015551274 ], [ -91.698694438763468, 41.850379596090157 ], [ -91.698778017222068, 41.850408512220739 ], [ -91.698864292648281, 41.85043259676474 ], [ -91.6986521399038, 41.850912440604951 ], [ -91.698358267127574, 41.850850890578982 ], [ -91.698138467157307, 41.850722613858402 ] ] ] ] } },
{ "type": "Feature", "properties": { "PPN": "0327130008", "TotalValue": 486900.0, "PropClass": "R", "pctLandVal": 0.16, "acreVal": 1391142.8571428573, "SiteAddres": "1828 WENROSE DR NE", "credits": "HMST", "acres": 0.35, "permitNo": "BLD-17120", "permitType": "Dwelling", "permitDate": "3/19/2012", "permitYr": 2012, "nonmetro": 1 }, "geometry": { "type": "MultiPolygon", "coordinates": [ [ [ [ -91.643723122806477, 41.801402827335743 ], [ -91.644081042864656, 41.801387002080837 ], [ -91.644273360778683, 41.801378497230047 ], [ -91.644273315263888, 41.801394907039381 ], [ -91.644271975669795, 41.801670123907947 ], [ -91.643721826780592, 41.801668629786619 ], [ -91.643723122806477, 41.801402827335743 ] ] ] ] } },
{ "type": "Feature", "properties": { "PPN": "0327129009", "TotalValue": 390000.0, "PropClass": "R", "pctLandVal": 0.21, "acreVal": 1147058.8235294116, "SiteAddres": "1823 WENROSE DR NE", "credits": "HMST", "acres": 0.34, "permitNo": "BLD-25745", "permitType": "Dwelling", "permitDate": "4/24/2015", "permitYr": 2015, "nonmetro": 1 }, "geometry": { "type": "MultiPolygon", "coordinates": [ [ [ [ -91.644455057779595, 41.801740025357667 ], [ -91.644456391956737, 41.801465604496826 ], [ -91.645006480790812, 41.801467073498202 ], [ -91.645005152516305, 41.801741495322901 ], [ -91.644455057779595, 41.801740025357667 ] ] ] ] } },
{ "type": "Feature", "properties": { "PPN": "0516177001", "TotalValue": 1214300.0000000002, "PropClass": "R", "pctLandVal": 0.13, "acreVal": 25991.010273972603, "SiteAddres": "1560 UPPER OLD HIGHWAY 6 RD NW", "credits": "HMST", "acres": 46.72, "permitNo": "BLD-22-30967", "permitType": "Dwelling", "permitDate": "7/5/2022", "permitYr": 2022, "nonmetro": 1 }, "geometry": { "type": "MultiPolygon", "coordinates": [ [ [ [ -91.781407347314854, 41.740376043826835 ], [ -91.781628278461625, 41.740389987355819 ], [ -91.781878930048009, 41.740390922596866 ], [ -91.781873354089313, 41.740398467581656 ], [ -91.78180561040854, 41.74049476271864 ], [ -91.78174536705518, 41.740593814438149 ], [ -91.781692823172634, 41.740695295366606 ], [ -91.78130432133338, 41.741514720025712 ], [ -91.781267885620878, 41.741611227325514 ], [ -91.781239816226645, 41.741709290462765 ], [ -91.781220229513437, 41.741808503045441 ], [ -91.781209206691528, 41.741908453916068 ], [ -91.781206793481431, 41.742008728855801 ], [ -91.778784802903331, 41.74203222880287 ], [ -91.773899224722769, 41.742079479251849 ], [ -91.773962024985835, 41.739456730557087 ], [ -91.775918411983483, 41.739551382687885 ], [ -91.777187994475824, 41.739066366065522 ], [ -91.778853047791756, 41.739302951734821 ], [ -91.779531622579867, 41.739399344249286 ], [ -91.779665439150349, 41.739154337458906 ], [ -91.780827719599088, 41.739437948591096 ], [ -91.780832966505784, 41.739439228479768 ], [ -91.781956944426057, 41.739716761521755 ], [ -91.781407347314854, 41.740376043826835 ] ] ] ] } },
{ "type": "Feature", "properties": { "PPN": "0306478003", "TotalValue": 1000.0, "PropClass": "R", "pctLandVal": 1.0, "acreVal": 2439.0243902439024, "SiteAddres": "170 PLEASANT HILL DR NW", "credits": "NONE", "acres": 0.41, "permitNo": "BLD-25-33302", "permitType": "Dwelling", "permitDate": "4/25/2025", "permitYr": 2025, "nonmetro": 1 }, "geometry": { "type": "MultiPolygon", "coordinates": [ [ [ [ -91.695275139946204, 41.849478270999057 ], [ -91.695872245085269, 41.84954383103905 ], [ -91.6958628547643, 41.849606983924829 ], [ -91.695859410564736, 41.8496704736854 ], [ -91.695858333024972, 41.849818053692452 ], [ -91.695273106098313, 41.849815661581246 ], [ -91.695275139946204, 41.849478270999057 ] ] ] ] } },
{ "type": "Feature", "properties": { "PPN": "0327130010", "TotalValue": 610700.0, "PropClass": "R", "pctLandVal": 0.16, "acreVal": 1526750.0, "SiteAddres": "2912 WYATT DR NE", "credits": "HMST, MIL", "acres": 0.4, "permitNo": "BLD-17841", "permitType": "Dwelling", "permitDate": "6/4/2013", "permitYr": 2013, "nonmetro": 1 }, "geometry": { "type": "MultiPolygon", "coordinates": [ [ [ [ -91.643593104732176, 41.801023718122465 ], [ -91.644050743341296, 41.801003479937279 ], [ -91.644081042864656, 41.801387002080837 ], [ -91.643723122806477, 41.801402827335743 ], [ -91.643623358286732, 41.801407238790752 ], [ -91.643593104732176, 41.801023718122465 ] ] ] ] } },
{ "type": "Feature", "properties": { "PPN": "0327129010", "TotalValue": 462300.0, "PropClass": "R", "pctLandVal": 0.17, "acreVal": 1320857.142857143, "SiteAddres": "1825 WENROSE DR NE", "credits": "NONE", "acres": 0.35, "permitNo": "BLD-17840", "permitType": "Dwelling", "permitDate": "6/3/2013", "permitYr": 2013, "nonmetro": 1 }, "geometry": { "type": "MultiPolygon", "coordinates": [ [ [ [ -91.644452794203119, 41.801193163507932 ], [ -91.645006240884072, 41.801179562490177 ], [ -91.645006480790812, 41.801467073498202 ], [ -91.644456391956737, 41.801465604496826 ], [ -91.644456731906061, 41.801395434466798 ], [ -91.644453532878103, 41.801294312397459 ], [ -91.644452794203119, 41.801193163507932 ] ] ] ] } },
{ "type": "Feature", "properties": { "PPN": "0101327002", "TotalValue": 656900.0, "PropClass": "R", "pctLandVal": 0.16, "acreVal": 61335.200746965449, "SiteAddres": "1112 SUTLIFF RD NE", "credits": "HMST", "acres": 10.71, "permitNo": "BLD-19-28470", "permitType": "Dwelling", "permitDate": "6/19/2019", "permitYr": 2019, "nonmetro": 1 }, "geometry": { "type": "MultiPolygon", "coordinates": [ [ [ [ -91.380787480644486, 41.852008128371253 ], [ -91.38398887104897, 41.852037453464291 ], [ -91.384264256404194, 41.851700074079915 ], [ -91.384287987272998, 41.851675572975452 ], [ -91.384316568509817, 41.851654161101912 ], [ -91.384349291304474, 41.851636369467194 ], [ -91.384385344139545, 41.851622639297929 ], [ -91.384423832915573, 41.851613311097566 ], [ -91.384463803124135, 41.851608616202157 ], [ -91.385365532032054, 41.851556589320893 ], [ -91.385361707454877, 41.852050003091975 ], [ -91.385354653174588, 41.852957978843136 ], [ -91.380780545547353, 41.852916105391664 ], [ -91.380787480644486, 41.852008128371253 ] ] ] ] } },
{ "type": "Feature", "properties": { "PPN": "0511352001", "TotalValue": 529600.0, "PropClass": "R", "pctLandVal": 0.22, "acreVal": 54262.295081967211, "SiteAddres": "2574 EAGLE AVE NW", "credits": "HMST", "acres": 9.76, "permitNo": "BLD-18-28070", "permitType": "Dwelling", "permitDate": "10/2/2018", "permitYr": 2018, "nonmetro": 1 }, "geometry": { "type": "MultiPolygon", "coordinates": [ [ [ [ -91.751768685252273, 41.747517914466847 ], [ -91.754185870809877, 41.74751747617875 ], [ -91.754143351221828, 41.749296761854922 ], [ -91.752885909444942, 41.74928835076615 ], [ -91.751741264903018, 41.74929042950334 ], [ -91.751768685252273, 41.747517914466847 ] ] ] ] } },
{ "type": "Feature", "properties": { "PPN": "0614477007", "TotalValue": 435000.0, "PropClass": "R", "pctLandVal": 0.16, "acreVal": 162313.43283582089, "SiteAddres": "3129 W HAUER DR NE", "credits": "HMST, MIL", "acres": 2.68, "permitNo": "BLD-23-31583", "permitType": "Dwelling", "permitDate": "3/13/2023", "permitYr": 2023, "nonmetro": 0 }, "geometry": { "type": "MultiPolygon", "coordinates": [ [ [ [ -91.619929025037251, 41.731538788183819 ], [ -91.619941167596039, 41.731029340391459 ], [ -91.620124343453284, 41.731029920845536 ], [ -91.622243067833054, 41.731036626301631 ], [ -91.622232489463542, 41.731546070522221 ], [ -91.619929025037251, 41.731538788183819 ] ] ] ] } },
{ "type": "Feature", "properties": { "PPN": "0327129007", "TotalValue": 522300.0, "PropClass": "R", "pctLandVal": 0.15, "acreVal": 1536176.4705882352, "SiteAddres": "1819 WENROSE DR NE", "credits": "HMST", "acres": 0.34, "permitNo": "BLD-25660", "permitType": "Dwelling", "permitDate": "3/31/2015", "permitYr": 2015, "nonmetro": 1 }, "geometry": { "type": "MultiPolygon", "coordinates": [ [ [ [ -91.64445238939156, 41.802288866998424 ], [ -91.644453723616877, 41.802014445291412 ], [ -91.645003821850281, 41.802015916182121 ], [ -91.645002493604679, 41.802290336152673 ], [ -91.64445238939156, 41.802288866998424 ] ] ] ] } },
{ "type": "Feature", "properties": { "PPN": "0229401008", "TotalValue": 1325900.0000000002, "PropClass": "R", "pctLandVal": 0.54, "acreVal": 3489210.5263157892, "SiteAddres": "3786 COTTAGE RESERVE RD NE", "credits": "HMST", "acres": 0.38, "permitNo": "BLD-23-32022", "permitType": "Dwelling", "permitDate": "9/14/2023", "permitYr": 2023, "nonmetro": 1 }, "geometry": { "type": "MultiPolygon", "coordinates": [ [ [ [ -91.561898554085005, 41.794545962392625 ], [ -91.561684161690991, 41.793975143476978 ], [ -91.562012294732909, 41.793948644117762 ], [ -91.562172660683757, 41.794572379942963 ], [ -91.562118432247289, 41.794532158139383 ], [ -91.562060282668753, 41.794498094696685 ], [ -91.561986613312271, 41.794495893612236 ], [ -91.561922013964207, 41.794525098591926 ], [ -91.561898554085005, 41.794545962392625 ] ] ] ] } },
{ "type": "Feature", "properties": { "PPN": "0327129008", "TotalValue": 453100.0, "PropClass": "R", "pctLandVal": 0.18, "acreVal": 1332647.0588235294, "SiteAddres": "1821 WENROSE DR NE", "credits": "NONE", "acres": 0.34, "permitNo": "BLD-25796", "permitType": "Dwelling", "permitDate": "5/14/2015", "permitYr": 2015, "nonmetro": 1 }, "geometry": { "type": "MultiPolygon", "coordinates": [ [ [ [ -91.644453723616877, 41.802014445291412 ], [ -91.644455057779595, 41.801740025357667 ], [ -91.645005152516305, 41.801741495322901 ], [ -91.645003821850281, 41.802015916182121 ], [ -91.644453723616877, 41.802014445291412 ] ] ] ] } },
{ "type": "Feature", "properties": { "PPN": "0510476001", "TotalValue": 621200.0, "PropClass": "R", "pctLandVal": 0.18, "acreVal": 69407.821229050285, "SiteAddres": "2573 EAGLE AVE NW", "credits": "NONE", "acres": 8.95, "permitNo": "BLD-24861", "permitType": "Dwelling", "permitDate": "10/31/2013", "permitYr": 2013, "nonmetro": 1 }, "geometry": { "type": "MultiPolygon", "coordinates": [ [ [ [ -91.755836460746764, 41.749293795047961 ], [ -91.754890342476756, 41.749291533283674 ], [ -91.754543496956359, 41.749298919437329 ], [ -91.754385218696612, 41.749298153386206 ], [ -91.754449797691308, 41.746595418780124 ], [ -91.755910957633745, 41.746610461980374 ], [ -91.755836460746764, 41.749293795047961 ] ] ] ] } },
{ "type": "Feature", "properties": { "PPN": "0327129006", "TotalValue": 513900.0, "PropClass": "R", "pctLandVal": 0.16, "acreVal": 1427500.0000000002, "SiteAddres": "1817 WENROSE DR NE", "credits": "HMST", "acres": 0.36, "permitNo": "BLD-17485", "permitType": "Dwelling", "permitDate": "9/27/2012", "permitYr": 2012, "nonmetro": 1 }, "geometry": { "type": "MultiPolygon", "coordinates": [ [ [ [ -91.64445238939156, 41.802288866998424 ], [ -91.645002493604679, 41.802290336152673 ], [ -91.645034364536087, 41.802290422436208 ], [ -91.645033036362349, 41.802564844180353 ], [ -91.644482921612706, 41.802563367835333 ], [ -91.644465581848436, 41.802495719585018 ], [ -91.644455271156616, 41.802427271803957 ], [ -91.644452051016202, 41.802358432769346 ], [ -91.64445238939156, 41.802288866998424 ] ] ] ] } },
{ "type": "Feature", "properties": { "PPN": "0216477007", "TotalValue": 740900.0, "PropClass": "R", "pctLandVal": 0.16, "acreVal": 478000.0, "SiteAddres": "3967 MACBRIDE PL NE", "credits": "HMST", "acres": 1.55, "permitNo": "BLD-17734", "permitType": "Dwelling", "permitDate": "4/5/2013", "permitYr": 2013, "nonmetro": 1 }, "geometry": { "type": "MultiPolygon", "coordinates": [ [ [ [ -91.540796240292977, 41.818669588624658 ], [ -91.541841700620125, 41.818166110518995 ], [ -91.541859745474326, 41.818183756821448 ], [ -91.541881360900447, 41.818198993268929 ], [ -91.541905980175343, 41.818211420383726 ], [ -91.541932957818119, 41.818220712344605 ], [ -91.541961586513793, 41.818226625529434 ], [ -91.541991115658305, 41.818229004902783 ], [ -91.5420064337589, 41.818230274169906 ], [ -91.542021251447323, 41.818233444304518 ], [ -91.542035150280512, 41.818238425783882 ], [ -91.542047737763127, 41.818245077933852 ], [ -91.542058658431344, 41.818253212901453 ], [ -91.54233109888996, 41.818493482959404 ], [ -91.542341233494, 41.818503998912121 ], [ -91.542349035676196, 41.81851557457292 ], [ -91.542354311972744, 41.818527922912224 ], [ -91.542356931551282, 41.818540737740967 ], [ -91.54235682945523, 41.818553701302946 ], [ -91.542354008214502, 41.818566492153664 ], [ -91.542348537783113, 41.818578793131124 ], [ -91.542340553804522, 41.818590299219927 ], [ -91.542330254248512, 41.818600725114663 ], [ -91.542271829657793, 41.818655096454656 ], [ -91.542219119705194, 41.818712643210269 ], [ -91.542172431562989, 41.818773030039068 ], [ -91.542132037314957, 41.818835905047607 ], [ -91.542098172370387, 41.818900901842063 ], [ -91.542071034092018, 41.818967641663214 ], [ -91.542058244511551, 41.819004027623542 ], [ -91.540796240292977, 41.818669588624658 ] ] ] ] } },
{ "type": "Feature", "properties": { "PPN": "0327130001", "TotalValue": 514100.0, "PropClass": "R", "pctLandVal": 0.19, "acreVal": 1224047.6190476194, "SiteAddres": "2919 TWINMILL DR NE", "credits": "HMST", "acres": 0.42, "permitNo": "BLD-17541", "permitType": "Dwelling", "permitDate": "10/18/2012", "permitYr": 2012, "nonmetro": 1 }, "geometry": { "type": "MultiPolygon", "coordinates": [ [ [ [ -91.642809757793032, 41.802793284229473 ], [ -91.642777051195992, 41.802382379387517 ], [ -91.643313002188293, 41.802404789455629 ], [ -91.643191355826758, 41.802806233035056 ], [ -91.643097901680292, 41.802793806364868 ], [ -91.643003300155016, 41.80278800808734 ], [ -91.642908389084681, 41.802788889554641 ], [ -91.642809757793032, 41.802793284229473 ] ] ] ] } },
{ "type": "Feature", "properties": { "PPN": "0216477012", "TotalValue": 623500.0, "PropClass": "R", "pctLandVal": 0.2, "acreVal": 360404.62427745666, "SiteAddres": "3971 MACBRIDE PL NE", "credits": "NONE", "acres": 1.73, "permitNo": "BLD-17412", "permitType": "Dwelling", "permitDate": "8/31/2012", "permitYr": 2012, "nonmetro": 1 }, "geometry": { "type": "MultiPolygon", "coordinates": [ [ [ [ -91.541519922021834, 41.819267103542096 ], [ -91.541501263780901, 41.819320183274286 ], [ -91.540374280987805, 41.819098854878888 ], [ -91.540373848302764, 41.818558080701933 ], [ -91.540796240292977, 41.818669588624658 ], [ -91.542058244511551, 41.819004027623542 ], [ -91.541936972930756, 41.819349047376321 ], [ -91.541795056008866, 41.819321135349647 ], [ -91.541519922021834, 41.819267103542096 ] ] ] ] } },
{ "type": "Feature", "properties": { "PPN": "0216477011", "TotalValue": 711200.0, "PropClass": "R", "pctLandVal": 0.16, "acreVal": 683846.15384615399, "SiteAddres": "3955 MACBRIDE PL NE", "credits": "NONE", "acres": 1.04, "permitNo": "BLD-16856", "permitType": "Dwelling", "permitDate": "8/22/2011", "permitYr": 2011, "nonmetro": 1 }, "geometry": { "type": "MultiPolygon", "coordinates": [ [ [ [ -91.543638389924752, 41.81760577466747 ], [ -91.54430590026513, 41.817616101261272 ], [ -91.54428694357658, 41.81830200775579 ], [ -91.543619426229768, 41.818291680155617 ], [ -91.543638389924752, 41.81760577466747 ] ] ] ] } },
{ "type": "Feature", "properties": { "PPN": "0216477008", "TotalValue": 1053600.0, "PropClass": "R", "pctLandVal": 0.13, "acreVal": 331320.75471698114, "SiteAddres": "1598 SPARTAN CIR NE", "credits": "HMST", "acres": 3.18, "permitNo": "BLD-16415", "permitType": "Dwelling", "permitDate": "9/2/2010", "permitYr": 2010, "nonmetro": 1 }, "geometry": { "type": "MultiPolygon", "coordinates": [ [ [ [ -91.540373848302764, 41.818558080701933 ], [ -91.540373048451102, 41.817555210393884 ], [ -91.542010065509004, 41.817580569548639 ], [ -91.541999724042199, 41.817954660840151 ], [ -91.541969294103311, 41.817956086076592 ], [ -91.541939600170025, 41.817961262369217 ], [ -91.541911462708626, 41.817970046693155 ], [ -91.541885659179655, 41.817982196330689 ], [ -91.54186290255636, 41.817997375577789 ], [ -91.541843821624823, 41.818015165019602 ], [ -91.541828943610057, 41.818035073119205 ], [ -91.541818679608241, 41.818056549798911 ], [ -91.541813313227365, 41.818079001639276 ], [ -91.541812992750437, 41.818101808275721 ], [ -91.54181772703781, 41.818124339539743 ], [ -91.541827385281735, 41.818145972870916 ], [ -91.541841700620125, 41.818166110518995 ], [ -91.540796240292977, 41.818669588624658 ], [ -91.540373848302764, 41.818558080701933 ] ] ] ] } },
{ "type": "Feature", "properties": { "PPN": "0327130004", "TotalValue": 454200.0, "PropClass": "R", "pctLandVal": 0.19, "acreVal": 1032272.7272727273, "SiteAddres": "2907 TWINMILL DR NE", "credits": "HMST", "acres": 0.44, "permitNo": "BLD-26608", "permitType": "Dwelling", "permitDate": "7/6/2016", "permitYr": 2016, "nonmetro": 1 }, "geometry": { "type": "MultiPolygon", "coordinates": [ [ [ [ -91.644000637739609, 41.803042604694888 ], [ -91.644044230051264, 41.802492766826774 ], [ -91.644279944184646, 41.802493409105203 ], [ -91.644294669349335, 41.802560972379872 ], [ -91.644315365260155, 41.802627653646361 ], [ -91.644341940354067, 41.802693157834184 ], [ -91.644378111671557, 41.802783223962827 ], [ -91.644405510106267, 41.802875007048137 ], [ -91.64442399300701, 41.802968029342438 ], [ -91.644433464128184, 41.803061806645701 ], [ -91.644000637739609, 41.803042604694888 ] ] ] ] } },
{ "type": "Feature", "properties": { "PPN": "0216477004", "TotalValue": 568400.0, "PropClass": "R", "pctLandVal": 0.21, "acreVal": 403120.56737588655, "SiteAddres": "3975 MACBRIDE PL NE", "credits": "HMST", "acres": 1.41, "permitNo": "BLD-16183", "permitType": "Dwelling", "permitDate": "3/2/2010", "permitYr": 2010, "nonmetro": 1 }, "geometry": { "type": "MultiPolygon", "coordinates": [ [ [ [ -91.540374618226551, 41.819524536099074 ], [ -91.540374280987805, 41.819098854878888 ], [ -91.541501263780901, 41.819320183274286 ], [ -91.541776397949789, 41.819374216025018 ], [ -91.541757743524371, 41.819427294956988 ], [ -91.541899660634712, 41.819455207928208 ], [ -91.541778389751613, 41.819800228399679 ], [ -91.540374618226551, 41.819524536099074 ] ] ] ] } },
{ "type": "Feature", "properties": { "PPN": "0716303011", "TotalValue": 1039200.0, "PropClass": "R", "pctLandVal": 0.16, "acreVal": 5196000.0, "SiteAddres": "3887 LOCUST RIDGE RD NE", "credits": "NONE", "acres": 0.2, "permitNo": "BLD-19-28282", "permitType": "Dwelling", "permitDate": "3/28/2019", "permitYr": 2019, "nonmetro": 1 }, "geometry": { "type": "MultiPolygon", "coordinates": [ [ [ [ -91.552212634005087, 41.735215655981015 ], [ -91.552032305044889, 41.735138854182004 ], [ -91.55214221101734, 41.734806407630138 ], [ -91.552430518478829, 41.734929626339721 ], [ -91.552212634005087, 41.735215655981015 ] ] ] ] } },
{ "type": "Feature", "properties": { "PPN": "0705251003", "TotalValue": 908400.0, "PropClass": "R", "pctLandVal": 0.19, "acreVal": 265614.03508771933, "SiteAddres": "2296 DEER RUN NE", "credits": "HMST", "acres": 3.42, "permitNo": "BLD-25720", "permitType": "Dwelling", "permitDate": "4/24/2015", "permitYr": 2015, "nonmetro": 1 }, "geometry": { "type": "MultiPolygon", "coordinates": [ [ [ [ -91.577930743201904, 41.767280094316035 ], [ -91.578082742275257, 41.766456057436429 ], [ -91.579781959465706, 41.766461988709523 ], [ -91.579752619674821, 41.766647198486197 ], [ -91.579906025081527, 41.767292810671499 ], [ -91.578913163226474, 41.767286421685768 ], [ -91.578293735381678, 41.767282435318194 ], [ -91.577930743201904, 41.767280094316035 ] ] ] ] } },
{ "type": "Feature", "properties": { "PPN": "0216478004", "TotalValue": 1310700.0000000002, "PropClass": "R", "pctLandVal": 0.09, "acreVal": 1083223.1404958677, "SiteAddres": "3974 MACBRIDE PL NE", "credits": "HMST", "acres": 1.21, "permitNo": "BLD-21-30450", "permitType": "Dwelling", "permitDate": "11/1/2021", "permitYr": 2021, "nonmetro": 1 }, "geometry": { "type": "MultiPolygon", "coordinates": [ [ [ [ -91.542089500608114, 41.819627345094119 ], [ -91.542229425940192, 41.819229245309607 ], [ -91.543332311770101, 41.819446154253875 ], [ -91.543372101395676, 41.819578971601324 ], [ -91.543468482906249, 41.81990068207287 ], [ -91.542089500608114, 41.819627345094119 ] ] ] ] } },
{ "type": "Feature", "properties": { "PPN": "0327130002", "TotalValue": 548700.0, "PropClass": "R", "pctLandVal": 0.15, "acreVal": 1371750.0, "SiteAddres": "2915 TWINMILL DR NE", "credits": "HMST", "acres": 0.4, "permitNo": "BLD-17772", "permitType": "Dwelling", "permitDate": "4/12/2013", "permitYr": 2013, "nonmetro": 1 }, "geometry": { "type": "MultiPolygon", "coordinates": [ [ [ [ -91.643191355826758, 41.802806233035056 ], [ -91.643313002188293, 41.802404789455629 ], [ -91.643717817317224, 41.80249189224152 ], [ -91.643717017846697, 41.802655775861602 ], [ -91.643507141681539, 41.802904261539396 ], [ -91.643432673452736, 41.802872284731983 ], [ -91.643354840328399, 41.802845162783846 ], [ -91.643274206343193, 41.802823092238917 ], [ -91.643191355826758, 41.802806233035056 ] ] ] ] } },
{ "type": "Feature", "properties": { "PPN": "0216478005", "TotalValue": 728600.0, "PropClass": "R", "pctLandVal": 0.16, "acreVal": 556183.2061068702, "SiteAddres": "3964 MACBRIDE PL NE", "credits": "NONE", "acres": 1.31, "permitNo": "BLD-25037", "permitType": "Dwelling", "permitDate": "4/2/2014", "permitYr": 2014, "nonmetro": 1 }, "geometry": { "type": "MultiPolygon", "coordinates": [ [ [ [ -91.542229425940192, 41.819229245309607 ], [ -91.542305179871519, 41.819013711802782 ], [ -91.54233170372629, 41.818950143116375 ], [ -91.542365833539364, 41.818888638398214 ], [ -91.542407287366544, 41.818829705696935 ], [ -91.542455722767599, 41.818773831814305 ], [ -91.542510739635432, 41.818721478283997 ], [ -91.542571883501509, 41.818673077559694 ], [ -91.542638649290112, 41.818629029442874 ], [ -91.542710485490588, 41.81858969778073 ], [ -91.542786798712882, 41.818555407460913 ], [ -91.542866958588988, 41.818526441728018 ], [ -91.543222438853689, 41.819079403007663 ], [ -91.543332311770101, 41.819446154253875 ], [ -91.542229425940192, 41.819229245309607 ] ] ] ] } },
{ "type": "Feature", "properties": { "PPN": "0327130003", "TotalValue": 538400.0, "PropClass": "R", "pctLandVal": 0.19, "acreVal": 1170434.7826086956, "SiteAddres": "2911 TWINMILL DR NE", "credits": "HMST", "acres": 0.46, "permitNo": "BLD-25066", "permitType": "Dwelling", "permitDate": "4/4/2014", "permitYr": 2014, "nonmetro": 1 }, "geometry": { "type": "MultiPolygon", "coordinates": [ [ [ [ -91.643507141681539, 41.802904261539396 ], [ -91.643717017846697, 41.802655775861602 ], [ -91.643717817317224, 41.80249189224152 ], [ -91.644044230051264, 41.802492766826774 ], [ -91.644000637739609, 41.803042604694888 ], [ -91.643985115853127, 41.80304191647933 ], [ -91.643908440230192, 41.803035814090798 ], [ -91.643832860603581, 41.803024383369269 ], [ -91.643759036882727, 41.803007724119951 ], [ -91.643687613644417, 41.802985981800006 ], [ -91.643619214504341, 41.80295934624823 ], [ -91.643554436671877, 41.802928050027518 ], [ -91.643507141681539, 41.802904261539396 ] ] ] ] } },
{ "type": "Feature", "properties": { "PPN": "0315302001", "TotalValue": 510600.0, "PropClass": "R", "pctLandVal": 0.21, "acreVal": 103569.97971602435, "SiteAddres": "1531 CURTIS BRIDGE RD NE", "credits": "HMST", "acres": 4.93, "permitNo": "BLD-25846", "permitType": "Dwelling", "permitDate": "6/5/2015", "permitYr": 2015, "nonmetro": 1 }, "geometry": { "type": "MultiPolygon", "coordinates": [ [ [ [ -91.645745477021222, 41.824047684126334 ], [ -91.646028628960295, 41.82367095190672 ], [ -91.645648605879927, 41.823511148374521 ], [ -91.645048885932752, 41.82336318566238 ], [ -91.645084022937993, 41.823314996065534 ], [ -91.645116196190386, 41.823265661995073 ], [ -91.648674873525181, 41.823548366228373 ], [ -91.647738415507661, 41.824425136555327 ], [ -91.645745477021222, 41.824047684126334 ] ] ] ] } },
{ "type": "Feature", "properties": { "PPN": "0327128003", "TotalValue": 462300.0, "PropClass": "R", "pctLandVal": 0.19, "acreVal": 1050681.8181818181, "SiteAddres": "2906 TWINMILL DR NE", "credits": "HMST", "acres": 0.44, "permitNo": "BLD-17270", "permitType": "Dwelling", "permitDate": "6/11/2012", "permitYr": 2012, "nonmetro": 1 }, "geometry": { "type": "MultiPolygon", "coordinates": [ [ [ [ -91.64396554205085, 41.803650668300108 ], [ -91.644002803328291, 41.803180157023434 ], [ -91.644431017198144, 41.803199154737904 ], [ -91.644419636934032, 41.803284796356408 ], [ -91.644400728420393, 41.803369689403937 ], [ -91.64437437405617, 41.803453463804971 ], [ -91.644340688700339, 41.803535754359132 ], [ -91.644254132360473, 41.803724686091165 ], [ -91.64396554205085, 41.803650668300108 ] ] ] ] } },
{ "type": "Feature", "properties": { "PPN": "0327128002", "TotalValue": 592900.0, "PropClass": "R", "pctLandVal": 0.19, "acreVal": 790533.33333333337, "SiteAddres": "1804 WENROSE DR NE", "credits": "HMST", "acres": 0.75, "permitNo": "BLD-17114", "permitType": "Dwelling", "permitDate": "3/12/2012", "permitYr": 2012, "nonmetro": 1 }, "geometry": { "type": "MultiPolygon", "coordinates": [ [ [ [ -91.643733710108961, 41.803591207498101 ], [ -91.64396554205085, 41.803650668300108 ], [ -91.644254132360473, 41.803724686091165 ], [ -91.644168277495481, 41.803912088131675 ], [ -91.644126110983777, 41.804012095305829 ], [ -91.64409057862072, 41.804113535003943 ], [ -91.644061766682569, 41.804216161008796 ], [ -91.643444763453047, 41.804221857281483 ], [ -91.643733710108961, 41.803591207498101 ] ] ] ] } },
{ "type": "Feature", "properties": { "PPN": "0327128005", "TotalValue": 485400.0, "PropClass": "R", "pctLandVal": 0.17, "acreVal": 1311891.8918918918, "SiteAddres": "2914 TWINMILL DR NE", "credits": "HMST", "acres": 0.37, "permitNo": "BLD-17383", "permitType": "Dwelling", "permitDate": "8/8/2012", "permitYr": 2012, "nonmetro": 1 }, "geometry": { "type": "MultiPolygon", "coordinates": [ [ [ [ -91.643104468248623, 41.803363344257022 ], [ -91.643376616364051, 41.80300562797192 ], [ -91.643447872871036, 41.803039713280164 ], [ -91.643521479746823, 41.80307552571243 ], [ -91.643598970385185, 41.803106412569576 ], [ -91.643679757549336, 41.803132139784068 ], [ -91.643482002667184, 41.803526650511323 ], [ -91.643104468248623, 41.803363344257022 ] ] ] ] } },
{ "type": "Feature", "properties": { "PPN": "0307149011", "TotalValue": 282400.0, "PropClass": "R", "pctLandVal": 0.12, "acreVal": 371578.94736842113, "SiteAddres": "121 ALAN AVE SW", "credits": "NONE", "acres": 0.76, "permitNo": "BLD-18-27646", "permitType": "Dwelling", "permitDate": "3/7/2018", "permitYr": 2018, "nonmetro": 1 }, "geometry": { "type": "MultiPolygon", "coordinates": [ [ [ [ -91.704222506684999, 41.846518057647842 ], [ -91.705006781877941, 41.846518274873766 ], [ -91.705011981706562, 41.846985674744857 ], [ -91.704325685111911, 41.846985784302255 ], [ -91.704325657511262, 41.846883591101566 ], [ -91.704321458396109, 41.846808421712829 ], [ -91.704308928896992, 41.846733772358895 ], [ -91.704288155522448, 41.84666015827829 ], [ -91.704259281679867, 41.846588087562232 ], [ -91.704222506684999, 41.846518057647842 ] ] ] ] } },
{ "type": "Feature", "properties": { "PPN": "0327128004", "TotalValue": 491700.0, "PropClass": "R", "pctLandVal": 0.18, "acreVal": 1170714.2857142857, "SiteAddres": "2910 TWINMILL DR NE", "credits": "HMST", "acres": 0.42, "permitNo": "BLD-17546", "permitType": "Dwelling", "permitDate": "10/31/2012", "permitYr": 2012, "nonmetro": 1 }, "geometry": { "type": "MultiPolygon", "coordinates": [ [ [ [ -91.643733710108961, 41.803591207498101 ], [ -91.643482002667184, 41.803526650511323 ], [ -91.643679757549336, 41.803132139784068 ], [ -91.643751424306075, 41.803149994223517 ], [ -91.643824675934937, 41.803163785444553 ], [ -91.64389910157594, 41.803173436093694 ], [ -91.643974283783578, 41.803178892041451 ], [ -91.644002803328291, 41.803180157023434 ], [ -91.64396554205085, 41.803650668300108 ], [ -91.643733710108961, 41.803591207498101 ] ] ] ] } },
{ "type": "Feature", "properties": { "PPN": "0327153002", "TotalValue": 455900.0, "PropClass": "R", "pctLandVal": 0.17, "acreVal": 1340882.3529411764, "SiteAddres": "1836 WENROSE DR NE", "credits": "HMST", "acres": 0.34, "permitNo": "BLD-24971", "permitType": "Dwelling", "permitDate": "12/11/2013", "permitYr": 2013, "nonmetro": 1 }, "geometry": { "type": "MultiPolygon", "coordinates": [ [ [ [ -91.643660291125599, 41.800470940119993 ], [ -91.643639553270233, 41.800225106328284 ], [ -91.644188607160586, 41.800199156699854 ], [ -91.644211711353194, 41.800473034941696 ], [ -91.643772459688108, 41.800493795189638 ], [ -91.643770269391595, 41.800466071301237 ], [ -91.643660291125599, 41.800470940119993 ] ] ] ] } },
{ "type": "Feature", "properties": { "PPN": "0327131004", "TotalValue": 526600.0, "PropClass": "R", "pctLandVal": 0.18, "acreVal": 1350256.4102564103, "SiteAddres": "2909 WYATT DR NE", "credits": "HMST", "acres": 0.39, "permitNo": "BLD-17371", "permitType": "Dwelling", "permitDate": "7/27/2012", "permitYr": 2012, "nonmetro": 1 }, "geometry": { "type": "MultiPolygon", "coordinates": [ [ [ [ -91.643772459688108, 41.800493795189638 ], [ -91.644211711353194, 41.800473034941696 ], [ -91.644244138021634, 41.800857449282013 ], [ -91.643802758849759, 41.800876968990863 ], [ -91.643772459688108, 41.800493795189638 ] ] ] ] } },
{ "type": "Feature", "properties": { "PPN": "1233277001", "TotalValue": 555800.0, "PropClass": "R", "pctLandVal": 0.12, "acreVal": 475042.73504273506, "SiteAddres": "1492 BLACK DIAMOND RD SW", "credits": "HMST", "acres": 1.17, "permitNo": "BLD-16380", "permitType": "Dwelling", "permitDate": "8/9/2010", "permitYr": 2010, "nonmetro": 1 }, "geometry": { "type": "MultiPolygon", "coordinates": [ [ [ [ -91.78423937917178, 41.610540148225311 ], [ -91.784236381331766, 41.610403440174736 ], [ -91.784227080582667, 41.60997948864209 ], [ -91.784880467229954, 41.610006584878015 ], [ -91.785182315972449, 41.610030396062186 ], [ -91.785187170162331, 41.610536505125204 ], [ -91.78423937917178, 41.610540148225311 ] ] ] ] } },
{ "type": "Feature", "properties": { "PPN": "1405127003", "TotalValue": 331000.0, "PropClass": "R", "pctLandVal": 0.32, "acreVal": 72270.742358078598, "SiteAddres": "2511 HIGHWAY 1 SW", "credits": "NONE", "acres": 4.58, "permitNo": "BLD-23-31729", "permitType": "Dwelling", "permitDate": "6/7/2023", "permitYr": 2023, "nonmetro": 1 }, "geometry": { "type": "MultiPolygon", "coordinates": [ [ [ [ -91.684670196136054, 41.596248478063401 ], [ -91.684647241435144, 41.596253879477175 ], [ -91.68397451735369, 41.596394634350446 ], [ -91.683362546571047, 41.596520586625076 ], [ -91.683077111174057, 41.596580933495432 ], [ -91.683080962173079, 41.596437560283007 ], [ -91.683106532797652, 41.595485384801513 ], [ -91.683115588095603, 41.595148232664137 ], [ -91.68469037471499, 41.595146024613918 ], [ -91.684683580022295, 41.5955172410142 ], [ -91.684670196136054, 41.596248478063401 ] ] ] ] } },
{ "type": "Feature", "properties": { "PPN": "0307149013", "TotalValue": 240900.0, "PropClass": "R", "pctLandVal": 0.15, "acreVal": 316973.68421052635, "SiteAddres": "121 ALAN AVE SW", "credits": "HMST", "acres": 0.76, "permitNo": "BLD-17-27510", "permitType": "Dwelling", "permitDate": "11/8/2017", "permitYr": 2017, "nonmetro": 1 }, "geometry": { "type": "MultiPolygon", "coordinates": [ [ [ [ -91.704222506684999, 41.846518057647842 ], [ -91.705006781877941, 41.846518274873766 ], [ -91.705011981706562, 41.846985674744857 ], [ -91.704325685111911, 41.846985784302255 ], [ -91.704325657511262, 41.846883591101566 ], [ -91.704321458396109, 41.846808421712829 ], [ -91.704308928896992, 41.846733772358895 ], [ -91.704288155522448, 41.84666015827829 ], [ -91.704259281679867, 41.846588087562232 ], [ -91.704222506684999, 41.846518057647842 ] ] ] ] } },
{ "type": "Feature", "properties": { "PPN": "1709137001", "TotalValue": 25600.0, "PropClass": "R", "pctLandVal": 1.0, "acreVal": 106666.66666666667, "SiteAddres": "408 MARNER DR", "credits": "NONE", "acres": 0.24, "permitNo": "BLD-25-33188", "permitType": "Dwelling", "permitDate": "4/2/2025", "permitYr": 2025, "nonmetro": 1 }, "geometry": { "type": "MultiPolygon", "coordinates": [ [ [ [ -91.431875564869344, 41.493716501893864 ], [ -91.432224584488836, 41.493518061470894 ], [ -91.432411727801679, 41.493704114236202 ], [ -91.432044394525775, 41.493912985473514 ], [ -91.431912581926298, 41.493780893735327 ], [ -91.431875564869344, 41.493716501893864 ] ] ] ] } },
{ "type": "Feature", "properties": { "PPN": "0806202003", "TotalValue": 840900.0, "PropClass": "R", "pctLandVal": 0.13, "acreVal": 840900.0, "SiteAddres": "4604 ELYNN LN NE", "credits": "HMST", "acres": 1.0, "permitNo": "BLD-21-30048", "permitType": "Dwelling", "permitDate": "6/18/2021", "permitYr": 2021, "nonmetro": 1 }, "geometry": { "type": "MultiPolygon", "coordinates": [ [ [ [ -91.47697437973855, 41.771364325779018 ], [ -91.477399523360262, 41.771414376679843 ], [ -91.477460881195881, 41.771419975790842 ], [ -91.477522609872366, 41.771422377911868 ], [ -91.477502069245332, 41.772080171595164 ], [ -91.477496708211675, 41.772252508359465 ], [ -91.477217552993736, 41.772232447125639 ], [ -91.477078308015422, 41.772270292333431 ], [ -91.476960320939071, 41.771792985931796 ], [ -91.47697437973855, 41.771364325779018 ] ] ] ] } },
{ "type": "Feature", "properties": { "PPN": "1709138002", "TotalValue": 441600.0, "PropClass": "R", "pctLandVal": 0.08, "acreVal": 1577142.857142857, "SiteAddres": "413 MARNER DR", "credits": "NONE", "acres": 0.28, "permitNo": "BLD-23-31890", "permitType": "Dwelling", "permitDate": "7/10/2023", "permitYr": 2023, "nonmetro": 1 }, "geometry": { "type": "MultiPolygon", "coordinates": [ [ [ [ -91.432328865740132, 41.493257748934745 ], [ -91.432727733191967, 41.493030954078826 ], [ -91.432925898489955, 41.493227960691485 ], [ -91.432527030523801, 41.493454756218867 ], [ -91.432328865740132, 41.493257748934745 ] ] ] ] } },
{ "type": "Feature", "properties": { "PPN": "0229431023", "TotalValue": 1151900.0, "PropClass": "R", "pctLandVal": 0.1, "acreVal": 6062631.5789473681, "SiteAddres": "3747 COTTAGE RESERVE RD NE", "credits": "NONE", "acres": 0.19, "permitNo": "BLD-16529", "permitType": "Dwelling", "permitDate": "12/6/2010", "permitYr": 2010, "nonmetro": 1 }, "geometry": { "type": "MultiPolygon", "coordinates": [ [ [ [ -91.566011880090542, 41.794124539208084 ], [ -91.566138830335788, 41.793752117055497 ], [ -91.566353815286746, 41.79378715893931 ], [ -91.566344807640462, 41.793813734077176 ], [ -91.566227093908509, 41.794159694078651 ], [ -91.566011880090542, 41.794124539208084 ] ] ] ] } },
{ "type": "Feature", "properties": { "PPN": "0216458015", "TotalValue": 474000.0, "PropClass": "R", "pctLandVal": 0.18, "acreVal": 1281081.0810810812, "SiteAddres": "1551 PALMER CT NE", "credits": "HMST", "acres": 0.37, "permitNo": "BLD-26614", "permitType": "Dwelling", "permitDate": "6/29/2016", "permitYr": 2016, "nonmetro": 1 }, "geometry": { "type": "MultiPolygon", "coordinates": [ [ [ [ -91.547559691191225, 41.821546714416158 ], [ -91.547810878659917, 41.821782972029347 ], [ -91.547442461225714, 41.822002137649314 ], [ -91.547418566960957, 41.821989441960014 ], [ -91.547392274772861, 41.821979754535938 ], [ -91.547364255706484, 41.821973322625006 ], [ -91.54733522488047, 41.821970310386078 ], [ -91.54731996692054, 41.821968680845224 ], [ -91.547305289475972, 41.821965162510097 ], [ -91.547291607325292, 41.821959854807417 ], [ -91.54727930712022, 41.821952907730697 ], [ -91.547268736458946, 41.82194451760143 ], [ -91.5471223643343, 41.821806842590568 ], [ -91.547559691191225, 41.821546714416158 ] ] ] ] } },
{ "type": "Feature", "properties": { "PPN": "0307303001", "TotalValue": 491500.0, "PropClass": "R", "pctLandVal": 0.27, "acreVal": 104131.3559322034, "SiteAddres": "1316 GREENCASTLE AVE NW", "credits": "HMST", "acres": 4.72, "permitNo": "BLD-16339", "permitType": "Dwelling", "permitDate": "8/5/2010", "permitYr": 2010, "nonmetro": 1 }, "geometry": { "type": "MultiPolygon", "coordinates": [ [ [ [ -91.709694296521448, 41.839432638270694 ], [ -91.709691133516429, 41.840202764110458 ], [ -91.70969079499794, 41.840285098191103 ], [ -91.70726948152442, 41.840294754173797 ], [ -91.707269137648851, 41.840212429345918 ], [ -91.707265909736691, 41.839438326107967 ], [ -91.709694296521448, 41.839432638270694 ] ] ] ] } },
{ "type": "Feature", "properties": { "PPN": "0806203001", "TotalValue": 822100.0, "PropClass": "R", "pctLandVal": 0.14, "acreVal": 662983.87096774194, "SiteAddres": "4615 ELYNN LN NE", "credits": "NONE", "acres": 1.24, "permitNo": "BLD-22-30866", "permitType": "Dwelling", "permitDate": "6/13/2022", "permitYr": 2022, "nonmetro": 1 }, "geometry": { "type": "MultiPolygon", "coordinates": [ [ [ [ -91.47648487553144, 41.771123325422252 ], [ -91.476507970002714, 41.771051582439966 ], [ -91.476535804881834, 41.770980788680838 ], [ -91.476568311182035, 41.770911119563301 ], [ -91.477050989029195, 41.769954006834226 ], [ -91.477567775415707, 41.769974766532187 ], [ -91.477549783832757, 41.770551424109385 ], [ -91.476810184952441, 41.770742312979394 ], [ -91.476629726562763, 41.771140379373747 ], [ -91.47648487553144, 41.771123325422252 ] ] ] ] } },
{ "type": "Feature", "properties": { "PPN": "0216458006", "TotalValue": 491800.0, "PropClass": "R", "pctLandVal": 0.15, "acreVal": 1170952.3809523811, "SiteAddres": "1549 PALMER CT NE", "credits": "HMST", "acres": 0.42, "permitNo": "BLD-25966", "permitType": "Dwelling", "permitDate": "7/21/2015", "permitYr": 2015, "nonmetro": 1 }, "geometry": { "type": "MultiPolygon", "coordinates": [ [ [ [ -91.547506296880414, 41.82208828060223 ], [ -91.547787855689933, 41.822058792864219 ], [ -91.547960743135846, 41.822110318417486 ], [ -91.548028503988277, 41.822130512697839 ], [ -91.547953137108749, 41.822332618751588 ], [ -91.54777610525538, 41.822537805106116 ], [ -91.54773784836469, 41.822582145445907 ], [ -91.54770784736337, 41.822547640345881 ], [ -91.547424707245497, 41.822222291746861 ], [ -91.547448168732629, 41.822208727785828 ], [ -91.54746840216626, 41.822192513590508 ], [ -91.547484878885271, 41.822174072808949 ], [ -91.547497168385931, 41.822153887265664 ], [ -91.547504949569955, 41.822132484372169 ], [ -91.547508019133829, 41.822110423346572 ], [ -91.547506296880414, 41.82208828060223 ] ] ] ] } },
{ "type": "Feature", "properties": { "PPN": "0230351012", "TotalValue": 494400.0, "PropClass": "R", "pctLandVal": 0.12, "acreVal": 1236000.0, "SiteAddres": "3423 FOREST DR NE", "credits": "HMST", "acres": 0.4, "permitNo": "BLD-24862", "permitType": "Dwelling", "permitDate": "10/21/2013", "permitYr": 2013, "nonmetro": 1 }, "geometry": { "type": "MultiPolygon", "coordinates": [ [ [ [ -91.595624022133308, 41.792344271466355 ], [ -91.595671801436879, 41.792307218903183 ], [ -91.595713025551888, 41.79226599223756 ], [ -91.595747049426066, 41.79222123657452 ], [ -91.59638029780497, 41.792375804193362 ], [ -91.596289315507875, 41.792475203726326 ], [ -91.596144261268947, 41.792633688824289 ], [ -91.596025469768975, 41.792670054919434 ], [ -91.595624022133308, 41.792344271466355 ] ] ] ] } },
{ "type": "Feature", "properties": { "PPN": "0314202002", "TotalValue": 527700.0, "PropClass": "R", "pctLandVal": 0.17, "acreVal": 351800.0, "SiteAddres": "3077 DEERFIELD DR NE", "credits": "HMST", "acres": 1.5, "permitNo": "BLD-24767", "permitType": "Dwelling", "permitDate": "8/23/2013", "permitYr": 2013, "nonmetro": 1 }, "geometry": { "type": "MultiPolygon", "coordinates": [ [ [ [ -91.62940410590781, 41.831928618329101 ], [ -91.629401868459453, 41.831939051934846 ], [ -91.629399429437257, 41.831949460685202 ], [ -91.629396790148292, 41.831959840998948 ], [ -91.629393948211103, 41.831970191937422 ], [ -91.629390904881021, 41.831980511719522 ], [ -91.62938766149091, 41.831990795864137 ], [ -91.629384219244244, 41.832001044390644 ], [ -91.62938057819261, 41.832011255498692 ], [ -91.629376739668984, 41.832021424707072 ], [ -91.629372702521536, 41.832031550196184 ], [ -91.629368470360703, 41.83204163202408 ], [ -91.629364042086479, 41.832051666570912 ], [ -91.62935941895411, 41.832061652055849 ], [ -91.629354603422314, 41.832071586717248 ], [ -91.629349595594604, 41.832081466954683 ], [ -91.629344395496815, 41.832091291867968 ], [ -91.629339004358201, 41.83210106057637 ], [ -91.629333425944751, 41.832110767737269 ], [ -91.629327657797489, 41.832120415112065 ], [ -91.62932170368228, 41.832129997358166 ], [ -91.629315563599079, 41.832139514475607 ], [ -91.629309238829052, 41.832148963783212 ], [ -91.629302731830961, 41.832158343519602 ], [ -91.629296043886015, 41.832167651003651 ], [ -91.629289174994085, 41.832176886235338 ], [ -91.629282127717545, 41.832186043852758 ], [ -91.62927490323402, 41.832195124775254 ], [ -91.629267502824661, 41.832204126321805 ], [ -91.629259927744769, 41.83221304671153 ], [ -91.629252181656625, 41.832221884202312 ], [ -91.629244263460293, 41.83223063517422 ], [ -91.629236176740463, 41.832239300585407 ], [ -91.629227922830026, 41.832247875954664 ], [ -91.629219501703119, 41.832256362182029 ], [ -91.629210917099797, 41.832264754825005 ], [ -91.62920217022355, 41.832273053902924 ], [ -91.62919326476262, 41.832281256773449 ], [ -91.629184199565287, 41.832289361617008 ], [ -91.629174977064466, 41.832297367572153 ], [ -91.62916560212615, 41.83230527291601 ], [ -91.629156073624372, 41.832313074928877 ], [ -91.629146393992173, 41.832320772749348 ], [ -91.629136565688427, 41.832328364615826 ], [ -91.629126591171911, 41.832335848766832 ], [ -91.629116471723904, 41.83234322252126 ], [ -91.628792291269562, 41.832576102025357 ], [ -91.627712421538618, 41.831735230510226 ], [ -91.62940410590781, 41.831928618329101 ] ] ] ] } },
{ "type": "Feature", "properties": { "PPN": "0721153002", "TotalValue": 1136600.0, "PropClass": "R", "pctLandVal": 0.19, "acreVal": 672544.3786982249, "SiteAddres": "3936 WEST OVERLOOK RD NE", "credits": "HMST", "acres": 1.69, "permitNo": "BLD-19-28566", "permitType": "Dwelling", "permitDate": "8/5/2019", "permitYr": 2019, "nonmetro": 1 }, "geometry": { "type": "MultiPolygon", "coordinates": [ [ [ [ -91.54833365817592, 41.722026900250285 ], [ -91.548488139064006, 41.722363930916323 ], [ -91.548218038900259, 41.722667595692634 ], [ -91.548192536394907, 41.722891429033865 ], [ -91.547419828230318, 41.722878077886094 ], [ -91.547215130242293, 41.722343678693015 ], [ -91.547476676244983, 41.722275997919958 ], [ -91.54746461803542, 41.722250085163481 ], [ -91.548205907898421, 41.722058184837287 ], [ -91.54833365817592, 41.722026900250285 ] ] ] ] } },
{ "type": "Feature", "properties": { "PPN": "0307352008", "TotalValue": 351500.0, "PropClass": "R", "pctLandVal": 0.39, "acreVal": 67726.396917148362, "SiteAddres": "2231 CLAY STUDIO CT NW", "credits": "MIL", "acres": 5.19, "permitNo": "BLD-23-32124", "permitType": "Dwelling", "permitDate": "10/20/2023", "permitYr": 2023, "nonmetro": 1 }, "geometry": { "type": "MultiPolygon", "coordinates": [ [ [ [ -91.711379955146484, 41.833798266117341 ], [ -91.709985206304509, 41.83376268749663 ], [ -91.709988205180451, 41.832988060179979 ], [ -91.71270398072356, 41.832980547296401 ], [ -91.712701852521391, 41.833913571829456 ], [ -91.711745622879278, 41.833914579149443 ], [ -91.711756156756763, 41.833892036476733 ], [ -91.711761305085119, 41.833868469343898 ], [ -91.711760911933112, 41.83384459157304 ], [ -91.711754989214924, 41.833821126394263 ], [ -91.711743716328456, 41.833798784539994 ], [ -91.711727434721041, 41.833778242717877 ], [ -91.711706637546683, 41.833760123114075 ], [ -91.711681954728803, 41.833744974548416 ], [ -91.71165413388033, 41.833733255851314 ], [ -91.711624017659645, 41.833725321966718 ], [ -91.71159251824767, 41.833721413201523 ], [ -91.711560589719653, 41.833721647946994 ], [ -91.711529199147918, 41.833726019093 ], [ -91.711499297311121, 41.833734394243358 ], [ -91.711471789896905, 41.833746519725864 ], [ -91.7114475100703, 41.833762028275515 ], [ -91.71142719323835, 41.833780450158372 ], [ -91.711421374078839, 41.833785767075867 ], [ -91.711414453428858, 41.833790286029028 ], [ -91.711406624111589, 41.83379388111058 ], [ -91.711398104267687, 41.833796452154232 ], [ -91.711389131277372, 41.833797927525445 ], [ -91.711379955146484, 41.833798266117341 ] ] ] ] } },
{ "type": "Feature", "properties": { "PPN": "0422303003", "TotalValue": 391800.0, "PropClass": "R", "pctLandVal": 0.22, "acreVal": 142992.70072992699, "SiteAddres": "1704 DERBY AVE NW", "credits": "HMST", "acres": 2.74, "permitNo": "BLD-17793", "permitType": "Dwelling", "permitDate": "5/9/2013", "permitYr": 2013, "nonmetro": 1 }, "geometry": { "type": "MultiPolygon", "coordinates": [ [ [ [ -91.763569686205855, 41.811095845635705 ], [ -91.763422961157218, 41.811095575607752 ], [ -91.763407589016524, 41.8080653233243 ], [ -91.764490197132247, 41.80806224299198 ], [ -91.764494319855444, 41.808872221231404 ], [ -91.763558413800823, 41.808874883585176 ], [ -91.763558554120024, 41.808902325177229 ], [ -91.763569686205855, 41.811095845635705 ] ] ] ] } },
{ "type": "Feature", "properties": { "PPN": "0806202002", "TotalValue": 761300.0, "PropClass": "R", "pctLandVal": 0.14, "acreVal": 761300.0, "SiteAddres": "4612 ELYNN LN NE", "credits": "HMST", "acres": 1.0, "permitNo": "BLD-22-30677", "permitType": "Dwelling", "permitDate": "3/14/2022", "permitYr": 2022, "nonmetro": 1 }, "geometry": { "type": "MultiPolygon", "coordinates": [ [ [ [ -91.476448637792117, 41.77130242818933 ], [ -91.47697437973855, 41.771364325779018 ], [ -91.476960320939071, 41.771792985931796 ], [ -91.477078308015422, 41.772270292333431 ], [ -91.476801954225522, 41.772345399852775 ], [ -91.476623534811623, 41.772056563029047 ], [ -91.476573145115808, 41.771967462277289 ], [ -91.47653063066295, 41.77187608967369 ], [ -91.476496172690318, 41.771782834807475 ], [ -91.476469918082401, 41.771688095291644 ], [ -91.47645197874516, 41.771592275067754 ], [ -91.476442431129527, 41.771495782683317 ], [ -91.476441315906058, 41.771399029549947 ], [ -91.476448637792117, 41.77130242818933 ] ] ] ] } },
{ "type": "Feature", "properties": { "PPN": "0216459002", "TotalValue": 829400.0, "PropClass": "R", "pctLandVal": 0.09, "acreVal": 2369714.2857142859, "SiteAddres": "3975 HENDRICKS LN NE", "credits": "HMST", "acres": 0.35, "permitNo": "BLD-21-30032", "permitType": "Dwelling", "permitDate": "6/10/2021", "permitYr": 2021, "nonmetro": 1 }, "geometry": { "type": "MultiPolygon", "coordinates": [ [ [ [ -91.545198598542214, 41.820553824907478 ], [ -91.545560246031016, 41.820507732099841 ], [ -91.545654008210803, 41.820919480811533 ], [ -91.545292358499822, 41.820965573903806 ], [ -91.545198598542214, 41.820553824907478 ] ] ] ] } },
{ "type": "Feature", "properties": { "PPN": "1019477002", "TotalValue": 87200.0, "PropClass": "R", "pctLandVal": 0.61, "acreVal": 49828.571428571428, "SiteAddres": "3586 HIGHWAY 1 SW", "credits": "NONE", "acres": 1.75, "permitNo": "BLD-24-33060", "permitType": "Dwelling", "permitDate": "12/23/2024", "permitYr": 2024, "nonmetro": 1 }, "geometry": { "type": "MultiPolygon", "coordinates": [ [ [ [ -91.580017521048461, 41.62978589709499 ], [ -91.580036070231756, 41.629282783874842 ], [ -91.579783114685824, 41.629102667695335 ], [ -91.579742599022339, 41.628619596963446 ], [ -91.579950688046068, 41.628532145854074 ], [ -91.579931143788201, 41.629056781585064 ], [ -91.580034564756346, 41.6291304224059 ], [ -91.581029776545762, 41.629151020710843 ], [ -91.581005686478306, 41.62980634990604 ], [ -91.580017521048461, 41.62978589709499 ] ] ] ] } },
{ "type": "Feature", "properties": { "PPN": "0216459008", "TotalValue": 756800.0, "PropClass": "R", "pctLandVal": 0.1, "acreVal": 2162285.7142857146, "SiteAddres": "3951 HENDRICKS LN NE", "credits": "HMST", "acres": 0.35, "permitNo": "BLD-18-28078", "permitType": "Dwelling", "permitDate": "10/5/2018", "permitYr": 2018, "nonmetro": 1 }, "geometry": { "type": "MultiPolygon", "coordinates": [ [ [ [ -91.546950646640099, 41.820186857776555 ], [ -91.547079511956071, 41.81992992446451 ], [ -91.547602287159677, 41.820076637300083 ], [ -91.54747342361749, 41.82033357117777 ], [ -91.546950646640099, 41.820186857776555 ] ] ] ] } },
{ "type": "Feature", "properties": { "PPN": "0216458009", "TotalValue": 525900.0, "PropClass": "R", "pctLandVal": 0.14, "acreVal": 1502571.4285714286, "SiteAddres": "1556 PALMER CT NE", "credits": "HMST", "acres": 0.35, "permitNo": "BLD-18-27812", "permitType": "Dwelling", "permitDate": "5/25/2018", "permitYr": 2018, "nonmetro": 1 }, "geometry": { "type": "MultiPolygon", "coordinates": [ [ [ [ -91.546633139876164, 41.822234832463586 ], [ -91.546404789090289, 41.822020050630051 ], [ -91.546839671145932, 41.821761378953518 ], [ -91.547068022432498, 41.821976160853382 ], [ -91.546633139876164, 41.822234832463586 ] ] ] ] } },
{ "type": "Feature", "properties": { "PPN": "0230351007", "TotalValue": 401300.0, "PropClass": "R", "pctLandVal": 0.14, "acreVal": 1180294.1176470588, "SiteAddres": "3427 FOREST DR NE", "credits": "HMST", "acres": 0.34, "permitNo": "BLD-24840", "permitType": "Dwelling", "permitDate": "10/7/2013", "permitYr": 2013, "nonmetro": 1 }, "geometry": { "type": "MultiPolygon", "coordinates": [ [ [ [ -91.595419544461521, 41.792432746374146 ], [ -91.595475174091732, 41.792416984566877 ], [ -91.595528204083408, 41.792396819473552 ], [ -91.595578014267943, 41.792372486919298 ], [ -91.595624022133308, 41.792344271466355 ], [ -91.596025469768975, 41.792670054919434 ], [ -91.595854411746288, 41.792722421986674 ], [ -91.595564562609781, 41.792811155343216 ], [ -91.595419544461521, 41.792432746374146 ] ] ] ] } },
{ "type": "Feature", "properties": { "PPN": "0721153001", "TotalValue": 1337500.0000000002, "PropClass": "R", "pctLandVal": 0.18, "acreVal": 427316.2939297125, "SiteAddres": "3952 WEST OVERLOOK RD NE", "credits": "HMST", "acres": 3.13, "permitNo": "BLD-25757", "permitType": "Dwelling", "permitDate": "5/15/2015", "permitYr": 2015, "nonmetro": 1 }, "geometry": { "type": "MultiPolygon", "coordinates": [ [ [ [ -91.546572219327558, 41.722510053102965 ], [ -91.547215130242293, 41.722343678693015 ], [ -91.547419828230318, 41.722878077886094 ], [ -91.548192536394907, 41.722891429033865 ], [ -91.548120271316193, 41.723525690805353 ], [ -91.546614914469345, 41.723560194144987 ], [ -91.546572219327558, 41.722510053102965 ] ] ] ] } },
{ "type": "Feature", "properties": { "PPN": "0216459006", "TotalValue": 532800.0, "PropClass": "R", "pctLandVal": 0.16, "acreVal": 1567058.8235294116, "SiteAddres": "3959 HENDRICKS LN NE", "credits": "NONE", "acres": 0.34, "permitNo": "BLD-19-28342", "permitType": "Dwelling", "permitDate": "4/26/2019", "permitYr": 2019, "nonmetro": 1 }, "geometry": { "type": "MultiPolygon", "coordinates": [ [ [ [ -91.546645186599363, 41.820369447844243 ], [ -91.546873675026617, 41.820340323438934 ], [ -91.547203145402264, 41.820638753583502 ], [ -91.547134026290479, 41.820677111664466 ], [ -91.547059940976069, 41.820709874597846 ], [ -91.546981695741266, 41.82073668581662 ], [ -91.54690014214512, 41.820757253527397 ], [ -91.546816167755367, 41.820771353886144 ], [ -91.546738955445633, 41.820781195701798 ], [ -91.546645186599363, 41.820369447844243 ] ] ] ] } },
{ "type": "Feature", "properties": { "PPN": "0230351006", "TotalValue": 373200.0, "PropClass": "R", "pctLandVal": 0.14, "acreVal": 1130909.0909090908, "SiteAddres": "3431 FOREST DR NE", "credits": "HMST", "acres": 0.33, "permitNo": "BLD-25624", "permitType": "Dwelling", "permitDate": "2/12/2015", "permitYr": 2015, "nonmetro": 1 }, "geometry": { "type": "MultiPolygon", "coordinates": [ [ [ [ -91.595241487850714, 41.792452008764563 ], [ -91.595301662582983, 41.792450474977521 ], [ -91.59536125279206, 41.792444028432989 ], [ -91.595419544461521, 41.792432746374146 ], [ -91.595564562609781, 41.792811155343216 ], [ -91.59527471150669, 41.792899887054382 ], [ -91.595156170360738, 41.792936176227528 ], [ -91.595168159831971, 41.792450994196919 ], [ -91.595241487850714, 41.792452008764563 ] ] ] ] } },
{ "type": "Feature", "properties": { "PPN": "0708452005", "TotalValue": 773700.0, "PropClass": "R", "pctLandVal": 0.24, "acreVal": 447225.43352601153, "SiteAddres": "3714 MAPLE CIR NE", "credits": "HMST", "acres": 1.73, "permitNo": "BLD-17925", "permitType": "Dwelling", "permitDate": "7/31/2013", "permitYr": 2013, "nonmetro": 1 }, "geometry": { "type": "MultiPolygon", "coordinates": [ [ [ [ -91.569999261092036, 41.747093048597691 ], [ -91.569992590797867, 41.747089145426578 ], [ -91.569985687522291, 41.747085475233845 ], [ -91.569978564193335, 41.747082048140733 ], [ -91.569971237398192, 41.747078872527943 ], [ -91.569963722628813, 41.747075953155829 ], [ -91.569956035323827, 41.747073296584929 ], [ -91.569948193352317, 41.747070908515681 ], [ -91.569940212179645, 41.747068794608452 ], [ -91.569932109728185, 41.747066958763448 ], [ -91.569923901489972, 41.747065405740926 ], [ -91.569915605440713, 41.747064137640834 ], [ -91.569907241880173, 41.747063159303337 ], [ -91.569898826486948, 41.747062469187917 ], [ -91.569890378358792, 41.747062072114851 ], [ -91.569881911972317, 41.747061966523539 ], [ -91.569873451286483, 41.747062155513902 ], [ -91.569865009602651, 41.747062636605342 ], [ -91.569856606178618, 41.747063409217404 ], [ -91.569848260298826, 41.747064471869351 ], [ -91.569839988897215, 41.74706582124044 ], [ -91.569831810056286, 41.747067455830056 ], [ -91.569823739508038, 41.747069372297425 ], [ -91.569815796670341, 41.747071564661312 ], [ -91.569807996073266, 41.747074029560864 ], [ -91.569800358309891, 41.747076761935034 ], [ -91.569792895559743, 41.747079756582842 ], [ -91.569785626118886, 41.747083004802668 ], [ -91.5697785633687, 41.747086501413492 ], [ -91.569771725551902, 41.747090239514044 ], [ -91.569765126210001, 41.747094208522512 ], [ -91.56975877632064, 41.747098403217947 ], [ -91.569752693057922, 41.747102812178483 ], [ -91.569746887506184, 41.747107426582531 ], [ -91.569741374355615, 41.747112237668631 ], [ -91.569736163542032, 41.747117234795112 ], [ -91.56973126622978, 41.747122406440077 ], [ -91.569726692381352, 41.747127741061718 ], [ -91.569722453134517, 41.747133228038372 ], [ -91.569718556021144, 41.747138856688274 ], [ -91.569715011030439, 41.747144614569542 ], [ -91.56971182577432, 41.747150488300107 ], [ -91.569709004232266, 41.747156465338129 ], [ -91.569706556340094, 41.747162535041852 ], [ -91.569704483753313, 41.747168682129058 ], [ -91.569702794057349, 41.747174894117926 ], [ -91.5696856419965, 41.747179281194043 ], [ -91.569668300944045, 41.747183228348042 ], [ -91.569650789116338, 41.747186729578537 ], [ -91.569633128255589, 41.747189781644657 ], [ -91.569615338902068, 41.747192381285402 ], [ -91.569597441622747, 41.747194524339747 ], [ -91.56957945690462, 41.747196209346981 ], [ -91.569561406463208, 41.747197433966406 ], [ -91.569543310785534, 41.747198196737322 ], [ -91.569525190331774, 41.747198497099284 ], [ -91.569507066764302, 41.747198334511801 ], [ -91.569488961745293, 41.747197708434378 ], [ -91.569470894452976, 41.747196620987019 ], [ -91.569452887724992, 41.74719507254936 ], [ -91.569434961941482, 41.747193065261378 ], [ -91.569417138711302, 41.747190600382886 ], [ -91.569399438334699, 41.747187682754308 ], [ -91.569381879989876, 41.747184314495662 ], [ -91.569364485205583, 41.747180499567179 ], [ -91.569347275483949, 41.747176242829276 ], [ -91.569330268747876, 41.747171548182294 ], [ -91.569313486445978, 41.747166422286995 ], [ -91.569296946421105, 41.747160871744029 ], [ -91.569280670201906, 41.747154900513713 ], [ -91.56926467314716, 41.747148517857305 ], [ -91.56924897793418, 41.747141729555345 ], [ -91.569233601123642, 41.747134544888986 ], [ -91.569218559302826, 41.747126972239393 ], [ -91.569203871516351, 41.747119018227224 ], [ -91.569189555420124, 41.74711069575428 ], [ -91.568831347614136, 41.746895006693961 ], [ -91.568850492429164, 41.746870538563549 ], [ -91.568868678841284, 41.746845663643548 ], [ -91.568885890585491, 41.746820403277674 ], [ -91.568902112625324, 41.746794777929573 ], [ -91.568917333476932, 41.746768809922955 ], [ -91.569108875006421, 41.746428734790449 ], [ -91.570468887312813, 41.746688225919918 ], [ -91.569999261092036, 41.747093048597691 ] ] ] ] } },
{ "type": "Feature", "properties": { "PPN": "1309452001", "TotalValue": 410100.0, "PropClass": "R", "pctLandVal": 0.21, "acreVal": 113287.29281767955, "SiteAddres": "1500 500TH ST SW", "credits": "HMST", "acres": 3.62, "permitNo": "BLD-22-31042", "permitType": "Dwelling", "permitDate": "8/10/2022", "permitYr": 2022, "nonmetro": 1 }, "geometry": { "type": "MultiPolygon", "coordinates": [ [ [ [ -91.780421946650137, 41.571147007199748 ], [ -91.779543904684999, 41.571158057466157 ], [ -91.779558471367622, 41.569826808015343 ], [ -91.779718619983086, 41.569824760636919 ], [ -91.779719131381029, 41.569783581192553 ], [ -91.780441755639359, 41.569774337102842 ], [ -91.780926298950718, 41.569768136194092 ], [ -91.780925668053783, 41.569808462812723 ], [ -91.780909062985643, 41.570564220774251 ], [ -91.780430408171554, 41.570560667613847 ], [ -91.780421946650137, 41.571147007199748 ] ] ] ] } },
{ "type": "Feature", "properties": { "PPN": "1328276003", "TotalValue": 505100.0, "PropClass": "R", "pctLandVal": 0.09, "acreVal": 777076.92307692301, "SiteAddres": "1484 HEIM STRASZE SW", "credits": "HMST", "acres": 0.65, "permitNo": "BLD-16939", "permitType": "Dwelling", "permitDate": "10/7/2011", "permitYr": 2011, "nonmetro": 1 }, "geometry": { "type": "MultiPolygon", "coordinates": [ [ [ [ -91.782920910826377, 41.537171211027427 ], [ -91.782226921247698, 41.537167263489721 ], [ -91.782234056149491, 41.536755629575325 ], [ -91.782928042532049, 41.536759577988718 ], [ -91.782920910826377, 41.537171211027427 ] ] ] ] } },
{ "type": "Feature", "properties": { "PPN": "0705333001", "TotalValue": 693400.0, "PropClass": "R", "pctLandVal": 0.17, "acreVal": 363036.6492146597, "SiteAddres": "2307 MEHAFFEY BRIDGE RD NE", "credits": "NONE", "acres": 1.91, "permitNo": "BLD-19-28298", "permitType": "Dwelling", "permitDate": "4/25/2019", "permitYr": 2019, "nonmetro": 1 }, "geometry": { "type": "MultiPolygon", "coordinates": [ [ [ [ -91.575577724962145, 41.766906353511352 ], [ -91.575625564275697, 41.766881864418131 ], [ -91.575767549431887, 41.766787356021183 ], [ -91.575905611035395, 41.766689647596621 ], [ -91.576039622611958, 41.766588826219625 ], [ -91.576183036486768, 41.766494205003077 ], [ -91.576320852236236, 41.766398586741076 ], [ -91.57653552792452, 41.766174458602094 ], [ -91.576791458710375, 41.765977539272278 ], [ -91.576898795836556, 41.765865474813353 ], [ -91.577174983122831, 41.765630557401366 ], [ -91.577249608427238, 41.765845280835251 ], [ -91.577143186530023, 41.765866011834326 ], [ -91.577281639325818, 41.766264385994567 ], [ -91.57738806303233, 41.766243654891383 ], [ -91.577458694048929, 41.766446878429733 ], [ -91.576834643567338, 41.766437696931455 ], [ -91.576411118174633, 41.767015096949812 ], [ -91.575721822149575, 41.766923421577708 ], [ -91.575577724962145, 41.766906353511352 ] ] ] ] } },
{ "type": "Feature", "properties": { "PPN": "1405104001", "TotalValue": 648600.0, "PropClass": "R", "pctLandVal": 0.13, "acreVal": 502790.69767441857, "SiteAddres": "2563 HIGHWAY 1 SW", "credits": "HMST", "acres": 1.29, "permitNo": "BLD-20-29306", "permitType": "Dwelling", "permitDate": "7/28/2020", "permitYr": 2020, "nonmetro": 1 }, "geometry": { "type": "MultiPolygon", "coordinates": [ [ [ [ -91.678949873353403, 41.597539579661202 ], [ -91.678934922563826, 41.597546053180615 ], [ -91.678919957832505, 41.597552510268336 ], [ -91.678904981608085, 41.597558949161673 ], [ -91.678889991441949, 41.597565371623347 ], [ -91.678874987359237, 41.597571776753099 ], [ -91.678859971783453, 41.597578163688432 ], [ -91.678844942240858, 41.59758453509226 ], [ -91.678829900005979, 41.597590888282816 ], [ -91.678814845053822, 41.59759722416031 ], [ -91.678799777384285, 41.597603542724798 ], [ -91.678784696972258, 41.597609844876288 ], [ -91.678769602668822, 41.597616128795686 ], [ -91.678754496822179, 41.597622396321107 ], [ -91.678739377084128, 41.597628645614321 ], [ -91.678724245802854, 41.597634878513496 ], [ -91.678709100630186, 41.59764109318052 ], [ -91.678693943914368, 41.597647291453484 ], [ -91.678678775705606, 41.597653471532013 ], [ -91.678663592381113, 41.597659634259706 ], [ -91.678648397513413, 41.597665780593289 ], [ -91.678633191177994, 41.597671907832193 ], [ -91.678617970900987, 41.597678018639371 ], [ -91.678602739105955, 41.597684112152237 ], [ -91.678587495792911, 41.597690188370834 ], [ -91.678572238588586, 41.597696246357188 ], [ -91.678556969866264, 41.597702287049273 ], [ -91.678541688401594, 41.597708311328418 ], [ -91.678526394270051, 41.597714316493985 ], [ -91.678511088595386, 41.597720305265391 ], [ -91.678495771402766, 41.59772627674252 ], [ -91.678480441543243, 41.597732229106093 ], [ -91.678465098941402, 41.597738165056654 ], [ -91.678449746046041, 41.597744082831568 ], [ -91.67843437923429, 41.597749983274412 ], [ -91.678419002078797, 41.597755867341967 ], [ -91.678403612256403, 41.59776173229595 ], [ -91.678388209716886, 41.597767579936729 ], [ -91.678372795659527, 41.597773410283118 ], [ -91.678357371308692, 41.597779222453852 ], [ -91.678341933041466, 41.59778501729248 ], [ -91.67832648328158, 41.597790793936511 ], [ -91.678311023203079, 41.597796553305116 ], [ -91.678295550432651, 41.597802294460223 ], [ -91.678280066119257, 41.597808019221105 ], [ -91.678264570338342, 41.597813724887317 ], [ -91.678260379035265, 41.596696618286039 ], [ -91.678790489885884, 41.596699885666276 ], [ -91.67879175614388, 41.597272935335781 ], [ -91.678949873353403, 41.597539579661202 ] ] ] ] } },
{ "type": "Feature", "properties": { "PPN": "0819303003", "TotalValue": 1841200.0, "PropClass": "R", "pctLandVal": 0.07, "acreVal": 613733.33333333337, "SiteAddres": "2926 TIMBERLAND PL NE", "credits": "NONE", "acres": 3.0, "permitNo": "BLD-20-29472", "permitType": "Dwelling", "permitDate": "10/16/2020", "permitYr": 2020, "nonmetro": 1 }, "geometry": { "type": "MultiPolygon", "coordinates": [ [ [ [ -91.472800713849679, 41.719571585101924 ], [ -91.473323037697213, 41.719573616284968 ], [ -91.474151600471203, 41.719921733838348 ], [ -91.474137515517342, 41.719944959988048 ], [ -91.474128852662915, 41.71996963157239 ], [ -91.474125859382738, 41.719995043807458 ], [ -91.474128621191454, 41.720020470750448 ], [ -91.474137059199904, 41.720045186037694 ], [ -91.474150932368104, 41.72006848363435 ], [ -91.474169844390147, 41.72008969800364 ], [ -91.474193255014967, 41.720108223119247 ], [ -91.474220495479116, 41.720123529777716 ], [ -91.474250787611126, 41.720135180716298 ], [ -91.474264577410224, 41.720140486256398 ], [ -91.47427697515991, 41.720147458415504 ], [ -91.474287625588843, 41.720155897398904 ], [ -91.474296223496694, 41.720165561378359 ], [ -91.474302522500025, 41.720176173421905 ], [ -91.47430634209276, 41.720187429429636 ], [ -91.47430757281883, 41.720199006847992 ], [ -91.474304978886238, 41.720568250740179 ], [ -91.474323295220429, 41.720568322708601 ], [ -91.474323067244512, 41.720600594582031 ], [ -91.472793480215401, 41.720594575405542 ], [ -91.472800713849679, 41.719571585101924 ] ] ] ] } },
{ "type": "Feature", "properties": { "PPN": "1311452002", "TotalValue": 381000.0, "PropClass": "R", "pctLandVal": 0.18, "acreVal": 260958.90410958906, "SiteAddres": "1938 500TH ST SW", "credits": "HMST", "acres": 1.46, "permitNo": "BLD-27399", "permitType": "Dwelling", "permitDate": "9/8/2017", "permitYr": 2017, "nonmetro": 1 }, "geometry": { "type": "MultiPolygon", "coordinates": [ [ [ [ -91.738729631709646, 41.570413204949816 ], [ -91.737059451492911, 41.570404189027435 ], [ -91.737062758974972, 41.570237804620852 ], [ -91.737068212450424, 41.56996339234864 ], [ -91.737069391286582, 41.569904124654471 ], [ -91.737179023663458, 41.569904714564288 ], [ -91.737177783677112, 41.569913289090444 ], [ -91.738733535265695, 41.570156918668822 ], [ -91.738732520640923, 41.570223538536723 ], [ -91.738729631709646, 41.570413204949816 ] ] ] ] } },
{ "type": "Feature", "properties": { "PPN": "0327153005", "TotalValue": 469200.0, "PropClass": "R", "pctLandVal": 0.18, "acreVal": 1091162.7906976745, "SiteAddres": "1848 WENROSE DR NE", "credits": "HMST, MIL", "acres": 0.43, "permitNo": "BLD-17544", "permitType": "Dwelling", "permitDate": "10/31/2012", "permitYr": 2012, "nonmetro": 1 }, "geometry": { "type": "MultiPolygon", "coordinates": [ [ [ [ -91.64365366105595, 41.799164768776023 ], [ -91.644104889939726, 41.799518684708076 ], [ -91.644085900587669, 41.799534517383925 ], [ -91.64407041017661, 41.799552356193779 ], [ -91.644058791080042, 41.799571772314458 ], [ -91.64405132261065, 41.799592299005795 ], [ -91.644048184305561, 41.799613442830371 ], [ -91.644049451610229, 41.79963469551511 ], [ -91.644055094064356, 41.799655546169667 ], [ -91.643506015197815, 41.799681474889319 ], [ -91.64349424585599, 41.799541934558675 ], [ -91.64365366105595, 41.799164768776023 ] ] ] ] } },
{ "type": "Feature", "properties": { "PPN": "0918431001", "TotalValue": 871700.0, "PropClass": "R", "pctLandVal": 0.1, "acreVal": 449329.89690721652, "SiteAddres": "4747 AMERICAN LEGION RD SE", "credits": "NONE", "acres": 1.94, "permitNo": "BLD-21-30268", "permitType": "Dwelling", "permitDate": "9/2/2021", "permitYr": 2021, "nonmetro": 0 }, "geometry": { "type": "MultiPolygon", "coordinates": [ [ [ [ -91.469222851626441, 41.645709874345656 ], [ -91.4692191435675, 41.645951170239002 ], [ -91.468720986322495, 41.646316942618149 ], [ -91.468159670374746, 41.646669675525359 ], [ -91.468157106652612, 41.64683644293671 ], [ -91.468154269135653, 41.647020904662661 ], [ -91.468153354966958, 41.647080398469321 ], [ -91.468007919371544, 41.647033270524616 ], [ -91.468007717265181, 41.647033205740001 ], [ -91.468009560305916, 41.646913369087969 ], [ -91.468028226993482, 41.645699695803465 ], [ -91.469222851626441, 41.645709874345656 ] ] ] ] } },
{ "type": "Feature", "properties": { "PPN": "0327153008", "TotalValue": 429600.0, "PropClass": "R", "pctLandVal": 0.2, "acreVal": 1074000.0, "SiteAddres": "1845 WENROSE DR NE", "credits": "HMST", "acres": 0.4, "permitNo": "BLD-24970", "permitType": "Dwelling", "permitDate": "12/11/2013", "permitYr": 2013, "nonmetro": 1 }, "geometry": { "type": "MultiPolygon", "coordinates": [ [ [ [ -91.644405412029045, 41.799574578758303 ], [ -91.644951196614755, 41.799438419339538 ], [ -91.644981280792223, 41.799794951467433 ], [ -91.644889776130555, 41.799799275167537 ], [ -91.644340825356196, 41.799825200882154 ], [ -91.644341994453043, 41.799789885965744 ], [ -91.644350277074565, 41.799755108130256 ], [ -91.644365483245693, 41.7997216650136 ], [ -91.644387264199523, 41.799690323640476 ], [ -91.644399687117428, 41.799672567466217 ], [ -91.644408520607342, 41.799653646526288 ], [ -91.644413576199923, 41.799633964520474 ], [ -91.644414746031899, 41.799613941386369 ], [ -91.644412005147174, 41.799594004339504 ], [ -91.644405412029045, 41.799574578758303 ] ] ] ] } },
{ "type": "Feature", "properties": { "PPN": "0735305004", "TotalValue": 603600.0, "PropClass": "R", "pctLandVal": 0.14, "acreVal": 538928.57142857136, "SiteAddres": "2367 SUSSEX LN NE", "credits": "HMST", "acres": 1.12, "permitNo": "BLD-16979", "permitType": "Dwelling", "permitDate": "11/9/2011", "permitYr": 2011, "nonmetro": 0 }, "geometry": { "type": "MultiPolygon", "coordinates": [ [ [ [ -91.51711187299037, 41.689972095678975 ], [ -91.516069889968108, 41.689909160412583 ], [ -91.516070541203248, 41.689902882635593 ], [ -91.516071146886915, 41.689896601377839 ], [ -91.516071705790935, 41.689890317518994 ], [ -91.516072219088784, 41.689884031979716 ], [ -91.51607268557953, 41.689877744739476 ], [ -91.51607310529063, 41.689871454898068 ], [ -91.516073479368245, 41.689865164276391 ], [ -91.516073806638786, 41.689858871953739 ], [ -91.516074085901423, 41.689852577909583 ], [ -91.516074321932408, 41.689846283126165 ], [ -91.516074508727158, 41.689839987500839 ], [ -91.516074649888523, 41.689833691095231 ], [ -91.516074745416375, 41.689827393909319 ], [ -91.516074792881639, 41.68982109680212 ], [ -91.516074795914335, 41.689814798935217 ], [ -91.516074750857072, 41.689808502047157 ], [ -91.516074660166367, 41.6898022043788 ], [ -91.516074522559236, 41.689795908610044 ], [ -91.516074339291336, 41.689789612961071 ], [ -91.51607410916175, 41.689783317411433 ], [ -91.516073832115751, 41.689777023761359 ], [ -91.516073509381656, 41.689770731131219 ], [ -91.516073139758547, 41.689764439500493 ], [ -91.516072724419956, 41.689758149789903 ], [ -91.516072262164982, 41.689751861978891 ], [ -91.516071752966269, 41.68974557696751 ], [ -91.516071198079487, 41.689739292976157 ], [ -91.516070597449826, 41.689733011804982 ], [ -91.516069949876524, 41.689726733433531 ], [ -91.516069254186021, 41.689720456941089 ], [ -91.516068513926157, 41.689714184189576 ], [ -91.516067729097045, 41.689707915178914 ], [ -91.516066896123348, 41.689701648947427 ], [ -91.516066016206054, 41.689695385515648 ], [ -91.516065091692099, 41.689689126724893 ], [ -91.516064120207119, 41.689682871633934 ], [ -91.516063102924662, 41.689676621163464 ], [ -91.516062039872054, 41.68967037441341 ], [ -91.516060929848521, 41.689664131363131 ], [ -91.516059773972685, 41.689657894733585 ], [ -91.516058572326799, 41.689651661824435 ], [ -91.51605732485605, 41.689645434435903 ], [ -91.516056030387034, 41.689639211647275 ], [ -91.516054692467534, 41.689632995320544 ], [ -91.51605330634888, 41.689626783573175 ], [ -91.515988228171452, 41.689339864267424 ], [ -91.516517521999177, 41.689272415846027 ], [ -91.51711187299037, 41.689972095678975 ] ] ] ] } },
{ "type": "Feature", "properties": { "PPN": "0327153006", "TotalValue": 446000.0, "PropClass": "R", "pctLandVal": 0.18, "acreVal": 929166.66666666674, "SiteAddres": "1849 WENROSE DR NE", "credits": "HMST", "acres": 0.48, "permitNo": "BLD-17263", "permitType": "Dwelling", "permitDate": "6/6/2012", "permitYr": 2012, "nonmetro": 1 }, "geometry": { "type": "MultiPolygon", "coordinates": [ [ [ [ -91.64365366105595, 41.799164768776023 ], [ -91.644433307410523, 41.799010143035311 ], [ -91.644275686411518, 41.799484812067739 ], [ -91.644245386735733, 41.79948115705843 ], [ -91.644214696783564, 41.799481334631857 ], [ -91.644184476266531, 41.799485339813657 ], [ -91.644155571746182, 41.799493060407471 ], [ -91.644128792919972, 41.799504280137725 ], [ -91.644104889939726, 41.799518684708076 ], [ -91.64365366105595, 41.799164768776023 ] ] ] ] } },
{ "type": "Feature", "properties": { "PPN": "0327153007", "TotalValue": 492900.0, "PropClass": "R", "pctLandVal": 0.2, "acreVal": 985800.0, "SiteAddres": "1847 WENROSE DR NE", "credits": "NONE", "acres": 0.5, "permitNo": "BLD-26575", "permitType": "Dwelling", "permitDate": "6/16/2016", "permitYr": 2016, "nonmetro": 1 }, "geometry": { "type": "MultiPolygon", "coordinates": [ [ [ [ -91.644275686411518, 41.799484812067739 ], [ -91.644433307410523, 41.799010143035311 ], [ -91.644554689658079, 41.798986070543499 ], [ -91.644951196614755, 41.799438419339538 ], [ -91.644405412029045, 41.799574578758303 ], [ -91.644393303686826, 41.799553476505807 ], [ -91.644376661444028, 41.799534180935041 ], [ -91.644355951500387, 41.799517232569208 ], [ -91.644331754002039, 41.799503106179301 ], [ -91.644304746789928, 41.799492197484597 ], [ -91.644275686411518, 41.799484812067739 ] ] ] ] } },
{ "type": "Feature", "properties": { "PPN": "0327153003", "TotalValue": 407100.0, "PropClass": "R", "pctLandVal": 0.2, "acreVal": 1197352.9411764706, "SiteAddres": "1840 WENROSE DR NE", "credits": "NONE", "acres": 0.34, "permitNo": "BLD-16680", "permitType": "Dwelling", "permitDate": "5/2/2011", "permitYr": 2011, "nonmetro": 1 }, "geometry": { "type": "MultiPolygon", "coordinates": [ [ [ [ -91.643616450344553, 41.799951228829407 ], [ -91.644165505542617, 41.799925279365183 ], [ -91.644188607160586, 41.800199156699854 ], [ -91.643639553270233, 41.800225106328284 ], [ -91.643616450344553, 41.799951228829407 ] ] ] ] } },
{ "type": "Feature", "properties": { "PPN": "0327153010", "TotalValue": 465700.0, "PropClass": "R", "pctLandVal": 0.17, "acreVal": 1369705.882352941, "SiteAddres": "1839 WENROSE DR NE", "credits": "HMST", "acres": 0.34, "permitNo": "BLD-25795", "permitType": "Dwelling", "permitDate": "5/14/2015", "permitYr": 2015, "nonmetro": 1 }, "geometry": { "type": "MultiPolygon", "coordinates": [ [ [ [ -91.644363905997437, 41.800099078746172 ], [ -91.644912884360252, 41.800073152428183 ], [ -91.64493599278444, 41.800347029657424 ], [ -91.644387010866495, 41.800372957863097 ], [ -91.644363905997437, 41.800099078746172 ] ] ] ] } },
{ "type": "Feature", "properties": { "PPN": "0327153004", "TotalValue": 395100.0, "PropClass": "R", "pctLandVal": 0.21, "acreVal": 1039736.8421052631, "SiteAddres": "1844 WENROSE DR NE", "credits": "NONE", "acres": 0.38, "permitNo": "BLD-16930", "permitType": "Dwelling", "permitDate": "10/4/2011", "permitYr": 2011, "nonmetro": 1 }, "geometry": { "type": "MultiPolygon", "coordinates": [ [ [ [ -91.643506015197815, 41.799681474889319 ], [ -91.644055094064356, 41.799655546169667 ], [ -91.644063433371386, 41.799672923365769 ], [ -91.644074815076237, 41.799689305453114 ], [ -91.644089033089102, 41.799704395796219 ], [ -91.644116379523439, 41.799734043290783 ], [ -91.644137299233307, 41.799766487927407 ], [ -91.644151293273964, 41.799800955901844 ], [ -91.644158027876031, 41.799836625151997 ], [ -91.644165505542617, 41.799925279365183 ], [ -91.643616450344553, 41.799951228829407 ], [ -91.643529119917503, 41.799955354275227 ], [ -91.643506015197815, 41.799681474889319 ] ] ] ] } },
{ "type": "Feature", "properties": { "PPN": "0327153009", "TotalValue": 373900.0, "PropClass": "R", "pctLandVal": 0.21, "acreVal": 1099705.8823529412, "SiteAddres": "1843 WENROSE DR NE", "credits": "HMST", "acres": 0.34, "permitNo": "BLD-26015", "permitType": "Dwelling", "permitDate": "8/26/2015", "permitYr": 2015, "nonmetro": 1 }, "geometry": { "type": "MultiPolygon", "coordinates": [ [ [ [ -91.644340825356196, 41.799825200882154 ], [ -91.644889776130555, 41.799799275167537 ], [ -91.644912884360252, 41.800073152428183 ], [ -91.644363905997437, 41.800099078746172 ], [ -91.644341038130293, 41.799827995053448 ], [ -91.644340825356196, 41.799825200882154 ] ] ] ] } },
{ "type": "Feature", "properties": { "PPN": "1533401002", "TotalValue": 504100.0, "PropClass": "R", "pctLandVal": 0.16, "acreVal": 276978.02197802195, "SiteAddres": "5709 OAK CREST HILL RD SE", "credits": "HMST, MIL", "acres": 1.82, "permitNo": "BLD-25012", "permitType": "Dwelling", "permitDate": "2/14/2014", "permitYr": 2014, "nonmetro": 1 }, "geometry": { "type": "MultiPolygon", "coordinates": [ [ [ [ -91.541362738355446, 41.518196333685921 ], [ -91.541161767032605, 41.517664581037216 ], [ -91.541058875277642, 41.517190540826363 ], [ -91.541851424247454, 41.517438617152372 ], [ -91.542591783554826, 41.517670358177362 ], [ -91.541652604935862, 41.518192829518242 ], [ -91.541362738355446, 41.518196333685921 ] ] ] ] } },
{ "type": "Feature", "properties": { "PPN": "1734378003", "TotalValue": 543500.0, "PropClass": "R", "pctLandVal": 0.11, "acreVal": 343987.34177215182, "SiteAddres": "5241 GOLDEN POND LN SE", "credits": "HMST", "acres": 1.58, "permitNo": "BLD-26549", "permitType": "Dwelling", "permitDate": "6/2/2016", "permitYr": 2016, "nonmetro": 1 }, "geometry": { "type": "MultiPolygon", "coordinates": [ [ [ [ -91.417823944775463, 41.423439178938466 ], [ -91.418163750204471, 41.423437315592324 ], [ -91.418785095641454, 41.423433906361801 ], [ -91.418792874207767, 41.423440218033832 ], [ -91.418806625126606, 41.423452818749574 ], [ -91.418825250670892, 41.423473923539582 ], [ -91.418840290456842, 41.423496590724646 ], [ -91.418851516631904, 41.423520476902823 ], [ -91.418878002054726, 41.423590220975385 ], [ -91.418908321620222, 41.424006958223998 ], [ -91.418906874964136, 41.424042074297788 ], [ -91.418897515306071, 41.424076493701492 ], [ -91.41888051529935, 41.42410921372953 ], [ -91.418856370177693, 41.424139281181098 ], [ -91.418825783329254, 41.424165820129048 ], [ -91.418789645806285, 41.424188057437966 ], [ -91.418749010367122, 41.424205345287426 ], [ -91.418315991020933, 41.424354700515416 ], [ -91.418315851880195, 41.424354748447485 ], [ -91.417824845184541, 41.423440855145373 ], [ -91.417823944775463, 41.423439178938466 ] ] ] ] } },
{ "type": "Feature", "properties": { "PPN": "0728177011", "TotalValue": 820800.0, "PropClass": "R", "pctLandVal": 0.15, "acreVal": 943448.27586206887, "SiteAddres": "5 BRICKWOOD KNL NE", "credits": "HMST", "acres": 0.87, "permitNo": "BLD-19-28430", "permitType": "Dwelling", "permitDate": "6/4/2019", "permitYr": 2019, "nonmetro": 0 }, "geometry": { "type": "MultiPolygon", "coordinates": [ [ [ [ -91.543742857879849, 41.709943415787556 ], [ -91.543737566864053, 41.709939505398751 ], [ -91.543732209413633, 41.709935646124208 ], [ -91.543726783045088, 41.709931840623803 ], [ -91.54372129259049, 41.709928088078343 ], [ -91.543715736821426, 41.709924389367771 ], [ -91.543710115683965, 41.709920746292326 ], [ -91.543704431580565, 41.709917158892502 ], [ -91.543698685739514, 41.709913626288355 ], [ -91.543692879281039, 41.709910151200603 ], [ -91.543687011030812, 41.709906732708824 ], [ -91.543681084511675, 41.7099033735741 ], [ -91.543675101005817, 41.709900071116365 ], [ -91.543669058002649, 41.709896828895594 ], [ -91.54366296033426, 41.709893646092624 ], [ -91.54365680800062, 41.709890522707497 ], [ -91.543650599746456, 41.709887460520221 ], [ -91.543644341577945, 41.709884459631994 ], [ -91.543638028717154, 41.709881519061661 ], [ -91.543631664659742, 41.709878642470564 ], [ -91.543625253090568, 41.709875827219015 ], [ -91.54361879152593, 41.709873075966904 ], [ -91.543612283596758, 41.709870387874794 ], [ -91.543605728074624, 41.709867763822693 ], [ -91.543599128563386, 41.709865203871146 ], [ -91.543592483807686, 41.70986270980039 ], [ -91.543585795035739, 41.709860280730304 ], [ -91.543579065824375, 41.709857917621967 ], [ -91.543572296173508, 41.709855620475246 ], [ -91.54356548605611, 41.709853390190275 ], [ -91.543558637874739, 41.709851226807594 ], [ -91.543551752830567, 41.709849130347443 ], [ -91.543544832070793, 41.70984710263027 ], [ -91.543537875649449, 41.709845141855922 ], [ -91.543530885915061, 41.709843249865038 ], [ -91.543523864041688, 41.709841427578084 ], [ -91.543516810083531, 41.709839673194736 ], [ -91.543509726388891, 41.709837988555719 ], [ -91.543502614159095, 41.709836373681419 ], [ -91.543495474595318, 41.709834828591937 ], [ -91.543488308925902, 41.709833352407415 ], [ -91.543481117042631, 41.709831948728436 ], [ -91.543473901456224, 41.709830613994974 ], [ -91.543466663259679, 41.709829351827722 ], [ -91.543459403735355, 41.709828159546589 ], [ -91.543452122829166, 41.709827038951843 ], [ -91.543543621096887, 41.709347073177774 ], [ -91.543964678490553, 41.709086109320182 ], [ -91.544183572748395, 41.709463666904028 ], [ -91.544225273449342, 41.709512089230536 ], [ -91.543742857879849, 41.709943415787556 ] ] ] ] } },
{ "type": "Feature", "properties": { "PPN": "0303379003", "TotalValue": 25500.0, "PropClass": "R", "pctLandVal": 1.0, "acreVal": 102000.0, "SiteAddres": "MILL ST NE", "credits": "NONE", "acres": 0.25, "permitNo": "BLD-25-33187", "permitType": "Dwelling", "permitDate": "5/13/2025", "permitYr": 2025, "nonmetro": 0 }, "geometry": { "type": "MultiPolygon", "coordinates": [ [ [ [ -91.648267930196326, 41.849844229567303 ], [ -91.648025708027191, 41.849846848949809 ], [ -91.647783485864181, 41.849849466927871 ], [ -91.647776216806449, 41.849623137077749 ], [ -91.648018438126797, 41.849620519114595 ], [ -91.648260659401998, 41.849617901547269 ], [ -91.648267930196326, 41.849844229567303 ] ] ] ] } },
{ "type": "Feature", "properties": { "PPN": "0323178002", "TotalValue": 2297600.0, "PropClass": "R", "pctLandVal": 0.13, "acreVal": 166492.75362318839, "SiteAddres": "3185 STILLWATER COVE NE", "credits": "HMST", "acres": 13.8, "permitNo": "BLD-16406", "permitType": "Dwelling", "permitDate": "8/26/2010", "permitYr": 2010, "nonmetro": 1 }, "geometry": { "type": "MultiPolygon", "coordinates": [ [ [ [ -91.617058370298139, 41.813152182239563 ], [ -91.617067512444166, 41.812058674967432 ], [ -91.617067686269692, 41.812037860845635 ], [ -91.618142423118442, 41.81204294611932 ], [ -91.618149001609254, 41.811247156971987 ], [ -91.620722909148128, 41.811259307196131 ], [ -91.620714122990819, 41.812699735390609 ], [ -91.620711350565273, 41.813154084781424 ], [ -91.617681967106591, 41.813152439016008 ], [ -91.617679514353483, 41.813129837377346 ], [ -91.617672119286254, 41.813107846602819 ], [ -91.617659983886028, 41.81308706731101 ], [ -91.617643439602446, 41.81306806703153 ], [ -91.617622938300656, 41.813051364704727 ], [ -91.617599039919554, 41.813037416508216 ], [ -91.61757239717852, 41.813026603398086 ], [ -91.617543737750253, 41.813019220704014 ], [ -91.617513844386608, 41.813015470063462 ], [ -91.617483533540351, 41.813015453914609 ], [ -91.617453633066319, 41.813019172698468 ], [ -91.617424959611469, 41.813026524847011 ], [ -91.617398296310739, 41.813037309557011 ], [ -91.617374371398355, 41.813051232274454 ], [ -91.617353838318337, 41.813067912739186 ], [ -91.617337257877452, 41.81308689537061 ], [ -91.617325082928431, 41.81310766171049 ], [ -91.617317646001027, 41.813129644582872 ], [ -91.617315150219682, 41.813152243585115 ], [ -91.617058370298139, 41.813152182239563 ] ] ] ] } },
{ "type": "Feature", "properties": { "PPN": "1533179003", "TotalValue": 413700.0, "PropClass": "R", "pctLandVal": 0.12, "acreVal": 517124.99999999994, "SiteAddres": "5680 OAK CREST HILL RD SE", "credits": "NONE", "acres": 0.8, "permitNo": "BLD-27058", "permitType": "Dwelling", "permitDate": "3/24/2017", "permitYr": 2017, "nonmetro": 1 }, "geometry": { "type": "MultiPolygon", "coordinates": [ [ [ [ -91.540850261539362, 41.519524627047367 ], [ -91.540830253515765, 41.519094446447887 ], [ -91.541054476157953, 41.519093804125703 ], [ -91.541071183910233, 41.519093756431403 ], [ -91.541447488160102, 41.519092864275535 ], [ -91.541638650004302, 41.519591191156039 ], [ -91.540894957775791, 41.519591410812801 ], [ -91.540850261539362, 41.519524627047367 ] ] ] ] } },
{ "type": "Feature", "properties": { "PPN": "0229404009", "TotalValue": 1454000.0, "PropClass": "R", "pctLandVal": 0.38, "acreVal": 8552941.176470587, "SiteAddres": "3781 COTTAGE RESERVE RD NE", "credits": "HMST", "acres": 0.17, "permitNo": "BLD-24875", "permitType": "Dwelling", "permitDate": "10/25/2013", "permitYr": 2013, "nonmetro": 1 }, "geometry": { "type": "MultiPolygon", "coordinates": [ [ [ [ -91.561813440996829, 41.793529906389018 ], [ -91.561851976113815, 41.793502397523632 ], [ -91.561886282322817, 41.793453798128077 ], [ -91.561944448415986, 41.793418451231695 ], [ -91.561994679415534, 41.793378045912348 ], [ -91.562001831225757, 41.793372145827433 ], [ -91.562062359099642, 41.793784763710356 ], [ -91.561852210236481, 41.793801045419364 ], [ -91.561813440996829, 41.793529906389018 ] ] ] ] } },
{ "type": "Feature", "properties": { "PPN": "1313229006", "TotalValue": 352200.0, "PropClass": "R", "pctLandVal": 0.12, "acreVal": 1214482.7586206896, "SiteAddres": "5021 BLUESTEM ST SW", "credits": "NONE", "acres": 0.29, "permitNo": "BLD-24-32490", "permitType": "Dwelling", "permitDate": "4/26/2024", "permitYr": 2024, "nonmetro": 1 }, "geometry": { "type": "MultiPolygon", "coordinates": [ [ [ [ -91.731022005008484, 41.568511826145993 ], [ -91.731750776014167, 41.568535454148275 ], [ -91.731750358157143, 41.568707117930202 ], [ -91.731012194989958, 41.568683195192094 ], [ -91.731022005008484, 41.568511826145993 ] ] ] ] } },
{ "type": "Feature", "properties": { "PPN": "1313229008", "TotalValue": 351600.0, "PropClass": "R", "pctLandVal": 0.12, "acreVal": 1255714.2857142857, "SiteAddres": "5029 BLUESTEM ST SW", "credits": "HMST", "acres": 0.28, "permitNo": "BLD-23-31734", "permitType": "Dwelling", "permitDate": "5/11/2023", "permitYr": 2023, "nonmetro": 1 }, "geometry": { "type": "MultiPolygon", "coordinates": [ [ [ [ -91.731031814975495, 41.568340457090656 ], [ -91.731033041310155, 41.56831904361448 ], [ -91.731040275916854, 41.568244039605766 ], [ -91.731053355582176, 41.568169483351291 ], [ -91.731751612920434, 41.568192126577507 ], [ -91.731751193869073, 41.568363790357949 ], [ -91.731031814975495, 41.568340457090656 ] ] ] ] } },
{ "type": "Feature", "properties": { "PPN": "0323178001", "TotalValue": 3305100.0, "PropClass": "R", "pctLandVal": 0.09, "acreVal": 260039.33910306843, "SiteAddres": "3183 STILLWATER COVE NE", "credits": "HMST", "acres": 12.71, "permitNo": "BLD-16502", "permitType": "Dwelling", "permitDate": "11/8/2010", "permitYr": 2010, "nonmetro": 1 }, "geometry": { "type": "MultiPolygon", "coordinates": [ [ [ [ -91.616697793610882, 41.814993053604177 ], [ -91.616744838049343, 41.814974903431278 ], [ -91.617116427446973, 41.814976678993922 ], [ -91.617179105659602, 41.814973625408008 ], [ -91.617240564838042, 41.814963929365206 ], [ -91.617299553644358, 41.814947788281565 ], [ -91.61735487104086, 41.81492553079709 ], [ -91.617405390744437, 41.814897610084167 ], [ -91.617450084158918, 41.814864594620396 ], [ -91.617488041317856, 41.814827156613745 ], [ -91.617518489411594, 41.814786058315811 ], [ -91.617540808521511, 41.814742136501486 ], [ -91.617554544240761, 41.814696285431751 ], [ -91.617559416924934, 41.814649438645844 ], [ -91.617570664093478, 41.813302989544248 ], [ -91.617571487596138, 41.813296150660889 ], [ -91.617573819242367, 41.813289509337451 ], [ -91.61757759415093, 41.813283250376493 ], [ -91.617582707280263, 41.813277547940849 ], [ -91.61758901635136, 41.813272560707283 ], [ -91.617596345806831, 41.813268427451291 ], [ -91.617620909527318, 41.813254564093718 ], [ -91.617642029602067, 41.813237823739954 ], [ -91.61765911159118, 41.81321867756165 ], [ -91.617671674711445, 41.813197664444111 ], [ -91.617679365368105, 41.813175375818581 ], [ -91.617681967106591, 41.813152439016008 ], [ -91.620711350565273, 41.813154084781424 ], [ -91.620705544968871, 41.814105521497844 ], [ -91.620307042906433, 41.814246675691322 ], [ -91.619375659166252, 41.814576600800393 ], [ -91.617231065865226, 41.815336224345344 ], [ -91.617159853107211, 41.815293216570346 ], [ -91.616934825819115, 41.815155311066832 ], [ -91.616813342028905, 41.815076608490607 ], [ -91.616697793610882, 41.814993053604177 ] ] ], [ [ [ -91.617315150219682, 41.813152243585115 ], [ -91.617317653783061, 41.813174930843701 ], [ -91.617325136890045, 41.813196996194009 ], [ -91.617337393567993, 41.813217832272329 ], [ -91.617354086447548, 41.813236865550955 ], [ -91.61737475604869, 41.813253572125042 ], [ -91.617398833427885, 41.813267492133612 ], [ -91.617406092682657, 41.813271693564829 ], [ -91.617412317420346, 41.813276739268026 ], [ -91.617417334442251, 41.813282488850454 ], [ -91.617421004153329, 41.813288782334496 ], [ -91.617423224446298, 41.813295444608777 ], [ -91.617423933542767, 41.813302290300634 ], [ -91.617412685213964, 41.814648466554694 ], [ -91.617407935448071, 41.814686457817778 ], [ -91.617394464170332, 41.814723259989393 ], [ -91.617372678321971, 41.814757761308158 ], [ -91.617343236022961, 41.814788919517767 ], [ -91.617307026691961, 41.814815793353091 ], [ -91.617265144178504, 41.814837570975534 ], [ -91.617218853718768, 41.814853594498615 ], [ -91.617169553713396, 41.8148633798627 ], [ -91.617118733481973, 41.814866631458429 ], [ -91.617044035774924, 41.814866568907917 ], [ -91.617058370298139, 41.813152182239563 ], [ -91.617315150219682, 41.813152243585115 ] ] ] ] } },
{ "type": "Feature", "properties": { "PPN": "0128152002", "TotalValue": 925200.0, "PropClass": "R", "pctLandVal": 0.09, "acreVal": 186156.94164989941, "SiteAddres": "1898 UTAH AVE NE", "credits": "NONE", "acres": 4.97, "permitNo": "BLD-22-31457", "permitType": "Dwelling", "permitDate": "1/5/2023", "permitYr": 2023, "nonmetro": 1 }, "geometry": { "type": "MultiPolygon", "coordinates": [ [ [ [ -91.429469180313404, 41.794630872604685 ], [ -91.434136924893579, 41.794620901769498 ], [ -91.437760193057599, 41.794612282541742 ], [ -91.437676549663735, 41.794764160632838 ], [ -91.430728289045348, 41.794779943556051 ], [ -91.430731254661282, 41.795520882494436 ], [ -91.429484416049405, 41.795523670334688 ], [ -91.429469180313404, 41.794630872604685 ] ] ] ] } },
{ "type": "Feature", "properties": { "PPN": "0218202006", "TotalValue": 656800.0, "PropClass": "R", "pctLandVal": 0.21, "acreVal": 47663.280116110305, "SiteAddres": "3484 SANDY BEACH RD NE", "credits": "HMST", "acres": 13.78, "permitNo": "BLD-19-28522", "permitType": "Dwelling", "permitDate": "7/19/2019", "permitYr": 2019, "nonmetro": 1 }, "geometry": { "type": "MultiPolygon", "coordinates": [ [ [ [ -91.589896974765182, 41.830947218081462 ], [ -91.591340411232636, 41.830955266126075 ], [ -91.593740871167753, 41.830968599287047 ], [ -91.593747815206356, 41.831454843348375 ], [ -91.593754832200489, 41.831946489962291 ], [ -91.593761666468254, 41.832425804183991 ], [ -91.593768674028283, 41.832916095149834 ], [ -91.591855111811441, 41.832911210794926 ], [ -91.591716194146244, 41.832910851181637 ], [ -91.591151283207097, 41.83290936475413 ], [ -91.591226495252258, 41.832411655249842 ], [ -91.591237632316776, 41.832337955829843 ], [ -91.591298769958698, 41.83193661537608 ], [ -91.591324726159428, 41.831766228471523 ], [ -91.589791316311036, 41.831762869489793 ], [ -91.589841190464412, 41.831433211420674 ], [ -91.589896974765182, 41.830947218081462 ] ] ] ] } },
{ "type": "Feature", "properties": { "PPN": "0308377002", "TotalValue": 682500.0, "PropClass": "R", "pctLandVal": 0.19, "acreVal": 143987.34177215188, "SiteAddres": "1382 COU FALLS RD NW", "credits": "HMST", "acres": 4.74, "permitNo": "BLD-16636", "permitType": "Dwelling", "permitDate": "4/18/2011", "permitYr": 2011, "nonmetro": 1 }, "geometry": { "type": "MultiPolygon", "coordinates": [ [ [ [ -91.688936013857258, 41.832769751337779 ], [ -91.689019190547455, 41.832763596688309 ], [ -91.689146111381774, 41.832926716711128 ], [ -91.689276528183072, 41.833088287102093 ], [ -91.689424145995488, 41.833264365150413 ], [ -91.689575915683633, 41.833438457934569 ], [ -91.690306606895561, 41.834116066734701 ], [ -91.690348047651142, 41.834153584352819 ], [ -91.690383110631743, 41.834194577890692 ], [ -91.690411280080781, 41.834238444371138 ], [ -91.690419238756093, 41.834290868161645 ], [ -91.690417820490737, 41.834343618091985 ], [ -91.690407050371974, 41.834395760241932 ], [ -91.690387119059565, 41.834446371449729 ], [ -91.690358379411663, 41.834494555656363 ], [ -91.690321340238981, 41.83453945977049 ], [ -91.690031752901277, 41.834837597589114 ], [ -91.690010275893854, 41.8348569441604 ], [ -91.689989659895588, 41.834876807518803 ], [ -91.689975524545957, 41.83489139114095 ], [ -91.689670433852569, 41.834897832042437 ], [ -91.689047677935065, 41.833093321650068 ], [ -91.688936013857258, 41.832769751337779 ] ] ], [ [ [ -91.689921078202076, 41.832574400130376 ], [ -91.690405216317686, 41.832508984744557 ], [ -91.690412717371629, 41.833063283835926 ], [ -91.690415860387446, 41.833928869480701 ], [ -91.689764427880831, 41.833324760902777 ], [ -91.689556477907175, 41.83308212774616 ], [ -91.689446774615348, 41.832946010091923 ], [ -91.689343611190651, 41.8328070617614 ], [ -91.689247118015672, 41.83266545842033 ], [ -91.689921078202076, 41.832574400130376 ] ] ] ] } },
{ "type": "Feature", "properties": { "PPN": "1219102002", "TotalValue": 296200.0, "PropClass": "R", "pctLandVal": 0.19, "acreVal": 394933.33333333331, "SiteAddres": "1163 400TH ST SW", "credits": "NONE", "acres": 0.75, "permitNo": "BLD-25077", "permitType": "Dwelling", "permitDate": "5/5/2014", "permitYr": 2014, "nonmetro": 1 }, "geometry": { "type": "MultiPolygon", "coordinates": [ [ [ [ -91.818152790944268, 41.643839972913781 ], [ -91.816757070906178, 41.643858332076029 ], [ -91.818157522956454, 41.643369271551208 ], [ -91.818152790944268, 41.643839972913781 ] ] ] ] } },
{ "type": "Feature", "properties": { "PPN": "0303357001", "TotalValue": 899400.0, "PropClass": "R", "pctLandVal": 0.14, "acreVal": 116653.69649805447, "SiteAddres": "2826 120TH ST NE", "credits": "HMST, MIL", "acres": 7.71, "permitNo": "BLD-25544", "permitType": "Dwelling", "permitDate": "11/25/2014", "permitYr": 2014, "nonmetro": 1 }, "geometry": { "type": "MultiPolygon", "coordinates": [ [ [ [ -91.652840520261734, 41.84875727606142 ], [ -91.654391776857778, 41.848778096365422 ], [ -91.654395034136883, 41.848999459413498 ], [ -91.654403468400844, 41.849572425948246 ], [ -91.654410333876626, 41.850038906913575 ], [ -91.654417126686369, 41.850500313105513 ], [ -91.654420365652925, 41.850720417689267 ], [ -91.654422915203966, 41.850893563542499 ], [ -91.654422915820234, 41.850893584264277 ], [ -91.654423866049484, 41.850958173916645 ], [ -91.654423867358744, 41.850958212659812 ], [ -91.654256747062121, 41.850955988729964 ], [ -91.654074688952349, 41.850953565332091 ], [ -91.652872562498573, 41.850937557655314 ], [ -91.652840520261734, 41.84875727606142 ] ] ] ] } },
{ "type": "Feature", "properties": { "PPN": "0216478002", "TotalValue": 489800.0, "PropClass": "R", "pctLandVal": 0.25, "acreVal": 324370.86092715233, "SiteAddres": "3986 MACBRIDE PL NE", "credits": "HMST, MIL", "acres": 1.51, "permitNo": "BLD-17004", "permitType": "Dwelling", "permitDate": "11/23/2011", "permitYr": 2011, "nonmetro": 1 }, "geometry": { "type": "MultiPolygon", "coordinates": [ [ [ [ -91.54194957233338, 41.82002544553248 ], [ -91.543603299199916, 41.820350684044769 ], [ -91.543662161120537, 41.820547152890001 ], [ -91.541850811136896, 41.820569296318233 ], [ -91.541836084961261, 41.820465903021429 ], [ -91.541832706579029, 41.820410506742689 ], [ -91.541838297648837, 41.82035521078695 ], [ -91.54185277628369, 41.820300824796782 ], [ -91.54194957233338, 41.82002544553248 ] ] ] ] } },
{ "type": "Feature", "properties": { "PPN": "0309480001", "TotalValue": 606300.0, "PropClass": "R", "pctLandVal": 0.16, "acreVal": 171756.37393767707, "SiteAddres": "1385 JAMES AVE NE", "credits": "NONE", "acres": 3.53, "permitNo": "BLD-22-31136", "permitType": "Dwelling", "permitDate": "9/16/2022", "permitYr": 2022, "nonmetro": 1 }, "geometry": { "type": "MultiPolygon", "coordinates": [ [ [ [ -91.656320312007452, 41.833374018907989 ], [ -91.657593788530704, 41.833373959900577 ], [ -91.6575941106491, 41.833840856373733 ], [ -91.65822654180802, 41.834022131907695 ], [ -91.658363495230233, 41.834367240040528 ], [ -91.656296584371816, 41.834338823428325 ], [ -91.656320312007452, 41.833374018907989 ] ] ] ] } },
{ "type": "Feature", "properties": { "PPN": "0216477002", "TotalValue": 498600.0, "PropClass": "R", "pctLandVal": 0.24, "acreVal": 343862.06896551728, "SiteAddres": "3983 MACBRIDE PL NE", "credits": "HMST", "acres": 1.45, "permitNo": "BLD-17323", "permitType": "Dwelling", "permitDate": "7/5/2012", "permitYr": 2012, "nonmetro": 1 }, "geometry": { "type": "MultiPolygon", "coordinates": [ [ [ [ -91.540375447797615, 41.820565468236971 ], [ -91.540374956700077, 41.81995021637357 ], [ -91.541638458025389, 41.820198327518291 ], [ -91.541618625016497, 41.820254752847397 ], [ -91.541602317859727, 41.820311504380854 ], [ -91.541592958432759, 41.820369128313502 ], [ -91.541590623892702, 41.820427149719791 ], [ -91.541595333499203, 41.820485090397121 ], [ -91.541613056970974, 41.820609521694394 ], [ -91.540375447797615, 41.820565468236971 ] ] ] ] } },
{ "type": "Feature", "properties": { "PPN": "1313228005", "TotalValue": 477700.0, "PropClass": "R", "pctLandVal": 0.16, "acreVal": 472970.29702970298, "SiteAddres": "2024 SILVERGRASS LN SW", "credits": "HMST", "acres": 1.01, "permitNo": "BLD-22-31357", "permitType": "Dwelling", "permitDate": "11/10/2022", "permitYr": 2022, "nonmetro": 1 }, "geometry": { "type": "MultiPolygon", "coordinates": [ [ [ [ -91.729473969871947, 41.569546979278776 ], [ -91.729522022300344, 41.56870782483368 ], [ -91.729685407759163, 41.568758457250077 ], [ -91.729851770215205, 41.568803290647082 ], [ -91.730020744936553, 41.568842226730915 ], [ -91.730087795305963, 41.568856394667648 ], [ -91.730047196031791, 41.569565492047218 ], [ -91.729473969871947, 41.569546979278776 ] ] ] ] } },
{ "type": "Feature", "properties": { "PPN": "0216477003", "TotalValue": 649100.0, "PropClass": "R", "pctLandVal": 0.18, "acreVal": 503178.29457364342, "SiteAddres": "3979 MACBRIDE PL NE", "credits": "HMST", "acres": 1.29, "permitNo": "BLD-16351", "permitType": "Dwelling", "permitDate": "7/15/2010", "permitYr": 2010, "nonmetro": 1 }, "geometry": { "type": "MultiPolygon", "coordinates": [ [ [ [ -91.540374956700077, 41.81995021637357 ], [ -91.540374618226551, 41.819524536099074 ], [ -91.541778389751613, 41.819800228399679 ], [ -91.541638458025389, 41.820198327518291 ], [ -91.540374956700077, 41.81995021637357 ] ] ] ] } },
{ "type": "Feature", "properties": { "PPN": "0818230001", "TotalValue": 863400.0, "PropClass": "R", "pctLandVal": 0.33, "acreVal": 313963.63636363635, "SiteAddres": "2605 QUINCY RD NE", "credits": "NONE", "acres": 2.75, "permitNo": "BLD-23-31990", "permitType": "Dwelling", "permitDate": "8/17/2023", "permitYr": 2023, "nonmetro": 1 }, "geometry": { "type": "MultiPolygon", "coordinates": [ [ [ [ -91.481431671383973, 41.743440249208696 ], [ -91.481683926992616, 41.743234183694817 ], [ -91.483090025195636, 41.742780308569529 ], [ -91.483071319588319, 41.743896304687709 ], [ -91.482193555719149, 41.743888831254353 ], [ -91.482073981355128, 41.743819475338348 ], [ -91.481840268766035, 41.743691318012047 ], [ -91.481699995685972, 41.743611393822093 ], [ -91.48156373531998, 41.743527666588847 ], [ -91.481431671383973, 41.743440249208696 ] ] ] ] } },
{ "type": "Feature", "properties": { "PPN": "0216478003", "TotalValue": 785200.0, "PropClass": "R", "pctLandVal": 0.15, "acreVal": 534149.65986394556, "SiteAddres": "3978 MACBRIDE PL NE", "credits": "HMST", "acres": 1.47, "permitNo": "BLD-24894", "permitType": "Dwelling", "permitDate": "10/25/2013", "permitYr": 2013, "nonmetro": 1 }, "geometry": { "type": "MultiPolygon", "coordinates": [ [ [ [ -91.54194957233338, 41.82002544553248 ], [ -91.542089500608114, 41.819627345094119 ], [ -91.543468482906249, 41.81990068207287 ], [ -91.543548497828198, 41.820167764811096 ], [ -91.543603299199916, 41.820350684044769 ], [ -91.54194957233338, 41.82002544553248 ] ] ] ] } },
{ "type": "Feature", "properties": { "PPN": "1336252001", "TotalValue": 482800.0, "PropClass": "R", "pctLandVal": 0.27, "acreVal": 50239.334027055156, "SiteAddres": "5660 COSGROVE RD SW", "credits": "HMST", "acres": 9.61, "permitNo": "BLD-17557", "permitType": "Dwelling", "permitDate": "11/2/2012", "permitYr": 2012, "nonmetro": 1 }, "geometry": { "type": "MultiPolygon", "coordinates": [ [ [ [ -91.732745375882828, 41.520982554743021 ], [ -91.732719572400583, 41.52240313637931 ], [ -91.729771051500734, 41.522376463277133 ], [ -91.729796980829605, 41.520952273625767 ], [ -91.732745375882828, 41.520982554743021 ] ] ] ] } },
{ "type": "Feature", "properties": { "PPN": "0216477009", "TotalValue": 726000.0, "PropClass": "R", "pctLandVal": 0.17, "acreVal": 480794.70198675501, "SiteAddres": "1593 SPARTAN CIR NE", "credits": "HMST", "acres": 1.51, "permitNo": "BLD-17390", "permitType": "Dwelling", "permitDate": "8/15/2012", "permitYr": 2012, "nonmetro": 1 }, "geometry": { "type": "MultiPolygon", "coordinates": [ [ [ [ -91.541999724042199, 41.817954660840151 ], [ -91.542010065509004, 41.817580569548639 ], [ -91.542010076338244, 41.817580569731007 ], [ -91.542971501847546, 41.817595455613507 ], [ -91.542958708215082, 41.818313015100131 ], [ -91.542868221881477, 41.81833258333068 ], [ -91.542780019951081, 41.818357308580474 ], [ -91.542694626784979, 41.818387043858422 ], [ -91.542612550048176, 41.818421612388654 ], [ -91.542597118988837, 41.818427512567474 ], [ -91.542580641088279, 41.818431527553599 ], [ -91.542563524934053, 41.81843355779101 ], [ -91.542546194940087, 41.818433552937798 ], [ -91.542529080822774, 41.818431513114206 ], [ -91.542512606945536, 41.818427488899978 ], [ -91.542497181796151, 41.818421580079914 ], [ -91.542483187857783, 41.818413933169687 ], [ -91.542470972124832, 41.818404737782721 ], [ -91.542198529114771, 41.818164468004241 ], [ -91.542189582264541, 41.818155081187818 ], [ -91.542182862912938, 41.818144706224892 ], [ -91.54217856079913, 41.818133636082436 ], [ -91.542176797404395, 41.818122183357673 ], [ -91.542177622521862, 41.818110671450981 ], [ -91.542179269077238, 41.818087573317939 ], [ -91.54217570540979, 41.818064596497493 ], [ -91.542167032801885, 41.818042393974707 ], [ -91.542153497727739, 41.818021596729103 ], [ -91.542135484848302, 41.818002795802634 ], [ -91.54211350607909, 41.817986525502853 ], [ -91.542088186041696, 41.817973248218657 ], [ -91.542060244312424, 41.817963341279516 ], [ -91.542030474972705, 41.81795708623229 ], [ -91.541999724042199, 41.817954660840151 ] ] ] ] } },
{ "type": "Feature", "properties": { "PPN": "1028377002", "TotalValue": 724700.0, "PropClass": "R", "pctLandVal": 0.23, "acreVal": 218942.59818731117, "SiteAddres": "3880 MEADOWVIEW LN SW", "credits": "NONE", "acres": 3.31, "permitNo": "BLD-26120", "permitType": "Dwelling", "permitDate": "9/30/2015", "permitYr": 2015, "nonmetro": 1 }, "geometry": { "type": "MultiPolygon", "coordinates": [ [ [ [ -91.551980786252756, 41.615891592334684 ], [ -91.552759911848497, 41.615523722057581 ], [ -91.552802864039535, 41.615568274652823 ], [ -91.552853116103435, 41.615608296884645 ], [ -91.552909828268952, 41.615643119924499 ], [ -91.552972052802588, 41.615672161828755 ], [ -91.553038749846777, 41.615694937264344 ], [ -91.553108804797759, 41.615711065619585 ], [ -91.553181046933048, 41.615720277365313 ], [ -91.553254268976886, 41.615722418559251 ], [ -91.55332724727684, 41.615717453418775 ], [ -91.553869115937644, 41.615653876293941 ], [ -91.553883420626477, 41.615653052856089 ], [ -91.553897720852063, 41.615653918851386 ], [ -91.553911664488709, 41.615656452955776 ], [ -91.55392490819122, 41.615660592770013 ], [ -91.553937125849288, 41.615666236356127 ], [ -91.553948016617468, 41.615673244747654 ], [ -91.553957312323178, 41.615681445371301 ], [ -91.553964784070089, 41.615690636296463 ], [ -91.553970247874418, 41.615700591207421 ], [ -91.553973569195435, 41.615711064976132 ], [ -91.554007957028887, 41.615861161636204 ], [ -91.554048394913693, 41.616010406646744 ], [ -91.554094845690742, 41.616158662711264 ], [ -91.554165593785598, 41.616370028936842 ], [ -91.552316459604995, 41.616471289211091 ], [ -91.551980786252756, 41.615891592334684 ] ] ] ] } },
{ "type": "Feature", "properties": { "PPN": "1314109001", "TotalValue": 131100.0, "PropClass": "R", "pctLandVal": 0.5, "acreVal": 142500.0, "SiteAddres": "1991 500TH ST SW", "credits": "NONE", "acres": 0.92, "permitNo": "BLD-24-32922", "permitType": "Dwelling", "permitDate": "10/30/2024", "permitYr": 2024, "nonmetro": 1 }, "geometry": { "type": "MultiPolygon", "coordinates": [ [ [ [ -91.733461832549395, 41.569654662792132 ], [ -91.732863507755553, 41.569657730405218 ], [ -91.732865779962964, 41.569403903746228 ], [ -91.732867968086893, 41.569159655340947 ], [ -91.732869527966869, 41.568985387436143 ], [ -91.733468019510454, 41.568986124711216 ], [ -91.733467843006764, 41.569005198272819 ], [ -91.733466449130518, 41.569155918318813 ], [ -91.73346413368013, 41.56940566645045 ], [ -91.733461832549395, 41.569654662792132 ] ] ] ] } },
{ "type": "Feature", "properties": { "PPN": "0216477010", "TotalValue": 653700.0, "PropClass": "R", "pctLandVal": 0.18, "acreVal": 622571.42857142852, "SiteAddres": "3959 MACBRIDE PL NE", "credits": "HMST", "acres": 1.05, "permitNo": "BLD-16271", "permitType": "Dwelling", "permitDate": "5/27/2010", "permitYr": 2010, "nonmetro": 1 }, "geometry": { "type": "MultiPolygon", "coordinates": [ [ [ [ -91.542971501847546, 41.817595455613507 ], [ -91.543638389924752, 41.81760577466747 ], [ -91.543619426229768, 41.818291680155617 ], [ -91.543277745613551, 41.818286393743684 ], [ -91.543170493440954, 41.818288258647449 ], [ -91.543063873555056, 41.818297155303497 ], [ -91.542958708215082, 41.818313015100131 ], [ -91.542971501847546, 41.817595455613507 ] ] ] ] } },
{ "type": "Feature", "properties": { "PPN": "1028377003", "TotalValue": 563000.0, "PropClass": "R", "pctLandVal": 0.3, "acreVal": 169578.31325301205, "SiteAddres": "3877 MEADOWVIEW LN SW", "credits": "NONE", "acres": 3.32, "permitNo": "BLD-27195", "permitType": "Dwelling", "permitDate": "6/13/2017", "permitYr": 2017, "nonmetro": 1 }, "geometry": { "type": "MultiPolygon", "coordinates": [ [ [ [ -91.552793892903892, 41.613889301575377 ], [ -91.55278134691018, 41.615174026428193 ], [ -91.552744956153688, 41.61517610384324 ], [ -91.552709527602417, 41.615182679002999 ], [ -91.55267604136786, 41.615193570009303 ], [ -91.552645423829631, 41.61520847556833 ], [ -91.55261852200789, 41.615226983325698 ], [ -91.552596080131266, 41.615248581273669 ], [ -91.5525787190481, 41.615272671915378 ], [ -91.552566919050705, 41.615298588794211 ], [ -91.552561006587737, 41.615325614930633 ], [ -91.552561145232531, 41.615353002657137 ], [ -91.55256733115705, 41.615379994302032 ], [ -91.552579393237053, 41.615405843150157 ], [ -91.552596997785272, 41.615429834100631 ], [ -91.552619657782216, 41.615451303450087 ], [ -91.552646746348884, 41.615469657253868 ], [ -91.552677514088984, 41.615484387757839 ], [ -91.55271110982082, 41.615495087445332 ], [ -91.552711114565184, 41.615495089326259 ], [ -91.552725620556373, 41.61549974845402 ], [ -91.552738843000611, 41.615506209916596 ], [ -91.552750388057504, 41.615514281254669 ], [ -91.552759911848497, 41.615523722057581 ], [ -91.551980786252756, 41.615891592334684 ], [ -91.551614848748287, 41.615259615373645 ], [ -91.552048980769527, 41.614351407494503 ], [ -91.552793892903892, 41.613889301575377 ] ] ] ] } },
{ "type": "Feature", "properties": { "PPN": "0818278002", "TotalValue": 1064200.0, "PropClass": "R", "pctLandVal": 0.12, "acreVal": 380071.42857142858, "SiteAddres": "2691 HIGHWAY 1 NE", "credits": "NONE", "acres": 2.8, "permitNo": "BLD-20-29026", "permitType": "Dwelling", "permitDate": "5/1/2020", "permitYr": 2020, "nonmetro": 1 }, "geometry": { "type": "MultiPolygon", "coordinates": [ [ [ [ -91.474346577747752, 41.73656305488003 ], [ -91.475620015312685, 41.736570614410233 ], [ -91.475577336776112, 41.73748584060359 ], [ -91.474171223108712, 41.737477744826194 ], [ -91.474346577747752, 41.73656305488003 ] ] ] ] } },
{ "type": "Feature", "properties": { "PPN": "1533180007", "TotalValue": 632100.0, "PropClass": "R", "pctLandVal": 0.16, "acreVal": 140155.21064301554, "SiteAddres": "3987 WINDWOOD RD SE", "credits": "HMST", "acres": 4.51, "permitNo": "BLD-24956", "permitType": "Dwelling", "permitDate": "12/5/2013", "permitYr": 2013, "nonmetro": 1 }, "geometry": { "type": "MultiPolygon", "coordinates": [ [ [ [ -91.54588693375473, 41.519191084956809 ], [ -91.544070966282547, 41.519212941549426 ], [ -91.543730540514019, 41.519312210842116 ], [ -91.543717225046422, 41.519291675533793 ], [ -91.543699561251742, 41.519273084951529 ], [ -91.543678038652629, 41.519256954298754 ], [ -91.543653253710104, 41.51924373060622 ], [ -91.543625893293523, 41.519233780343519 ], [ -91.543596715645492, 41.519227379263121 ], [ -91.543567672197355, 41.519224736013378 ], [ -91.543538439856178, 41.519225612937937 ], [ -91.54350976911806, 41.51922998752309 ], [ -91.543482396061009, 41.519237747457943 ], [ -91.54345702344763, 41.519248693517831 ], [ -91.543410861360144, 41.519274879004698 ], [ -91.543368038272106, 41.519304093866907 ], [ -91.543328904929851, 41.519336098820666 ], [ -91.543329844457929, 41.519114326965948 ], [ -91.543332176960064, 41.518553636177252 ], [ -91.544899316557419, 41.518522473763511 ], [ -91.54489142624162, 41.518296131495859 ], [ -91.545855357432771, 41.518285722514356 ], [ -91.545871147294505, 41.518738403344678 ], [ -91.54588693375473, 41.519191084956809 ] ] ] ] } },
{ "type": "Feature", "properties": { "PPN": "0216478001", "TotalValue": 600400.0, "PropClass": "R", "pctLandVal": 0.2, "acreVal": 431942.44604316552, "SiteAddres": "3990 MACBRIDE PL NE", "credits": "HMST", "acres": 1.39, "permitNo": "BLD-25454", "permitType": "Dwelling", "permitDate": "3/19/2015", "permitYr": 2015, "nonmetro": 1 }, "geometry": { "type": "MultiPolygon", "coordinates": [ [ [ [ -91.541850811136896, 41.820569296318233 ], [ -91.543662161120537, 41.820547152890001 ], [ -91.543708339512818, 41.820701286549792 ], [ -91.543491302887588, 41.820760522702962 ], [ -91.543271695924162, 41.820814197506266 ], [ -91.543049773233804, 41.820862248728275 ], [ -91.542825792114556, 41.820904620657451 ], [ -91.542600012252592, 41.820941264166876 ], [ -91.542372695421065, 41.820972136771175 ], [ -91.542144105176362, 41.820997202675848 ], [ -91.541914506552317, 41.821016432818816 ], [ -91.541850811136896, 41.820569296318233 ] ] ] ] } },
{ "type": "Feature", "properties": { "PPN": "0216477001", "TotalValue": 731200.0, "PropClass": "R", "pctLandVal": 0.16, "acreVal": 566821.70542635652, "SiteAddres": "3987 MACBRIDE PL NE", "credits": "HMST", "acres": 1.29, "permitNo": "BLD-26908", "permitType": "Dwelling", "permitDate": "11/22/2016", "permitYr": 2016, "nonmetro": 1 }, "geometry": { "type": "MultiPolygon", "coordinates": [ [ [ [ -91.540375814361113, 41.821025506873539 ], [ -91.540375447797615, 41.820565468236971 ], [ -91.541613056970974, 41.820609521694394 ], [ -91.541672992030271, 41.821030306857615 ], [ -91.541488868973133, 41.821036579011064 ], [ -91.541304588212782, 41.821039193278345 ], [ -91.541120279611562, 41.821038147817198 ], [ -91.540375814361113, 41.821025506873539 ] ] ] ] } },
{ "type": "Feature", "properties": { "PPN": "0327129002", "TotalValue": 440000.0, "PropClass": "R", "pctLandVal": 0.19, "acreVal": 1189189.1891891893, "SiteAddres": "1805 WENROSE DR NE", "credits": "HMST", "acres": 0.37, "permitNo": "BLD-25554", "permitType": "Dwelling", "permitDate": "11/26/2014", "permitYr": 2014, "nonmetro": 1 }, "geometry": { "type": "MultiPolygon", "coordinates": [ [ [ [ -91.644583131467115, 41.803386906741238 ], [ -91.645133245782304, 41.803388388797352 ], [ -91.645131916851355, 41.803662808615243 ], [ -91.644477178650462, 41.803661041495012 ], [ -91.644514189424896, 41.803580256008324 ], [ -91.644553152492662, 41.803484478082751 ], [ -91.644583131467115, 41.803386906741238 ] ] ] ] } },
{ "type": "Feature", "properties": { "PPN": "0522155001", "TotalValue": 822800.0, "PropClass": "R", "pctLandVal": 0.09, "acreVal": 433052.63157894742, "SiteAddres": "1721 LOWER OLD HIGHWAY 6 RD NW", "credits": "HMST", "acres": 1.9, "permitNo": "BLD-23-32110", "permitType": "Dwelling", "permitDate": "9/28/2023", "permitYr": 2023, "nonmetro": 1 }, "geometry": { "type": "MultiPolygon", "coordinates": [ [ [ [ -91.761520733414429, 41.725506095205134 ], [ -91.761526707255484, 41.72455548079342 ], [ -91.762392856660568, 41.724562297361963 ], [ -91.762387966468339, 41.725314362779962 ], [ -91.762386206617379, 41.725327194027351 ], [ -91.762381793147185, 41.725339661874429 ], [ -91.762374834390812, 41.725351460281182 ], [ -91.762365501159081, 41.72536229963972 ], [ -91.762354022547783, 41.725371913883173 ], [ -91.762340680314423, 41.725380067016651 ], [ -91.761983167857693, 41.72555805231729 ], [ -91.761946617724504, 41.725571146523912 ], [ -91.761913276727654, 41.725588389888706 ], [ -91.761883977141991, 41.725609351975429 ], [ -91.761859450360944, 41.725633509519156 ], [ -91.761859430125654, 41.725633502011874 ], [ -91.761520733414429, 41.725506095205134 ] ] ] ] } },
{ "type": "Feature", "properties": { "PPN": "0327129001", "TotalValue": 779900.0, "PropClass": "R", "pctLandVal": 0.16, "acreVal": 804020.618556701, "SiteAddres": "1801 WENROSE DR NE", "credits": "NONE", "acres": 0.97, "permitNo": "BLD-17240", "permitType": "Dwelling", "permitDate": "5/23/2012", "permitYr": 2012, "nonmetro": 1 }, "geometry": { "type": "MultiPolygon", "coordinates": [ [ [ [ -91.644477178650462, 41.803661041495012 ], [ -91.645131916851355, 41.803662808615243 ], [ -91.645129285071533, 41.804206298486534 ], [ -91.64424895702092, 41.804214460621921 ], [ -91.644274738846946, 41.804127504420826 ], [ -91.64430569637301, 41.8040414987438 ], [ -91.64434176753376, 41.803956615963131 ], [ -91.644477178650462, 41.803661041495012 ] ] ] ] } },
{ "type": "Feature", "properties": { "PPN": "0705303006", "TotalValue": 974700.0, "PropClass": "R", "pctLandVal": 0.13, "acreVal": 425633.18777292571, "SiteAddres": "3665 DANIELLE CT NE", "credits": "NONE", "acres": 2.29, "permitNo": "BLD-16520", "permitType": "Dwelling", "permitDate": "11/10/2010", "permitYr": 2010, "nonmetro": 1 }, "geometry": { "type": "MultiPolygon", "coordinates": [ [ [ [ -91.573509225205299, 41.765122807843809 ], [ -91.573511832676644, 41.765118957935059 ], [ -91.573514304498531, 41.765115058046518 ], [ -91.57351663941553, 41.765111109958518 ], [ -91.573518834863251, 41.765107119031995 ], [ -91.573520889639383, 41.76510308524697 ], [ -91.573522803637488, 41.765099012203905 ], [ -91.57352457194186, 41.765094903423652 ], [ -91.573526198079577, 41.765090761666329 ], [ -91.573527678390448, 41.765086588672375 ], [ -91.573529010336799, 41.765082388902634 ], [ -91.573530196270013, 41.765078164197156 ], [ -91.573531233705552, 41.765073917216526 ], [ -91.573532121334708, 41.765069651541197 ], [ -91.573532860253195, 41.765065370791653 ], [ -91.573533449232215, 41.765061075848138 ], [ -91.573533885734008, 41.765056771171402 ], [ -91.573534172056668, 41.765052460401733 ], [ -91.573534308173564, 41.765048144439369 ], [ -91.573534292775932, 41.765043826864819 ], [ -91.573534125757305, 41.765039511278538 ], [ -91.573533808213426, 41.765035201301053 ], [ -91.573533340091075, 41.765030898732569 ], [ -91.573532720108105, 41.765026606253556 ], [ -91.573531951738161, 41.765022328424422 ], [ -91.573531033752502, 41.765018066125336 ], [ -91.573529964815634, 41.765013823837037 ], [ -91.573528749683447, 41.765009603439459 ], [ -91.573527387047136, 41.765005408513225 ], [ -91.573525876800261, 41.765001242658826 ], [ -91.573524222523019, 41.764997106836155 ], [ -91.573522422880004, 41.764993005525945 ], [ -91.573520480222598, 41.764988940568259 ], [ -91.5735183968754, 41.764984914703419 ], [ -91.573516172705368, 41.764980932431961 ], [ -91.573513810116992, 41.76497699379383 ], [ -91.573511311381736, 41.76497310332951 ], [ -91.573508675217482, 41.764969263719379 ], [ -91.573505906353432, 41.764965477743601 ], [ -91.573503005965222, 41.764961746322257 ], [ -91.573499976351002, 41.76495807309567 ], [ -91.573496818633146, 41.764954460784161 ], [ -91.573493535136251, 41.764950912127922 ], [ -91.573490128211702, 41.764947428967218 ], [ -91.57348660258873, 41.76494401408204 ], [ -91.573482957038436, 41.764940668352637 ], [ -91.574538790227336, 41.764278218974091 ], [ -91.575345373347545, 41.765026518715572 ], [ -91.573983439507529, 41.765245261372748 ], [ -91.573766028812784, 41.765371229135972 ], [ -91.573509225205299, 41.765122807843809 ] ] ] ] } },
{ "type": "Feature", "properties": { "PPN": "1207402001", "TotalValue": 554500.0, "PropClass": "A, AD", "pctLandVal": 0.01, "acreVal": 113163.26530612244, "SiteAddres": "3703 BAXTER AVE SW", "credits": "HMST,AG,MI", "acres": 4.9, "permitNo": "BLD-19-28456", "permitType": "Dwelling", "permitDate": "7/2/2019", "permitYr": 2019, "nonmetro": 1 }, "geometry": { "type": "MultiPolygon", "coordinates": [ [ [ [ -91.815501135302526, 41.665091932654029 ], [ -91.816559111587537, 41.665078123641777 ], [ -91.816573691322546, 41.665705936581354 ], [ -91.816573695558958, 41.665706144668682 ], [ -91.816581369303222, 41.666036635235784 ], [ -91.815335463730392, 41.666029618786219 ], [ -91.815245730858223, 41.666133959230855 ], [ -91.813845727280309, 41.666018775273258 ], [ -91.813841942888132, 41.665741564884904 ], [ -91.813840743723958, 41.665653750600072 ], [ -91.813950522003694, 41.665652319722383 ], [ -91.815501135302526, 41.665091932654029 ] ] ] ] } },
{ "type": "Feature", "properties": { "PPN": "0327129004", "TotalValue": 653600.0, "PropClass": "R", "pctLandVal": 0.12, "acreVal": 1867428.5714285716, "SiteAddres": "1813 WENROSE DR NE", "credits": "HMST", "acres": 0.35, "permitNo": "BLD-26797", "permitType": "Dwelling", "permitDate": "9/22/2016", "permitYr": 2016, "nonmetro": 1 }, "geometry": { "type": "MultiPolygon", "coordinates": [ [ [ [ -91.644582815343796, 41.802838060014203 ], [ -91.645132932314894, 41.802839539486925 ], [ -91.645169679962521, 41.802839637812838 ], [ -91.645168352348136, 41.80311405950458 ], [ -91.644618226171417, 41.803112568382737 ], [ -91.644614250950795, 41.803020563157581 ], [ -91.644602431246241, 41.80292893568064 ], [ -91.644582815343796, 41.802838060014203 ] ] ] ] } },
{ "type": "Feature", "properties": { "PPN": "0327129003", "TotalValue": 541700.0, "PropClass": "R", "pctLandVal": 0.15, "acreVal": 1547714.2857142857, "SiteAddres": "1809 WENROSE DR NE", "credits": "HMST", "acres": 0.35, "permitNo": "BLD-17828", "permitType": "Dwelling", "permitDate": "5/31/2013", "permitYr": 2013, "nonmetro": 1 }, "geometry": { "type": "MultiPolygon", "coordinates": [ [ [ [ -91.644618226171417, 41.803112568382737 ], [ -91.645168352348136, 41.80311405950458 ], [ -91.645167024773869, 41.803388479369069 ], [ -91.645133245782304, 41.803388388797352 ], [ -91.644583131467115, 41.803386906741238 ], [ -91.644602631884482, 41.803296082192247 ], [ -91.644614346026941, 41.803204511635016 ], [ -91.644618226171417, 41.803112568382737 ] ] ] ] } },
{ "type": "Feature", "properties": { "PPN": "1630126001", "TotalValue": 401700.0, "PropClass": "R", "pctLandVal": 0.2, "acreVal": 146072.72727272726, "SiteAddres": "4741 540TH ST SE", "credits": "HMST", "acres": 2.75, "permitNo": "BLD-22-31250", "permitType": "Dwelling", "permitDate": "9/27/2022", "permitYr": 2022, "nonmetro": 1 }, "geometry": { "type": "MultiPolygon", "coordinates": [ [ [ [ -91.469122665334581, 41.539041611530223 ], [ -91.4691624024438, 41.539041192808426 ], [ -91.470342422555902, 41.5390287009768 ], [ -91.470349375187737, 41.540017459155528 ], [ -91.469140699121965, 41.540030207860248 ], [ -91.469122665334581, 41.539041611530223 ] ] ] ] } },
{ "type": "Feature", "properties": { "PPN": "0322453007", "TotalValue": 990900.0, "PropClass": "R", "pctLandVal": 0.13, "acreVal": 193157.89473684211, "SiteAddres": "1795 WENROSE DR NE", "credits": "HMST", "acres": 5.13, "permitNo": "BLD-17731", "permitType": "Dwelling", "permitDate": "3/27/2013", "permitYr": 2013, "nonmetro": 1 }, "geometry": { "type": "MultiPolygon", "coordinates": [ [ [ [ -91.64508076571785, 41.805355288527103 ], [ -91.645028008434153, 41.805360080486544 ], [ -91.644974879403605, 41.805359117579592 ], [ -91.644922494095724, 41.805352420022928 ], [ -91.644871952364568, 41.805340128434928 ], [ -91.644799296432097, 41.805315616573978 ], [ -91.644729249248996, 41.805287169539021 ], [ -91.644662190900064, 41.805254941688602 ], [ -91.644598485250683, 41.805219107896455 ], [ -91.644525802733654, 41.805170788714982 ], [ -91.644459211161546, 41.805117782719833 ], [ -91.644399248262999, 41.805060517947865 ], [ -91.644346398234575, 41.804999456825442 ], [ -91.644301087831067, 41.804935092434086 ], [ -91.644263682919814, 41.804867944528382 ], [ -91.644234485526894, 41.80479855533877 ], [ -91.644213731398864, 41.804727485192679 ], [ -91.644201588099861, 41.804655307989677 ], [ -91.644198153659374, 41.804582606567173 ], [ -91.644202230115098, 41.804490005074584 ], [ -91.644212072530934, 41.804397646492419 ], [ -91.644227659474893, 41.804305731702847 ], [ -91.64424895702092, 41.804214460621921 ], [ -91.645129285071533, 41.804206298486534 ], [ -91.64607168896471, 41.804197608693492 ], [ -91.646381757559325, 41.80549709182398 ], [ -91.645227992163299, 41.805381260786305 ], [ -91.645201795770603, 41.805368657190556 ], [ -91.645173127649571, 41.805359550353899 ], [ -91.645142813887773, 41.805354202694566 ], [ -91.645111727991946, 41.805352768308126 ], [ -91.64508076571785, 41.805355288527103 ] ] ] ] } },
{ "type": "Feature", "properties": { "PPN": "1328152003", "TotalValue": 376500.0, "PropClass": "R", "pctLandVal": 0.1, "acreVal": 684545.45454545447, "SiteAddres": "1496 HEIM STRASZE SW", "credits": "NONE", "acres": 0.55, "permitNo": "BLD-25865", "permitType": "Dwelling", "permitDate": "6/8/2015", "permitYr": 2015, "nonmetro": 1 }, "geometry": { "type": "MultiPolygon", "coordinates": [ [ [ [ -91.780760555876483, 41.537158911286483 ], [ -91.78018147529734, 41.537155611641715 ], [ -91.780188621882772, 41.536743977834362 ], [ -91.780773031245573, 41.53674733052722 ], [ -91.78076588775825, 41.537158940946405 ], [ -91.780760555876483, 41.537158911286483 ] ] ] ] } },
{ "type": "Feature", "properties": { "PPN": "0506301002", "TotalValue": 415900.0, "PropClass": "A, AD", "pctLandVal": 0.1, "acreVal": 10460.2615694165, "SiteAddres": "2324 ALPINE AVE NW", "credits": "HMST", "acres": 39.76, "permitNo": "BLD-23-31652", "permitType": "Dwelling", "permitDate": "5/18/2023", "permitYr": 2023, "nonmetro": 1 }, "geometry": { "type": "MultiPolygon", "coordinates": [ [ [ [ -91.82220471302314, 41.761503148929648 ], [ -91.822177571492887, 41.763039715830004 ], [ -91.823217282496216, 41.763305013654715 ], [ -91.826759334363473, 41.763257894727538 ], [ -91.826753472671314, 41.763439107973895 ], [ -91.826784058829617, 41.763438700252053 ], [ -91.827025081976885, 41.763435487147056 ], [ -91.82731865650652, 41.763431575924514 ], [ -91.827320261836689, 41.763550737256566 ], [ -91.827315052519438, 41.763669840803693 ], [ -91.827303038067839, 41.763788668209934 ], [ -91.827284240471286, 41.763907001624389 ], [ -91.827204902882642, 41.764329164302751 ], [ -91.827185739706067, 41.764414294813065 ], [ -91.827185735752138, 41.764414308263795 ], [ -91.826988337082952, 41.764416941545825 ], [ -91.825916780439982, 41.764431211237643 ], [ -91.823771144473255, 41.765205767328041 ], [ -91.823771433311762, 41.76566841927562 ], [ -91.822133134967345, 41.765557359913331 ], [ -91.822172676852261, 41.763318927084292 ], [ -91.817333194742559, 41.763396679809055 ], [ -91.817359406120715, 41.761589800257852 ], [ -91.82220471302314, 41.761503148929648 ] ] ] ] } },
{ "type": "Feature", "properties": { "PPN": "1328152001", "TotalValue": 366300.0, "PropClass": "R", "pctLandVal": 0.11, "acreVal": 666000.0, "SiteAddres": "1504 HEIM STRASZE SW", "credits": "HMST", "acres": 0.55, "permitNo": "BLD-20-28951", "permitType": "Dwelling", "permitDate": "6/4/2020", "permitYr": 2020, "nonmetro": 1 }, "geometry": { "type": "MultiPolygon", "coordinates": [ [ [ [ -91.779597061721518, 41.537152278468838 ], [ -91.779012648181663, 41.537148943245946 ], [ -91.779019802104401, 41.536737310410281 ], [ -91.779604213161889, 41.536740645615197 ], [ -91.779597061721518, 41.537152278468838 ] ] ] ] } },
{ "type": "Feature", "properties": { "PPN": "1328152002", "TotalValue": 440800.0, "PropClass": "R", "pctLandVal": 0.09, "acreVal": 801454.54545454541, "SiteAddres": "1500 HEIM STRASZE SW", "credits": "HMST", "acres": 0.55, "permitNo": "BLD-21-30291", "permitType": "Dwelling", "permitDate": "9/10/2021", "permitYr": 2021, "nonmetro": 1 }, "geometry": { "type": "MultiPolygon", "coordinates": [ [ [ [ -91.78018147529734, 41.537155611641715 ], [ -91.779597061721518, 41.537152278468838 ], [ -91.779604213161889, 41.536740645615197 ], [ -91.780188621882772, 41.536743977834362 ], [ -91.78018147529734, 41.537155611641715 ] ] ] ] } },
{ "type": "Feature", "properties": { "PPN": "0307407003", "TotalValue": 565800.0, "PropClass": "R", "pctLandVal": 0.14, "acreVal": 479491.52542372886, "SiteAddres": "639 SWISHER VIEW DR NW", "credits": "HMST", "acres": 1.18, "permitNo": "BLD-20-28967", "permitType": "Dwelling", "permitDate": "3/17/2020", "permitYr": 2020, "nonmetro": 1 }, "geometry": { "type": "MultiPolygon", "coordinates": [ [ [ [ -91.700143490219617, 41.84006101404276 ], [ -91.700070107792513, 41.840061253464697 ], [ -91.700071014209996, 41.84022595906513 ], [ -91.699799276136517, 41.840227022176975 ], [ -91.699739872761711, 41.840220417803806 ], [ -91.699679942948151, 41.840217504421261 ], [ -91.699394078428952, 41.840212465749119 ], [ -91.699416632720059, 41.839497117902567 ], [ -91.700140456640625, 41.839509876212269 ], [ -91.700143490219617, 41.84006101404276 ] ] ] ] } },
{ "type": "Feature", "properties": { "PPN": "0322453001", "TotalValue": 676400.0, "PropClass": "R", "pctLandVal": 0.14, "acreVal": 375777.77777777775, "SiteAddres": "1798 WENROSE DR NE", "credits": "NONE", "acres": 1.8, "permitNo": "BLD-26483", "permitType": "Dwelling", "permitDate": "5/19/2016", "permitYr": 2016, "nonmetro": 1 }, "geometry": { "type": "MultiPolygon", "coordinates": [ [ [ [ -91.643701122216925, 41.805062338792546 ], [ -91.643479325302764, 41.804857944838758 ], [ -91.643394929740097, 41.804790840526216 ], [ -91.643316721271944, 41.804719663374762 ], [ -91.643245050076672, 41.804644732098765 ], [ -91.643180237056868, 41.804566382221488 ], [ -91.643122572402845, 41.804484964572644 ], [ -91.64307231429342, 41.804400843717268 ], [ -91.643029687740238, 41.804314396323228 ], [ -91.642994883580812, 41.804226009474405 ], [ -91.643444763453047, 41.804221857281483 ], [ -91.644061766682569, 41.804216161008796 ], [ -91.644036747350086, 41.804337133082832 ], [ -91.644021071484687, 41.804458981793864 ], [ -91.644014791070845, 41.80458130347445 ], [ -91.644017851159234, 41.804656819801508 ], [ -91.644028949207623, 41.80473191311772 ], [ -91.644048014570913, 41.804806105226405 ], [ -91.644074925866789, 41.804878923668191 ], [ -91.644109511748056, 41.804949904729838 ], [ -91.644151551993147, 41.805018596397133 ], [ -91.644200778907972, 41.805084561233656 ], [ -91.644256879030038, 41.805147379166378 ], [ -91.64431949512435, 41.805206650161161 ], [ -91.644388228457927, 41.805261996770135 ], [ -91.644462641338734, 41.805313066535803 ], [ -91.644242018180506, 41.805465720341424 ], [ -91.643701122216925, 41.805062338792546 ] ] ] ] } },
{ "type": "Feature", "properties": { "PPN": "1314227001", "TotalValue": 346400.0, "PropClass": "R", "pctLandVal": 0.2, "acreVal": 194606.74157303371, "SiteAddres": "1811 500TH ST SW", "credits": "HMST", "acres": 1.78, "permitNo": "BLD-17870", "permitType": "Dwelling", "permitDate": "7/16/2013", "permitYr": 2013, "nonmetro": 1 }, "geometry": { "type": "MultiPolygon", "coordinates": [ [ [ [ -91.751767177534916, 41.569668080853205 ], [ -91.75176706636951, 41.56972299498257 ], [ -91.750743024887285, 41.569731352513983 ], [ -91.750511553476855, 41.569731723174137 ], [ -91.750512166550607, 41.569677003933727 ], [ -91.750518509673952, 41.569108762631402 ], [ -91.751768318914628, 41.569104656697348 ], [ -91.751767177534916, 41.569668080853205 ] ] ] ] } },
{ "type": "Feature", "properties": { "PPN": "0229435001", "TotalValue": 2019600.0, "PropClass": "R", "pctLandVal": 0.5, "acreVal": 3960000.0, "SiteAddres": "3721 COTTAGE RESERVE RD NE", "credits": "HMST", "acres": 0.51, "permitNo": "BLD-18-27893", "permitType": "Dwelling", "permitDate": "6/27/2018", "permitYr": 2018, "nonmetro": 1 }, "geometry": { "type": "MultiPolygon", "coordinates": [ [ [ [ -91.566004558171898, 41.793217950695919 ], [ -91.566287664711169, 41.792768693893777 ], [ -91.566299445377183, 41.792749998865943 ], [ -91.566331615597193, 41.792784871605434 ], [ -91.566398006032287, 41.792812758009376 ], [ -91.566462457697597, 41.792844457508743 ], [ -91.566470062948667, 41.792844706519311 ], [ -91.566482659775573, 41.79284512052844 ], [ -91.566539073840602, 41.792846973179302 ], [ -91.566611015692317, 41.792832404860043 ], [ -91.566677860132003, 41.79285700440542 ], [ -91.566695492946081, 41.792887930290597 ], [ -91.566674330012532, 41.792921921982227 ], [ -91.566403305462288, 41.793357237397998 ], [ -91.566004558171898, 41.793217950695919 ] ] ] ] } },
{ "type": "Feature", "properties": { "PPN": "0536377001", "TotalValue": 546400.0, "PropClass": "R", "pctLandVal": 0.13, "acreVal": 341500.0, "SiteAddres": "2096 340TH ST SW", "credits": "HMST", "acres": 1.6, "permitNo": "BLD-19-28859", "permitType": "Dwelling", "permitDate": "3/2/2020", "permitYr": 2020, "nonmetro": 1 }, "geometry": { "type": "MultiPolygon", "coordinates": [ [ [ [ -91.726083043008884, 41.687572172011421 ], [ -91.72689556529275, 41.687572896385625 ], [ -91.726937600116557, 41.688399903063925 ], [ -91.726068075450186, 41.688414606819492 ], [ -91.726083043008884, 41.687572172011421 ] ] ] ] } },
{ "type": "Feature", "properties": { "PPN": "0211177001", "TotalValue": 574900.0, "PropClass": "R", "pctLandVal": 0.17, "acreVal": 126629.95594713656, "SiteAddres": "1285 HIGHWAY 1 NE", "credits": "HMST", "acres": 4.54, "permitNo": "BLD-26937", "permitType": "Dwelling", "permitDate": "12/20/2016", "permitYr": 2016, "nonmetro": 1 }, "geometry": { "type": "MultiPolygon", "coordinates": [ [ [ [ -91.501558021964669, 41.840988971594989 ], [ -91.501510665146242, 41.84057380135151 ], [ -91.501449632460279, 41.840297376693421 ], [ -91.504163786873292, 41.840342181898109 ], [ -91.504139607172007, 41.841161494457893 ], [ -91.501558021964669, 41.840988971594989 ] ] ] ] } },
{ "type": "Feature", "properties": { "PPN": "1028253006", "TotalValue": 716900.0, "PropClass": "R", "pctLandVal": 0.22, "acreVal": 716900.0, "SiteAddres": "3801 SIERRA TER SW", "credits": "HMST", "acres": 1.0, "permitNo": "BLD-19-28865", "permitType": "Dwelling", "permitDate": "1/2/2020", "permitYr": 2020, "nonmetro": 1 }, "geometry": { "type": "MultiPolygon", "coordinates": [ [ [ [ -91.559673545321033, 41.622898232578066 ], [ -91.559715591426993, 41.6219778534402 ], [ -91.560155286776052, 41.621961828993477 ], [ -91.560108855329815, 41.622982778171092 ], [ -91.559823148484725, 41.622975485041749 ], [ -91.559809659, 41.622974384380548 ], [ -91.559796535123368, 41.622971797939933 ], [ -91.559784065862772, 41.62296778267725 ], [ -91.559772525810359, 41.622962427014805 ], [ -91.559762169095492, 41.622955848892488 ], [ -91.559753223788462, 41.622948193170537 ], [ -91.559730171542114, 41.622928548822422 ], [ -91.559703404284122, 41.622911765015346 ], [ -91.559673545321033, 41.622898232578066 ] ] ] ] } },
{ "type": "Feature", "properties": { "PPN": "0604227001", "TotalValue": 392000.0, "PropClass": "R", "pctLandVal": 0.22, "acreVal": 98989.898989898997, "SiteAddres": "2635 SWAN LAKE RD NW", "credits": "HMST", "acres": 3.96, "permitNo": "BLD-21-29766", "permitType": "Dwelling", "permitDate": "3/3/2021", "permitYr": 2021, "nonmetro": 1 }, "geometry": { "type": "MultiPolygon", "coordinates": [ [ [ [ -91.673160076507116, 41.775008677856256 ], [ -91.673159121812148, 41.774883516344865 ], [ -91.672606587026877, 41.774885881208391 ], [ -91.67245442216435, 41.774859869082249 ], [ -91.672301009172671, 41.774838353873506 ], [ -91.672146585115627, 41.774821368828817 ], [ -91.672142125679386, 41.774236742317285 ], [ -91.672568080992306, 41.773992101652183 ], [ -91.672934672695064, 41.773990531436084 ], [ -91.674271505339433, 41.774302797320608 ], [ -91.67411393177386, 41.774447400229228 ], [ -91.674125469493688, 41.774879450747655 ], [ -91.673997159540676, 41.774879921513723 ], [ -91.67388498185322, 41.774880403454091 ], [ -91.673887244234223, 41.775175927446618 ], [ -91.673160076507116, 41.775008677856256 ] ] ], [ [ [ -91.673162582333475, 41.775336309141387 ], [ -91.673161528678861, 41.775198468261451 ], [ -91.673749837458232, 41.7753337930193 ], [ -91.673162582333475, 41.775336309141387 ] ] ] ] } },
{ "type": "Feature", "properties": { "PPN": "1028253001", "TotalValue": 128000.0, "PropClass": "R", "pctLandVal": 1.0, "acreVal": 128000.0, "SiteAddres": "3802 SIERRA TER SW", "credits": "NONE", "acres": 1.0, "permitNo": "BLD-25-33306", "permitType": "Dwelling", "permitDate": "5/2/2025", "permitYr": 2025, "nonmetro": 1 }, "geometry": { "type": "MultiPolygon", "coordinates": [ [ [ [ -91.559618300746166, 41.624106548429801 ], [ -91.559659323114317, 41.623209470227593 ], [ -91.559690368695072, 41.623197494724394 ], [ -91.559718622214689, 41.623182111964141 ], [ -91.559743424825697, 41.623163680660639 ], [ -91.559753044874697, 41.623156500421914 ], [ -91.559763975121143, 41.623150467462352 ], [ -91.559775974866881, 41.623145714635328 ], [ -91.559788779862231, 41.623142346604112 ], [ -91.559802108124998, 41.623140437536982 ], [ -91.559815666150143, 41.623140029473952 ], [ -91.56010137064635, 41.62314734508535 ], [ -91.560087797383801, 41.623445783290634 ], [ -91.559969329202787, 41.624198027568475 ], [ -91.559853546737159, 41.624322394928022 ], [ -91.559618300746166, 41.624106548429801 ] ] ] ] } },
{ "type": "Feature", "properties": { "PPN": "1028254001", "TotalValue": 726400.0, "PropClass": "R", "pctLandVal": 0.22, "acreVal": 726400.0, "SiteAddres": "3835 PALISADE PL SW", "credits": "HMST", "acres": 1.0, "permitNo": "BLD-23-31570", "permitType": "Dwelling", "permitDate": "3/16/2023", "permitYr": 2023, "nonmetro": 1 }, "geometry": { "type": "MultiPolygon", "coordinates": [ [ [ [ -91.5572114063539, 41.620536570036315 ], [ -91.557171909744213, 41.620538892965804 ], [ -91.557133527300962, 41.620546258648318 ], [ -91.557097393790841, 41.620558449319482 ], [ -91.557064577492881, 41.620575104565347 ], [ -91.557036048615629, 41.620595731977652 ], [ -91.557012650613387, 41.620619721711549 ], [ -91.556995075249503, 41.620646364515061 ], [ -91.556983842144177, 41.620674872698032 ], [ -91.556979283411209, 41.620704403419417 ], [ -91.55698153383824, 41.620734083605932 ], [ -91.556990526900634, 41.620763035764234 ], [ -91.557005996727256, 41.620790403923863 ], [ -91.556307185735179, 41.621068256403781 ], [ -91.555718372508721, 41.620527918097771 ], [ -91.5572114063539, 41.620536570036315 ] ] ] ] } },
{ "type": "Feature", "properties": { "PPN": "0310204003", "TotalValue": 497200.0, "PropClass": "R", "pctLandVal": 0.21, "acreVal": 528936.17021276604, "SiteAddres": "1227 CURTIS BRIDGE RD NE", "credits": "HMST", "acres": 0.94, "permitNo": "BLD-25711", "permitType": "Dwelling", "permitDate": "4/8/2015", "permitYr": 2015, "nonmetro": 0 }, "geometry": { "type": "MultiPolygon", "coordinates": [ [ [ [ -91.646277559734017, 41.845762481300298 ], [ -91.646291633507744, 41.845303699994325 ], [ -91.647188365550647, 41.845315296543973 ], [ -91.647185396187453, 41.845444666345244 ], [ -91.64717783720036, 41.845773925411912 ], [ -91.646277559734017, 41.845762481300298 ] ] ] ] } },
{ "type": "Feature", "properties": { "PPN": "0316351010", "TotalValue": 645200.0, "PropClass": "R", "pctLandVal": 0.16, "acreVal": 508031.49606299214, "SiteAddres": "2649 HUNTER CT NW", "credits": "HMST", "acres": 1.27, "permitNo": "BLD-17225", "permitType": "Dwelling", "permitDate": "5/16/2012", "permitYr": 2012, "nonmetro": 1 }, "geometry": { "type": "MultiPolygon", "coordinates": [ [ [ [ -91.672054740126057, 41.821071545351344 ], [ -91.671654032048664, 41.821006472733757 ], [ -91.671285384000996, 41.820133205772436 ], [ -91.671766842077503, 41.820019453939096 ], [ -91.671782262440729, 41.820148053127745 ], [ -91.672161658671698, 41.820442257371077 ], [ -91.672054740126057, 41.821071545351344 ] ] ] ] } },
{ "type": "Feature", "properties": { "PPN": "1028253003", "TotalValue": 759200.0, "PropClass": "R", "pctLandVal": 0.21, "acreVal": 709532.71028037381, "SiteAddres": "3806 SIERRA TER SW", "credits": "NONE", "acres": 1.07, "permitNo": "BLD-21-30385", "permitType": "Dwelling", "permitDate": "10/26/2021", "permitYr": 2021, "nonmetro": 1 }, "geometry": { "type": "MultiPolygon", "coordinates": [ [ [ [ -91.557911846122451, 41.622540759961439 ], [ -91.559254833262273, 41.622893565654458 ], [ -91.559380371414605, 41.622956304953085 ], [ -91.559361488701043, 41.622982145889267 ], [ -91.559348779880636, 41.623010030780712 ], [ -91.559342620128973, 41.62303913645858 ], [ -91.55934319129247, 41.62306860371497 ], [ -91.559350476519199, 41.623097562666921 ], [ -91.559364260755345, 41.623125158435741 ], [ -91.558777381386335, 41.623334960180259 ], [ -91.557911846122451, 41.622540759961439 ] ] ] ] } },
{ "type": "Feature", "properties": { "PPN": "0712151001", "TotalValue": 2647399.9999999995, "PropClass": "R", "pctLandVal": 0.18, "acreVal": 101007.24914154902, "SiteAddres": "2465  QUINCY RD NE", "credits": "NONE", "acres": 26.21, "permitNo": "BLD-22-31388", "permitType": "Dwelling", "permitDate": "11/14/2022", "permitYr": 2022, "nonmetro": 1 }, "geometry": { "type": "MultiPolygon", "coordinates": [ [ [ [ -91.491390018504148, 41.754843442803484 ], [ -91.487813750745545, 41.754825951148163 ], [ -91.487831876878261, 41.752491196141058 ], [ -91.49274714091375, 41.752508927521895 ], [ -91.492721393784606, 41.75484992649411 ], [ -91.491390018504148, 41.754843442803484 ] ] ] ] } },
{ "type": "Feature", "properties": { "PPN": "1501101001", "TotalValue": 425800.0, "PropClass": "R", "pctLandVal": 0.2, "acreVal": 137799.35275080908, "SiteAddres": "4611 SIOUX AVE SE", "credits": "HMST", "acres": 3.09, "permitNo": "BLD-26738", "permitType": "Dwelling", "permitDate": "9/2/2016", "permitYr": 2016, "nonmetro": 1 }, "geometry": { "type": "MultiPolygon", "coordinates": [ [ [ [ -91.482134221544243, 41.597275674161004 ], [ -91.48327647642914, 41.597292685599051 ], [ -91.483260666605375, 41.598472035558487 ], [ -91.483177242287098, 41.598477265220986 ], [ -91.483095038598904, 41.598489150661756 ], [ -91.483014995217729, 41.598507556017424 ], [ -91.482938027127801, 41.598532270894822 ], [ -91.482865014162115, 41.598563012775934 ], [ -91.48286499977182, 41.598563012525403 ], [ -91.482692542269163, 41.598563293581201 ], [ -91.482692531476417, 41.598563293393276 ], [ -91.482356956771412, 41.598280012386617 ], [ -91.482304194098774, 41.598231111773948 ], [ -91.48225764730968, 41.598178775486197 ], [ -91.482217711039581, 41.598123447260846 ], [ -91.48218472387353, 41.598065596201614 ], [ -91.482158965475747, 41.598005712800983 ], [ -91.48214065421918, 41.597944304781365 ], [ -91.482129945334549, 41.597881892790348 ], [ -91.482126929594941, 41.597819005986032 ], [ -91.482134221544243, 41.597275674161004 ] ] ], [ [ [ -91.481996271232489, 41.598564424635669 ], [ -91.482001118444558, 41.598203305934604 ], [ -91.482039967396901, 41.598257426121911 ], [ -91.482083518248785, 41.598309490441764 ], [ -91.482131578764694, 41.598359269066648 ], [ -91.482183936800595, 41.598406542258338 ], [ -91.482370244129726, 41.598563817383166 ], [ -91.481996271232489, 41.598564424635669 ] ] ] ] } },
{ "type": "Feature", "properties": { "PPN": "1121327001", "TotalValue": 260500.0, "PropClass": "R", "pctLandVal": 0.34, "acreVal": 102964.42687747035, "SiteAddres": "4126 IVY AVE SW", "credits": "NONE", "acres": 2.53, "permitNo": "BLD-23-32217", "permitType": "Dwelling", "permitDate": "11/28/2023", "permitYr": 2023, "nonmetro": 1 }, "geometry": { "type": "MultiPolygon", "coordinates": [ [ [ [ -91.676314740813638, 41.634856098480618 ], [ -91.675227605825853, 41.634842382178469 ], [ -91.675250375122161, 41.633827105461329 ], [ -91.676338145970433, 41.633840830922608 ], [ -91.676314740813638, 41.634856098480618 ] ] ] ] } },
{ "type": "Feature", "properties": { "PPN": "1312227001", "TotalValue": 263800.0, "PropClass": "R", "pctLandVal": 0.27, "acreVal": 141827.95698924729, "SiteAddres": "4824 COSGROVE RD SW", "credits": "HMST", "acres": 1.86, "permitNo": "BLD-25059", "permitType": "Dwelling", "permitDate": "4/7/2014", "permitYr": 2014, "nonmetro": 1 }, "geometry": { "type": "MultiPolygon", "coordinates": [ [ [ [ -91.731804499158287, 41.581641168358033 ], [ -91.731767818569537, 41.582218789359494 ], [ -91.730361766513226, 41.582170654386715 ], [ -91.73039685499009, 41.581592976888786 ], [ -91.731804499158287, 41.581641168358033 ] ] ] ] } },
{ "type": "Feature", "properties": { "PPN": "1028254003", "TotalValue": 770600.0, "PropClass": "R", "pctLandVal": 0.21, "acreVal": 762970.29702970292, "SiteAddres": "3826 PALISADE PL SW", "credits": "HMST", "acres": 1.01, "permitNo": "BLD-21-30493", "permitType": "Dwelling", "permitDate": "11/16/2021", "permitYr": 2021, "nonmetro": 1 }, "geometry": { "type": "MultiPolygon", "coordinates": [ [ [ [ -91.557350947856463, 41.621375495703411 ], [ -91.557356422758218, 41.620842701956882 ], [ -91.557383091140679, 41.620823231174512 ], [ -91.557405235079486, 41.620800793218976 ], [ -91.557433166930963, 41.620772746916302 ], [ -91.55746702954211, 41.620748658743089 ], [ -91.557505843072107, 41.620729225705134 ], [ -91.557548484425496, 41.620715010108533 ], [ -91.557593719749292, 41.620706423289427 ], [ -91.557640240134617, 41.620703713712025 ], [ -91.558018583803687, 41.620705900986117 ], [ -91.558011065237721, 41.621441495565506 ], [ -91.557754531515528, 41.621377723162652 ], [ -91.557350947856463, 41.621375495703411 ] ] ] ] } },
{ "type": "Feature", "properties": { "PPN": "1108428002", "TotalValue": 799700.0, "PropClass": "R", "pctLandVal": 0.19, "acreVal": 78478.900883218841, "SiteAddres": "3750 HALF MOON AVE SW", "credits": "HMST", "acres": 10.19, "permitNo": "BLD-17262", "permitType": "Dwelling", "permitDate": "7/6/2012", "permitYr": 2012, "nonmetro": 1 }, "geometry": { "type": "MultiPolygon", "coordinates": [ [ [ [ -91.681153165141936, 41.66240058774023 ], [ -91.681148573887185, 41.661476781738685 ], [ -91.68374738495308, 41.661510009574116 ], [ -91.684662147131888, 41.661522482718937 ], [ -91.685941776817231, 41.661539099226523 ], [ -91.685928465771752, 41.662478850460133 ], [ -91.681153165141936, 41.66240058774023 ] ] ] ] } },
{ "type": "Feature", "properties": { "PPN": "1028254004", "TotalValue": 911200.0, "PropClass": "R", "pctLandVal": 0.18, "acreVal": 911200.0, "SiteAddres": "3818 PALISADE PL SW", "credits": "NONE", "acres": 1.0, "permitNo": "BLD-21-30545", "permitType": "Dwelling", "permitDate": "12/9/2021", "permitYr": 2021, "nonmetro": 1 }, "geometry": { "type": "MultiPolygon", "coordinates": [ [ [ [ -91.558011065237721, 41.621441495565506 ], [ -91.558018583803687, 41.620705900986117 ], [ -91.558257693558616, 41.620707283686144 ], [ -91.558314938150389, 41.620710430583472 ], [ -91.558371145909334, 41.620719156219863 ], [ -91.558425355481091, 41.620733311355707 ], [ -91.558476639685935, 41.620752653887301 ], [ -91.558524121376379, 41.620776852987682 ], [ -91.558566988439125, 41.620805494764575 ], [ -91.55885370334309, 41.621023904454887 ], [ -91.558218854877865, 41.621493148969606 ], [ -91.558011065237721, 41.621441495565506 ] ] ] ] } },
{ "type": "Feature", "properties": { "PPN": "0210478001", "TotalValue": 561300.0, "PropClass": "A, AD", "pctLandVal": 0.01, "acreVal": 175406.25, "SiteAddres": "4192 140TH ST NE", "credits": "HMST,AG,MI", "acres": 3.2, "permitNo": "BLD-23-32086", "permitType": "Dwelling", "permitDate": "9/13/2023", "permitYr": 2023, "nonmetro": 1 }, "geometry": { "type": "MultiPolygon", "coordinates": [ [ [ [ -91.521546991138337, 41.833529032878673 ], [ -91.520657857943064, 41.833513887770891 ], [ -91.52066468627099, 41.831971713318445 ], [ -91.52159394343164, 41.831987551305083 ], [ -91.521546991138337, 41.833529032878673 ] ] ] ] } },
{ "type": "Feature", "properties": { "PPN": "1028254005", "TotalValue": 1082400.0, "PropClass": "R", "pctLandVal": 0.15, "acreVal": 1082400.0, "SiteAddres": "3814 PALISADE PL SW", "credits": "HMST", "acres": 1.0, "permitNo": "BLD-19-28500", "permitType": "Dwelling", "permitDate": "7/30/2019", "permitYr": 2019, "nonmetro": 1 }, "geometry": { "type": "MultiPolygon", "coordinates": [ [ [ [ -91.558218854877865, 41.621493148969606 ], [ -91.55885370334309, 41.621023904454887 ], [ -91.55922978822224, 41.62131038950897 ], [ -91.559282381472812, 41.621346341917288 ], [ -91.559339838050661, 41.621377825701863 ], [ -91.559401486912151, 41.6214044731556 ], [ -91.559466608048041, 41.621425973055715 ], [ -91.559534440893046, 41.621442074298876 ], [ -91.559484222948527, 41.621588235981939 ], [ -91.558667445514899, 41.621644496879888 ], [ -91.558218854877865, 41.621493148969606 ] ] ] ] } },
{ "type": "Feature", "properties": { "PPN": "0614452004", "TotalValue": 453400.0, "PropClass": "R", "pctLandVal": 0.15, "acreVal": 156344.8275862069, "SiteAddres": "3128 W HAUER DR NE", "credits": "HMST", "acres": 2.9, "permitNo": "BLD-27395", "permitType": "Dwelling", "permitDate": "9/6/2017", "permitYr": 2017, "nonmetro": 0 }, "geometry": { "type": "MultiPolygon", "coordinates": [ [ [ [ -91.622473186832323, 41.731599459178106 ], [ -91.622484616539452, 41.731049021443241 ], [ -91.624792888362478, 41.731051245512965 ], [ -91.624782169407865, 41.73160168473288 ], [ -91.622473186832323, 41.731599459178106 ] ] ] ] } },
{ "type": "Feature", "properties": { "PPN": "0210477001", "TotalValue": 416400.0, "PropClass": "R", "pctLandVal": 0.24, "acreVal": 90521.739130434784, "SiteAddres": "4188 140TH ST NE", "credits": "HMST", "acres": 4.6, "permitNo": "BLD-20-29091", "permitType": "Dwelling", "permitDate": "5/21/2020", "permitYr": 2020, "nonmetro": 1 }, "geometry": { "type": "MultiPolygon", "coordinates": [ [ [ [ -91.521594777890172, 41.831960117401835 ], [ -91.522879560247361, 41.831981998714731 ], [ -91.5228788632147, 41.832004889840881 ], [ -91.522831803289307, 41.833550913786176 ], [ -91.521546991138337, 41.833529032878673 ], [ -91.52159394343164, 41.831987551305083 ], [ -91.521594777890172, 41.831960117401835 ] ] ] ] } },
{ "type": "Feature", "properties": { "PPN": "0215428002", "TotalValue": 810600.0, "PropClass": "R", "pctLandVal": 0.1, "acreVal": 407336.68341708538, "SiteAddres": "4130  HIGHWAY 382 NE", "credits": "NONE", "acres": 1.99, "permitNo": "BLD-26027", "permitType": "Dwelling", "permitDate": "8/24/2015", "permitYr": 2015, "nonmetro": 1 }, "geometry": { "type": "MultiPolygon", "coordinates": [ [ [ [ -91.529872204619238, 41.82166518862973 ], [ -91.529334818732082, 41.821027667351323 ], [ -91.528592035582022, 41.820146451574274 ], [ -91.529020204074342, 41.820242809718863 ], [ -91.529558267751426, 41.820881170095589 ], [ -91.530197554969689, 41.820777454513497 ], [ -91.530363304107098, 41.821508361175916 ], [ -91.530361515976352, 41.821668260279061 ], [ -91.529872204619238, 41.82166518862973 ] ] ] ] } },
{ "type": "Feature", "properties": { "PPN": "1719328001", "TotalValue": 195700.0, "PropClass": "A, AD", "pctLandVal": 0.01, "acreVal": 110564.97175141243, "SiteAddres": "6526 SIOUX AVE SE", "credits": "HMST, AG", "acres": 1.77, "permitNo": "BLD-24-32846", "permitType": "Dwelling", "permitDate": "9/30/2024", "permitYr": 2024, "nonmetro": 1 }, "geometry": { "type": "MultiPolygon", "coordinates": [ [ [ [ -91.481306438869311, 41.458230766264165 ], [ -91.481808899204495, 41.45888962572289 ], [ -91.480367607472971, 41.458871777154521 ], [ -91.480382056893447, 41.458219056928833 ], [ -91.481306438869311, 41.458230766264165 ] ] ] ] } },
{ "type": "Feature", "properties": { "PPN": "0921155001", "TotalValue": 616700.0, "PropClass": "R", "pctLandVal": 0.26, "acreVal": 518235.29411764711, "SiteAddres": "4086 ROLLING PRAIRIE DR SE", "credits": "HMST", "acres": 1.19, "permitNo": "BLD-22-30882", "permitType": "Dwelling", "permitDate": "5/24/2022", "permitYr": 2022, "nonmetro": 1 }, "geometry": { "type": "MultiPolygon", "coordinates": [ [ [ [ -91.431394782778199, 41.635501071020229 ], [ -91.431611223975693, 41.635112895676507 ], [ -91.431611388641286, 41.63511292743501 ], [ -91.43261809735516, 41.635309008377305 ], [ -91.432601477320091, 41.635369206989083 ], [ -91.432573341931786, 41.635504792651048 ], [ -91.432556851848034, 41.635561480486167 ], [ -91.43253136973172, 41.635616262799829 ], [ -91.432416783815853, 41.635821769567798 ], [ -91.431394996753937, 41.635501137883246 ], [ -91.431394782778199, 41.635501071020229 ] ] ] ] } },
{ "type": "Feature", "properties": { "PPN": "1225351002", "TotalValue": 2062300.0000000002, "PropClass": "R", "pctLandVal": 0.08, "acreVal": 120110.65812463599, "SiteAddres": "2006 KESTREL RDG SW", "credits": "HMST", "acres": 17.17, "permitNo": "BLD-18-27913", "permitType": "Dwelling", "permitDate": "7/30/2018", "permitYr": 2018, "nonmetro": 1 }, "geometry": { "type": "MultiPolygon", "coordinates": [ [ [ [ -91.731436224395878, 41.619113414043561 ], [ -91.731906119012407, 41.618292229866803 ], [ -91.731480151717079, 41.616654337284757 ], [ -91.731952623114537, 41.616667608677723 ], [ -91.735791015530964, 41.616885481516483 ], [ -91.73579568593523, 41.618296494533006 ], [ -91.733418940918853, 41.618263982194186 ], [ -91.731416393234412, 41.61982558333483 ], [ -91.731436224395878, 41.619113414043561 ] ] ] ] } },
{ "type": "Feature", "properties": { "PPN": "0921155002", "TotalValue": 824300.0, "PropClass": "R", "pctLandVal": 0.2, "acreVal": 704529.91452991473, "SiteAddres": "4096 ROLLING PRAIRIE DR SE", "credits": "NONE", "acres": 1.17, "permitNo": "BLD-22-31106", "permitType": "Dwelling", "permitDate": "8/8/2022", "permitYr": 2022, "nonmetro": 1 }, "geometry": { "type": "MultiPolygon", "coordinates": [ [ [ [ -91.431611223975693, 41.635112895676507 ], [ -91.431803977811811, 41.634767204676464 ], [ -91.432936943844055, 41.63476701391243 ], [ -91.433000302391889, 41.634767126839876 ], [ -91.432701657563115, 41.635155831836308 ], [ -91.432667734199001, 41.635204947136778 ], [ -91.43263980608053, 41.635256142938658 ], [ -91.43261809735516, 41.635309008377305 ], [ -91.431611223975693, 41.635112895676507 ] ] ] ] } },
{ "type": "Feature", "properties": { "PPN": "0313351007", "TotalValue": 618800.0, "PropClass": "R", "pctLandVal": 0.18, "acreVal": 121095.89041095889, "SiteAddres": "1558 BRAMBLEWOOD DR NE", "credits": "HMST", "acres": 5.11, "permitNo": "BLD-26316", "permitType": "Dwelling", "permitDate": "3/24/2016", "permitYr": 2016, "nonmetro": 1 }, "geometry": { "type": "MultiPolygon", "coordinates": [ [ [ [ -91.612131099601868, 41.820188707664819 ], [ -91.612132850779929, 41.819449117326492 ], [ -91.612135102071534, 41.818498386785677 ], [ -91.612976224736713, 41.818492313834021 ], [ -91.613536565044129, 41.820375601892415 ], [ -91.612130226600371, 41.820556649939171 ], [ -91.612131099601868, 41.820188707664819 ] ] ] ] } },
{ "type": "Feature", "properties": { "PPN": "1028352010", "TotalValue": 661600.0, "PropClass": "R", "pctLandVal": 0.15, "acreVal": 642330.09708737861, "SiteAddres": "4390 WOODBINE CIR SW", "credits": "HMST", "acres": 1.03, "permitNo": "BLD-17243", "permitType": "Dwelling", "permitDate": "5/24/2012", "permitYr": 2012, "nonmetro": 1 }, "geometry": { "type": "MultiPolygon", "coordinates": [ [ [ [ -91.558578376149796, 41.615379001668053 ], [ -91.558929575013053, 41.614725421377607 ], [ -91.559012548716822, 41.614747153452065 ], [ -91.559097894758963, 41.614762882627325 ], [ -91.559107008063037, 41.614764849449877 ], [ -91.559115533835779, 41.614767964696576 ], [ -91.559123217303707, 41.614772135275359 ], [ -91.559129828863632, 41.614777236557877 ], [ -91.559135170943719, 41.614783116103823 ], [ -91.559139083907567, 41.614789598216248 ], [ -91.559141450824612, 41.614796489191718 ], [ -91.559142200964303, 41.614803583108788 ], [ -91.559141671604877, 41.614856493439127 ], [ -91.559144516313253, 41.614884192735488 ], [ -91.559153525774207, 41.614911138907502 ], [ -91.559168443538269, 41.614936564924612 ], [ -91.559188844973008, 41.614959747027065 ], [ -91.55921414934987, 41.614980025328173 ], [ -91.559243636374219, 41.614996822598336 ], [ -91.559276466688829, 41.615009660696508 ], [ -91.559311705766447, 41.615018174180797 ], [ -91.559117132747318, 41.615650128789305 ], [ -91.558647434199386, 41.615647156416472 ], [ -91.55857597489134, 41.615592617763738 ], [ -91.558578376149796, 41.615379001668053 ] ] ] ] } },
{ "type": "Feature", "properties": { "PPN": "0421351002", "TotalValue": 533100.0, "PropClass": "R", "pctLandVal": 0.29, "acreVal": 60237.288135593219, "SiteAddres": "1428 AMANA RD NW", "credits": "NONE", "acres": 8.85, "permitNo": "BLD-22-30919", "permitType": "Dwelling", "permitDate": "6/3/2022", "permitYr": 2022, "nonmetro": 1 }, "geometry": { "type": "MultiPolygon", "coordinates": [ [ [ [ -91.787858057788313, 41.808115694526954 ], [ -91.787857783524032, 41.808115642760526 ], [ -91.786740856577239, 41.807902510336127 ], [ -91.787164838062324, 41.807468828970038 ], [ -91.787226059609523, 41.807406207443812 ], [ -91.788300084037715, 41.806821297202774 ], [ -91.788585170931611, 41.806553456017696 ], [ -91.789354316675272, 41.805769533019969 ], [ -91.789358687471221, 41.80577385764316 ], [ -91.789363077801312, 41.805778171747598 ], [ -91.789367486462467, 41.805782475315489 ], [ -91.789371913478249, 41.805786767446712 ], [ -91.789376361207673, 41.80579104997701 ], [ -91.78938082611235, 41.805795320152761 ], [ -91.789385309348091, 41.805799579792001 ], [ -91.789389810914855, 41.805803828894689 ], [ -91.789394332015803, 41.805808067478601 ], [ -91.789398871471477, 41.805812294625817 ], [ -91.789403428078685, 41.805816510318678 ], [ -91.789408004243811, 41.8058207145925 ], [ -91.789412598763548, 41.805824907429653 ], [ -91.789417210387668, 41.805829090612761 ], [ -91.789421841593196, 41.805833261476685 ], [ -91.789426489950444, 41.805837420886213 ], [ -91.789431156662303, 41.805841568859066 ], [ -91.789435841705284, 41.805845706295393 ], [ -91.789440545103005, 41.805849832294967 ], [ -91.789445265675994, 41.805853945940022 ], [ -91.789450004603694, 41.805858048148345 ], [ -91.789454760682986, 41.80586213890227 ], [ -91.789459535117061, 41.805866218219506 ], [ -91.78946432790589, 41.805870286099967 ], [ -91.789469136666852, 41.805874341608181 ], [ -91.789473964985646, 41.805878385697405 ], [ -91.789478810456117, 41.80588241833216 ], [ -91.789483671898751, 41.805886438594676 ], [ -91.789488552922862, 41.805890446538015 ], [ -91.78949344987187, 41.805894443909324 ], [ -91.789498365199293, 41.805898428943799 ], [ -91.789503296522525, 41.805902400705783 ], [ -91.789508247379928, 41.805906361948935 ], [ -91.789513213030133, 41.80591030990189 ], [ -91.789518198238099, 41.805914246435854 ], [ -91.789523198215193, 41.805918170579766 ], [ -91.789528216570716, 41.805922082386772 ], [ -91.78953325328095, 41.805925982757053 ], [ -91.78953830478396, 41.8059298698372 ], [ -91.789543374641667, 41.805933745480544 ], [ -91.789548459315839, 41.805937606933604 ], [ -91.789553562321032, 41.805941457850018 ], [ -91.789558682525239, 41.805945295511677 ], [ -91.789563818701581, 41.805949120801046 ], [ -91.789568970850198, 41.805952933718068 ], [ -91.789581147316056, 41.807476982684179 ], [ -91.789587223709617, 41.808237473563601 ], [ -91.789588889597084, 41.808445949159726 ], [ -91.787858057788313, 41.808115694526954 ] ] ] ] } },
{ "type": "Feature", "properties": { "PPN": "0721307001", "TotalValue": 705400.0, "PropClass": "R", "pctLandVal": 0.22, "acreVal": 464078.94736842113, "SiteAddres": "3887 WEST OVERLOOK RD NE", "credits": "NONE", "acres": 1.52, "permitNo": "BLD-21-30070", "permitType": "Dwelling", "permitDate": "6/24/2021", "permitYr": 2021, "nonmetro": 0 }, "geometry": { "type": "MultiPolygon", "coordinates": [ [ [ [ -91.552536687356508, 41.7190959446256 ], [ -91.55359244431942, 41.71908199944896 ], [ -91.553666095855419, 41.719193165323581 ], [ -91.553640911041654, 41.719263914254398 ], [ -91.553606737938182, 41.719332514034292 ], [ -91.553563895005951, 41.719398325322686 ], [ -91.553512781510989, 41.71946073476547 ], [ -91.553453873804102, 41.719519160711712 ], [ -91.553387720881929, 41.719573058634879 ], [ -91.553314939270692, 41.719621926208063 ], [ -91.553236207280477, 41.719665307986006 ], [ -91.55315225868344, 41.7197027996502 ], [ -91.552805039495155, 41.719840294033737 ], [ -91.552681654294233, 41.719886727661738 ], [ -91.552555475283427, 41.719928736290896 ], [ -91.552554886829398, 41.719902696785589 ], [ -91.552536687356508, 41.7190959446256 ] ] ] ] } },
{ "type": "Feature", "properties": { "PPN": "0315152004", "TotalValue": 670400.0, "PropClass": "R", "pctLandVal": 0.12, "acreVal": 338585.8585858586, "SiteAddres": "1495 CURTIS BRIDGE RD NE", "credits": "HMST", "acres": 1.98, "permitNo": "BLD-22-30765", "permitType": "Dwelling", "permitDate": "4/27/2022", "permitYr": 2022, "nonmetro": 1 }, "geometry": { "type": "MultiPolygon", "coordinates": [ [ [ [ -91.64238267951653, 41.826871435794224 ], [ -91.642383510282343, 41.826604893418832 ], [ -91.642259455908189, 41.826638487898386 ], [ -91.64220710222223, 41.826650129025687 ], [ -91.642153291268826, 41.826657126583001 ], [ -91.641898598340532, 41.826678883232034 ], [ -91.641851273142464, 41.826681116197577 ], [ -91.641803888851769, 41.826679754140997 ], [ -91.641756932375216, 41.826674811058346 ], [ -91.641549029988184, 41.826644819084279 ], [ -91.641555059785418, 41.826479150901136 ], [ -91.641586438979672, 41.826429539561865 ], [ -91.64161538315841, 41.826379106839539 ], [ -91.641636436108499, 41.826457115118231 ], [ -91.641645275515444, 41.826479802312214 ], [ -91.64165908273327, 41.826501057184899 ], [ -91.641677465669531, 41.826520276140869 ], [ -91.641699902289304, 41.826536913400197 ], [ -91.641725755439637, 41.826550496497525 ], [ -91.641754290943396, 41.826560639699473 ], [ -91.641784698448589, 41.826567054958751 ], [ -91.641833165321671, 41.826571222380089 ], [ -91.641881916821731, 41.826569848596158 ], [ -91.642136610506469, 41.826548092902122 ], [ -91.642173549319182, 41.826543289784915 ], [ -91.642209487490021, 41.826535298158085 ], [ -91.642383873683343, 41.826488072309665 ], [ -91.642384969650379, 41.826136816576181 ], [ -91.643424275908814, 41.826142125842878 ], [ -91.643421996255327, 41.826876746860933 ], [ -91.64238267951653, 41.826871435794224 ] ] ] ] } },
{ "type": "Feature", "properties": { "PPN": "0721306001", "TotalValue": 1266600.0, "PropClass": "R", "pctLandVal": 0.21, "acreVal": 732138.72832369944, "SiteAddres": "3899 WOODS LN NE", "credits": "NONE", "acres": 1.73, "permitNo": "BLD-19-28471", "permitType": "Dwelling", "permitDate": "6/18/2019", "permitYr": 2019, "nonmetro": 0 }, "geometry": { "type": "MultiPolygon", "coordinates": [ [ [ [ -91.551939905415765, 41.719878225980764 ], [ -91.551643406543405, 41.719866426912276 ], [ -91.551336566123695, 41.7193988937386 ], [ -91.551267341308233, 41.719333441461629 ], [ -91.550660067588709, 41.718759261661013 ], [ -91.55125071073968, 41.718769209649174 ], [ -91.551860782307386, 41.718779480697911 ], [ -91.551939905415765, 41.719878225980764 ] ] ] ] } },
{ "type": "Feature", "properties": { "PPN": "0703229002", "TotalValue": 1330400.0, "PropClass": "R", "pctLandVal": 0.19, "acreVal": 344663.21243523317, "SiteAddres": "4045 TOPHER DR NE", "credits": "HMST", "acres": 3.86, "permitNo": "BLD-19-28790", "permitType": "Dwelling", "permitDate": "11/8/2019", "permitYr": 2019, "nonmetro": 1 }, "geometry": { "type": "MultiPolygon", "coordinates": [ [ [ [ -91.536900072647654, 41.772139090441406 ], [ -91.536919883823103, 41.770830547638433 ], [ -91.537305307125692, 41.770855407247836 ], [ -91.537823159764386, 41.771017378610928 ], [ -91.538194354089882, 41.771005591932564 ], [ -91.537846460059114, 41.772635350482794 ], [ -91.537731350092955, 41.772602271667935 ], [ -91.537619719266331, 41.772563076401759 ], [ -91.53751214665337, 41.772517968008088 ], [ -91.537409190273067, 41.772467180484355 ], [ -91.537311384194354, 41.772410977287635 ], [ -91.53721923576542, 41.772349649967786 ], [ -91.537209157977756, 41.772341135844655 ], [ -91.537201098094258, 41.772331492158891 ], [ -91.537195277708577, 41.772320984049358 ], [ -91.537191856842426, 41.772309900420936 ], [ -91.537190929546171, 41.772298546001281 ], [ -91.537188884720379, 41.772272257912043 ], [ -91.537181267987435, 41.77224655001811 ], [ -91.537168274160464, 41.772222079828339 ], [ -91.537150235576931, 41.772199473195265 ], [ -91.537127613598258, 41.772179308308189 ], [ -91.537100986809577, 41.772162100905653 ], [ -91.537071036221704, 41.772148291084996 ], [ -91.537038527853454, 41.772138232046579 ], [ -91.537004293140242, 41.772132181060513 ], [ -91.536969207669486, 41.772130292886892 ], [ -91.536934168787155, 41.772132615817604 ], [ -91.536900072647654, 41.772139090441406 ] ] ] ] } },
{ "type": "Feature", "properties": { "PPN": "0818230004", "TotalValue": 319600.0, "PropClass": "R", "pctLandVal": 0.82, "acreVal": 190238.09523809524, "SiteAddres": "2627 NEWPORT RD NE", "credits": "NONE", "acres": 1.68, "permitNo": "BLD-24-32957", "permitType": "Dwelling", "permitDate": "11/4/2024", "permitYr": 2024, "nonmetro": 1 }, "geometry": { "type": "MultiPolygon", "coordinates": [ [ [ [ -91.481277387279192, 41.74162781081629 ], [ -91.481409015783001, 41.741890141711835 ], [ -91.48134848059712, 41.742023538437742 ], [ -91.481512553461755, 41.742245001265502 ], [ -91.482002359204159, 41.74242637749343 ], [ -91.48161350963214, 41.742570281656448 ], [ -91.480676071349365, 41.742561003567971 ], [ -91.480689635320218, 41.741790585865175 ], [ -91.480735072735939, 41.741780439175429 ], [ -91.481277387279192, 41.74162781081629 ] ] ] ] } },
{ "type": "Feature", "properties": { "PPN": "0703229004", "TotalValue": 1334899.9999999998, "PropClass": "R", "pctLandVal": 0.22, "acreVal": 234604.56942003514, "SiteAddres": "2229 ANDREW CT NE", "credits": "HMST", "acres": 5.69, "permitNo": "BLD-19-28822", "permitType": "Dwelling", "permitDate": "11/19/2019", "permitYr": 2019, "nonmetro": 1 }, "geometry": { "type": "MultiPolygon", "coordinates": [ [ [ [ -91.539100313698611, 41.771714258382993 ], [ -91.538944708234652, 41.770634642522182 ], [ -91.539104831563307, 41.770447611665759 ], [ -91.53926038131172, 41.770070847114859 ], [ -91.539556892119094, 41.769780738694351 ], [ -91.539784543257696, 41.769783395946192 ], [ -91.540707880208942, 41.770846864757566 ], [ -91.540697178311618, 41.771230618319294 ], [ -91.540587328631389, 41.771510588185471 ], [ -91.539332439556631, 41.771825610045347 ], [ -91.539317670828254, 41.771800050198955 ], [ -91.539297359269256, 41.771776719128368 ], [ -91.539272085907456, 41.771756284230534 ], [ -91.53924257370349, 41.77173933005534 ], [ -91.539209666870008, 41.771726341584539 ], [ -91.539174306722671, 41.771717690358891 ], [ -91.539137504753782, 41.771713623850353 ], [ -91.539100313698611, 41.771714258382993 ] ] ] ] } },
{ "type": "Feature", "properties": { "PPN": "0818230002", "TotalValue": 1365400.0, "PropClass": "R", "pctLandVal": 0.2, "acreVal": 552793.52226720646, "SiteAddres": "2611 QUINCY RD NE", "credits": "HMST", "acres": 2.47, "permitNo": "BLD-23-31746", "permitType": "Dwelling", "permitDate": "5/17/2023", "permitYr": 2023, "nonmetro": 1 }, "geometry": { "type": "MultiPolygon", "coordinates": [ [ [ [ -91.480674137870921, 41.742670765200025 ], [ -91.481646811202339, 41.742680376537471 ], [ -91.482178922045378, 41.742483453590005 ], [ -91.483090025195636, 41.742780308569529 ], [ -91.481683926992616, 41.743234183694817 ], [ -91.481431671383973, 41.743440249208696 ], [ -91.481314842655422, 41.743357263160519 ], [ -91.481201796319851, 41.743271389081499 ], [ -91.480794692808942, 41.742951581592777 ], [ -91.480758272553061, 41.742918998700915 ], [ -91.480727757569369, 41.742883174748947 ], [ -91.480703655929773, 41.742844706214349 ], [ -91.480686368920189, 41.742804233606563 ], [ -91.480676184359709, 41.742762430802081 ], [ -91.480673271809053, 41.742719993824075 ], [ -91.480674137870921, 41.742670765200025 ] ] ] ] } },
{ "type": "Feature", "properties": { "PPN": "0703228001", "TotalValue": 908200.0, "PropClass": "R", "pctLandVal": 0.29, "acreVal": 217793.76498800959, "SiteAddres": "4042  TOPHER DR NE", "credits": "HMST", "acres": 4.17, "permitNo": "BLD-20-29451", "permitType": "Dwelling", "permitDate": "10/12/2020", "permitYr": 2020, "nonmetro": 1 }, "geometry": { "type": "MultiPolygon", "coordinates": [ [ [ [ -91.53675109221733, 41.772293079973188 ], [ -91.53675359741419, 41.772319806294483 ], [ -91.536761859817432, 41.772345874604788 ], [ -91.536775660648445, 41.772370594625002 ], [ -91.536794634471988, 41.772393311777485 ], [ -91.536818278872275, 41.772413424519222 ], [ -91.536845967756392, 41.772430400270672 ], [ -91.536876967932912, 41.772443789518476 ], [ -91.536910458526549, 41.772453237718764 ], [ -91.53694555271511, 41.772458494685381 ], [ -91.536981321212622, 41.772459421215089 ], [ -91.536996172352005, 41.772459803495423 ], [ -91.537010745748773, 41.772461977409016 ], [ -91.537024658273737, 41.772465885804451 ], [ -91.537037544171596, 41.772471425931464 ], [ -91.537049064676523, 41.77247845214211 ], [ -91.537142859801961, 41.772541614584107 ], [ -91.537241904701816, 41.772600114028698 ], [ -91.537345786443183, 41.772653706575248 ], [ -91.53745407192369, 41.772702168780874 ], [ -91.537566309677345, 41.772745298592035 ], [ -91.537682031756987, 41.772782916187225 ], [ -91.537800755685538, 41.77281486472679 ], [ -91.537921986467893, 41.772841011006918 ], [ -91.538045218655057, 41.772861246015175 ], [ -91.538169938451816, 41.772875485385072 ], [ -91.538295625859419, 41.772883669747898 ], [ -91.539709778833398, 41.772941382499098 ], [ -91.539818572633834, 41.772949394445931 ], [ -91.539926020573191, 41.772964470325157 ], [ -91.540031305774107, 41.772986495521856 ], [ -91.540045686522518, 41.772991066629217 ], [ -91.540058821142821, 41.772997399810642 ], [ -91.540070327932156, 41.773005311018828 ], [ -91.540079872493337, 41.77301457034774 ], [ -91.540087177452747, 41.773024908713694 ], [ -91.540092030521109, 41.773036025675246 ], [ -91.540094290662921, 41.773047598164126 ], [ -91.540093892195117, 41.773059289873871 ], [ -91.540090846696131, 41.773070761033246 ], [ -91.540085242669463, 41.77308167828015 ], [ -91.540037712038227, 41.773162160017975 ], [ -91.539998046709371, 41.773244994986676 ], [ -91.539966452662924, 41.773329753091623 ], [ -91.539943093973434, 41.773415994251245 ], [ -91.539707426538797, 41.77338680018547 ], [ -91.536735264527692, 41.773338710410421 ], [ -91.53675109221733, 41.772293079973188 ] ] ] ] } },
{ "type": "Feature", "properties": { "PPN": "0721430003", "TotalValue": 1723299.9999999998, "PropClass": "R", "pctLandVal": 0.17, "acreVal": 606795.77464788733, "SiteAddres": "3907 WOODS LN NE", "credits": "HMST", "acres": 2.84, "permitNo": "BLD-21-30460", "permitType": "Dwelling", "permitDate": "11/3/2021", "permitYr": 2021, "nonmetro": 0 }, "geometry": { "type": "MultiPolygon", "coordinates": [ [ [ [ -91.551643406543405, 41.719866426912276 ], [ -91.551282625485513, 41.719852068290152 ], [ -91.550912754702622, 41.719837346984043 ], [ -91.550509268044266, 41.719836632332267 ], [ -91.550122897070025, 41.719790013604729 ], [ -91.55009256841754, 41.719758556395753 ], [ -91.550093474790913, 41.719753815623783 ], [ -91.550094159409198, 41.719749054015679 ], [ -91.550094622110862, 41.719744276972172 ], [ -91.550094861505912, 41.71973949077401 ], [ -91.550094878607254, 41.719734701742404 ], [ -91.5500946709044, 41.719729913437419 ], [ -91.55009424170531, 41.719725135821172 ], [ -91.550093590956209, 41.719720370693842 ], [ -91.550092717186345, 41.719715627036656 ], [ -91.550091623919229, 41.719710907610477 ], [ -91.550090310912537, 41.719706220516571 ], [ -91.550088780434393, 41.719701570295982 ], [ -91.550087033497832, 41.719696963269747 ], [ -91.550085074773989, 41.719692404019298 ], [ -91.55008290407423, 41.71968789884555 ], [ -91.55008052363992, 41.719683453189674 ], [ -91.550077939289679, 41.719679073453484 ], [ -91.550075152117344, 41.719674763257721 ], [ -91.550072165565581, 41.719670528063673 ], [ -91.550068984251538, 41.719666374253023 ], [ -91.550065610470483, 41.71966230546662 ], [ -91.550062050014134, 41.719658329006499 ], [ -91.550058305231445, 41.719654446713207 ], [ -91.550054383169424, 41.719650664108656 ], [ -91.55005028604252, 41.719646987534105 ], [ -91.550046020951555, 41.719643420711193 ], [ -91.55004159262144, 41.719639966421028 ], [ -91.550037005696439, 41.719636630145132 ], [ -91.550032266048873, 41.719633416485081 ], [ -91.550027379605325, 41.719630328242097 ], [ -91.550022352265088, 41.719627369117688 ], [ -91.550017189873742, 41.719624544613552 ], [ -91.550011900814468, 41.71962185577101 ], [ -91.550006487382333, 41.719619306231046 ], [ -91.550000960228616, 41.719616901575989 ], [ -91.549995322957656, 41.719614641866464 ], [ -91.549989585046276, 41.719612531764504 ], [ -91.549983751300104, 41.719610571350906 ], [ -91.549977829967645, 41.719608766167674 ], [ -91.549971829458855, 41.719607116356173 ], [ -91.549965754498729, 41.719605624697387 ], [ -91.549959613470264, 41.719604292232845 ], [ -91.549953415904213, 41.719603121824306 ], [ -91.549947165404745, 41.719602113532375 ], [ -91.549940873932442, 41.719601269359146 ], [ -91.550123814152045, 41.718750227916537 ], [ -91.550660067588709, 41.718759261661013 ], [ -91.551267341308233, 41.719333441461629 ], [ -91.551336566123695, 41.7193988937386 ], [ -91.551643406543405, 41.719866426912276 ] ] ] ] } },
{ "type": "Feature", "properties": { "PPN": "0703229003", "TotalValue": 1101300.0, "PropClass": "R", "pctLandVal": 0.23, "acreVal": 290580.47493403696, "SiteAddres": "4033 TOPHER DR NE", "credits": "HMST", "acres": 3.79, "permitNo": "BLD-19-28693", "permitType": "Dwelling", "permitDate": "9/23/2019", "permitYr": 2019, "nonmetro": 1 }, "geometry": { "type": "MultiPolygon", "coordinates": [ [ [ [ -91.537846460059114, 41.772635350482794 ], [ -91.538194354089882, 41.771005591932564 ], [ -91.538752478537646, 41.770859171363199 ], [ -91.538944708234652, 41.770634642522182 ], [ -91.539100313698611, 41.771714258382993 ], [ -91.539064117980018, 41.771719507489131 ], [ -91.539029601969972, 41.771729208787526 ], [ -91.538997735470701, 41.771743089699385 ], [ -91.538969413842239, 41.771760760210498 ], [ -91.538945432845608, 41.771781723829271 ], [ -91.538926466284224, 41.771805391536603 ], [ -91.538913047071659, 41.771831098335348 ], [ -91.538905552257802, 41.771858121934791 ], [ -91.538904192434089, 41.771885703044788 ], [ -91.538909005815697, 41.771913066709715 ], [ -91.538919857166889, 41.771939444082662 ], [ -91.538936441599972, 41.771964094028014 ], [ -91.538943221262073, 41.771974121631089 ], [ -91.538947722971969, 41.771984843300189 ], [ -91.538949825920781, 41.771995971308925 ], [ -91.53894947367256, 41.772007207026334 ], [ -91.538946675679028, 41.772018248930799 ], [ -91.538778601554995, 41.772473979858354 ], [ -91.538759673773285, 41.772532834587665 ], [ -91.538745992790027, 41.772592498287715 ], [ -91.53873761865529, 41.772652709139102 ], [ -91.538735147571614, 41.77266440113695 ], [ -91.538730028447333, 41.772675601115125 ], [ -91.538722413679935, 41.772685975644812 ], [ -91.538712529963703, 41.772695215871146 ], [ -91.538700671541022, 41.772703046707861 ], [ -91.538687191442705, 41.772709235026888 ], [ -91.538672490978044, 41.772713596598656 ], [ -91.538657007787606, 41.772716001576846 ], [ -91.538641202814304, 41.772716378363995 ], [ -91.538308832606219, 41.772702811848077 ], [ -91.538191180278375, 41.772694954899073 ], [ -91.538074531761836, 41.772681043451527 ], [ -91.537959442386693, 41.772661143733856 ], [ -91.537846460059114, 41.772635350482794 ] ] ] ] } },
{ "type": "Feature", "properties": { "PPN": "0420476002", "TotalValue": 605500.0, "PropClass": "R", "pctLandVal": 0.28, "acreVal": 49753.492193919476, "SiteAddres": "1345 HANGING ROCK LN NW", "credits": "HMST", "acres": 12.17, "permitNo": "BLD-18-27683", "permitType": "Dwelling", "permitDate": "4/10/2018", "permitYr": 2018, "nonmetro": 1 }, "geometry": { "type": "MultiPolygon", "coordinates": [ [ [ [ -91.794357371961439, 41.80567953973177 ], [ -91.796431951717793, 41.806083440730745 ], [ -91.796480902804603, 41.805942684117426 ], [ -91.796551894441137, 41.805956504457484 ], [ -91.79652418721146, 41.806036177721388 ], [ -91.796783871009978, 41.806100753630133 ], [ -91.797242287970079, 41.8062014679995 ], [ -91.797770734586862, 41.806341166873409 ], [ -91.797719245986357, 41.806530388045658 ], [ -91.79773958648282, 41.807388538933502 ], [ -91.795227996761639, 41.807403076696104 ], [ -91.794482039744338, 41.807407383701928 ], [ -91.793821487768412, 41.807191607684601 ], [ -91.793844595044447, 41.806615626430585 ], [ -91.794357371961439, 41.80567953973177 ] ] ] ] } },
{ "type": "Feature", "properties": { "PPN": "1314110007", "TotalValue": 701000.0, "PropClass": "M", "pctLandVal": 0.08, "acreVal": 761956.52173913037, "SiteAddres": "5041 3RD ST SW", "credits": "NONE", "acres": 0.92, "permitNo": "BLD-23-31537", "permitType": "Dwelling", "permitDate": "3/14/2023", "permitYr": 2023, "nonmetro": 1 }, "geometry": { "type": "MultiPolygon", "coordinates": [ [ [ [ -91.734505347992524, 41.567742432265327 ], [ -91.734505760881291, 41.567700361284544 ], [ -91.734508846293835, 41.567386131892249 ], [ -91.734926855692208, 41.567391097008503 ], [ -91.734926083754175, 41.567469805644066 ], [ -91.735840866924178, 41.567473632862495 ], [ -91.735837768633928, 41.567750837924947 ], [ -91.735642996318717, 41.567749609727734 ], [ -91.734505347992524, 41.567742432265327 ] ] ] ] } },
{ "type": "Feature", "properties": { "PPN": "0703229005", "TotalValue": 721100.0, "PropClass": "R", "pctLandVal": 0.36, "acreVal": 188276.76240208876, "SiteAddres": "2219 ANDREW CT NE", "credits": "NONE", "acres": 3.83, "permitNo": "BLD-24-32764", "permitType": "Dwelling", "permitDate": "8/12/2024", "permitYr": 2024, "nonmetro": 1 }, "geometry": { "type": "MultiPolygon", "coordinates": [ [ [ [ -91.539332439556631, 41.771825610045347 ], [ -91.540587328631389, 41.771510588185471 ], [ -91.540458126605387, 41.771839872888521 ], [ -91.541008995155281, 41.772397343486837 ], [ -91.540582445468573, 41.772633558623511 ], [ -91.5404857597252, 41.772691473776646 ], [ -91.540395220697803, 41.772754712022881 ], [ -91.540311350054566, 41.772822909008511 ], [ -91.540301225786578, 41.772830503633166 ], [ -91.540289643555212, 41.772836823738004 ], [ -91.540276886640896, 41.772841714744452 ], [ -91.540263267055096, 41.772845057027098 ], [ -91.540249117908814, 41.772846768839628 ], [ -91.540234785265298, 41.772846808314092 ], [ -91.540220619675893, 41.772845174484985 ], [ -91.540206967605997, 41.772841907312923 ], [ -91.540113507369043, 41.772816025708565 ], [ -91.540017952425259, 41.772794860162058 ], [ -91.539920726910552, 41.772778504619744 ], [ -91.539822262374727, 41.772767031678079 ], [ -91.539722995866342, 41.77276049226127 ], [ -91.539065903683195, 41.772733679093143 ], [ -91.539051434539047, 41.772732217072168 ], [ -91.539037459155892, 41.772729053530881 ], [ -91.539024332224443, 41.772724268758999 ], [ -91.539012386901845, 41.772717984192482 ], [ -91.539001926356136, 41.772710359331576 ], [ -91.538993216071901, 41.772701587692715 ], [ -91.538986477112473, 41.772691891897082 ], [ -91.538981880509311, 41.772681518020583 ], [ -91.538979542921496, 41.772670729348341 ], [ -91.538979523675025, 41.772659799692846 ], [ -91.538991276292322, 41.772590403573133 ], [ -91.539011815447338, 41.772522162669489 ], [ -91.539179889265895, 41.772066431432577 ], [ -91.53918505533197, 41.772055878898527 ], [ -91.539192453530035, 41.772046099349467 ], [ -91.539201885325326, 41.772037355223787 ], [ -91.539213097610954, 41.772029881173744 ], [ -91.539225789500165, 41.772023877768468 ], [ -91.539255007922648, 41.772010160572002 ], [ -91.539281002771887, 41.771993192862944 ], [ -91.539303134918683, 41.771973391824091 ], [ -91.539320860207056, 41.771951244300496 ], [ -91.539333742833165, 41.771927294829375 ], [ -91.539341466059938, 41.771902132251526 ], [ -91.539343840004207, 41.771876375233433 ], [ -91.539340806304779, 41.771850657056213 ], [ -91.539332439556631, 41.771825610045347 ] ] ] ] } },
{ "type": "Feature", "properties": { "PPN": "0336326001", "TotalValue": 1878000.0, "PropClass": "R", "pctLandVal": 0.17, "acreVal": 183398.4375, "SiteAddres": "2220 HENDERSHOT RD NE", "credits": "NONE", "acres": 10.24, "permitNo": "BLD-26683", "permitType": "Dwelling", "permitDate": "8/10/2016", "permitYr": 2016, "nonmetro": 1 }, "geometry": { "type": "MultiPolygon", "coordinates": [ [ [ [ -91.612367026302621, 41.78190601032955 ], [ -91.612362130709997, 41.781372718664358 ], [ -91.617224070169968, 41.781379956071412 ], [ -91.617229869014992, 41.782280702922257 ], [ -91.616685424452839, 41.782284598230866 ], [ -91.616140973325997, 41.782288840297724 ], [ -91.615475543938103, 41.78229402115975 ], [ -91.614793184260833, 41.782299330579079 ], [ -91.613970469465315, 41.782305725962694 ], [ -91.612370807905762, 41.782318144115891 ], [ -91.612367026302621, 41.78190601032955 ] ] ] ] } },
{ "type": "Feature", "properties": { "PPN": "0818230007", "TotalValue": 481000.0, "PropClass": "R", "pctLandVal": 0.57, "acreVal": 223720.93023255814, "SiteAddres": "2633 NEWPORT RD NE", "credits": "NONE", "acres": 2.15, "permitNo": "BLD-24-32912", "permitType": "Dwelling", "permitDate": "10/9/2024", "permitYr": 2024, "nonmetro": 1 }, "geometry": { "type": "MultiPolygon", "coordinates": [ [ [ [ -91.48155178423778, 41.74155058432477 ], [ -91.483118068027721, 41.741109748666346 ], [ -91.483102227296087, 41.742053377955706 ], [ -91.48235548947774, 41.742014746438649 ], [ -91.481634019089483, 41.7417145236099 ], [ -91.48155178423778, 41.74155058432477 ] ] ] ] } },
{ "type": "Feature", "properties": { "PPN": "0303379006", "TotalValue": 62800.0, "PropClass": "R", "pctLandVal": 1.0, "acreVal": 83733.333333333328, "SiteAddres": "1176 COUNCIL ST NE", "credits": "NONE", "acres": 0.75, "permitNo": "BLD-25-33347", "permitType": "Dwelling", "permitDate": "5/19/2025", "permitYr": 2025, "nonmetro": 0 }, "geometry": { "type": "MultiPolygon", "coordinates": [ [ [ [ -91.648510152294691, 41.849841611480741 ], [ -91.648267930196326, 41.849844229567303 ], [ -91.648260659401998, 41.849617901547269 ], [ -91.648253389299114, 41.849391551004786 ], [ -91.648495609737722, 41.849388932047923 ], [ -91.648737828927281, 41.849386313467683 ], [ -91.648980050556347, 41.849383692621224 ], [ -91.648994596484144, 41.849836371994357 ], [ -91.648752374399166, 41.849838991989714 ], [ -91.648510152294691, 41.849841611480741 ] ] ] ] } },
{ "type": "Feature", "properties": { "PPN": "1402205001", "TotalValue": 250500.0, "PropClass": "R", "pctLandVal": 0.39, "acreVal": 83500.0, "SiteAddres": "4655 SHARON CENTER RD SW", "credits": "HMST", "acres": 3.0, "permitNo": "BLD-17792", "permitType": "Dwelling", "permitDate": "4/29/2013", "permitYr": 2013, "nonmetro": 1 }, "geometry": { "type": "MultiPolygon", "coordinates": [ [ [ [ -91.629564127049065, 41.595673128060142 ], [ -91.630474857801602, 41.595731346660365 ], [ -91.630444750339251, 41.597169185149241 ], [ -91.629533997185661, 41.597110965398088 ], [ -91.629564127049065, 41.595673128060142 ] ] ] ] } },
{ "type": "Feature", "properties": { "PPN": "1314109010", "TotalValue": 396700.0, "PropClass": "R", "pctLandVal": 0.18, "acreVal": 431195.65217391303, "SiteAddres": "1982 YODER AVE SW", "credits": "HMST", "acres": 0.92, "permitNo": "BLD-26676", "permitType": "Dwelling", "permitDate": "8/17/2016", "permitYr": 2016, "nonmetro": 1 }, "geometry": { "type": "MultiPolygon", "coordinates": [ [ [ [ -91.732880846990398, 41.567721248640375 ], [ -91.732881093019088, 41.567693805161774 ], [ -91.732882185839301, 41.567571680432877 ], [ -91.732883279854164, 41.567449555718085 ], [ -91.732886257770602, 41.567116938171395 ], [ -91.733486633798179, 41.566969506234308 ], [ -91.733486688590972, 41.566963578496264 ], [ -91.733530282856691, 41.566963827403804 ], [ -91.733523896062451, 41.567636415461642 ], [ -91.733095278412591, 41.567634678670778 ], [ -91.733094444470595, 41.567722113978121 ], [ -91.732880846990398, 41.567721248640375 ] ] ] ] } },
{ "type": "Feature", "properties": { "PPN": "0713305001", "TotalValue": 870200.0, "PropClass": "R", "pctLandVal": 0.17, "acreVal": 183200.0, "SiteAddres": "2718 NEWPORT RD NE", "credits": "HMST", "acres": 4.75, "permitNo": "BLD-21-29756", "permitType": "Dwelling", "permitDate": "3/1/2021", "permitYr": 2021, "nonmetro": 1 }, "geometry": { "type": "MultiPolygon", "coordinates": [ [ [ [ -91.495922342895227, 41.733818290881011 ], [ -91.497518753117802, 41.733823633156611 ], [ -91.497484543583013, 41.733985631074532 ], [ -91.497456317076541, 41.734095532119873 ], [ -91.497420059909786, 41.734204103272617 ], [ -91.497375881904617, 41.73431101555483 ], [ -91.497323916885506, 41.734415945013446 ], [ -91.49726432227439, 41.73451857370204 ], [ -91.497197278614138, 41.734618590644295 ], [ -91.496955214918231, 41.734928225178521 ], [ -91.495903790624382, 41.735972540707131 ], [ -91.495922342895227, 41.733818290881011 ] ] ] ] } },
{ "type": "Feature", "properties": { "PPN": "1109477001", "TotalValue": 692800.0, "PropClass": "R", "pctLandVal": 0.15, "acreVal": 145852.63157894736, "SiteAddres": "3767 JAMES AVE SW", "credits": "NONE", "acres": 4.75, "permitNo": "BLD-19-28788", "permitType": "Dwelling", "permitDate": "12/4/2019", "permitYr": 2019, "nonmetro": 1 }, "geometry": { "type": "MultiPolygon", "coordinates": [ [ [ [ -91.656998189435313, 41.660303729953661 ], [ -91.656994713842209, 41.65940269957256 ], [ -91.6593044973133, 41.659428740940946 ], [ -91.659305225552004, 41.66032974064251 ], [ -91.656998189435313, 41.660303729953661 ] ] ] ] } },
{ "type": "Feature", "properties": { "PPN": "0311328018", "TotalValue": 842900.0, "PropClass": "R", "pctLandVal": 0.18, "acreVal": 271028.93890675245, "SiteAddres": "3020 FOREST RIDGE DR NE", "credits": "NONE", "acres": 3.11, "permitNo": "BLD-24-32437", "permitType": "Dwelling", "permitDate": "3/18/2024", "permitYr": 2024, "nonmetro": 1 }, "geometry": { "type": "MultiPolygon", "coordinates": [ [ [ [ -91.631897349716112, 41.838342002559799 ], [ -91.632721449254547, 41.838349621497343 ], [ -91.632724018968219, 41.838375564202835 ], [ -91.632732507520103, 41.838400791593493 ], [ -91.632746662750719, 41.838424554248846 ], [ -91.632766064161473, 41.83844614625999 ], [ -91.632790135405713, 41.838464926199975 ], [ -91.632818161409659, 41.838480336178627 ], [ -91.632849309614755, 41.838491918415897 ], [ -91.632669566601137, 41.838833220550157 ], [ -91.632349852356896, 41.840251842478246 ], [ -91.631832581250777, 41.840251790686672 ], [ -91.631831913383948, 41.840231021846456 ], [ -91.631829447877152, 41.840155281905979 ], [ -91.631831570713359, 41.840025162427615 ], [ -91.631834155590454, 41.839984100163718 ], [ -91.631838631639312, 41.839865672235007 ], [ -91.631848966419909, 41.839592250038905 ], [ -91.63186470467339, 41.839015211722909 ], [ -91.631874217797147, 41.838795791850814 ], [ -91.631874026600428, 41.838689715317976 ], [ -91.631874019409665, 41.838686024829286 ], [ -91.631874283004208, 41.838680411555451 ], [ -91.631884066973697, 41.838471724926222 ], [ -91.631897349716112, 41.838342002559799 ] ] ] ] } },
{ "type": "Feature", "properties": { "PPN": "0721430005", "TotalValue": 1584000.0, "PropClass": "R", "pctLandVal": 0.16, "acreVal": 1077551.0204081633, "SiteAddres": "3915 WOODS LN NE", "credits": "HMST", "acres": 1.47, "permitNo": "BLD-19-28801", "permitType": "Dwelling", "permitDate": "11/15/2019", "permitYr": 2019, "nonmetro": 0 }, "geometry": { "type": "MultiPolygon", "coordinates": [ [ [ [ -91.549940873932442, 41.719601269359146 ], [ -91.549934545037601, 41.719600591165374 ], [ -91.549928189587064, 41.719600077332508 ], [ -91.549921813480182, 41.719599731561956 ], [ -91.549915425207871, 41.7195995512946 ], [ -91.549909033126156, 41.719599538471968 ], [ -91.549902643215361, 41.719599694095194 ], [ -91.549896265167732, 41.719600015625282 ], [ -91.549889906191765, 41.719600503183315 ], [ -91.549883573469259, 41.719601157790613 ], [ -91.549877274289514, 41.719601976867828 ], [ -91.549871018264028, 41.719602960576402 ], [ -91.549864811453801, 41.71960410721713 ], [ -91.549858661121377, 41.719605415110671 ], [ -91.549852576878195, 41.719606884418688 ], [ -91.549846563691574, 41.719608509820979 ], [ -91.549840631146111, 41.719610292379251 ], [ -91.549834784128294, 41.719612229473796 ], [ -91.549829031155994, 41.719614317645473 ], [ -91.549823378290185, 41.719616555194833 ], [ -91.549817834021795, 41.719618939562878 ], [ -91.549809717487364, 41.719622806309118 ], [ -91.549413537912883, 41.719428517804452 ], [ -91.549017963561639, 41.719216944097923 ], [ -91.549383534317343, 41.718737752534416 ], [ -91.550123814152045, 41.718750227916537 ], [ -91.549940873932442, 41.719601269359146 ] ] ] ] } },
{ "type": "Feature", "properties": { "PPN": "0706479001", "TotalValue": 613600.0, "PropClass": "R", "pctLandVal": 0.23, "acreVal": 203853.82059800666, "SiteAddres": "2357 MEHAFFEY BRIDGE RD NE", "credits": "HMST", "acres": 3.01, "permitNo": "BLD-20-29250", "permitType": "Dwelling", "permitDate": "7/1/2020", "permitYr": 2020, "nonmetro": 1 }, "geometry": { "type": "MultiPolygon", "coordinates": [ [ [ [ -91.584379326420319, 41.761070192976703 ], [ -91.584545872301902, 41.76123393816988 ], [ -91.584694080428875, 41.761179749092022 ], [ -91.584745151656108, 41.761252813876574 ], [ -91.584650023752886, 41.761336339776747 ], [ -91.585251815276465, 41.761928003362335 ], [ -91.585331781145655, 41.762754083567529 ], [ -91.585275155473838, 41.767066254695017 ], [ -91.585201847383871, 41.767065738001286 ], [ -91.585209060543463, 41.76651630843061 ], [ -91.585227062789073, 41.765144985408654 ], [ -91.585246574991302, 41.763658600737671 ], [ -91.585259182370038, 41.762698155033519 ], [ -91.585019758720009, 41.762513725871514 ], [ -91.584250251511904, 41.762038142952555 ], [ -91.584125081662762, 41.761347677870859 ], [ -91.58414860318959, 41.761311024653047 ], [ -91.584379326420319, 41.761070192976703 ] ] ] ] } },
{ "type": "Feature", "properties": { "PPN": "1319452001", "TotalValue": 372600.0, "PropClass": "R", "pctLandVal": 0.18, "acreVal": 260559.44055944058, "SiteAddres": "5371 BLACK HAWK AVE SW", "credits": "HMST", "acres": 1.43, "permitNo": "BLD-16858", "permitType": "Dwelling", "permitDate": "8/29/2011", "permitYr": 2011, "nonmetro": 1 }, "geometry": { "type": "MultiPolygon", "coordinates": [ [ [ [ -91.814511121716947, 41.542445328288785 ], [ -91.815510132598618, 41.542442664681396 ], [ -91.815498452349686, 41.543066197963427 ], [ -91.814497129060811, 41.543068866665159 ], [ -91.814511121716947, 41.542445328288785 ] ] ] ] } },
{ "type": "Feature", "properties": { "PPN": "0113177001", "TotalValue": 352400.0, "PropClass": "R", "pctLandVal": 0.19, "acreVal": 163148.14814814815, "SiteAddres": "5791 145TH ST NE", "credits": "HMST", "acres": 2.16, "permitNo": "BLD-19-28330", "permitType": "Dwelling", "permitDate": "5/2/2019", "permitYr": 2019, "nonmetro": 1 }, "geometry": { "type": "MultiPolygon", "coordinates": [ [ [ [ -91.366216971373234, 41.826594336906155 ], [ -91.367634652153683, 41.826614388697095 ], [ -91.367617491989037, 41.827293428605905 ], [ -91.367503020883277, 41.827293810346092 ], [ -91.36688188216614, 41.827279983257334 ], [ -91.366219871993238, 41.8272552152402 ], [ -91.366216971373234, 41.826594336906155 ] ] ] ] } },
{ "type": "Feature", "properties": { "PPN": "0130101001", "TotalValue": 55200.0, "PropClass": "A", "pctLandVal": 0.95, "acreVal": 1367.0133729569093, "SiteAddres": "4779 180TH ST NE", "credits": "AG", "acres": 40.38, "permitNo": "BLD-25-33259", "permitType": "Dwelling", "permitDate": "4/11/2025", "permitYr": 2025, "nonmetro": 1 }, "geometry": { "type": "MultiPolygon", "coordinates": [ [ [ [ -91.468234786517939, 41.801829427234523 ], [ -91.463398055616437, 41.801810579950327 ], [ -91.463309960987345, 41.798151670441925 ], [ -91.468126876684465, 41.798152305909809 ], [ -91.468234786517939, 41.801829427234523 ] ] ] ] } },
{ "type": "Feature", "properties": { "PPN": "0706177005", "TotalValue": 702400.0, "PropClass": "R", "pctLandVal": 0.25, "acreVal": 202420.7492795389, "SiteAddres": "3576 CAMPGROUND CT NE", "credits": "NONE", "acres": 3.47, "permitNo": "BLD-22-30675", "permitType": "Dwelling", "permitDate": "5/9/2022", "permitYr": 2022, "nonmetro": 1 }, "geometry": { "type": "MultiPolygon", "coordinates": [ [ [ [ -91.583649641560029, 41.76873208958731 ], [ -91.582632903644395, 41.768404115810789 ], [ -91.582707020028593, 41.767487894692366 ], [ -91.582737245812382, 41.767487394446455 ], [ -91.582766950443258, 41.767483180712645 ], [ -91.582795325511981, 41.767475368167418 ], [ -91.582821598793885, 41.7674641694285 ], [ -91.582845055265224, 41.767449889268562 ], [ -91.582865056562639, 41.767432916320594 ], [ -91.584621275331699, 41.768412725810727 ], [ -91.584610675884463, 41.768750862163706 ], [ -91.583649641560029, 41.76873208958731 ] ] ] ] } },
{ "type": "Feature", "properties": { "PPN": "0314230001", "TotalValue": 517100.0, "PropClass": "R", "pctLandVal": 0.16, "acreVal": 511980.19801980199, "SiteAddres": "1408 PINE RIDGE LN NE", "credits": "HMST", "acres": 1.01, "permitNo": "BLD-16310", "permitType": "Dwelling", "permitDate": "6/18/2010", "permitYr": 2010, "nonmetro": 1 }, "geometry": { "type": "MultiPolygon", "coordinates": [ [ [ [ -91.633991427441714, 41.832980092357268 ], [ -91.633583360678756, 41.832621700428902 ], [ -91.634523178610294, 41.832505784866512 ], [ -91.634546684333827, 41.832564085944753 ], [ -91.634568563972863, 41.83260724697827 ], [ -91.634596767399543, 41.832648304582555 ], [ -91.634630939974798, 41.832686742469143 ], [ -91.634670651996842, 41.832722077290974 ], [ -91.63471540410427, 41.832753864720495 ], [ -91.634764633555193, 41.832781705037263 ], [ -91.634428542012543, 41.833199400572802 ], [ -91.633991427441714, 41.832980092357268 ] ] ] ] } },
{ "type": "Feature", "properties": { "PPN": "1128401003", "TotalValue": 416900.0, "PropClass": "R", "pctLandVal": 0.19, "acreVal": 240982.65895953757, "SiteAddres": "2762 BLACK DIAMOND RD SW", "credits": "HMST", "acres": 1.73, "permitNo": "BLD-17-27474", "permitType": "Dwelling", "permitDate": "10/26/2017", "permitYr": 2017, "nonmetro": 1 }, "geometry": { "type": "MultiPolygon", "coordinates": [ [ [ [ -91.661463827421557, 41.61937714857298 ], [ -91.660519297213455, 41.619389706960149 ], [ -91.660518145664739, 41.618624317466733 ], [ -91.660636239855378, 41.618622166998428 ], [ -91.660775597326989, 41.618616984735901 ], [ -91.660914658677527, 41.618608425796936 ], [ -91.661053277228248, 41.618596498662669 ], [ -91.661191310947089, 41.618581217292153 ], [ -91.661328615377784, 41.618562596507267 ], [ -91.661488957319378, 41.618536238399535 ], [ -91.661463827421557, 41.61937714857298 ] ] ] ] } },
{ "type": "Feature", "properties": { "PPN": "0616252002", "TotalValue": 409500.0, "PropClass": "R", "pctLandVal": 0.17, "acreVal": 317441.86046511628, "SiteAddres": "2656 IRELAND AVE NW", "credits": "HMST", "acres": 1.29, "permitNo": "BLD-17664", "permitType": "Dwelling", "permitDate": "1/22/2013", "permitYr": 2013, "nonmetro": 1 }, "geometry": { "type": "MultiPolygon", "coordinates": [ [ [ [ -91.675912821733888, 41.741156186079003 ], [ -91.675902239887634, 41.741926027510814 ], [ -91.675169781371835, 41.741917870430562 ], [ -91.675169744113319, 41.741917869845061 ], [ -91.675180333361865, 41.741148030259318 ], [ -91.675912821733888, 41.741156186079003 ] ] ] ] } },
{ "type": "Feature", "properties": { "PPN": "0321126008", "TotalValue": 694900.0, "PropClass": "R", "pctLandVal": 0.14, "acreVal": 489366.19718309864, "SiteAddres": "2749 HOLLY CT NW", "credits": "HMST", "acres": 1.42, "permitNo": "BLD-26861", "permitType": "Dwelling", "permitDate": "10/24/2016", "permitYr": 2016, "nonmetro": 1 }, "geometry": { "type": "MultiPolygon", "coordinates": [ [ [ [ -91.661075668838365, 41.816982851524848 ], [ -91.661070786046096, 41.816979023579925 ], [ -91.661065922862932, 41.816975183337512 ], [ -91.661061074475754, 41.816971330721515 ], [ -91.661056245697679, 41.816967465808048 ], [ -91.661051434122214, 41.816963588558977 ], [ -91.661046639749287, 41.816959698974436 ], [ -91.66104186378216, 41.816955797073362 ], [ -91.661037106220817, 41.816951882855768 ], [ -91.661032364658823, 41.816947956283627 ], [ -91.661027642680452, 41.816944018314111 ], [ -91.661022939107909, 41.816940068028089 ], [ -91.661018251509219, 41.81693610628767 ], [ -91.661013583519576, 41.816932132249775 ], [ -91.661008933961213, 41.816928144995252 ], [ -91.661004301554527, 41.816924147205469 ], [ -91.660999688731494, 41.81692013801834 ], [ -91.660995093161915, 41.816916114695474 ], [ -91.660990517099577, 41.816912082675614 ], [ -91.6609859582653, 41.816908037420156 ], [ -91.660981417811342, 41.816903980748307 ], [ -91.660976896966517, 41.816899911779032 ], [ -91.66097239445115, 41.816895833193691 ], [ -91.66096791034154, 41.816891742291837 ], [ -91.660963444637801, 41.816887639073521 ], [ -91.660958998517714, 41.816883524457914 ], [ -91.660954570752494, 41.816879399326098 ], [ -91.660950162570941, 41.816875262796962 ], [ -91.660945771566503, 41.816871114832438 ], [ -91.660941401348921, 41.816866955489715 ], [ -91.660937049511702, 41.816862784730603 ], [ -91.660932717232654, 41.816858603474337 ], [ -91.660928403308588, 41.816854411701854 ], [ -91.660924107764785, 41.816850208513053 ], [ -91.660919833007924, 41.816845993946046 ], [ -91.660915576631396, 41.81684176796265 ], [ -91.660911339787603, 41.816837532382308 ], [ -91.660907123730695, 41.816833285423655 ], [ -91.660902923647598, 41.816829027010627 ], [ -91.660898746707048, 41.816824759057717 ], [ -91.660894588146817, 41.816820479688445 ], [ -91.660890447941512, 41.816816189803006 ], [ -91.660886328497625, 41.816811889439485 ], [ -91.660882228611925, 41.81680757857881 ], [ -91.660878148284326, 41.816803257220975 ], [ -91.660874087514898, 41.816798925366029 ], [ -91.660869805791648, 41.816794361280664 ], [ -91.66086549844411, 41.816789809397271 ], [ -91.660861165421451, 41.816785271515997 ], [ -91.6608568067237, 41.816780747636869 ], [ -91.66085242475728, 41.816776237797939 ], [ -91.660848015938015, 41.816771741042032 ], [ -91.66084358387559, 41.816767257426214 ], [ -91.660839126138015, 41.816762787812564 ], [ -91.660834643903158, 41.816758333120163 ], [ -91.660830136044083, 41.816753890629698 ], [ -91.660825603687726, 41.816749463060511 ], [ -91.660821048062843, 41.816745049531541 ], [ -91.660816466737344, 41.816740650904777 ], [ -91.660811860965481, 41.816736265399115 ], [ -91.660807231899582, 41.81673189483373 ], [ -91.660802577133211, 41.816727539170593 ], [ -91.660797900326898, 41.816723196666565 ], [ -91.660793197794675, 41.816718869964937 ], [ -91.660788471993811, 41.81671455730347 ], [ -91.660783721695736, 41.816710259563266 ], [ -91.660778948103641, 41.81670597676338 ], [ -91.660774151217538, 41.816701708903814 ], [ -91.66076932983421, 41.816697455965482 ], [ -91.660764485156804, 41.816693217967483 ], [ -91.660759616007653, 41.816688993990631 ], [ -91.660754725920128, 41.816684786792358 ], [ -91.660749810157498, 41.816680593596182 ], [ -91.660744872278713, 41.81667641625944 ], [ -91.660739909877208, 41.816672254744127 ], [ -91.660734925384958, 41.816668108188068 ], [ -91.660729918802005, 41.81666397659135 ], [ -91.660724888874128, 41.816659861735189 ], [ -91.660719835652316, 41.816655761819284 ], [ -91.660714759085607, 41.816651678643908 ], [ -91.660709661631429, 41.816647610446871 ], [ -91.66070453965456, 41.816643558071149 ], [ -91.660699396764784, 41.816639521573961 ], [ -91.660694231758811, 41.816635500936144 ], [ -91.66068904220468, 41.816631497019841 ], [ -91.660683832940947, 41.816627509001009 ], [ -91.660678600357784, 41.816623536822533 ], [ -91.660673345632958, 41.816619581403636 ], [ -91.66066806996983, 41.816615642763267 ], [ -91.660662770987258, 41.816611719963298 ], [ -91.660657451091751, 41.816607813041792 ], [ -91.661547787980197, 41.815926445266946 ], [ -91.661947700166152, 41.816358329010647 ], [ -91.661075668838365, 41.816982851524848 ] ] ] ] } },
{ "type": "Feature", "properties": { "PPN": "1109478001", "TotalValue": 525800.0, "PropClass": "R", "pctLandVal": 0.2, "acreVal": 116844.44444444444, "SiteAddres": "2765 NEUZIL RD SW", "credits": "HMST", "acres": 4.5, "permitNo": "BLD-23-31784", "permitType": "Dwelling", "permitDate": "6/2/2023", "permitYr": 2023, "nonmetro": 1 }, "geometry": { "type": "MultiPolygon", "coordinates": [ [ [ [ -91.659305880280911, 41.661140669323238 ], [ -91.659305225552004, 41.66032974064251 ], [ -91.660032193608103, 41.660337927258958 ], [ -91.661731660574006, 41.660357046875681 ], [ -91.661732345443554, 41.661167976435614 ], [ -91.659305880280911, 41.661140669323238 ] ] ] ] } },
{ "type": "Feature", "properties": { "PPN": "1709410006", "TotalValue": 213600.0, "PropClass": "R", "pctLandVal": 0.11, "acreVal": 1335000.0, "SiteAddres": "304 W LINN", "credits": "NONE", "acres": 0.16, "permitNo": "BLD-23-32044", "permitType": "Dwelling", "permitDate": "9/5/2023", "permitYr": 2023, "nonmetro": 1 }, "geometry": { "type": "MultiPolygon", "coordinates": [ [ [ [ -91.43014885740017, 41.485330119517322 ], [ -91.430331338672261, 41.485331401951854 ], [ -91.430326565548256, 41.485715614116984 ], [ -91.43014408197871, 41.485714332553748 ], [ -91.43014885740017, 41.485330119517322 ] ] ] ] } },
{ "type": "Feature", "properties": { "PPN": "1336452001", "TotalValue": 580300.0, "PropClass": "R", "pctLandVal": 0.15, "acreVal": 157262.8726287263, "SiteAddres": "2108 JOHNSON WASHINGTON RD SW", "credits": "NONE", "acres": 3.69, "permitNo": "BLD-24-32675", "permitType": "Dwelling", "permitDate": "7/8/2024", "permitYr": 2024, "nonmetro": 1 }, "geometry": { "type": "MultiPolygon", "coordinates": [ [ [ [ -91.722099468020758, 41.511481241121501 ], [ -91.722245518111592, 41.511481870399486 ], [ -91.722235328158078, 41.511777313002909 ], [ -91.72218139762721, 41.513340902764291 ], [ -91.722499831349595, 41.513346010143941 ], [ -91.722821995136997, 41.513416565000526 ], [ -91.722990025203885, 41.513421930310017 ], [ -91.723397625420915, 41.513434945637528 ], [ -91.723377035611534, 41.514244692080204 ], [ -91.723367529092016, 41.514244555123277 ], [ -91.722689638230392, 41.514234815731882 ], [ -91.722152356131986, 41.514360448388643 ], [ -91.72198544520036, 41.514353057427442 ], [ -91.721954469145913, 41.51434966636613 ], [ -91.721924719107633, 41.514342347963201 ], [ -91.721897069657146, 41.514331317360238 ], [ -91.721872333613391, 41.514316898827531 ], [ -91.721851238147536, 41.514299516231297 ], [ -91.721834403406163, 41.51427968057277 ], [ -91.72182232428068, 41.514257974966227 ], [ -91.721815355859192, 41.514235037496611 ], [ -91.72181370298847, 41.514211542461666 ], [ -91.721817397531524, 41.514127305391575 ], [ -91.721982499738075, 41.5134615734463 ], [ -91.722036843660248, 41.513296787364148 ], [ -91.722099468020758, 41.511481241121501 ] ] ] ] } },
{ "type": "Feature", "properties": { "PPN": "0726126008", "TotalValue": 849000.0, "PropClass": "R", "pctLandVal": 0.11, "acreVal": 558552.63157894742, "SiteAddres": "4311 OAKRIDGE TRL NE", "credits": "NONE", "acres": 1.52, "permitNo": "BLD-26156", "permitType": "Dwelling", "permitDate": "10/26/2015", "permitYr": 2015, "nonmetro": 1 }, "geometry": { "type": "MultiPolygon", "coordinates": [ [ [ [ -91.51169331374318, 41.713749936936978 ], [ -91.511692189493445, 41.713749951000104 ], [ -91.511691065106334, 41.713749969563857 ], [ -91.51168994052702, 41.713749994428504 ], [ -91.511688817011674, 41.713750023814335 ], [ -91.511687693304083, 41.713750059501031 ], [ -91.511686569486599, 41.713750098788267 ], [ -91.5116854466782, 41.713750144396911 ], [ -91.511684323732439, 41.713750194506247 ], [ -91.51168320182326, 41.713750250036817 ], [ -91.511682079749278, 41.713750310968209 ], [ -91.511680958766746, 41.713750375520654 ], [ -91.511679837564429, 41.713750447274087 ], [ -91.511678717426179, 41.713750523548761 ], [ -91.511677598351866, 41.71375060434459 ], [ -91.511676480314122, 41.713750690561774 ], [ -91.511675360910203, 41.713750782159138 ], [ -91.511674243744153, 41.713750879198408 ], [ -91.511673128843441, 41.713750980779437 ], [ -91.511672012576625, 41.713751087740647 ], [ -91.511670898547621, 41.71375120014379 ], [ -91.511669784381283, 41.713751317047524 ], [ -91.511668671251456, 41.713751439372594 ], [ -91.511667560359484, 41.713751567139596 ], [ -91.511666449330178, 41.713751699407176 ], [ -91.511665339337384, 41.713751837096147 ], [ -91.511664230381101, 41.713751980206411 ], [ -91.511663123690141, 41.713752127858442 ], [ -91.511662016834379, 41.713752280911223 ], [ -91.511660913417771, 41.713752439426521 ], [ -91.511659809891313, 41.713752601542339 ], [ -91.511658707401395, 41.713752769079456 ], [ -91.511657607094364, 41.713752943858708 ], [ -91.511656509080055, 41.713753122279634 ], [ -91.511655409727126, 41.713753305180617 ], [ -91.511654315014709, 41.71375349356466 ], [ -91.511653218936132, 41.713753687328882 ], [ -91.511652126324194, 41.71375388565545 ], [ -91.511651035950052, 41.713754089423951 ], [ -91.51164994543862, 41.713754297693058 ], [ -91.511648857165, 41.713754511404069 ], [ -91.511647771156703, 41.713754729656877 ], [ -91.511646686184918, 41.713754953330984 ], [ -91.511645604652287, 41.713755182467629 ], [ -91.511644524183609, 41.713755416125473 ], [ -91.511643444778969, 41.713755654304492 ], [ -91.511306024332939, 41.713862390519353 ], [ -91.510963470794877, 41.713901739763827 ], [ -91.510947551326325, 41.713019839607199 ], [ -91.511676907812145, 41.712841626753594 ], [ -91.51169331374318, 41.713749936936978 ] ] ] ] } },
{ "type": "Feature", "properties": { "PPN": "1026351008", "TotalValue": 248200.0, "PropClass": "R", "pctLandVal": 0.21, "acreVal": 517083.33333333337, "SiteAddres": "4210 ANDERSON AVE SE", "credits": "HMST", "acres": 0.48, "permitNo": "BLD-25466", "permitType": "Dwelling", "permitDate": "10/30/2014", "permitYr": 2014, "nonmetro": 1 }, "geometry": { "type": "MultiPolygon", "coordinates": [ [ [ [ -91.520391595935649, 41.616401972824342 ], [ -91.520910156914965, 41.616405317666334 ], [ -91.520905451148764, 41.616811765802453 ], [ -91.520386914264535, 41.616806530999291 ], [ -91.520391595935649, 41.616401972824342 ] ] ] ] } },
{ "type": "Feature", "properties": { "PPN": "0706458001", "TotalValue": 2232400.0, "PropClass": "R", "pctLandVal": 0.17, "acreVal": 637828.57142857148, "SiteAddres": "2365 LAKERIDGE PL NE", "credits": "NONE", "acres": 3.5, "permitNo": "BLD-23-32120", "permitType": "Dwelling", "permitDate": "9/25/2023", "permitYr": 2023, "nonmetro": 1 }, "geometry": { "type": "MultiPolygon", "coordinates": [ [ [ [ -91.587580005318301, 41.761166028573548 ], [ -91.588885367060044, 41.760802377381211 ], [ -91.589421003183418, 41.760902669286843 ], [ -91.589406180232999, 41.761712151157312 ], [ -91.588150846028086, 41.761957834649699 ], [ -91.588140714224281, 41.761936311679648 ], [ -91.588125958289481, 41.761916343583536 ], [ -91.588106986357616, 41.761898482652846 ], [ -91.588084323170307, 41.761883222897239 ], [ -91.588058595563041, 41.761870986380949 ], [ -91.588030515127755, 41.76186211154932 ], [ -91.587831803732854, 41.761813278275604 ], [ -91.587839051599559, 41.761767226773571 ], [ -91.587837937900218, 41.761720864141658 ], [ -91.587828483003008, 41.76167503755584 ], [ -91.587810859692482, 41.761630584395348 ], [ -91.587580005318301, 41.761166028573548 ] ] ] ] } },
{ "type": "Feature", "properties": { "PPN": "0227452002", "TotalValue": 464700.0, "PropClass": "R", "pctLandVal": 0.37, "acreVal": 50292.207792207788, "SiteAddres": "4128 200TH ST NE", "credits": "NONE", "acres": 9.24, "permitNo": "BLD-24-32592", "permitType": "Dwelling", "permitDate": "6/21/2024", "permitYr": 2024, "nonmetro": 1 }, "geometry": { "type": "MultiPolygon", "coordinates": [ [ [ [ -91.525928381629967, 41.79016620119863 ], [ -91.525930847229915, 41.79006193812409 ], [ -91.526004172927856, 41.790062908141593 ], [ -91.526044844761955, 41.788342952590433 ], [ -91.528258944547986, 41.788384654193052 ], [ -91.52821586028719, 41.790209288625135 ], [ -91.525928381629967, 41.79016620119863 ] ] ] ] } },
{ "type": "Feature", "properties": { "PPN": "0706453007", "TotalValue": 1971100.0000000002, "PropClass": "R", "pctLandVal": 0.21, "acreVal": 408941.90871369292, "SiteAddres": "3515 LAKERIDGE CT NE", "credits": "HMST", "acres": 4.82, "permitNo": "BLD-16648", "permitType": "Dwelling", "permitDate": "9/15/2011", "permitYr": 2011, "nonmetro": 1 }, "geometry": { "type": "MultiPolygon", "coordinates": [ [ [ [ -91.589225901622925, 41.763132978120375 ], [ -91.58808992411312, 41.762098529485435 ], [ -91.588111309538419, 41.762083022068246 ], [ -91.588129059239222, 41.762065126798056 ], [ -91.58814270480832, 41.762045315926706 ], [ -91.588151886146562, 41.76202411225794 ], [ -91.588156360965471, 41.762002075350537 ], [ -91.588156011180786, 41.761979786751589 ], [ -91.588150846028086, 41.761957834649699 ], [ -91.589406180232999, 41.761712151157312 ], [ -91.589555667945731, 41.761713657990754 ], [ -91.589677896626597, 41.761882556346485 ], [ -91.59004401420448, 41.762069962303954 ], [ -91.5900383939303, 41.762377291031008 ], [ -91.59030226139663, 41.762379999412779 ], [ -91.590299891109026, 41.762509664202234 ], [ -91.590287872086023, 41.763167142243155 ], [ -91.589225901622925, 41.763132978120375 ] ] ] ] } },
{ "type": "Feature", "properties": { "PPN": "0706426005", "TotalValue": 1943000.0, "PropClass": "R", "pctLandVal": 0.19, "acreVal": 639144.73684210528, "SiteAddres": "2342 LAKERIDGE PL NE", "credits": "HMST", "acres": 3.04, "permitNo": "BLD-24924", "permitType": "Dwelling", "permitDate": "11/20/2013", "permitYr": 2013, "nonmetro": 1 }, "geometry": { "type": "MultiPolygon", "coordinates": [ [ [ [ -91.585402822008135, 41.762925219993107 ], [ -91.586799208812394, 41.763147706264256 ], [ -91.586784037298884, 41.763212950931788 ], [ -91.586775368157049, 41.763278858169258 ], [ -91.586773249121165, 41.763345065226638 ], [ -91.586784556997486, 41.763988758023281 ], [ -91.585388684682044, 41.764002482370671 ], [ -91.585402822008135, 41.762925219993107 ] ] ] ] } },
{ "type": "Feature", "properties": { "PPN": "0721430001", "TotalValue": 1040600.0, "PropClass": "R", "pctLandVal": 0.32, "acreVal": 210222.22222222222, "SiteAddres": "3923 WOODS LN NE", "credits": "HMST", "acres": 4.95, "permitNo": "BLD-21-30419", "permitType": "Dwelling", "permitDate": "10/20/2021", "permitYr": 2021, "nonmetro": 0 }, "geometry": { "type": "MultiPolygon", "coordinates": [ [ [ [ -91.549412508806284, 41.719815480803653 ], [ -91.547720153232945, 41.719110720121805 ], [ -91.54725722502836, 41.719959163980434 ], [ -91.546581944418833, 41.719616182554965 ], [ -91.546586693850244, 41.71869057833856 ], [ -91.549383534317343, 41.718737752534416 ], [ -91.549017963561639, 41.719216944097923 ], [ -91.548878754728946, 41.719403840100057 ], [ -91.549572126605696, 41.719695561525526 ], [ -91.549731134560886, 41.71971474990076 ], [ -91.549701814783177, 41.719850390857339 ], [ -91.549412508806284, 41.719815480803653 ] ] ] ] } },
{ "type": "Feature", "properties": { "PPN": "0819402006", "TotalValue": 579000.0, "PropClass": "R", "pctLandVal": 0.21, "acreVal": 117444.21906693712, "SiteAddres": "4791 DINGLEBERRY RD NE", "credits": "HMST", "acres": 4.93, "permitNo": "BLD-17915", "permitType": "Dwelling", "permitDate": "7/31/2013", "permitYr": 2013, "nonmetro": 1 }, "geometry": { "type": "MultiPolygon", "coordinates": [ [ [ [ -91.464498012080483, 41.720882476833353 ], [ -91.464489273568432, 41.72088076104842 ], [ -91.464480550851974, 41.720879001410083 ], [ -91.464471845132564, 41.720877197939409 ], [ -91.464463155152558, 41.720875352415604 ], [ -91.464454482197695, 41.720873462159297 ], [ -91.46444582623991, 41.720871528070738 ], [ -91.46443718602157, 41.720869551928971 ], [ -91.464428565203193, 41.720867531997058 ], [ -91.464419962555255, 41.720865469154049 ], [ -91.464411378077827, 41.720863363399872 ], [ -91.464402813000405, 41.720861213855578 ], [ -91.46439426603726, 41.720859023200326 ], [ -91.464385740905115, 41.720856787897006 ], [ -91.464377233887305, 41.720854511482791 ], [ -91.464368748672399, 41.72085219132056 ], [ -91.464360282773313, 41.720849830068531 ], [ -91.464351839850437, 41.720847425989703 ], [ -91.464343417501084, 41.720844979041921 ], [ -91.464335018071822, 41.720842491067565 ], [ -91.464326640417454, 41.720839960245307 ], [ -91.464318284509872, 41.720837387475335 ], [ -91.464309952723823, 41.720834773699821 ], [ -91.464301645087545, 41.720832118018755 ], [ -91.464293360399466, 41.720829420410986 ], [ -91.464285101006354, 41.720826682718929 ], [ -91.464276864561583, 41.720823903100218 ], [ -91.464268654669368, 41.720821081618034 ], [ -91.464260467669263, 41.720818220009477 ], [ -91.464252308423198, 41.720815316558514 ], [ -91.464244175645476, 41.720812373944476 ], [ -91.464236068247089, 41.720809388545817 ], [ -91.464227987317003, 41.720806363984096 ], [ -91.464219934084809, 41.72080329938025 ], [ -91.464211908578619, 41.720800193834201 ], [ -91.464203909568909, 41.720797048224959 ], [ -91.464195941833268, 41.720793863536962 ], [ -91.464187999392692, 41.720790638764726 ], [ -91.464180088282433, 41.720787373113488 ], [ -91.464172204813877, 41.720784069220436 ], [ -91.4641643514462, 41.720780725327387 ], [ -91.464156528151165, 41.720777342334586 ], [ -91.464148734900746, 41.720773921142019 ], [ -91.464140974182186, 41.720770459091618 ], [ -91.464133241077207, 41.720766959699517 ], [ -91.464125541649281, 41.720763421270824 ], [ -91.463848712860653, 41.720635260107279 ], [ -91.46384283723404, 41.720632561494554 ], [ -91.463836939082086, 41.720629891305812 ], [ -91.463831014744159, 41.72062725127806 ], [ -91.463825067824516, 41.720624641474444 ], [ -91.463819097121799, 41.720622061874046 ], [ -91.463813103837367, 41.720619512497812 ], [ -91.463807086798013, 41.720616992424574 ], [ -91.463801048293988, 41.720614505296957 ], [ -91.46379498729263, 41.720612045693159 ], [ -91.463788903653338, 41.720609618113819 ], [ -91.463782798577498, 41.720607222579929 ], [ -91.463776673350893, 41.720604856412265 ], [ -91.463770524284939, 41.720602522247916 ], [ -91.463764356241469, 41.720600218370969 ], [ -91.463758166761508, 41.720597946539499 ], [ -91.463751957074521, 41.720595705874445 ], [ -91.463745728381923, 41.72059349639688 ], [ -91.463739479482328, 41.720591318085766 ], [ -91.463733210347556, 41.720589171841212 ], [ -91.463726922179049, 41.720587057684213 ], [ -91.463720616206345, 41.720584974735765 ], [ -91.463714289970312, 41.720582924753991 ], [ -91.463707945930096, 41.720580905980768 ], [ -91.463701584057532, 41.720578919316168 ], [ -91.463695204324523, 41.720576965660392 ], [ -91.463688807960565, 41.720575044134343 ], [ -91.463682392590925, 41.720573153795769 ], [ -91.463675961763684, 41.720571296508076 ], [ -91.463669514277342, 41.720569472250297 ], [ -91.463663051333313, 41.720567681043384 ], [ -91.463656570556907, 41.72056592194518 ], [ -91.463650074350937, 41.720564194997728 ], [ -91.463643563860586, 41.720562502022368 ], [ -91.463637037940728, 41.720560841197781 ], [ -91.463630495333518, 41.720559214303172 ], [ -91.463623940901073, 41.720557619622554 ], [ -91.463617371010926, 41.72055605799288 ], [ -91.463610788009589, 41.72055453125644 ], [ -91.463604190808226, 41.720553035791767 ], [ -91.463597579294301, 41.720551575199266 ], [ -91.463590955926904, 41.720550147720928 ], [ -91.463584319476439, 41.720548754235736 ], [ -91.463577671200611, 41.72054739296447 ], [ -91.463571009813592, 41.720546066586571 ], [ -91.463564337774514, 41.720544773343796 ], [ -91.463602137464306, 41.718258459110189 ], [ -91.46360662114877, 41.71798722526249 ], [ -91.464562663278443, 41.718946630595532 ], [ -91.464498012080483, 41.720882476833353 ] ] ] ] } },
{ "type": "Feature", "properties": { "PPN": "1314109006", "TotalValue": 391800.0, "PropClass": "R", "pctLandVal": 0.16, "acreVal": 399795.91836734692, "SiteAddres": "1985 MILL VIEW CIR SW", "credits": "HMST", "acres": 0.98, "permitNo": "BLD-26410", "permitType": "Dwelling", "permitDate": "4/8/2016", "permitYr": 2016, "nonmetro": 1 }, "geometry": { "type": "MultiPolygon", "coordinates": [ [ [ [ -91.733523075426945, 41.568462212586425 ], [ -91.73309635883345, 41.568140873517656 ], [ -91.73370663900991, 41.568143345753995 ], [ -91.733707351028599, 41.568063759032484 ], [ -91.734333599696441, 41.568066293207515 ], [ -91.734348431221449, 41.56810997669006 ], [ -91.734368651352355, 41.568152423379338 ], [ -91.734394081945183, 41.56819325928867 ], [ -91.73442449894678, 41.568232124622995 ], [ -91.734451058868743, 41.568266982289444 ], [ -91.734472012275802, 41.568303932166643 ], [ -91.734487071989349, 41.568342467852148 ], [ -91.734496031603328, 41.568382061208922 ], [ -91.734498768313614, 41.568422169603544 ], [ -91.734497277528249, 41.568434012764499 ], [ -91.734493085173469, 41.56844548453207 ], [ -91.734486317276691, 41.568456240046764 ], [ -91.734477177290444, 41.568465955980798 ], [ -91.734465939976388, 41.568474340257538 ], [ -91.734452943145641, 41.568481140832127 ], [ -91.73443857750361, 41.568486153268218 ], [ -91.734423274904714, 41.568489226883777 ], [ -91.734407495370107, 41.568490269280886 ], [ -91.733856333217716, 41.568490626936217 ], [ -91.733841033729874, 41.568489668883274 ], [ -91.733826163875406, 41.568486800430875 ], [ -91.733812143552342, 41.568482102578947 ], [ -91.733799368669253, 41.56847570798643 ], [ -91.733788199965431, 41.568467797225082 ], [ -91.733766689824193, 41.568452475209867 ], [ -91.733742163384719, 41.568439967222503 ], [ -91.733715266322122, 41.56843060254343 ], [ -91.733686706718615, 41.568424627703521 ], [ -91.733657236423028, 41.568422199993968 ], [ -91.733627631258287, 41.568423383325666 ], [ -91.733598670597715, 41.568428146546729 ], [ -91.733571116847997, 41.568436364262503 ], [ -91.733545695378751, 41.56844782013669 ], [ -91.733523075426945, 41.568462212586425 ] ] ] ] } },
{ "type": "Feature", "properties": { "PPN": "0706456001", "TotalValue": 1428899.9999999998, "PropClass": "R", "pctLandVal": 0.22, "acreVal": 433000.0, "SiteAddres": "2362 LAKERIDGE PL NE", "credits": "HMST", "acres": 3.3, "permitNo": "BLD-17933", "permitType": "Dwelling", "permitDate": "8/22/2013", "permitYr": 2013, "nonmetro": 1 }, "geometry": { "type": "MultiPolygon", "coordinates": [ [ [ [ -91.585402822008135, 41.762925219993107 ], [ -91.585404336886242, 41.762809966315437 ], [ -91.585576705291601, 41.762811504137247 ], [ -91.586597652113667, 41.762820608977698 ], [ -91.586615895029539, 41.761430321641875 ], [ -91.586616455294262, 41.7613875954425 ], [ -91.587387795029855, 41.761172725011477 ], [ -91.587408245129765, 41.761213876255788 ], [ -91.587639099650644, 41.761678432431012 ], [ -91.587651582008704, 41.761712017664678 ], [ -91.587656314860652, 41.761746698415237 ], [ -91.587653162414753, 41.761781479737145 ], [ -91.587642215098285, 41.761815363798092 ], [ -91.587623786964642, 41.761847378505543 ], [ -91.587598406684876, 41.761876605395081 ], [ -91.587566802381716, 41.761902205980455 ], [ -91.587329027974874, 41.762064732510467 ], [ -91.587288228772849, 41.762096446568599 ], [ -91.587253192533169, 41.762131812838426 ], [ -91.587224496721774, 41.762170248424169 ], [ -91.587202614306307, 41.762211119841531 ], [ -91.586932009202059, 41.762828369323415 ], [ -91.586832557859125, 41.763055212781978 ], [ -91.586814230820778, 41.763101125530568 ], [ -91.586799208812394, 41.763147706264256 ], [ -91.585402822008135, 41.762925219993107 ] ] ] ] } },
{ "type": "Feature", "properties": { "PPN": "1031252001", "TotalValue": 1210899.9999999998, "PropClass": "R", "pctLandVal": 0.08, "acreVal": 379592.47648902819, "SiteAddres": "4461 MAIER AVE SW", "credits": "HMST", "acres": 3.19, "permitNo": "BLD-25053", "permitType": "Dwelling", "permitDate": "6/17/2014", "permitYr": 2014, "nonmetro": 1 }, "geometry": { "type": "MultiPolygon", "coordinates": [ [ [ [ -91.596654018864953, 41.609389058753976 ], [ -91.596779031739487, 41.609320003838185 ], [ -91.596909411548552, 41.609256785843584 ], [ -91.597044675109416, 41.60919963904675 ], [ -91.597184321145065, 41.609148775224867 ], [ -91.597327832141488, 41.609104382870768 ], [ -91.598549762184021, 41.608758646494756 ], [ -91.598475395663655, 41.609993490089856 ], [ -91.598282614146484, 41.610003288972813 ], [ -91.597850586518788, 41.609809382660963 ], [ -91.5970736205457, 41.609768341082713 ], [ -91.596654018864953, 41.609389058753976 ] ] ] ] } },
{ "type": "Feature", "properties": { "PPN": "0706457001", "TotalValue": 2058899.9999999998, "PropClass": "R", "pctLandVal": 0.18, "acreVal": 629633.02752293576, "SiteAddres": "3528 LAKERIDGE CT NE", "credits": "HMST", "acres": 3.27, "permitNo": "BLD-20-29001", "permitType": "Dwelling", "permitDate": "4/14/2020", "permitYr": 2020, "nonmetro": 1 }, "geometry": { "type": "MultiPolygon", "coordinates": [ [ [ [ -91.587106135454277, 41.762871161681566 ], [ -91.587376739085968, 41.762253911803242 ], [ -91.587395173283269, 41.762221519003745 ], [ -91.587420710309289, 41.762191951861439 ], [ -91.587452603166753, 41.762166075250292 ], [ -91.587621702744414, 41.762050490010559 ], [ -91.587916393647916, 41.76212290889837 ], [ -91.587946229513591, 41.762128218272174 ], [ -91.587976830136455, 41.762129728338529 ], [ -91.588007338637794, 41.762127396812538 ], [ -91.588036900718535, 41.762121288981596 ], [ -91.588064688581781, 41.762111575877185 ], [ -91.58808992411312, 41.762098529485435 ], [ -91.589225901622925, 41.763132978120375 ], [ -91.588951895752061, 41.763324744004201 ], [ -91.587106135454277, 41.762871161681566 ] ] ] ] } },
{ "type": "Feature", "properties": { "PPN": "0218202007", "TotalValue": 811500.0, "PropClass": "R", "pctLandVal": 0.16, "acreVal": 76992.409867172682, "SiteAddres": "3480 SANDY BEACH RD NE", "credits": "HMST", "acres": 10.54, "permitNo": "BLD-22-31034", "permitType": "Dwelling", "permitDate": "7/14/2022", "permitYr": 2022, "nonmetro": 1 }, "geometry": { "type": "MultiPolygon", "coordinates": [ [ [ [ -91.593716791948154, 41.829281694355359 ], [ -91.593727375526313, 41.830023240747927 ], [ -91.593740871167753, 41.830968599287047 ], [ -91.591340411232636, 41.830955266126075 ], [ -91.589896974765182, 41.830947218081462 ], [ -91.589963525824686, 41.830393953566954 ], [ -91.591432456562387, 41.830412035422121 ], [ -91.591479721720887, 41.829995708858888 ], [ -91.591497337072411, 41.829840554472625 ], [ -91.591561940049644, 41.829270737536206 ], [ -91.593716791948154, 41.829281694355359 ] ] ] ] } },
{ "type": "Feature", "properties": { "PPN": "0315401003", "TotalValue": 676400.0, "PropClass": "R", "pctLandVal": 0.23, "acreVal": 138323.10838445809, "SiteAddres": "1510 RIDGE TOP DR NE", "credits": "NONE", "acres": 4.89, "permitNo": "BLD-18-27859", "permitType": "Dwelling", "permitDate": "6/14/2018", "permitYr": 2018, "nonmetro": 1 }, "geometry": { "type": "MultiPolygon", "coordinates": [ [ [ [ -91.637494151741109, 41.822524158683784 ], [ -91.638316224453831, 41.822524361298292 ], [ -91.639871652432134, 41.822833695159673 ], [ -91.639839196096148, 41.822938254156213 ], [ -91.639815662276789, 41.82304414134213 ], [ -91.639801145600757, 41.823150931154402 ], [ -91.639795704455651, 41.823258194400196 ], [ -91.639799360754651, 41.823365499981918 ], [ -91.639812099847688, 41.823472416629741 ], [ -91.639833870579679, 41.823578514634903 ], [ -91.638159296514416, 41.823811594225162 ], [ -91.637494151741109, 41.822524158683784 ] ] ] ] } },
{ "type": "Feature", "properties": { "PPN": "0630403001", "TotalValue": 454700.0, "PropClass": "R", "pctLandVal": 0.17, "acreVal": 193489.36170212764, "SiteAddres": "2387 COPI RD NW", "credits": "HMST", "acres": 2.35, "permitNo": "BLD-21-30120", "permitType": "Dwelling", "permitDate": "7/16/2021", "permitYr": 2021, "nonmetro": 1 }, "geometry": { "type": "MultiPolygon", "coordinates": [ [ [ [ -91.695667609145701, 41.707088670443881 ], [ -91.696727110038509, 41.706296278902293 ], [ -91.696726917387636, 41.706398751271273 ], [ -91.696769230285852, 41.706458506902536 ], [ -91.697584829198291, 41.70683998328407 ], [ -91.696148283957243, 41.707412632451053 ], [ -91.696077129846614, 41.707441484472696 ], [ -91.69566742328368, 41.70743999761369 ], [ -91.695667609145701, 41.707088670443881 ] ] ] ] } },
{ "type": "Feature", "properties": { "PPN": "0229405001", "TotalValue": 2527399.9999999995, "PropClass": "R", "pctLandVal": 0.44, "acreVal": 4357586.2068965519, "SiteAddres": "3701 COTTAGE RESERVE RD NE", "credits": "HMST", "acres": 0.58, "permitNo": "BLD-18-28218", "permitType": "Dwelling", "permitDate": "3/26/2019", "permitYr": 2019, "nonmetro": 1 }, "geometry": { "type": "MultiPolygon", "coordinates": [ [ [ [ -91.563484801561927, 41.792977632970739 ], [ -91.56353042055575, 41.79297599043327 ], [ -91.563603428222208, 41.792975984876577 ], [ -91.56367184462475, 41.792955604138214 ], [ -91.563706273845781, 41.792934202304572 ], [ -91.563730044791868, 41.792919427516956 ], [ -91.563747633312303, 41.792865355517236 ], [ -91.563777280825903, 41.792813109040338 ], [ -91.563850231678572, 41.792801577009648 ], [ -91.563859331764576, 41.792801534998915 ], [ -91.563888179973944, 41.792852851360969 ], [ -91.563906665396985, 41.792885735305632 ], [ -91.564095431061133, 41.793227623089642 ], [ -91.564067295446137, 41.793273789024667 ], [ -91.56402760398656, 41.793360152585123 ], [ -91.563987968788126, 41.793467235361497 ], [ -91.563971421460721, 41.793503888883095 ], [ -91.563947059933398, 41.793538013060179 ], [ -91.56391554487125, 41.79356868245619 ], [ -91.563877730944441, 41.793595065325903 ], [ -91.563834643650338, 41.793616446172564 ], [ -91.56353691361457, 41.793072790925358 ], [ -91.563484801561927, 41.792977632970739 ] ] ] ] } },
{ "type": "Feature", "properties": { "PPN": "1232302001", "TotalValue": 231700.0, "PropClass": "R", "pctLandVal": 0.34, "acreVal": 81013.986013986025, "SiteAddres": "4506 BLACK HAWK AVE SW", "credits": "HMST", "acres": 2.86, "permitNo": "BLD-22-31233", "permitType": "Dwelling", "permitDate": "9/16/2022", "permitYr": 2022, "nonmetro": 1 }, "geometry": { "type": "MultiPolygon", "coordinates": [ [ [ [ -91.807036052223793, 41.60664372596684 ], [ -91.808260526231649, 41.606621247271448 ], [ -91.808269230778123, 41.607650754219769 ], [ -91.80702556177954, 41.607643761116236 ], [ -91.807036052223793, 41.60664372596684 ] ] ] ] } },
{ "type": "Feature", "properties": { "PPN": "0112279001", "TotalValue": 344300.0, "PropClass": "R", "pctLandVal": 0.19, "acreVal": 167951.21951219512, "SiteAddres": "5690 130TH ST NE", "credits": "NONE", "acres": 2.05, "permitNo": "BLD-27148", "permitType": "Dwelling", "permitDate": "5/31/2017", "permitYr": 2017, "nonmetro": 1 }, "geometry": { "type": "MultiPolygon", "coordinates": [ [ [ [ -91.376439036129668, 41.838545893239385 ], [ -91.377574834131067, 41.838560506512295 ], [ -91.377579980551445, 41.838916407606291 ], [ -91.377222870311613, 41.839432326747719 ], [ -91.37645169543157, 41.839422363312678 ], [ -91.376439036129668, 41.838545893239385 ] ] ] ] } },
{ "type": "Feature", "properties": { "PPN": "0317204005", "TotalValue": 157000.0, "PropClass": "R", "pctLandVal": 0.7, "acreVal": 47005.988023952101, "SiteAddres": "2473 140TH ST NW", "credits": "NONE", "acres": 3.34, "permitNo": "BLD-24-32949", "permitType": "Dwelling", "permitDate": "10/24/2024", "permitYr": 2024, "nonmetro": 1 }, "geometry": { "type": "MultiPolygon", "coordinates": [ [ [ [ -91.685511077410737, 41.831314150694332 ], [ -91.686949453394988, 41.831025399972908 ], [ -91.686955932577234, 41.832168828035286 ], [ -91.686452593523839, 41.832181315832386 ], [ -91.685509959792213, 41.83220469613444 ], [ -91.685511077410737, 41.831314150694332 ] ] ] ] } },
{ "type": "Feature", "properties": { "PPN": "1710356007", "TotalValue": 273500.0, "PropClass": "R", "pctLandVal": 0.11, "acreVal": 1302380.9523809527, "SiteAddres": "510 S CENTER ST", "credits": "HMST", "acres": 0.21, "permitNo": "BLD-23-31571", "permitType": "Dwelling", "permitDate": "3/16/2023", "permitYr": 2023, "nonmetro": 1 }, "geometry": { "type": "MultiPolygon", "coordinates": [ [ [ [ -91.423735279268087, 41.482450598443791 ], [ -91.423735205495973, 41.482313373999602 ], [ -91.423735180962481, 41.48226763071677 ], [ -91.424246129158561, 41.482267476278757 ], [ -91.424246154077963, 41.482313218661268 ], [ -91.424246227696386, 41.482450443983851 ], [ -91.423735279268087, 41.482450598443791 ] ] ] ] } },
{ "type": "Feature", "properties": { "PPN": "0709403001", "TotalValue": 1378499.9999999998, "PropClass": "R", "pctLandVal": 0.15, "acreVal": 137850.0, "SiteAddres": "3980 245TH ST EXT NE", "credits": "HMST", "acres": 10.0, "permitNo": "BLD-17604", "permitType": "Dwelling", "permitDate": "12/3/2012", "permitYr": 2012, "nonmetro": 1 }, "geometry": { "type": "MultiPolygon", "coordinates": [ [ [ [ -91.542703952344155, 41.750439695923681 ], [ -91.542894525982149, 41.750446294682362 ], [ -91.543013565198848, 41.750448571566267 ], [ -91.543132526889096, 41.75044463061387 ], [ -91.54325083258658, 41.75043449098856 ], [ -91.54336790701538, 41.75041820199543 ], [ -91.543483180887819, 41.75039584284162 ], [ -91.544231887505049, 41.750229554729586 ], [ -91.544326791395179, 41.750204776425981 ], [ -91.544418158668933, 41.750173417437885 ], [ -91.544505177723195, 41.750135756324724 ], [ -91.544587075583493, 41.750092127626601 ], [ -91.544663124770651, 41.75004291889244 ], [ -91.544672029354629, 41.75003750986744 ], [ -91.544681951476477, 41.750033207001294 ], [ -91.544692648313315, 41.750030115597454 ], [ -91.544703858083039, 41.750028311311354 ], [ -91.544715306450598, 41.750027838299026 ], [ -91.544746980150492, 41.750026326670628 ], [ -91.544777830381207, 41.750020744751019 ], [ -91.544806931567976, 41.750011260010091 ], [ -91.544833410612128, 41.749998157010914 ], [ -91.544856473086313, 41.749981828872045 ], [ -91.544875427069172, 41.749962765472887 ], [ -91.54488970390446, 41.749941538756225 ], [ -91.545270468591326, 41.75005538364298 ], [ -91.546238208912072, 41.751145150816306 ], [ -91.545767082053615, 41.751632350142188 ], [ -91.542663798550024, 41.751583579965882 ], [ -91.542703952344155, 41.750439695923681 ] ] ] ] } },
{ "type": "Feature", "properties": { "PPN": "1034103001", "TotalValue": 669900.0, "PropClass": "R", "pctLandVal": 0.08, "acreVal": 429423.07692307699, "SiteAddres": "4445 SAND RD SE", "credits": "HMST", "acres": 1.56, "permitNo": "BLD-24864", "permitType": "Dwelling", "permitDate": "10/25/2013", "permitYr": 2013, "nonmetro": 1 }, "geometry": { "type": "MultiPolygon", "coordinates": [ [ [ [ -91.521798224449952, 41.609554373860441 ], [ -91.522055013348933, 41.609389394855647 ], [ -91.522739048019574, 41.609389383951509 ], [ -91.522746675191215, 41.610102903897612 ], [ -91.521856835293434, 41.610133167250915 ], [ -91.52179999461282, 41.610135099647131 ], [ -91.52178852256263, 41.610017740853294 ], [ -91.521769193802555, 41.609900964208819 ], [ -91.521742057379171, 41.609785065779633 ], [ -91.521707182132872, 41.609670339403543 ], [ -91.521832526865552, 41.609645848654139 ], [ -91.521798224449952, 41.609554373860441 ] ] ] ] } },
{ "type": "Feature", "properties": { "PPN": "0830328002", "TotalValue": 760300.0, "PropClass": "R", "pctLandVal": 0.1, "acreVal": 539219.85815602844, "SiteAddres": "3116 HIGHWAY 1 NE", "credits": "HMST", "acres": 1.41, "permitNo": "BLD-27036", "permitType": "Dwelling", "permitDate": "3/6/2017", "permitYr": 2017, "nonmetro": 1 }, "geometry": { "type": "MultiPolygon", "coordinates": [ [ [ [ -91.482604774082134, 41.706820828515163 ], [ -91.482454173274121, 41.706236132390103 ], [ -91.483130613321819, 41.706363997984937 ], [ -91.483725306569468, 41.706476408842917 ], [ -91.483549276927249, 41.706999340419571 ], [ -91.482604774082134, 41.706820828515163 ] ] ] ] } },
{ "type": "Feature", "properties": { "PPN": "0226352002", "TotalValue": 917000.0, "PropClass": "A, AD", "pctLandVal": 0.01, "acreVal": 183400.0, "SiteAddres": "1951 JORDAN CREEK RD NE", "credits": "HMST", "acres": 5.0, "permitNo": "BLD-18-27755", "permitType": "Dwelling", "permitDate": "5/8/2018", "permitYr": 2018, "nonmetro": 1 }, "geometry": { "type": "MultiPolygon", "coordinates": [ [ [ [ -91.519871859809385, 41.791654304537083 ], [ -91.519725240014296, 41.79165120638568 ], [ -91.51972937640906, 41.791541481015095 ], [ -91.519582755562581, 41.791538386263724 ], [ -91.519578617690726, 41.791648112508796 ], [ -91.518236639930436, 41.791619764215014 ], [ -91.518275089397292, 41.790600536701326 ], [ -91.520165693773492, 41.790640468333144 ], [ -91.520674936877271, 41.791671258195066 ], [ -91.519871859809385, 41.791654304537083 ] ] ] ] } },
{ "type": "Feature", "properties": { "PPN": "1216127001", "TotalValue": 549200.0, "PropClass": "R", "pctLandVal": 0.13, "acreVal": 241938.32599118943, "SiteAddres": "1553 IWV RD SW", "credits": "HMST", "acres": 2.27, "permitNo": "BLD-23-31724", "permitType": "Dwelling", "permitDate": "6/9/2023", "permitYr": 2023, "nonmetro": 1 }, "geometry": { "type": "MultiPolygon", "coordinates": [ [ [ [ -91.781230105915526, 41.658125465242485 ], [ -91.77980981503319, 41.658119987577422 ], [ -91.779807825044614, 41.657420177810835 ], [ -91.781228101890306, 41.657425655519347 ], [ -91.781230105915526, 41.658125465242485 ] ] ] ] } },
{ "type": "Feature", "properties": { "PPN": "0716251008", "TotalValue": 191000.0, "PropClass": "R", "pctLandVal": 1.0, "acreVal": 72900.763358778626, "SiteAddres": "2661 WOODFIELD LN NE", "credits": "NONE", "acres": 2.62, "permitNo": "BLD-24-33058", "permitType": "Dwelling", "permitDate": "12/19/2024", "permitYr": 2024, "nonmetro": 1 }, "geometry": { "type": "MultiPolygon", "coordinates": [ [ [ [ -91.558530668258456, 41.739762871743054 ], [ -91.55789019091516, 41.73982147692449 ], [ -91.557766028774452, 41.739703150789587 ], [ -91.55769763434752, 41.739498143660064 ], [ -91.557954627782593, 41.739065191373925 ], [ -91.558764874583801, 41.739060506029944 ], [ -91.559976510149042, 41.739541553119999 ], [ -91.560009550426557, 41.739585541826543 ], [ -91.559948289523419, 41.739723105579067 ], [ -91.559948201928862, 41.739723301342181 ], [ -91.559210189032228, 41.739625008216741 ], [ -91.558530668258456, 41.739762871743054 ] ] ] ] } },
{ "type": "Feature", "properties": { "PPN": "0230360003", "TotalValue": 816900.0, "PropClass": "R", "pctLandVal": 0.2, "acreVal": 294909.74729241879, "SiteAddres": "1999 SCALES BEND RD NE", "credits": "HMST", "acres": 2.77, "permitNo": "BLD-20-28910", "permitType": "Dwelling", "permitDate": "2/21/2020", "permitYr": 2020, "nonmetro": 1 }, "geometry": { "type": "MultiPolygon", "coordinates": [ [ [ [ -91.596251596662313, 41.789820197240623 ], [ -91.596252027708061, 41.789806488861373 ], [ -91.595946583289944, 41.789802647234161 ], [ -91.595947199472747, 41.789775208435337 ], [ -91.59575405632728, 41.789772777615163 ], [ -91.595758145124563, 41.789813992744641 ], [ -91.595610559708078, 41.789812139803082 ], [ -91.59559353708147, 41.789640493444359 ], [ -91.595584480732839, 41.789378404354807 ], [ -91.595731280767396, 41.789380251680441 ], [ -91.597434141785598, 41.789401667680849 ], [ -91.597743432376475, 41.789405554880062 ], [ -91.597733676463378, 41.7907572984331 ], [ -91.597096433261129, 41.789830821243683 ], [ -91.596251596662313, 41.789820197240623 ] ] ] ] } },
{ "type": "Feature", "properties": { "PPN": "0234404003", "TotalValue": 892800.0, "PropClass": "R", "pctLandVal": 0.14, "acreVal": 209086.65105386419, "SiteAddres": "2103 POPLAR AVE NE", "credits": "HMST", "acres": 4.27, "permitNo": "BLD-25231", "permitType": "Dwelling", "permitDate": "7/3/2014", "permitYr": 2014, "nonmetro": 1 }, "geometry": { "type": "MultiPolygon", "coordinates": [ [ [ [ -91.523966322909914, 41.778637779469591 ], [ -91.523871618817481, 41.778528571408181 ], [ -91.52377253262182, 41.778421563994442 ], [ -91.523669155542706, 41.778316855717634 ], [ -91.523668368057287, 41.778316084038664 ], [ -91.523693693009719, 41.778301613906699 ], [ -91.523693400083957, 41.7779283963647 ], [ -91.526132415151253, 41.777969520511462 ], [ -91.52612018861042, 41.778766123591581 ], [ -91.524044743164154, 41.778731378818208 ], [ -91.523967726728856, 41.778639452296716 ], [ -91.523966322909914, 41.778637779469591 ] ] ] ] } },
{ "type": "Feature", "properties": { "PPN": "0230360002", "TotalValue": 1205699.9999999998, "PropClass": "R", "pctLandVal": 0.13, "acreVal": 430607.1428571429, "SiteAddres": "1995 SCALES BEND RD NE", "credits": "HMST", "acres": 2.8, "permitNo": "BLD-19-28803", "permitType": "Dwelling", "permitDate": "11/19/2019", "permitYr": 2019, "nonmetro": 1 }, "geometry": { "type": "MultiPolygon", "coordinates": [ [ [ [ -91.595644889391423, 41.79015830540375 ], [ -91.595610559708078, 41.789812139803082 ], [ -91.595758145124563, 41.789813992744641 ], [ -91.595762232724283, 41.789855207853662 ], [ -91.5959455497714, 41.789857514580795 ], [ -91.595946165928893, 41.789830076682634 ], [ -91.596251609272954, 41.789833918291215 ], [ -91.596251596662313, 41.789820197240623 ], [ -91.597096433261129, 41.789830821243683 ], [ -91.597733676463378, 41.7907572984331 ], [ -91.597157737139383, 41.790749901006912 ], [ -91.596331286410205, 41.790739280749939 ], [ -91.596342921873898, 41.790232357698834 ], [ -91.596257488137397, 41.790166186701455 ], [ -91.595644889391423, 41.79015830540375 ] ] ] ] } },
{ "type": "Feature", "properties": { "PPN": "0304477018", "TotalValue": 561700.0, "PropClass": "R", "pctLandVal": 0.18, "acreVal": 711012.65822784812, "SiteAddres": "2795 JEFFERSON CT NE", "credits": "HMST", "acres": 0.79, "permitNo": "BLD-17434", "permitType": "Dwelling", "permitDate": "9/4/2012", "permitYr": 2012, "nonmetro": 0 }, "geometry": { "type": "MultiPolygon", "coordinates": [ [ [ [ -91.656546835981217, 41.847923620628514 ], [ -91.656511053744495, 41.848573538141927 ], [ -91.656269394626477, 41.848566094989415 ], [ -91.65620054302552, 41.848561187950772 ], [ -91.656132796343684, 41.848550773735376 ], [ -91.656066940190129, 41.848534973109409 ], [ -91.656003738249638, 41.848513969301273 ], [ -91.655943923426037, 41.848488005876682 ], [ -91.655934512416309, 41.848482531846535 ], [ -91.655926410943138, 41.848475990756505 ], [ -91.655919832792421, 41.848468555216591 ], [ -91.655914951551566, 41.848460421440016 ], [ -91.655911896028812, 41.848451804065427 ], [ -91.655910746854232, 41.848442930492752 ], [ -91.655911534352057, 41.84843403488258 ], [ -91.655914237740618, 41.848425351976964 ], [ -91.655918785680754, 41.84841711090484 ], [ -91.655951094640614, 41.848363926673748 ], [ -91.65597668913567, 41.848308736850264 ], [ -91.655995349953713, 41.848252014162519 ], [ -91.656006917274283, 41.848194244467116 ], [ -91.65601129203705, 41.848135922587488 ], [ -91.656014105207475, 41.847919748287865 ], [ -91.656546835981217, 41.847923620628514 ] ] ] ] } },
{ "type": "Feature", "properties": { "PPN": "0325228003", "TotalValue": 504600.0, "PropClass": "R", "pctLandVal": 0.32, "acreVal": 48519.230769230766, "SiteAddres": "1823 LAKE MANOR RD NE", "credits": "HMST", "acres": 10.4, "permitNo": "BLD-17154", "permitType": "Dwelling", "permitDate": "4/2/2012", "permitYr": 2012, "nonmetro": 1 }, "geometry": { "type": "MultiPolygon", "coordinates": [ [ [ [ -91.614966236150394, 41.80296573950514 ], [ -91.614773528794743, 41.802595709166255 ], [ -91.614262097636072, 41.801975513397096 ], [ -91.614173817327625, 41.801868456927004 ], [ -91.614214320258171, 41.801443043973158 ], [ -91.617126337122542, 41.801509809966596 ], [ -91.617099614966335, 41.803393124570988 ], [ -91.615552670213276, 41.803388816999018 ], [ -91.615554708176276, 41.802967333473006 ], [ -91.614966236150394, 41.80296573950514 ] ] ] ] } },
{ "type": "Feature", "properties": { "PPN": "0310404011", "TotalValue": 748500.0, "PropClass": "R", "pctLandVal": 0.23, "acreVal": 184359.60591133006, "SiteAddres": "1378 SPRING RIDGE CT NE", "credits": "NONE", "acres": 4.06, "permitNo": "BLD-17709", "permitType": "Dwelling", "permitDate": "3/22/2013", "permitYr": 2013, "nonmetro": 0 }, "geometry": { "type": "MultiPolygon", "coordinates": [ [ [ [ -91.640327902530231, 41.83535841512613 ], [ -91.639382923519577, 41.833935687735853 ], [ -91.641491594693591, 41.833959358791546 ], [ -91.640905439091426, 41.835113068681316 ], [ -91.64053972273814, 41.835384621631526 ], [ -91.640518019814877, 41.835370647604023 ], [ -91.640493673517128, 41.835359369550261 ], [ -91.640467277036677, 41.835351062256819 ], [ -91.640439473516622, 41.835345928128497 ], [ -91.640410940381486, 41.835344092256776 ], [ -91.640382372832349, 41.835345599372133 ], [ -91.640354466908761, 41.83535041275411 ], [ -91.640327902530231, 41.83535841512613 ] ] ] ] } },
{ "type": "Feature", "properties": { "PPN": "1026355001", "TotalValue": 755200.0, "PropClass": "R", "pctLandVal": 0.21, "acreVal": 613983.7398373984, "SiteAddres": "4242 PLEASANT VALLEY DR SE", "credits": "NONE", "acres": 1.23, "permitNo": "BLD-22-30760", "permitType": "Dwelling", "permitDate": "5/10/2022", "permitYr": 2022, "nonmetro": 1 }, "geometry": { "type": "MultiPolygon", "coordinates": [ [ [ [ -91.517471468737341, 41.614100934553079 ], [ -91.517810227884695, 41.614328684540524 ], [ -91.517854625664029, 41.61435725964521 ], [ -91.517900627563208, 41.614384368147192 ], [ -91.517323592828589, 41.614961057628456 ], [ -91.516778031005856, 41.614957501059713 ], [ -91.516778539142365, 41.614676445656904 ], [ -91.517471468737341, 41.614100934553079 ] ] ] ] } },
{ "type": "Feature", "properties": { "PPN": "0310404013", "TotalValue": 799900.0, "PropClass": "R", "pctLandVal": 0.14, "acreVal": 620077.51937984477, "SiteAddres": "1369 SPRING RIDGE CT NE", "credits": "HMST", "acres": 1.29, "permitNo": "BLD-25675", "permitType": "Dwelling", "permitDate": "3/23/2015", "permitYr": 2015, "nonmetro": 0 }, "geometry": { "type": "MultiPolygon", "coordinates": [ [ [ [ -91.640227855980001, 41.835500478484576 ], [ -91.640233487245638, 41.835519955785514 ], [ -91.640242831621762, 41.835538617667446 ], [ -91.640255692016197, 41.835556070506641 ], [ -91.640271797174933, 41.835571946180679 ], [ -91.640290807403304, 41.835585909833064 ], [ -91.640296727173578, 41.835590283706573 ], [ -91.640301697573946, 41.83559527500303 ], [ -91.640305604990573, 41.83560076963122 ], [ -91.640308360107255, 41.835606641994623 ], [ -91.640309899947084, 41.835612757862442 ], [ -91.640310189311961, 41.835618977437818 ], [ -91.640291382742035, 41.835963086860737 ], [ -91.64028750585237, 41.83601945833481 ], [ -91.638962513084124, 41.835957996796367 ], [ -91.63895593162529, 41.835634737296424 ], [ -91.640227855980001, 41.835500478484576 ] ] ] ] } },
{ "type": "Feature", "properties": { "PPN": "0310404009", "TotalValue": 613200.0, "PropClass": "R", "pctLandVal": 0.18, "acreVal": 601176.4705882353, "SiteAddres": "1368 SPRING RIDGE CT NE", "credits": "HMST", "acres": 1.02, "permitNo": "BLD-17236", "permitType": "Dwelling", "permitDate": "5/17/2012", "permitYr": 2012, "nonmetro": 0 }, "geometry": { "type": "MultiPolygon", "coordinates": [ [ [ [ -91.640470625876503, 41.836027968032269 ], [ -91.640474701278706, 41.835968691019396 ], [ -91.64049350688056, 41.835624581567551 ], [ -91.640494474140979, 41.835618400400023 ], [ -91.640496676378817, 41.835612398927495 ], [ -91.640500063255473, 41.835606714330275 ], [ -91.640504557354177, 41.835601476545577 ], [ -91.640510055949619, 41.835596805297556 ], [ -91.640516433355955, 41.835592807360435 ], [ -91.640529609879607, 41.835585035254113 ], [ -91.640541781696385, 41.835576395281457 ], [ -91.641458613790277, 41.8356044115204 ], [ -91.64144921173768, 41.83607334147645 ], [ -91.640470625876503, 41.836027968032269 ] ] ] ] } },
{ "type": "Feature", "properties": { "PPN": "1508151002", "TotalValue": 538400.0, "PropClass": "R", "pctLandVal": 0.32, "acreVal": 27055.276381909549, "SiteAddres": "4880 NO WHERE AVE SW", "credits": "NONE", "acres": 19.9, "permitNo": "BLD-20-29459", "permitType": "Dwelling", "permitDate": "11/5/2020", "permitYr": 2020, "nonmetro": 1 }, "geometry": { "type": "MultiPolygon", "coordinates": [ [ [ [ -91.570233616434692, 41.578422210634976 ], [ -91.569994693529068, 41.579917159761813 ], [ -91.569047877394979, 41.579919089038732 ], [ -91.567950998769973, 41.57983148229566 ], [ -91.56729513193919, 41.579881142162399 ], [ -91.567328418387987, 41.576953936385699 ], [ -91.570241210600273, 41.576926021901059 ], [ -91.57050927583461, 41.576923448702964 ], [ -91.570411715913579, 41.577157212591203 ], [ -91.570577438387431, 41.57719620901743 ], [ -91.570521652452371, 41.57733110064239 ], [ -91.570243693509283, 41.578359156707805 ], [ -91.570233616434692, 41.578422210634976 ] ] ] ] } },
{ "type": "Feature", "properties": { "PPN": "0310404010", "TotalValue": 948600.0, "PropClass": "R", "pctLandVal": 0.13, "acreVal": 585555.5555555555, "SiteAddres": "1374 SPRING RIDGE CT NE", "credits": "HMST", "acres": 1.62, "permitNo": "BLD-25126", "permitType": "Dwelling", "permitDate": "5/12/2014", "permitYr": 2014, "nonmetro": 0 }, "geometry": { "type": "MultiPolygon", "coordinates": [ [ [ [ -91.640541781696385, 41.835576395281457 ], [ -91.640561590000914, 41.835558068826536 ], [ -91.640576913033996, 41.835537477894974 ], [ -91.640587298831321, 41.835515229837526 ], [ -91.640592441058544, 41.835491980883049 ], [ -91.640592188046298, 41.835468416782085 ], [ -91.640586547263226, 41.835445232580007 ], [ -91.640575685094973, 41.835423112116054 ], [ -91.640559921935875, 41.835402707852836 ], [ -91.64053972273814, 41.835384621631526 ], [ -91.640905439091426, 41.835113068681316 ], [ -91.641491594693591, 41.833959358791546 ], [ -91.641458613790277, 41.8356044115204 ], [ -91.640541781696385, 41.835576395281457 ] ] ] ] } },
{ "type": "Feature", "properties": { "PPN": "1026355005", "TotalValue": 5000.0, "PropClass": "R", "pctLandVal": 1.0, "acreVal": 5000.0, "SiteAddres": "4218 PLEASANT VALLEY DR SE", "credits": "NONE", "acres": 1.0, "permitNo": "BLD-25-33174", "permitType": "Dwelling", "permitDate": "3/11/2025", "permitYr": 2025, "nonmetro": 1 }, "geometry": { "type": "MultiPolygon", "coordinates": [ [ [ [ -91.52011293396103, 41.614097370957623 ], [ -91.520239246843701, 41.614035133400378 ], [ -91.520316096938586, 41.613999703822003 ], [ -91.520395646570108, 41.613967805958907 ], [ -91.520477607894179, 41.613939555229635 ], [ -91.520561684341544, 41.613915053855862 ], [ -91.520535306619109, 41.614981852855358 ], [ -91.520091139568265, 41.614978980997527 ], [ -91.52011293396103, 41.614097370957623 ] ] ] ] } },
{ "type": "Feature", "properties": { "PPN": "0310404012", "TotalValue": 833300.0, "PropClass": "R", "pctLandVal": 0.19, "acreVal": 234732.3943661972, "SiteAddres": "1375 SPRING RIDGE CT NE", "credits": "HMST", "acres": 3.55, "permitNo": "BLD-17146", "permitType": "Dwelling", "permitDate": "3/26/2012", "permitYr": 2012, "nonmetro": 0 }, "geometry": { "type": "MultiPolygon", "coordinates": [ [ [ [ -91.638968383739339, 41.83393103020979 ], [ -91.639382923519577, 41.833935687735853 ], [ -91.640327902530231, 41.83535841512613 ], [ -91.640303327110516, 41.835369411237465 ], [ -91.6402813391515, 41.835383133388582 ], [ -91.64026247437171, 41.835399247251686 ], [ -91.640247192397183, 41.835417360226771 ], [ -91.640235865563071, 41.835437031006926 ], [ -91.640228769841755, 41.835457780330231 ], [ -91.640226078118744, 41.835479102656578 ], [ -91.640227855980001, 41.835500478484576 ], [ -91.63895593162529, 41.835634737296424 ], [ -91.638939456381706, 41.83482510170159 ], [ -91.63894135733662, 41.834766283386905 ], [ -91.63895909264707, 41.83421757703475 ], [ -91.638968383739339, 41.83393103020979 ] ] ] ] } },
{ "type": "Feature", "properties": { "PPN": "0304403002", "TotalValue": 568800.0, "PropClass": "R", "pctLandVal": 0.14, "acreVal": 768648.64864864864, "SiteAddres": "2778 PRAIRIE VIEW DR NE", "credits": "NONE", "acres": 0.74, "permitNo": "BLD-17339", "permitType": "Dwelling", "permitDate": "7/10/2012", "permitYr": 2012, "nonmetro": 1 }, "geometry": { "type": "MultiPolygon", "coordinates": [ [ [ [ -91.657851590134726, 41.854000841288148 ], [ -91.658255317998638, 41.853997506580939 ], [ -91.65826688256395, 41.854779986026834 ], [ -91.65784152652806, 41.854776899847913 ], [ -91.657851590134726, 41.854000841288148 ] ] ] ] } },
{ "type": "Feature", "properties": { "PPN": "0717151003", "TotalValue": 790000.0, "PropClass": "R", "pctLandVal": 0.23, "acreVal": 473053.89221556886, "SiteAddres": "2651 WILLOW CT NE", "credits": "HMST", "acres": 1.67, "permitNo": "BLD-27331", "permitType": "Dwelling", "permitDate": "8/8/2017", "permitYr": 2017, "nonmetro": 1 }, "geometry": { "type": "MultiPolygon", "coordinates": [ [ [ [ -91.567630514096535, 41.741232674623284 ], [ -91.567620890004079, 41.741213090844539 ], [ -91.567610389000563, 41.741193761743929 ], [ -91.567599022410704, 41.741174710924668 ], [ -91.567586801719486, 41.741155956589168 ], [ -91.567573741857089, 41.741137522400514 ], [ -91.567559857807069, 41.741119430221701 ], [ -91.567545164632946, 41.741101699215086 ], [ -91.567529682152255, 41.741084350423534 ], [ -91.567513424226703, 41.741067402989458 ], [ -91.567496411902056, 41.74105087707548 ], [ -91.567478662645385, 41.741034791884097 ], [ -91.567460197609321, 41.741019163977285 ], [ -91.567441039068044, 41.741004012637575 ], [ -91.56742120697217, 41.740989354407027 ], [ -91.567400726052909, 41.740975206807882 ], [ -91.567379617462507, 41.740961586402214 ], [ -91.567357907240748, 41.740948507131677 ], [ -91.567335617768279, 41.740935984678295 ], [ -91.567312777461652, 41.740924033923903 ], [ -91.567289411185229, 41.740912667890107 ], [ -91.567180696150984, 41.740861719322844 ], [ -91.568044273157469, 41.740132191288772 ], [ -91.568556341385602, 41.740845239485417 ], [ -91.567630514096535, 41.741232674623284 ] ] ] ] } },
{ "type": "Feature", "properties": { "PPN": "0310404007", "TotalValue": 827000.0, "PropClass": "R", "pctLandVal": 0.13, "acreVal": 765740.74074074067, "SiteAddres": "1354 SPRING RIDGE CT NE", "credits": "HMST", "acres": 1.08, "permitNo": "BLD-24863", "permitType": "Dwelling", "permitDate": "10/16/2013", "permitYr": 2013, "nonmetro": 0 }, "geometry": { "type": "MultiPolygon", "coordinates": [ [ [ [ -91.640295579328892, 41.836835298479606 ], [ -91.640402603900185, 41.836414753593353 ], [ -91.641439405748628, 41.836562301665083 ], [ -91.641436714353972, 41.836696559924839 ], [ -91.641430693312259, 41.836996849486077 ], [ -91.640295579328892, 41.836835298479606 ] ] ] ] } },
{ "type": "Feature", "properties": { "PPN": "0315431002", "TotalValue": 680800.0, "PropClass": "R", "pctLandVal": 0.16, "acreVal": 230779.66101694913, "SiteAddres": "1540 CURTIS BRIDGE RD NE", "credits": "NONE", "acres": 2.95, "permitNo": "BLD-19-28269", "permitType": "Dwelling", "permitDate": "3/15/2019", "permitYr": 2019, "nonmetro": 1 }, "geometry": { "type": "MultiPolygon", "coordinates": [ [ [ [ -91.643270970432667, 41.822205600531625 ], [ -91.64425708185486, 41.822218538690585 ], [ -91.64476796999142, 41.822225238294585 ], [ -91.644805111004686, 41.822708050925549 ], [ -91.644806434695724, 41.822787346051761 ], [ -91.644798215511244, 41.822866408683787 ], [ -91.644780520080573, 41.822944597562881 ], [ -91.644753491893951, 41.823021278514872 ], [ -91.644717350139857, 41.823095829593932 ], [ -91.644672387928097, 41.823167646127203 ], [ -91.64448528607754, 41.823069785676523 ], [ -91.643503731172785, 41.823238400500017 ], [ -91.643402364219511, 41.822681220643716 ], [ -91.643270970432667, 41.822205600531625 ] ] ] ] } },
{ "type": "Feature", "properties": { "PPN": "0310404015", "TotalValue": 639100.0, "PropClass": "R", "pctLandVal": 0.17, "acreVal": 591759.25925925921, "SiteAddres": "1353 SPRING RIDGE CT NE", "credits": "NONE", "acres": 1.08, "permitNo": "BLD-17369", "permitType": "Dwelling", "permitDate": "7/23/2012", "permitYr": 2012, "nonmetro": 0 }, "geometry": { "type": "MultiPolygon", "coordinates": [ [ [ [ -91.638975655069046, 41.836603739085206 ], [ -91.638969883608496, 41.836320132135405 ], [ -91.640195524240951, 41.836494561868115 ], [ -91.640067067338364, 41.836999323484548 ], [ -91.638975655069046, 41.836603739085206 ] ] ] ] } },
{ "type": "Feature", "properties": { "PPN": "1028378002", "TotalValue": 492800.0, "PropClass": "R", "pctLandVal": 0.25, "acreVal": 278418.07909604517, "SiteAddres": "4371 NUTWOOD DR SW", "credits": "HMST", "acres": 1.77, "permitNo": "BLD-17760", "permitType": "Dwelling", "permitDate": "4/17/2013", "permitYr": 2013, "nonmetro": 1 }, "geometry": { "type": "MultiPolygon", "coordinates": [ [ [ [ -91.555218798422942, 41.615047547362884 ], [ -91.55547970201512, 41.615583285519911 ], [ -91.555551787894998, 41.615835073999897 ], [ -91.554288823865363, 41.616060840842096 ], [ -91.554251373713456, 41.615935538240265 ], [ -91.554218351310524, 41.615809536410111 ], [ -91.554189779718016, 41.615682923443977 ], [ -91.554188695140525, 41.61567160692104 ], [ -91.554190110580777, 41.615660310998052 ], [ -91.55419398733072, 41.615649344574315 ], [ -91.554200219375289, 41.615639007538455 ], [ -91.554208636291548, 41.615629582567678 ], [ -91.554219007909197, 41.615621327397683 ], [ -91.554231050604969, 41.615614467774641 ], [ -91.554244435058479, 41.615609191282019 ], [ -91.554258795257937, 41.615605642210895 ], [ -91.554345417589914, 41.615586989898375 ], [ -91.554429519070908, 41.615562694449459 ], [ -91.554510448293669, 41.615532944045114 ], [ -91.554587578424133, 41.615497969117513 ], [ -91.554660312056868, 41.615458040565059 ], [ -91.554728085842498, 41.61541346765393 ], [ -91.554790374851279, 41.615364595622523 ], [ -91.554846696638876, 41.615311803007131 ], [ -91.554896614982951, 41.615255498709843 ], [ -91.555080964662551, 41.615026297920622 ], [ -91.555093959766594, 41.615010905646727 ], [ -91.555094324844234, 41.615010494788748 ], [ -91.555122177360104, 41.615025109331043 ], [ -91.555152703096766, 41.615036320902981 ], [ -91.555185169742671, 41.615043860538933 ], [ -91.555218798422942, 41.615047547362884 ] ] ] ] } },
{ "type": "Feature", "properties": { "PPN": "0310404014", "TotalValue": 862400.0, "PropClass": "R", "pctLandVal": 0.13, "acreVal": 695483.87096774194, "SiteAddres": "1361 SPRING RIDGE CT NE", "credits": "HMST", "acres": 1.24, "permitNo": "BLD-17789", "permitType": "Dwelling", "permitDate": "4/25/2013", "permitYr": 2013, "nonmetro": 0 }, "geometry": { "type": "MultiPolygon", "coordinates": [ [ [ [ -91.638969883608496, 41.836320132135405 ], [ -91.638962513084124, 41.835957996796367 ], [ -91.64028750585237, 41.83601945833481 ], [ -91.640275042232702, 41.836131547691181 ], [ -91.640256290175358, 41.836243146257345 ], [ -91.640231282786928, 41.836354056815161 ], [ -91.640195524240951, 41.836494561868115 ], [ -91.638969883608496, 41.836320132135405 ] ] ] ] } },
{ "type": "Feature", "properties": { "PPN": "0310404008", "TotalValue": 769600.0, "PropClass": "R", "pctLandVal": 0.14, "acreVal": 761980.19801980199, "SiteAddres": "1360 SPRING RIDGE CT NE", "credits": "NONE", "acres": 1.01, "permitNo": "BLD-17246", "permitType": "Dwelling", "permitDate": "5/23/2012", "permitYr": 2012, "nonmetro": 0 }, "geometry": { "type": "MultiPolygon", "coordinates": [ [ [ [ -91.640402603900185, 41.836414753593353 ], [ -91.640411520951488, 41.836379708003136 ], [ -91.640437809680392, 41.836263115477998 ], [ -91.640457522921579, 41.836145799720278 ], [ -91.640470625876503, 41.836027968032269 ], [ -91.64144921173768, 41.83607334147645 ], [ -91.641439405748628, 41.836562301665083 ], [ -91.640402603900185, 41.836414753593353 ] ] ] ] } },
{ "type": "Feature", "properties": { "PPN": "0310404017", "TotalValue": 652700.0, "PropClass": "R", "pctLandVal": 0.18, "acreVal": 476423.35766423354, "SiteAddres": "1337 SPRING RIDGE CT NE", "credits": "NONE", "acres": 1.37, "permitNo": "BLD-25702", "permitType": "Dwelling", "permitDate": "4/7/2015", "permitYr": 2015, "nonmetro": 0 }, "geometry": { "type": "MultiPolygon", "coordinates": [ [ [ [ -91.638362646669378, 41.836995863753337 ], [ -91.638602688205737, 41.836842317818274 ], [ -91.639872410225465, 41.837483454869528 ], [ -91.639818937716782, 41.837545274987107 ], [ -91.639758828749592, 41.837603586082018 ], [ -91.639692492961657, 41.837657990752369 ], [ -91.639620382431218, 41.837708118218387 ], [ -91.639364532161963, 41.837871781985037 ], [ -91.638362646669378, 41.836995863753337 ] ] ] ] } },
{ "type": "Feature", "properties": { "PPN": "1435202001", "TotalValue": 536300.0, "PropClass": "R", "pctLandVal": 0.17, "acreVal": 239419.64285714284, "SiteAddres": "3084 560TH ST SW", "credits": "HMST", "acres": 2.24, "permitNo": "BLD-19-28281", "permitType": "Dwelling", "permitDate": "4/19/2019", "permitYr": 2019, "nonmetro": 1 }, "geometry": { "type": "MultiPolygon", "coordinates": [ [ [ [ -91.628339668150716, 41.521624709003483 ], [ -91.630106766880729, 41.521623720245564 ], [ -91.630037864563562, 41.522064884423948 ], [ -91.628659061805152, 41.522280364224557 ], [ -91.628477915739893, 41.522273322574712 ], [ -91.628452345456637, 41.522270806554452 ], [ -91.628427613784424, 41.522265315162976 ], [ -91.628404329777382, 41.522256983633973 ], [ -91.628383066838126, 41.522246017143722 ], [ -91.628364348596818, 41.522232685758212 ], [ -91.628348636015801, 41.522217317782264 ], [ -91.628336316037903, 41.522200291674523 ], [ -91.628327692057411, 41.52218202672718 ], [ -91.628322976448828, 41.522162972740247 ], [ -91.628322285337134, 41.522143598944616 ], [ -91.628340365662311, 41.521880947414346 ], [ -91.628339668150716, 41.521624709003483 ] ] ] ] } },
{ "type": "Feature", "properties": { "PPN": "0310404018", "TotalValue": 616000.0, "PropClass": "R", "pctLandVal": 0.2, "acreVal": 400000.0, "SiteAddres": "1335 SPRING RIDGE CT NE", "credits": "HMST", "acres": 1.54, "permitNo": "BLD-17210", "permitType": "Dwelling", "permitDate": "4/26/2012", "permitYr": 2012, "nonmetro": 0 }, "geometry": { "type": "MultiPolygon", "coordinates": [ [ [ [ -91.637916474733714, 41.837281262168865 ], [ -91.638362646669378, 41.836995863753337 ], [ -91.639364532161963, 41.837871781985037 ], [ -91.638918358588285, 41.838157185051578 ], [ -91.637916474733714, 41.837281262168865 ] ] ] ] } },
{ "type": "Feature", "properties": { "PPN": "0310404006", "TotalValue": 808200.0, "PropClass": "R", "pctLandVal": 0.14, "acreVal": 636377.95275590545, "SiteAddres": "1350 SPRING RIDGE CT NE", "credits": "HMST", "acres": 1.27, "permitNo": "BLD-17867", "permitType": "Dwelling", "permitDate": "6/28/2013", "permitYr": 2013, "nonmetro": 0 }, "geometry": { "type": "MultiPolygon", "coordinates": [ [ [ [ -91.640186984874106, 41.837268793840025 ], [ -91.640217120008856, 41.837224314150042 ], [ -91.640253412269161, 41.8370817068176 ], [ -91.640247308429679, 41.837024974940078 ], [ -91.640295579328892, 41.836835298479606 ], [ -91.641430693312259, 41.836996849486077 ], [ -91.641420843566195, 41.837488005201045 ], [ -91.640186984874106, 41.837268793840025 ] ] ] ] } },
{ "type": "Feature", "properties": { "PPN": "0310404016", "TotalValue": 870600.0, "PropClass": "R", "pctLandVal": 0.13, "acreVal": 659545.45454545447, "SiteAddres": "1347 SPRING RIDGE CT NE", "credits": "HMST, MIL", "acres": 1.32, "permitNo": "BLD-24838", "permitType": "Dwelling", "permitDate": "10/4/2013", "permitYr": 2013, "nonmetro": 0 }, "geometry": { "type": "MultiPolygon", "coordinates": [ [ [ [ -91.638890650738702, 41.836658115229511 ], [ -91.638975655069046, 41.836603739085206 ], [ -91.640067067338364, 41.836999323484548 ], [ -91.640033523197602, 41.837050412532534 ], [ -91.639997318748499, 41.837192670003546 ], [ -91.640002263137504, 41.83724635667226 ], [ -91.639978464177631, 41.83730810480737 ], [ -91.639948781353439, 41.837368411098737 ], [ -91.63991336875597, 41.837426962448589 ], [ -91.639872410225465, 41.837483454869528 ], [ -91.638602688205737, 41.836842317818274 ], [ -91.638890650738702, 41.836658115229511 ] ] ] ] } },
{ "type": "Feature", "properties": { "PPN": "0819354001", "TotalValue": 525200.0, "PropClass": "R", "pctLandVal": 0.2, "acreVal": 121856.14849187934, "SiteAddres": "4660 PENNY LN NE", "credits": "HMST, MIL", "acres": 4.31, "permitNo": "BLD-17941", "permitType": "Dwelling", "permitDate": "8/28/2013", "permitYr": 2013, "nonmetro": 1 }, "geometry": { "type": "MultiPolygon", "coordinates": [ [ [ [ -91.479688000630233, 41.718394562460105 ], [ -91.478347917214052, 41.718390568233048 ], [ -91.4784943376021, 41.717029242671479 ], [ -91.478520606646981, 41.71703086554502 ], [ -91.478546866250923, 41.717032560296524 ], [ -91.478573117587558, 41.717034327847024 ], [ -91.478599359483567, 41.717036167275516 ], [ -91.478625593112355, 41.717038079502956 ], [ -91.47865181847412, 41.717040064529463 ], [ -91.478678030791286, 41.717042121371215 ], [ -91.478704234869525, 41.717044250111854 ], [ -91.478730427076854, 41.717046451588743 ], [ -91.478756609844012, 41.717048724943659 ], [ -91.478782780768299, 41.717051070134751 ], [ -91.478808939794035, 41.717053488962215 ], [ -91.478835085803709, 41.717055978704842 ], [ -91.478861219970781, 41.717058540283716 ], [ -91.478887343468841, 41.717061174619779 ], [ -91.478913451520327, 41.71706388072932 ], [ -91.478939546528181, 41.717066658654133 ], [ -91.478965628520356, 41.717069507494138 ], [ -91.478991694982525, 41.71707243080801 ], [ -91.479017748457068, 41.717075424137001 ], [ -91.479043785284205, 41.71707848921853 ], [ -91.479069807838798, 41.717081626994627 ], [ -91.479095814975352, 41.717084835644101 ], [ -91.479121805464729, 41.717088116046249 ], [ -91.47914778168176, 41.717091469142893 ], [ -91.47917373887698, 41.717094893050302 ], [ -91.47919967945316, 41.717098387810211 ], [ -91.479225604555879, 41.717101955243798 ], [ -91.479251510637042, 41.717105593488128 ], [ -91.479277398870067, 41.71710930346422 ], [ -91.479303266880294, 41.717113084230157 ], [ -91.479329119417457, 41.717116937669786 ], [ -91.479354950558488, 41.717120860978305 ], [ -91.479380762678318, 41.717124855097587 ], [ -91.479406555721155, 41.7171289218279 ], [ -91.479432327368158, 41.717133058427081 ], [ -91.479458078764893, 41.71713726671625 ], [ -91.479483811140724, 41.717141545816311 ], [ -91.4795095196624, 41.71714589654367 ], [ -91.479535210392612, 41.717150317202687 ], [ -91.479560874893906, 41.717154808547107 ], [ -91.479586520374681, 41.717159370702404 ], [ -91.479612142001557, 41.71716400448507 ], [ -91.479637739830451, 41.717168708094931 ], [ -91.479663315034841, 41.717173482452985 ], [ -91.480000176193613, 41.717236847892934 ], [ -91.48000264774366, 41.717237345709442 ], [ -91.480005092055748, 41.717237907895381 ], [ -91.480007510331305, 41.717238534471655 ], [ -91.480009897820594, 41.717239223554351 ], [ -91.480012252148867, 41.717239974201554 ], [ -91.480014569712012, 41.717240786350594 ], [ -91.480016845760247, 41.717241658117572 ], [ -91.480019082696387, 41.717242589544284 ], [ -91.480021274569381, 41.717243578726041 ], [ -91.480023417803011, 41.717244624699923 ], [ -91.480025512453096, 41.717245725665684 ], [ -91.480027552540662, 41.717246880618788 ], [ -91.480029539267093, 41.717248089580011 ], [ -91.480031467938431, 41.717249348865337 ], [ -91.480033337381371, 41.717250657553734 ], [ -91.480035142790314, 41.717252015561535 ], [ -91.480036885534034, 41.717253417509006 ], [ -91.480038560695462, 41.71725486691296 ], [ -91.480040168497865, 41.717256356572399 ], [ -91.480041705225432, 41.717257890025202 ], [ -91.480043169872133, 41.717259460949521 ], [ -91.480044560007329, 41.717261070203747 ], [ -91.48004587451338, 41.717262715066582 ], [ -91.480047111071187, 41.717264392795862 ], [ -91.480048268535228, 41.717266101570438 ], [ -91.480049346961309, 41.717267839590086 ], [ -91.480050342773168, 41.717269605892028 ], [ -91.480051256110286, 41.717271395975551 ], [ -91.480052085799272, 41.717273208919757 ], [ -91.480052830694532, 41.71727504290341 ], [ -91.480053487275626, 41.717276895163479 ], [ -91.480054059230383, 41.717278763062332 ], [ -91.480054544183986, 41.717280645658043 ], [ -91.480054939873128, 41.71728253840822 ], [ -91.480055247499251, 41.717284441333717 ], [ -91.480055465944616, 41.717286351713319 ], [ -91.48005559652222, 41.717288265967468 ], [ -91.480055636885169, 41.717290182254075 ], [ -91.480055587089254, 41.717292098772923 ], [ -91.480055448419463, 41.717294012844562 ], [ -91.480055222160942, 41.717295921789571 ], [ -91.480054904765396, 41.717297823744943 ], [ -91.48005450112197, 41.71729971609399 ], [ -91.480054007682313, 41.717301596973734 ], [ -91.480053428134354, 41.717303463746553 ], [ -91.479688000630233, 41.718394562460105 ] ] ] ] } },
{ "type": "Feature", "properties": { "PPN": "0310404003", "TotalValue": 752700.0, "PropClass": "R", "pctLandVal": 0.17, "acreVal": 430114.28571428574, "SiteAddres": "1334 SPRING RIDGE CT NE", "credits": "HMST", "acres": 1.75, "permitNo": "BLD-16803", "permitType": "Dwelling", "permitDate": "7/21/2011", "permitYr": 2011, "nonmetro": 0 }, "geometry": { "type": "MultiPolygon", "coordinates": [ [ [ [ -91.639037622579821, 41.838261453053256 ], [ -91.639592904482242, 41.837906248875548 ], [ -91.640507846353756, 41.838706117228611 ], [ -91.639952563642879, 41.839061331989349 ], [ -91.639037622579821, 41.838261453053256 ] ] ] ] } },
{ "type": "Feature", "properties": { "PPN": "0321126005", "TotalValue": 383700.0, "PropClass": "R", "pctLandVal": 0.26, "acreVal": 188088.23529411765, "SiteAddres": "2725 HOLLY CT NW", "credits": "HMST", "acres": 2.04, "permitNo": "BLD-25883", "permitType": "Dwelling", "permitDate": "6/22/2015", "permitYr": 2015, "nonmetro": 1 }, "geometry": { "type": "MultiPolygon", "coordinates": [ [ [ [ -91.662510850397695, 41.818095267383427 ], [ -91.662511806533487, 41.818093892976655 ], [ -91.662512763872556, 41.818092518588905 ], [ -91.662513720008306, 41.818091144182112 ], [ -91.662514674966118, 41.818089768856133 ], [ -91.662515629923902, 41.818088393530182 ], [ -91.662516584856206, 41.818087019104361 ], [ -91.662517538636052, 41.818085642859216 ], [ -91.662518493593694, 41.818084267533273 ], [ -91.662519446144742, 41.81808289216923 ], [ -91.662520398721142, 41.818081515905043 ], [ -91.662521351297542, 41.818080139640877 ], [ -91.662522303848434, 41.818078764276827 ], [ -91.66252325524691, 41.818077387093496 ], [ -91.66252420661985, 41.818076010810309 ], [ -91.662525157992761, 41.818074634527086 ], [ -91.662526109391052, 41.818073257343698 ], [ -91.662527058357341, 41.818071881022419 ], [ -91.662528007374434, 41.818070502900895 ], [ -91.662528956365989, 41.818069125679486 ], [ -91.66252990538301, 41.818067747557933 ], [ -91.662530853145796, 41.81806637121759 ], [ -91.66253179975611, 41.81806499305798 ], [ -91.66253274874758, 41.818063615836508 ], [ -91.662533695383246, 41.818062236776754 ], [ -91.66253464199346, 41.818060858617102 ], [ -91.662535587425765, 41.818059479538306 ], [ -91.66253653403588, 41.818058101378696 ], [ -91.662537479468114, 41.8180567222999 ], [ -91.662538423696958, 41.818055343202026 ], [ -91.662539369129121, 41.818053964123209 ], [ -91.662540313357908, 41.81805258502537 ], [ -91.662541255180102, 41.818051205889475 ], [ -91.662542199434213, 41.818049825891492 ], [ -91.662543142485077, 41.81804844587446 ], [ -91.6625440843071, 41.818047066738544 ], [ -91.662545027383302, 41.818045685821403 ], [ -91.662545968027388, 41.818044305766293 ], [ -91.662546908671487, 41.818042925711225 ], [ -91.66254784934091, 41.818041544755992 ], [ -91.662548790010348, 41.818040163800731 ], [ -91.662549729476424, 41.818038782826505 ], [ -91.662550668917035, 41.818037402752353 ], [ -91.662551607205188, 41.818036020858933 ], [ -91.662552545493284, 41.8180346389655 ], [ -91.662553483755914, 41.818033257972218 ], [ -91.662558651894187, 41.818025411382472 ], [ -91.662563568577511, 41.818017474367551 ], [ -91.662568227662334, 41.818009451332998 ], [ -91.662572628996358, 41.818001347679562 ], [ -91.662576770045774, 41.817993167869965 ], [ -91.662580647099304, 41.817984915447639 ], [ -91.662584260004365, 41.817976595813377 ], [ -91.662587603820867, 41.817968213391822 ], [ -91.662590678370876, 41.817959774483889 ], [ -91.66259348114626, 41.817951282652054 ], [ -91.66259601322335, 41.817942742415973 ], [ -91.662598269611038, 41.817934160000569 ], [ -91.662600250182422, 41.817925539906454 ], [ -91.662601954835878, 41.817916885734164 ], [ -91.662603379809084, 41.817908202827446 ], [ -91.662604528508652, 41.817899498444355 ], [ -91.662605397248612, 41.817890775228229 ], [ -91.662605985851144, 41.817882039480054 ], [ -91.662606295417845, 41.817873294819286 ], [ -91.662606323364429, 41.817864547508812 ], [ -91.662606071944921, 41.817855802987459 ], [ -91.6626055410579, 41.817847064855741 ], [ -91.662604729372958, 41.817838337595241 ], [ -91.662603637864777, 41.817829629326127 ], [ -91.662602268863751, 41.817820942786902 ], [ -91.662600621039601, 41.817812282459059 ], [ -91.662598697849731, 41.817803653800496 ], [ -91.662596497887634, 41.817795063993174 ], [ -91.662594023509158, 41.817786514875394 ], [ -91.662591274561777, 41.817778011847842 ], [ -91.662588255680902, 41.81776956128757 ], [ -91.662584965536183, 41.817761167676117 ], [ -91.662581408839131, 41.817752834690069 ], [ -91.662577585411981, 41.81774456863026 ], [ -91.662573498762882, 41.817736373154283 ], [ -91.662569151171496, 41.817728252800755 ], [ -91.662564543688561, 41.817720212989485 ], [ -91.662559679796885, 41.8177122582781 ], [ -91.662554562979423, 41.817704393224233 ], [ -91.662549195540961, 41.81769662146646 ], [ -91.662543582116896, 41.817688949381647 ], [ -91.66253772265631, 41.817681378770139 ], [ -91.662531622997832, 41.817673916027779 ], [ -91.662525285420884, 41.817666565693216 ], [ -91.662518714687806, 41.817659329642758 ], [ -91.663229772842669, 41.817288583149299 ], [ -91.663616500583046, 41.817703631247561 ], [ -91.663630553203632, 41.818531602449156 ], [ -91.662510850397695, 41.818095267383427 ] ] ] ] } },
{ "type": "Feature", "properties": { "PPN": "0310404002", "TotalValue": 538800.0, "PropClass": "R", "pctLandVal": 0.19, "acreVal": 301005.58659217879, "SiteAddres": "1309 CURTIS BRIDGE RD NE", "credits": "HMST", "acres": 1.79, "permitNo": "BLD-24760", "permitType": "Dwelling", "permitDate": "8/22/2013", "permitYr": 2013, "nonmetro": 0 }, "geometry": { "type": "MultiPolygon", "coordinates": [ [ [ [ -91.639952563642879, 41.839061331989349 ], [ -91.640507846353756, 41.838706117228611 ], [ -91.641224143120198, 41.838247909005027 ], [ -91.641407963678404, 41.838130320125373 ], [ -91.641395124269451, 41.838770493190495 ], [ -91.640370002670267, 41.839426266538403 ], [ -91.639952563642879, 41.839061331989349 ] ] ] ] } },
{ "type": "Feature", "properties": { "PPN": "0310404005", "TotalValue": 725600.0, "PropClass": "R", "pctLandVal": 0.18, "acreVal": 388021.3903743315, "SiteAddres": "1344 SPRING RIDGE CT NE", "credits": "HMST", "acres": 1.87, "permitNo": "BLD-16389", "permitType": "Dwelling", "permitDate": "8/17/2010", "permitYr": 2010, "nonmetro": 0 }, "geometry": { "type": "MultiPolygon", "coordinates": [ [ [ [ -91.639980750519669, 41.837611579617771 ], [ -91.640033343260953, 41.837549460398535 ], [ -91.640079870699012, 41.837484691509225 ], [ -91.640120095346106, 41.837417603572106 ], [ -91.640153811889931, 41.83734853904631 ], [ -91.640180848241457, 41.837277850479609 ], [ -91.640186984874106, 41.837268793840025 ], [ -91.641420843566195, 41.837488005201045 ], [ -91.641407963678404, 41.838130320125373 ], [ -91.641224143120198, 41.838247909005027 ], [ -91.639980750519669, 41.837611579617771 ] ] ] ] } },
{ "type": "Feature", "properties": { "PPN": "0310404004", "TotalValue": 716500.0, "PropClass": "R", "pctLandVal": 0.18, "acreVal": 393681.31868131866, "SiteAddres": "1336 SPRING RIDGE CT NE", "credits": "HMST", "acres": 1.82, "permitNo": "BLD-24885", "permitType": "Dwelling", "permitDate": "10/22/2013", "permitYr": 2013, "nonmetro": 0 }, "geometry": { "type": "MultiPolygon", "coordinates": [ [ [ [ -91.639592904482242, 41.837906248875548 ], [ -91.639739638247676, 41.837812387183043 ], [ -91.639806414181038, 41.83776674486549 ], [ -91.639869035446353, 41.837717920007982 ], [ -91.639927231398218, 41.837666123636019 ], [ -91.639980750519669, 41.837611579617771 ], [ -91.641224143120198, 41.838247909005027 ], [ -91.640507846353756, 41.838706117228611 ], [ -91.639592904482242, 41.837906248875548 ] ] ] ] } },
{ "type": "Feature", "properties": { "PPN": "0735378002", "TotalValue": 528800.0, "PropClass": "R", "pctLandVal": 0.16, "acreVal": 518431.37254901958, "SiteAddres": "1160 KYLE DR NE", "credits": "HMST", "acres": 1.02, "permitNo": "BLD-16558", "permitType": "Dwelling", "permitDate": "12/21/2010", "permitYr": 2010, "nonmetro": 0 }, "geometry": { "type": "MultiPolygon", "coordinates": [ [ [ [ -91.515988228171452, 41.689339864267424 ], [ -91.515986399143557, 41.689331664517702 ], [ -91.51598462794972, 41.689323459452694 ], [ -91.515982913471191, 41.689315246351377 ], [ -91.515981259255781, 41.689307027075749 ], [ -91.515979662901699, 41.689298801584641 ], [ -91.515978123235456, 41.689290568957418 ], [ -91.515976643832261, 41.689282330155841 ], [ -91.515975222262995, 41.689274086038907 ], [ -91.515973858527573, 41.689265836606729 ], [ -91.51597255502773, 41.689257581900321 ], [ -91.515971308160843, 41.68924932185805 ], [ -91.515970120328646, 41.689241056521013 ], [ -91.515968991476313, 41.689232787689512 ], [ -91.515967921658572, 41.689224513563275 ], [ -91.515966909647204, 41.689216235021831 ], [ -91.515965956615588, 41.68920795298596 ], [ -91.515965062563751, 41.689199667455533 ], [ -91.515964227491679, 41.689191378430699 ], [ -91.51596345022584, 41.689183084990702 ], [ -91.515962733058402, 41.689174790777123 ], [ -91.515962073697125, 41.689166492148424 ], [ -91.515961474461633, 41.689158191846047 ], [ -91.515960931749206, 41.689149889808412 ], [ -91.515960449217303, 41.68914158429682 ], [ -91.515960025582771, 41.689133277991147 ], [ -91.515959660873008, 41.689124969991305 ], [ -91.515959355087986, 41.689116660297209 ], [ -91.515959108227761, 41.689108348908974 ], [ -91.515958920210011, 41.689100038526867 ], [ -91.5159587911443, 41.68909172555049 ], [ -91.515958720948532, 41.689083412680148 ], [ -91.515958710823426, 41.689075099936417 ], [ -91.515958758312536, 41.689066789078488 ], [ -91.515958864753571, 41.689058475626226 ], [ -91.51595903000964, 41.6890501640803 ], [ -91.515959255336313, 41.689041852660985 ], [ -91.515959538277102, 41.689033543127493 ], [ -91.51595988128841, 41.689025233720571 ], [ -91.515960281913777, 41.689016926199443 ], [ -91.515960742527511, 41.689008621505337 ], [ -91.515961260782603, 41.689000317796904 ], [ -91.515961839053432, 41.688992016015327 ], [ -91.515962476111582, 41.688983717040237 ], [ -91.515963170756365, 41.688975420851023 ], [ -91.515963925389315, 41.688967127488894 ], [ -91.51598591318762, 41.688734429977899 ], [ -91.515986082891445, 41.688732999118926 ], [ -91.515986318532924, 41.688731572989873 ], [ -91.51598662123078, 41.688730154311735 ], [ -91.515986987354978, 41.688728743923029 ], [ -91.515987420398602, 41.688727345485873 ], [ -91.51598791918812, 41.688725958079679 ], [ -91.515988481239589, 41.688724584363683 ], [ -91.51598910649831, 41.688723226138208 ], [ -91.51598979488206, 41.688721886103629 ], [ -91.515990546390782, 41.688720564260002 ], [ -91.5159913573398, 41.688719263246043 ], [ -91.515992230130749, 41.68871798310289 ], [ -91.515993161051455, 41.688716727369446 ], [ -91.515994148873787, 41.688715496925347 ], [ -91.515995194771037, 41.688714292691202 ], [ -91.515996295058585, 41.688713117305824 ], [ -91.515997449736332, 41.688711970769234 ], [ -91.515998657548693, 41.688710854861192 ], [ -91.515999916011722, 41.688709772240969 ], [ -91.516001225152849, 41.688708722008457 ], [ -91.516002581287282, 41.688707706802496 ], [ -91.516003984360182, 41.688706728423277 ], [ -91.516005431969901, 41.68870578682975 ], [ -91.516006922833398, 41.688704884701835 ], [ -91.516008454603735, 41.688704020198166 ], [ -91.516010024769628, 41.688703196878194 ], [ -91.516011633303592, 41.688702415642069 ], [ -91.516013276575748, 41.688701677328318 ], [ -91.516014953385266, 41.688700981916384 ], [ -91.516016661302942, 41.688700330265341 ], [ -91.516018400274021, 41.688699724175457 ], [ -91.516020164266834, 41.688699164444252 ], [ -91.516021954454871, 41.688698651992283 ], [ -91.516023767317691, 41.688698184057642 ], [ -91.516025600316624, 41.688697765099874 ], [ -91.516027452250796, 41.688697395098472 ], [ -91.516029319517685, 41.688697073991833 ], [ -91.51603120097117, 41.688696799959153 ], [ -91.51603309410001, 41.68869657655987 ], [ -91.516034996529825, 41.688696402852791 ], [ -91.516036905886367, 41.688696277896753 ], [ -91.516038819685633, 41.688696204351018 ], [ -91.516040736781704, 41.688696180394842 ], [ -91.516042652343643, 41.688696206846195 ], [ -91.516044566398861, 41.688696282805005 ], [ -91.516173921764633, 41.688703152593234 ], [ -91.516194187340361, 41.688704371789115 ], [ -91.516214419042868, 41.688705874992955 ], [ -91.516234610950278, 41.688707659401729 ], [ -91.51625475334636, 41.688709728451812 ], [ -91.516274841537609, 41.688712078460476 ], [ -91.516294867090792, 41.688714710184207 ], [ -91.516314824056607, 41.68871762172013 ], [ -91.516334705285018, 41.688720811144726 ], [ -91.51635450231548, 41.688724280114727 ], [ -91.516374210454259, 41.688728024947387 ], [ -91.516393820122119, 41.688732044578387 ], [ -91.516413327716762, 41.688736338946256 ], [ -91.516432724914566, 41.68874090520687 ], [ -91.5164520044558, 41.688745745037373 ], [ -91.516471160555412, 41.688750851134117 ], [ -91.516490184725541, 41.688756226053819 ], [ -91.516509072272441, 41.688761866113936 ], [ -91.516527816018481, 41.688767770291172 ], [ -91.516546408840981, 41.68877393576205 ], [ -91.516564844817879, 41.688780359723609 ], [ -91.516583117945032, 41.688787042073201 ], [ -91.516601219953543, 41.688793978166593 ], [ -91.516619147268401, 41.688801167042108 ], [ -91.516636891565881, 41.688808605855733 ], [ -91.516654448097398, 41.688816292725193 ], [ -91.516671809767573, 41.688824223926865 ], [ -91.516688969480725, 41.68883239573703 ], [ -91.516705923661959, 41.68884080719419 ], [ -91.516722664014722, 41.688849454554109 ], [ -91.516739185790556, 41.688858335934547 ], [ -91.516755485523873, 41.688867446773308 ], [ -91.51677155251646, 41.68887678328521 ], [ -91.51678738559491, 41.688886344549687 ], [ -91.516802977745868, 41.688896124142765 ], [ -91.516818322937624, 41.688906122861972 ], [ -91.516833415384966, 41.688916333403725 ], [ -91.516848250339294, 41.688926753885745 ], [ -91.516862824307509, 41.688937380646045 ], [ -91.516877130221403, 41.688948209060825 ], [ -91.516891163359603, 41.688959236347728 ], [ -91.516904919055648, 41.688970457924015 ], [ -91.516918392588096, 41.688981871007364 ], [ -91.516931579317884, 41.688993470114866 ], [ -91.516944475724401, 41.689005252484677 ], [ -91.516957074739352, 41.689017213493088 ], [ -91.516517521999177, 41.689272415846027 ], [ -91.515988228171452, 41.689339864267424 ] ] ] ] } },
{ "type": "Feature", "properties": { "PPN": "0310404001", "TotalValue": 704000.0, "PropClass": "R", "pctLandVal": 0.14, "acreVal": 429268.29268292687, "SiteAddres": "1305 CURTIS BRIDGE RD NE", "credits": "HMST", "acres": 1.64, "permitNo": "BLD-17631", "permitType": "Dwelling", "permitDate": "12/7/2012", "permitYr": 2012, "nonmetro": 0 }, "geometry": { "type": "MultiPolygon", "coordinates": [ [ [ [ -91.640370002670267, 41.839426266538403 ], [ -91.641395124269451, 41.838770493190495 ], [ -91.641381079146157, 41.83947092457624 ], [ -91.641337213180094, 41.839466144145128 ], [ -91.641292726507743, 41.840191643124442 ], [ -91.641292717032556, 41.840191637569852 ], [ -91.641194062635023, 41.84012829059504 ], [ -91.641100798136861, 41.840060531630563 ], [ -91.64101327576202, 41.839988616588123 ], [ -91.640370002670267, 41.839426266538403 ] ] ] ] } },
{ "type": "Feature", "properties": { "PPN": "0735354003", "TotalValue": 903000.0, "PropClass": "R", "pctLandVal": 0.1, "acreVal": 820909.09090909082, "SiteAddres": "1151 KYLE DR NE", "credits": "HMST", "acres": 1.1, "permitNo": "BLD-19-28751", "permitType": "Dwelling", "permitDate": "10/30/2019", "permitYr": 2019, "nonmetro": 0 }, "geometry": { "type": "MultiPolygon", "coordinates": [ [ [ [ -91.51809155350567, 41.689364232136327 ], [ -91.517984031799571, 41.689361066123844 ], [ -91.517967148005269, 41.68936044627813 ], [ -91.517950284892521, 41.689359580918641 ], [ -91.517933444808506, 41.689358471886749 ], [ -91.517916638643328, 41.689357116666564 ], [ -91.517899869917755, 41.689355518020143 ], [ -91.517883145837146, 41.689353676070574 ], [ -91.517866473579531, 41.689351591841117 ], [ -91.517849857948605, 41.689349265413824 ], [ -91.517833303720693, 41.689346697770965 ], [ -91.517816821676405, 41.689343889997289 ], [ -91.517800412989445, 41.689340843013511 ], [ -91.517784087212149, 41.689337558784075 ], [ -91.517767849148271, 41.689334037391049 ], [ -91.517751707149273, 41.689330280778336 ], [ -91.517735662361403, 41.689326290766836 ], [ -91.51771972559267, 41.689322067541184 ], [ -91.517703900363813, 41.689317613863388 ], [ -91.517688193852692, 41.689312930756778 ], [ -91.517672610808319, 41.689308020103695 ], [ -91.517657158353813, 41.689302884727688 ], [ -91.517641841238103, 41.68929752651119 ], [ -91.517626665493069, 41.689291944656709 ], [ -91.517611638159806, 41.689286144688161 ], [ -91.517596762840924, 41.689280126667256 ], [ -91.517582045431539, 41.689273894297102 ], [ -91.517567493136895, 41.689267447700857 ], [ -91.517553109368038, 41.689260793241161 ], [ -91.517538900184263, 41.689253929220371 ], [ -91.517524872626524, 41.689246861162438 ], [ -91.517511029096639, 41.689239589108517 ], [ -91.517497376663115, 41.689232117682408 ], [ -91.517483921220787, 41.68922445058741 ], [ -91.517470665171388, 41.689216587864543 ], [ -91.51745761555604, 41.689208535037785 ], [ -91.517444775977339, 41.689200292168834 ], [ -91.517432153421495, 41.689191866581936 ], [ -91.517419750290301, 41.689183258318224 ], [ -91.517407571277715, 41.689174471060383 ], [ -91.517395623479501, 41.689165508532056 ], [ -91.517383907987011, 41.689156374354489 ], [ -91.517372433124123, 41.689147071371778 ], [ -91.517361199982247, 41.689137603205012 ], [ -91.517350214456172, 41.689127973557433 ], [ -91.517339478810726, 41.689118186970795 ], [ -91.51732899899541, 41.689108245348109 ], [ -91.517130743602095, 41.688916384437576 ], [ -91.517130133210415, 41.688915793116706 ], [ -91.517129521590519, 41.688915202675418 ], [ -91.517128909943253, 41.688914613134259 ], [ -91.51712829714991, 41.688914021772305 ], [ -91.517127683073539, 41.688913433090221 ], [ -91.517127068997226, 41.688912844408179 ], [ -91.517126454920884, 41.688912255726073 ], [ -91.517125839643683, 41.68891166702349 ], [ -91.517125223138294, 41.688911079200487 ], [ -91.51712460783375, 41.688910491397969 ], [ -91.517123990100089, 41.688909904454626 ], [ -91.517123372393826, 41.688909316611053 ], [ -91.517122754605481, 41.688908731467947 ], [ -91.517122135671002, 41.688908144504005 ], [ -91.517121515508308, 41.6889075584197 ], [ -91.51712089534557, 41.688906972335374 ], [ -91.517120276356437, 41.68890638717172 ], [ -91.517119654965498, 41.688905801967024 ], [ -91.517119032346343, 41.688905217641903 ], [ -91.517118410928106, 41.688904633337323 ], [ -91.517117787080736, 41.688904049891804 ], [ -91.517117163233394, 41.688903466446284 ], [ -91.517116539386066, 41.6889028830008 ], [ -91.517115914310452, 41.688902300434883 ], [ -91.517115289234923, 41.688901717868994 ], [ -91.517114664131952, 41.688901136203214 ], [ -91.517114037828208, 41.688900554516927 ], [ -91.517113410323574, 41.688899972810113 ], [ -91.517112782764201, 41.688899392903537 ], [ -91.51711215405868, 41.688898811176173 ], [ -91.517111525298475, 41.688898231249112 ], [ -91.517110895337439, 41.688897651301467 ], [ -91.517110265348961, 41.688897072254015 ], [ -91.517109635360498, 41.688896493206514 ], [ -91.517109002970372, 41.688895914118 ], [ -91.517108371753707, 41.688895335950114 ], [ -91.517107739336225, 41.688894757761695 ], [ -91.517107105717884, 41.688894179552747 ], [ -91.517106472044759, 41.688893603144109 ], [ -91.517105838399075, 41.68889302583527 ], [ -91.517105203525119, 41.688892449406083 ], [ -91.517104568651163, 41.688891872976896 ], [ -91.517103932576376, 41.688891296527139 ], [ -91.517103295246002, 41.688890721857177 ], [ -91.517102659143816, 41.6888901463076 ], [ -91.517687938378202, 41.688525575872688 ], [ -91.517895323936798, 41.688755224429762 ], [ -91.518103152068505, 41.689148003658779 ], [ -91.51809155350567, 41.689364232136327 ] ] ] ] } },
{ "type": "Feature", "properties": { "PPN": "0806254001", "TotalValue": 1211800.0, "PropClass": "R", "pctLandVal": 0.11, "acreVal": 296283.61858190713, "SiteAddres": "2273 DILLONS FURROW RD NE", "credits": "HMST", "acres": 4.09, "permitNo": "BLD-19-28769", "permitType": "Dwelling", "permitDate": "11/6/2019", "permitYr": 2019, "nonmetro": 1 }, "geometry": { "type": "MultiPolygon", "coordinates": [ [ [ [ -91.478602403589235, 41.767214240840872 ], [ -91.479165378315628, 41.766381804272378 ], [ -91.480976870442476, 41.767199131932095 ], [ -91.480473932910741, 41.767884648471338 ], [ -91.478602403589235, 41.767214240840872 ] ] ] ] } },
{ "type": "Feature", "properties": { "PPN": "0336326003", "TotalValue": 868800.0, "PropClass": "R", "pctLandVal": 0.33, "acreVal": 72039.800995024867, "SiteAddres": "2236 HENDERSHOT RD NE", "credits": "HMST", "acres": 12.06, "permitNo": "BLD-25552", "permitType": "Dwelling", "permitDate": "1/12/2015", "permitYr": 2015, "nonmetro": 1 }, "geometry": { "type": "MultiPolygon", "coordinates": [ [ [ [ -91.61234707986236, 41.779732555374558 ], [ -91.612346341485946, 41.779652092405179 ], [ -91.613600006391238, 41.779653977194748 ], [ -91.61721299615418, 41.779659334222913 ], [ -91.617219990147618, 41.780746042547285 ], [ -91.612356314514926, 41.780738820121393 ], [ -91.61234707986236, 41.779732555374558 ] ] ] ] } },
{ "type": "Feature", "properties": { "PPN": "0304477016", "TotalValue": 543900.0, "PropClass": "R", "pctLandVal": 0.22, "acreVal": 494454.54545454541, "SiteAddres": "2787 JEFFERSON CT NE", "credits": "HMST", "acres": 1.1, "permitNo": "BLD-16710", "permitType": "Dwelling", "permitDate": "5/25/2011", "permitYr": 2011, "nonmetro": 0 }, "geometry": { "type": "MultiPolygon", "coordinates": [ [ [ [ -91.657006107208829, 41.84858878267881 ], [ -91.65704253603603, 41.847927222589739 ], [ -91.658165727705537, 41.847935375176789 ], [ -91.657405580942722, 41.848564169558173 ], [ -91.657380147686212, 41.848549774450099 ], [ -91.657351764749706, 41.848538889826706 ], [ -91.657321289726525, 41.848531844567539 ], [ -91.657289643421407, 41.848528851545495 ], [ -91.657257782028779, 41.848530001194838 ], [ -91.657226668241833, 41.848535258778881 ], [ -91.657197242165253, 41.848544465439467 ], [ -91.657170392910345, 41.84855734299682 ], [ -91.657146931730921, 41.848573502354661 ], [ -91.657137520308808, 41.848579981123535 ], [ -91.657126747424584, 41.848585139773881 ], [ -91.657114940290285, 41.848588821618414 ], [ -91.657102457532133, 41.84859091482592 ], [ -91.657089678297737, 41.848591355817874 ], [ -91.657006107208829, 41.84858878267881 ] ] ] ] } },
{ "type": "Feature", "properties": { "PPN": "1213377001", "TotalValue": 415300.0, "PropClass": "R", "pctLandVal": 0.19, "acreVal": 145209.79020979023, "SiteAddres": "2118 400TH ST SW", "credits": "HMST", "acres": 2.86, "permitNo": "BLD-16701", "permitType": "Dwelling", "permitDate": "5/11/2011", "permitYr": 2011, "nonmetro": 1 }, "geometry": { "type": "MultiPolygon", "coordinates": [ [ [ [ -91.726298520194774, 41.643722205888437 ], [ -91.72782148350781, 41.643748177498466 ], [ -91.727796771461982, 41.644563813429272 ], [ -91.726295100531971, 41.644559235431629 ], [ -91.726293957660772, 41.644559231457023 ], [ -91.726298520194774, 41.643722205888437 ] ] ] ] } },
{ "type": "Feature", "properties": { "PPN": "1709139001", "TotalValue": 111500.0, "PropClass": "R", "pctLandVal": 0.2, "acreVal": 66766.467065868273, "SiteAddres": "743 N PERKINS ST", "credits": "HMST", "acres": 1.67, "permitNo": "BLD-21-30521", "permitType": "Dwelling", "permitDate": "2/4/2022", "permitYr": 2022, "nonmetro": 1 }, "geometry": { "type": "MultiPolygon", "coordinates": [ [ [ [ -91.431542623617688, 41.494864389332719 ], [ -91.431889713953012, 41.494868974374413 ], [ -91.432181695865722, 41.494872812805241 ], [ -91.432473676672359, 41.494876648677398 ], [ -91.432765661476992, 41.494880510003142 ], [ -91.432765184612052, 41.494899003145377 ], [ -91.43275036294763, 41.495474386588398 ], [ -91.431539177956623, 41.495468017863729 ], [ -91.431543885919766, 41.494960547278367 ], [ -91.431542623617688, 41.494864389332719 ] ] ] ] } },
{ "type": "Feature", "properties": { "PPN": "1812290001", "TotalValue": 453100.0, "PropClass": "R", "pctLandVal": 0.12, "acreVal": 390603.44827586209, "SiteAddres": "6071 OTTER CREEK RD SE", "credits": "NONE", "acres": 1.16, "permitNo": "BLD-22-30991", "permitType": "Dwelling", "permitDate": "9/7/2022", "permitYr": 2022, "nonmetro": 1 }, "geometry": { "type": "MultiPolygon", "coordinates": [ [ [ [ -91.496395181351915, 41.490986316104966 ], [ -91.49739197797021, 41.491006054721133 ], [ -91.497818231299576, 41.491014493203679 ], [ -91.49780576244568, 41.491371016206237 ], [ -91.496382700580952, 41.491342974884347 ], [ -91.496395181351915, 41.490986316104966 ] ] ] ] } },
{ "type": "Feature", "properties": { "PPN": "0712402002", "TotalValue": 884900.0, "PropClass": "A, AD", "pctLandVal": 0.03, "acreVal": 47371.520342612421, "SiteAddres": "2545 QUINCY RD NE", "credits": "HMST", "acres": 18.68, "permitNo": "BLD-22-30884", "permitType": "Dwelling", "permitDate": "6/13/2022", "permitYr": 2022, "nonmetro": 1 }, "geometry": { "type": "MultiPolygon", "coordinates": [ [ [ [ -91.484262366877203, 41.748360180772039 ], [ -91.484142094851975, 41.748171825623466 ], [ -91.48401772400625, 41.747984969368531 ], [ -91.483889287669669, 41.747799662029614 ], [ -91.483600515097834, 41.747391218365799 ], [ -91.483600479370722, 41.747391168212772 ], [ -91.483421838458938, 41.747138302752631 ], [ -91.48549497885719, 41.747147200901473 ], [ -91.487938146750622, 41.747157639397969 ], [ -91.487926325078732, 41.747555516386377 ], [ -91.487884928909835, 41.749340703660522 ], [ -91.486381690521156, 41.749336313439194 ], [ -91.484853244783594, 41.749323922994982 ], [ -91.484262366877203, 41.748360180772039 ] ] ] ] } },
{ "type": "Feature", "properties": { "PPN": "0133403002", "TotalValue": 242600.0, "PropClass": "R", "pctLandVal": 0.26, "acreVal": 169650.3496503497, "SiteAddres": "5169 210TH ST NE", "credits": "NONE", "acres": 1.43, "permitNo": "BLD-24-32614", "permitType": "Dwelling", "permitDate": "6/25/2024", "permitYr": 2024, "nonmetro": 1 }, "geometry": { "type": "MultiPolygon", "coordinates": [ [ [ [ -91.426807089666312, 41.777487081919958 ], [ -91.426890144982309, 41.776998040480606 ], [ -91.428151226456237, 41.777118070734041 ], [ -91.428067993427121, 41.777608075159627 ], [ -91.426900493569221, 41.777496953055618 ], [ -91.426807089666312, 41.777487081919958 ] ] ] ] } },
{ "type": "Feature", "properties": { "PPN": "0304477012", "TotalValue": 713600.0, "PropClass": "R", "pctLandVal": 0.14, "acreVal": 964324.32432432438, "SiteAddres": "2793 SUNSET CT NE", "credits": "HMST", "acres": 0.74, "permitNo": "BLD-17826", "permitType": "Dwelling", "permitDate": "5/23/2013", "permitYr": 2013, "nonmetro": 0 }, "geometry": { "type": "MultiPolygon", "coordinates": [ [ [ [ -91.655748353027775, 41.850311793953274 ], [ -91.656100695508357, 41.84999550922501 ], [ -91.656707014935165, 41.850373122304553 ], [ -91.656369143153768, 41.850676419418519 ], [ -91.656354531365935, 41.850689319223541 ], [ -91.655748353027775, 41.850311793953274 ] ] ] ] } },
{ "type": "Feature", "properties": { "PPN": "0618277001", "TotalValue": 449300.0, "PropClass": "R", "pctLandVal": 0.18, "acreVal": 142634.92063492065, "SiteAddres": "2675 GREENCASTLE AVE NW", "credits": "HMST", "acres": 3.15, "permitNo": "BLD-17613", "permitType": "Dwelling", "permitDate": "11/27/2012", "permitYr": 2012, "nonmetro": 1 }, "geometry": { "type": "MultiPolygon", "coordinates": [ [ [ [ -91.705282550080653, 41.739781583189 ], [ -91.706602455150176, 41.739853001675499 ], [ -91.706593139240908, 41.740626337148584 ], [ -91.70526662535346, 41.741099948390705 ], [ -91.705282550080653, 41.739781583189 ] ] ] ] } },
{ "type": "Feature", "properties": { "PPN": "0717151001", "TotalValue": 670300.0, "PropClass": "R", "pctLandVal": 0.31, "acreVal": 162300.24213075062, "SiteAddres": "2663 WILLOW CT NE", "credits": "HMST", "acres": 4.13, "permitNo": "BLD-18-27795", "permitType": "Dwelling", "permitDate": "5/23/2018", "permitYr": 2018, "nonmetro": 1 }, "geometry": { "type": "MultiPolygon", "coordinates": [ [ [ [ -91.566600836035605, 41.740762029970838 ], [ -91.566230188397213, 41.740769166731326 ], [ -91.566215351216329, 41.738996453288081 ], [ -91.567588283642039, 41.739024755773279 ], [ -91.567739811936761, 41.739027879018963 ], [ -91.567710788721115, 41.739668053543703 ], [ -91.566722830273079, 41.740240125627231 ], [ -91.566749360972608, 41.740621943423307 ], [ -91.56674370140307, 41.740622826322387 ], [ -91.566738082347229, 41.740623843181048 ], [ -91.566732507490613, 41.740624991358871 ], [ -91.566726986421202, 41.740626271916085 ], [ -91.566721520447672, 41.740627681272152 ], [ -91.566716115552381, 41.740629220427351 ], [ -91.566710780281724, 41.740630885020948 ], [ -91.566705517012636, 41.740632675993275 ], [ -91.566700331834383, 41.740634590743866 ], [ -91.566695228459338, 41.740636625732257 ], [ -91.566690215300284, 41.740638781098617 ], [ -91.566685294867725, 41.740641053282332 ], [ -91.566680471995696, 41.740643441463412 ], [ -91.566675752826953, 41.740645941241226 ], [ -91.566671140966932, 41.740648552675758 ], [ -91.566666641410066, 41.740651269546277 ], [ -91.566662258910142, 41.740654093732971 ], [ -91.566657997259696, 41.740657018995044 ], [ -91.566653861292792, 41.740660044512389 ], [ -91.566649854748491, 41.740663165844353 ], [ -91.566645980137395, 41.7406663794305 ], [ -91.566642244723838, 41.740669683590639 ], [ -91.566638649843327, 41.740673073844086 ], [ -91.566635199154732, 41.740676548450686 ], [ -91.566631897625768, 41.740680102089733 ], [ -91.566628746565158, 41.74068373118056 ], [ -91.566625749605038, 41.740687434883284 ], [ -91.566622911766544, 41.740691206076754 ], [ -91.56662023430502, 41.740695042980775 ], [ -91.566617717353992, 41.740698941094742 ], [ -91.566615367029627, 41.74070289691813 ], [ -91.566613184667219, 41.740706905970356 ], [ -91.5666111715489, 41.740710965571026 ], [ -91.566609331467205, 41.740715069479243 ], [ -91.566607664502286, 41.740719214994627 ], [ -91.566606173164701, 41.740723398556717 ], [ -91.566604860018529, 41.740727614804712 ], [ -91.56660372396874, 41.740731860118125 ], [ -91.566602767552695, 41.740736130036233 ], [ -91.566601992105859, 41.740740420078509 ], [ -91.566601395304701, 41.740744727504456 ], [ -91.566600982143655, 41.740749046093242 ], [ -91.566600750325918, 41.740753372204303 ], [ -91.566600702388826, 41.740757701377035 ], [ -91.566600836035605, 41.740762029970838 ] ] ] ] } },
{ "type": "Feature", "properties": { "PPN": "1734377006", "TotalValue": 338700.0, "PropClass": "R", "pctLandVal": 0.17, "acreVal": 266692.91338582675, "SiteAddres": "5270 GOLDEN POND LN SE", "credits": "HMST", "acres": 1.27, "permitNo": "BLD-17286", "permitType": "Dwelling", "permitDate": "6/14/2012", "permitYr": 2012, "nonmetro": 1 }, "geometry": { "type": "MultiPolygon", "coordinates": [ [ [ [ -91.417860908506, 41.4253296457386 ], [ -91.417746742866086, 41.424626069810451 ], [ -91.417800876556214, 41.424632460383918 ], [ -91.417855637851403, 41.424633917325131 ], [ -91.417916837672323, 41.42462965161473 ], [ -91.417976718615904, 41.424619227506014 ], [ -91.41803419187724, 41.424602834538874 ], [ -91.418156845085377, 41.424560523204214 ], [ -91.418753057143903, 41.425124731750415 ], [ -91.418769236126252, 41.425347091149689 ], [ -91.417860908506, 41.4253296457386 ] ] ] ] } },
{ "type": "Feature", "properties": { "PPN": "0316352002", "TotalValue": 228800.0, "PropClass": "R", "pctLandVal": 0.33, "acreVal": 222135.92233009709, "SiteAddres": "1598 COU FALLS RD NW", "credits": "HMST", "acres": 1.03, "permitNo": "BLD-25-33290", "permitType": "Dwelling", "permitDate": "4/25/2025", "permitYr": 2025, "nonmetro": 1 }, "geometry": { "type": "MultiPolygon", "coordinates": [ [ [ [ -91.674947885216213, 41.819468359162371 ], [ -91.674304320507773, 41.818935928455872 ], [ -91.674512182342255, 41.818771714951637 ], [ -91.675036041480112, 41.818776452232207 ], [ -91.675456254400615, 41.81911392551234 ], [ -91.674947885216213, 41.819468359162371 ] ] ] ] } },
{ "type": "Feature", "properties": { "PPN": "0216429001", "TotalValue": 684900.0, "PropClass": "R", "pctLandVal": 0.19, "acreVal": 304400.0, "SiteAddres": "3939 JOCELYN CT NE", "credits": "HMST", "acres": 2.25, "permitNo": "BLD-27042", "permitType": "Dwelling", "permitDate": "4/7/2017", "permitYr": 2017, "nonmetro": 1 }, "geometry": { "type": "MultiPolygon", "coordinates": [ [ [ [ -91.547088908696153, 41.823964189157223 ], [ -91.547115658710894, 41.823106946671224 ], [ -91.54755410024778, 41.823114594631122 ], [ -91.548628751613336, 41.823133333741033 ], [ -91.547919658752065, 41.823888770544066 ], [ -91.547955734696743, 41.824037857808065 ], [ -91.54792947354116, 41.824042677737332 ], [ -91.547904200558762, 41.824049869621959 ], [ -91.547891365925949, 41.82405338018247 ], [ -91.547877976408472, 41.824055425375334 ], [ -91.547864329250132, 41.824055959797789 ], [ -91.547850727414342, 41.824054971585838 ], [ -91.547837472858333, 41.824052482677494 ], [ -91.547824859829774, 41.824048548325877 ], [ -91.547728812150964, 41.824016002877102 ], [ -91.547629296097895, 41.823989931605503 ], [ -91.547527089896647, 41.823970538390419 ], [ -91.547422992807938, 41.823957974888103 ], [ -91.547339459296893, 41.823952928808779 ], [ -91.547255658251686, 41.823952283996569 ], [ -91.547172003637485, 41.823956043636734 ], [ -91.547088908696153, 41.823964189157223 ] ] ] ] } },
{ "type": "Feature", "properties": { "PPN": "1116402001", "TotalValue": 1447800.0, "PropClass": "A, AD", "pctLandVal": 0.0, "acreVal": 306737.28813559323, "SiteAddres": "3913 JAMES AVE SW", "credits": "HMST, AG", "acres": 4.72, "permitNo": "BLD-17549", "permitType": "Dwelling", "permitDate": "10/22/2012", "permitYr": 2012, "nonmetro": 1 }, "geometry": { "type": "MultiPolygon", "coordinates": [ [ [ [ -91.657200152240137, 41.650349118502724 ], [ -91.657215862861804, 41.649320838944647 ], [ -91.657791415274261, 41.649128876200479 ], [ -91.658961763467119, 41.64913892661162 ], [ -91.658909079622191, 41.650368864506319 ], [ -91.657200152240137, 41.650349118502724 ] ] ] ] } },
{ "type": "Feature", "properties": { "PPN": "0310155002", "TotalValue": 415000.0, "PropClass": "R", "pctLandVal": 0.17, "acreVal": 415000.0, "SiteAddres": "1296 DRAPER LN NE", "credits": "NONE", "acres": 1.0, "permitNo": "BLD-21-30359", "permitType": "Dwelling", "permitDate": "10/7/2021", "permitYr": 2021, "nonmetro": 0 }, "geometry": { "type": "MultiPolygon", "coordinates": [ [ [ [ -91.641285510999268, 41.841595642855424 ], [ -91.641755404072583, 41.841597869008787 ], [ -91.64175017721027, 41.842214145823178 ], [ -91.641749003240605, 41.842224653661376 ], [ -91.641745689722669, 41.842234902858522 ], [ -91.64174031493134, 41.842244651295943 ], [ -91.641733005835476, 41.842253668684357 ], [ -91.641723935098597, 41.842261742004119 ], [ -91.641713317000139, 41.842268680537416 ], [ -91.641701402373371, 41.842274320373733 ], [ -91.641688472679988, 41.842278528281902 ], [ -91.641659828053108, 41.842288068082873 ], [ -91.641633773883669, 41.842301115617119 ], [ -91.641611071051813, 41.842317289848239 ], [ -91.641592382567566, 41.842336118428321 ], [ -91.641578254208483, 41.842357051492165 ], [ -91.641569098580561, 41.842379477715163 ], [ -91.641565183068224, 41.842402742166236 ], [ -91.641566622025081, 41.842426165434112 ], [ -91.641573373433744, 41.842449063468784 ], [ -91.641585240132187, 41.842470767558325 ], [ -91.641601875571098, 41.84249064385817 ], [ -91.641622793933976, 41.842508111901708 ], [ -91.641275546674152, 41.842784044232012 ], [ -91.641285510999268, 41.841595642855424 ] ] ] ] } },
{ "type": "Feature", "properties": { "PPN": "1505477002", "TotalValue": 191400.0, "PropClass": "A, AD", "pctLandVal": 0.03, "acreVal": 60761.904761904771, "SiteAddres": "3765 475TH ST SW", "credits": "HMST, AG", "acres": 3.15, "permitNo": "BLD-22-31460", "permitType": "Dwelling", "permitDate": "1/19/2023", "permitYr": 2023, "nonmetro": 1 }, "geometry": { "type": "MultiPolygon", "coordinates": [ [ [ [ -91.56543891318924, 41.58599566359532 ], [ -91.565414574544192, 41.587253772332964 ], [ -91.564294729855192, 41.587260416507476 ], [ -91.564328348501263, 41.586269289630401 ], [ -91.564334064303637, 41.586227442991223 ], [ -91.564348231245546, 41.586186743763605 ], [ -91.564370516467989, 41.58614814815104 ], [ -91.564400396380435, 41.586112562932321 ], [ -91.564437168963266, 41.586080824157563 ], [ -91.56447997026217, 41.586053677506257 ], [ -91.564527794686342, 41.5860317607684 ], [ -91.564579518634162, 41.58601558886064 ], [ -91.564633926890806, 41.586005541728937 ], [ -91.564689741178071, 41.586001855422481 ], [ -91.56543891318924, 41.58599566359532 ] ] ] ] } },
{ "type": "Feature", "properties": { "PPN": "0829354002", "TotalValue": 393900.0, "PropClass": "R", "pctLandVal": 0.22, "acreVal": 203041.23711340205, "SiteAddres": "4813 RAPID CREEK RD NE", "credits": "NONE", "acres": 1.94, "permitNo": "BLD-23-31549", "permitType": "Dwelling", "permitDate": "9/20/2023", "permitYr": 2023, "nonmetro": 1 }, "geometry": { "type": "MultiPolygon", "coordinates": [ [ [ [ -91.462701169828449, 41.702714309440431 ], [ -91.462663607524576, 41.702762759169858 ], [ -91.462633608553432, 41.70281408515558 ], [ -91.462611558931883, 41.702867626982759 ], [ -91.462597742394365, 41.702922695723558 ], [ -91.462592336740983, 41.702978582801499 ], [ -91.462580007658758, 41.70356991181783 ], [ -91.462432869284854, 41.703598479747761 ], [ -91.462445829823693, 41.702976885933637 ], [ -91.462450619006432, 41.702919920764799 ], [ -91.46246256498452, 41.702863549088107 ], [ -91.462481560971142, 41.702808274731538 ], [ -91.462507437170402, 41.702754591714282 ], [ -91.462539962295551, 41.702702979831727 ], [ -91.462578845636571, 41.702653900367253 ], [ -91.462610969722135, 41.702611309178202 ], [ -91.462635016316796, 41.702565824832114 ], [ -91.462650533217655, 41.702518302707233 ], [ -91.462657228633418, 41.702469636502485 ], [ -91.462654976670436, 41.702420741430316 ], [ -91.462643819698812, 41.702372537005203 ], [ -91.461993391413657, 41.701596905640791 ], [ -91.462749004677207, 41.701241029389074 ], [ -91.463101703016122, 41.702336860050515 ], [ -91.462790037080893, 41.702359270293648 ], [ -91.462800966226951, 41.702411593476654 ], [ -91.46280391291522, 41.702464507771779 ], [ -91.46279883916236, 41.70251733145281 ], [ -91.462785810317371, 41.702569383959421 ], [ -91.462764994220592, 41.702619994665199 ], [ -91.462736659042278, 41.702668511517899 ], [ -91.462701169828449, 41.702714309440431 ] ] ] ] } },
{ "type": "Feature", "properties": { "PPN": "1207176002", "TotalValue": 119800.0, "PropClass": "A, AD", "pctLandVal": 0.41, "acreVal": 3256.319652079369, "SiteAddres": "3681 BAXTER AVE SW", "credits": "AG", "acres": 36.79, "permitNo": "BLD-23-31838", "permitType": "Dwelling", "permitDate": "6/13/2023", "permitYr": 2023, "nonmetro": 1 }, "geometry": { "type": "MultiPolygon", "coordinates": [ [ [ [ -91.816573695558958, 41.665706144668682 ], [ -91.818524076212796, 41.665680815808798 ], [ -91.818580500925037, 41.669313690531773 ], [ -91.813891435360546, 41.66936644075605 ], [ -91.813845727280309, 41.666018775273258 ], [ -91.815245730858223, 41.666133959230855 ], [ -91.815335463730392, 41.666029618786219 ], [ -91.816581369303222, 41.666036635235784 ], [ -91.816573695558958, 41.665706144668682 ] ] ] ] } },
{ "type": "Feature", "properties": { "PPN": "0427201003", "TotalValue": 421600.0, "PropClass": "R", "pctLandVal": 0.23, "acreVal": 119772.72727272728, "SiteAddres": "1684 AMANA RD NW", "credits": "NONE", "acres": 3.52, "permitNo": "BLD-20-29375", "permitType": "Dwelling", "permitDate": "8/26/2020", "permitYr": 2020, "nonmetro": 1 }, "geometry": { "type": "MultiPolygon", "coordinates": [ [ [ [ -91.76338628398112, 41.803850896831719 ], [ -91.763372590227931, 41.802213779745905 ], [ -91.764327982390057, 41.802470770968704 ], [ -91.764169667653491, 41.803687093479063 ], [ -91.764411866535696, 41.803688092320236 ], [ -91.765567230178306, 41.803692897243018 ], [ -91.765568637849967, 41.803859989537024 ], [ -91.765069189596872, 41.803857912030928 ], [ -91.764413271216995, 41.80385518552864 ], [ -91.76338628398112, 41.803850896831719 ] ] ] ] } },
{ "type": "Feature", "properties": { "PPN": "0315229002", "TotalValue": 1125800.0, "PropClass": "R", "pctLandVal": 0.09, "acreVal": 296263.15789473685, "SiteAddres": "1440 JAMES CT NE", "credits": "HMST", "acres": 3.8, "permitNo": "BLD-20-29324", "permitType": "Dwelling", "permitDate": "8/18/2020", "permitYr": 2020, "nonmetro": 1 }, "geometry": { "type": "MultiPolygon", "coordinates": [ [ [ [ -91.651326307890599, 41.830501727287391 ], [ -91.653693533313728, 41.83053243727894 ], [ -91.654209851797702, 41.830539222874464 ], [ -91.654209872550098, 41.830537218628393 ], [ -91.654213592847753, 41.830153013325237 ], [ -91.654784470536967, 41.83016003566447 ], [ -91.654985773180911, 41.830327184439561 ], [ -91.654131108297122, 41.830993480720281 ], [ -91.651328341031174, 41.830958990415148 ], [ -91.651326307890599, 41.830501727287391 ] ] ], [ [ [ -91.654986645172997, 41.83016251602038 ], [ -91.655130790070444, 41.830164287005474 ], [ -91.655130274938315, 41.830217642319433 ], [ -91.655087579447056, 41.830247814322931 ], [ -91.654986645172997, 41.83016251602038 ] ] ] ] } },
{ "type": "Feature", "properties": { "PPN": "0316254006", "TotalValue": 585400.0, "PropClass": "R", "pctLandVal": 0.2, "acreVal": 294170.85427135677, "SiteAddres": "2635 HIDDEN RIDGE CT NW", "credits": "HMST", "acres": 1.99, "permitNo": "BLD-23-32090", "permitType": "Dwelling", "permitDate": "9/28/2023", "permitYr": 2023, "nonmetro": 1 }, "geometry": { "type": "MultiPolygon", "coordinates": [ [ [ [ -91.672018317587913, 41.828354903169739 ], [ -91.671441225751948, 41.82821016999825 ], [ -91.671684120109077, 41.827720750164531 ], [ -91.671769859486929, 41.82754798801497 ], [ -91.672586892610099, 41.827409537569487 ], [ -91.672610967046651, 41.827579453262857 ], [ -91.672721214216537, 41.828357536392694 ], [ -91.672427586268171, 41.828356201544835 ], [ -91.672413951531709, 41.82835537640166 ], [ -91.672400632492412, 41.828353043812889 ], [ -91.672387925380121, 41.828349255657749 ], [ -91.672376112814575, 41.828344096188957 ], [ -91.672365457519689, 41.828337680158612 ], [ -91.672356196480251, 41.828330150266098 ], [ -91.67233325434124, 41.828311814357782 ], [ -91.672306564928007, 41.828296577389253 ], [ -91.67227686710757, 41.828284861177892 ], [ -91.672244983029614, 41.828276990072922 ], [ -91.672211795366607, 41.828273181976328 ], [ -91.672178222878458, 41.828273542310633 ], [ -91.672145194978228, 41.82827806110037 ], [ -91.672113626003068, 41.828286613248402 ], [ -91.672084389902352, 41.828298961998861 ], [ -91.672058296043886, 41.828314765491434 ], [ -91.672036066807692, 41.828333586225106 ], [ -91.672018317587913, 41.828354903169739 ] ] ] ] } },
{ "type": "Feature", "properties": { "PPN": "1614376001", "TotalValue": 257900.0, "PropClass": "R", "pctLandVal": 0.34, "acreVal": 70272.479564032692, "SiteAddres": "5480 520TH ST SE", "credits": "HMST", "acres": 3.67, "permitNo": "BLD-27089", "permitType": "Dwelling", "permitDate": "4/6/2017", "permitYr": 2017, "nonmetro": 1 }, "geometry": { "type": "MultiPolygon", "coordinates": [ [ [ [ -91.39707995883461, 41.554486679549449 ], [ -91.398617682111635, 41.554498726372429 ], [ -91.398622061036164, 41.555541962954841 ], [ -91.397082237162365, 41.555528328434768 ], [ -91.39707995883461, 41.554486679549449 ] ] ] ] } },
{ "type": "Feature", "properties": { "PPN": "1319376002", "TotalValue": 812100.0, "PropClass": "R", "pctLandVal": 0.19, "acreVal": 49397.810218978098, "SiteAddres": "1036 540TH ST SW", "credits": "NONE", "acres": 16.44, "permitNo": "BLD-17254", "permitType": "Dwelling", "permitDate": "6/6/2012", "permitYr": 2012, "nonmetro": 1 }, "geometry": { "type": "MultiPolygon", "coordinates": [ [ [ [ -91.822361739181318, 41.542672796127022 ], [ -91.822403063354074, 41.540726389676706 ], [ -91.823900431135897, 41.540708940698373 ], [ -91.823899465344013, 41.54066229035476 ], [ -91.824629954255656, 41.540653749182667 ], [ -91.824630920591943, 41.540700398620075 ], [ -91.826083932501035, 41.540683396175424 ], [ -91.826010740389719, 41.542646774902934 ], [ -91.824133589193536, 41.54265085101143 ], [ -91.822361739181318, 41.542672796127022 ] ] ] ] } },
{ "type": "Feature", "properties": { "PPN": "0227229001", "TotalValue": 556800.0, "PropClass": "R", "pctLandVal": 0.16, "acreVal": 515555.5555555555, "SiteAddres": "1812 MEHAFFEY BRIDGE RD NE", "credits": "NONE", "acres": 1.08, "permitNo": "BLD-20-29245", "permitType": "Dwelling", "permitDate": "7/1/2020", "permitYr": 2020, "nonmetro": 1 }, "geometry": { "type": "MultiPolygon", "coordinates": [ [ [ [ -91.537942841932605, 41.802144713244246 ], [ -91.537942586861533, 41.802173251403545 ], [ -91.537935966906133, 41.802911293773072 ], [ -91.536714805329893, 41.802893776659857 ], [ -91.536715740755767, 41.802794795289515 ], [ -91.536859564031104, 41.802743342275072 ], [ -91.537000516315786, 41.802687618614641 ], [ -91.537138371215988, 41.802627713812889 ], [ -91.537263170192233, 41.802568548073168 ], [ -91.537384946492352, 41.802505955404072 ], [ -91.537510713809269, 41.80243586210787 ], [ -91.537632690732181, 41.802362113961202 ], [ -91.537750687676066, 41.802284825596239 ], [ -91.537765551882842, 41.802274645310298 ], [ -91.537855551471253, 41.802210714032888 ], [ -91.537942841932605, 41.802144713244246 ] ] ] ] } },
{ "type": "Feature", "properties": { "PPN": "1419353003", "TotalValue": 277500.0, "PropClass": "R", "pctLandVal": 0.15, "acreVal": 660714.28571428568, "SiteAddres": "2228 540TH ST SW", "credits": "HMST", "acres": 0.42, "permitNo": "BLD-18-28134", "permitType": "Dwelling", "permitDate": "10/26/2018", "permitYr": 2018, "nonmetro": 1 }, "geometry": { "type": "MultiPolygon", "coordinates": [ [ [ [ -91.711124728065684, 41.540430547617689 ], [ -91.711416009997905, 41.540430317742072 ], [ -91.711402309451913, 41.541065145088204 ], [ -91.711110731722499, 41.541064429275146 ], [ -91.711123091138134, 41.540504701134878 ], [ -91.711124728065684, 41.540430547617689 ] ] ] ] } },
{ "type": "Feature", "properties": { "PPN": "0717178002", "TotalValue": 1114100.0, "PropClass": "R", "pctLandVal": 0.2, "acreVal": 232104.16666666669, "SiteAddres": "2699 ZACKARY LN NE", "credits": "HMST", "acres": 4.8, "permitNo": "BLD-19-28650", "permitType": "Dwelling", "permitDate": "9/25/2019", "permitYr": 2019, "nonmetro": 0 }, "geometry": { "type": "MultiPolygon", "coordinates": [ [ [ [ -91.561592226878773, 41.737169215322943 ], [ -91.566179669706059, 41.737215914114749 ], [ -91.566189064224105, 41.737674293369928 ], [ -91.561602949902181, 41.737627564538847 ], [ -91.561592226878773, 41.737169215322943 ] ] ] ] } },
{ "type": "Feature", "properties": { "PPN": "0717178001", "TotalValue": 735900.0, "PropClass": "R", "pctLandVal": 0.31, "acreVal": 153953.97489539749, "SiteAddres": "2697  ZACKARY LN NE", "credits": "HMST", "acres": 4.78, "permitNo": "BLD-18-28195", "permitType": "Dwelling", "permitDate": "12/14/2018", "permitYr": 2018, "nonmetro": 0 }, "geometry": { "type": "MultiPolygon", "coordinates": [ [ [ [ -91.561602949902181, 41.737627564538847 ], [ -91.566189064224105, 41.737674293369928 ], [ -91.566198690003745, 41.738143922810671 ], [ -91.56545125437377, 41.738135458288788 ], [ -91.56545082923077, 41.738121959655956 ], [ -91.561747384487191, 41.738086577861942 ], [ -91.561733577878897, 41.738066312515407 ], [ -91.561715490277919, 41.738048034481771 ], [ -91.561693618960319, 41.738032246269192 ], [ -91.561668565224565, 41.738019381934301 ], [ -91.561641017860225, 41.738009795148855 ], [ -91.561611734211695, 41.738003749476732 ], [ -91.561602949902181, 41.737627564538847 ] ] ] ] } },
{ "type": "Feature", "properties": { "PPN": "1026355006", "TotalValue": 778000.0, "PropClass": "R", "pctLandVal": 0.21, "acreVal": 720370.37037037022, "SiteAddres": "4212 PLEASANT VALLEY DR SE", "credits": "NONE", "acres": 1.08, "permitNo": "BLD-24-32551", "permitType": "Dwelling", "permitDate": "5/20/2024", "permitYr": 2024, "nonmetro": 1 }, "geometry": { "type": "MultiPolygon", "coordinates": [ [ [ [ -91.520561684341544, 41.613915053855862 ], [ -91.520666347212895, 41.613890435613456 ], [ -91.520773128117298, 41.613871625080293 ], [ -91.520881455657261, 41.613858722913648 ], [ -91.520990750160294, 41.613851798154379 ], [ -91.520962764140947, 41.61498461148372 ], [ -91.520535306619109, 41.614981852855358 ], [ -91.520561684341544, 41.613915053855862 ] ] ] ] } },
{ "type": "Feature", "properties": { "PPN": "0325230002", "TotalValue": 714400.0, "PropClass": "R", "pctLandVal": 0.13, "acreVal": 237342.19269102992, "SiteAddres": "1853 LAKE MANOR RD NE", "credits": "HMST", "acres": 3.01, "permitNo": "BLD-26943", "permitType": "Dwelling", "permitDate": "1/11/2017", "permitYr": 2017, "nonmetro": 1 }, "geometry": { "type": "MultiPolygon", "coordinates": [ [ [ [ -91.614240784263188, 41.801167578317404 ], [ -91.61520124673612, 41.800391360854917 ], [ -91.615360208252767, 41.800501735739395 ], [ -91.615939456926853, 41.800606843155755 ], [ -91.61587939354348, 41.800786147178819 ], [ -91.617132569887502, 41.800814875934016 ], [ -91.617122240415299, 41.801211064075709 ], [ -91.615555263706099, 41.801175146207044 ], [ -91.614240025142152, 41.80117317460482 ], [ -91.614240784263188, 41.801167578317404 ] ] ] ] } },
{ "type": "Feature", "properties": { "PPN": "0307149021", "TotalValue": 281900.0, "PropClass": "R", "pctLandVal": 0.12, "acreVal": 397042.25352112675, "SiteAddres": "320 AMY ST SW", "credits": "HMST", "acres": 0.71, "permitNo": "BLD-18-27652", "permitType": "Dwelling", "permitDate": "3/9/2018", "permitYr": 2018, "nonmetro": 1 }, "geometry": { "type": "MultiPolygon", "coordinates": [ [ [ [ -91.705002985549271, 41.846177130334304 ], [ -91.705006781877941, 41.846518274873766 ], [ -91.704222506684999, 41.846518057647842 ], [ -91.704183548150155, 41.846458138628478 ], [ -91.704138803439619, 41.846400523446263 ], [ -91.704088514755014, 41.846345523951022 ], [ -91.704032954303443, 41.846293437834142 ], [ -91.703972422823838, 41.846244547017271 ], [ -91.70400405393184, 41.846221174945313 ], [ -91.704040601489794, 41.846202231672137 ], [ -91.704080970418815, 41.846188284795488 ], [ -91.704123951142762, 41.846179752205622 ], [ -91.704168255830297, 41.846176889564433 ], [ -91.705002985549271, 41.846177130334304 ] ] ] ] } },
{ "type": "Feature", "properties": { "PPN": "0312303001", "TotalValue": 676400.0, "PropClass": "R", "pctLandVal": 0.19, "acreVal": 96628.571428571435, "SiteAddres": "1262 HICKORY LN NE", "credits": "HMST, MIL", "acres": 7.0, "permitNo": "BLD-26327", "permitType": "Dwelling", "permitDate": "2/26/2016", "permitYr": 2016, "nonmetro": 1 }, "geometry": { "type": "MultiPolygon", "coordinates": [ [ [ [ -91.607291724590169, 41.840905833474949 ], [ -91.607144245234565, 41.84077909731181 ], [ -91.607141191880402, 41.840209161905626 ], [ -91.605269189443547, 41.840202068622766 ], [ -91.605274047050202, 41.840174923664556 ], [ -91.605375493906507, 41.839608088792815 ], [ -91.605569786069552, 41.839178691278384 ], [ -91.60579599781903, 41.839149264082721 ], [ -91.607039219012719, 41.839413179472253 ], [ -91.607138890918094, 41.839191921882836 ], [ -91.607282415236156, 41.839148352963569 ], [ -91.60751270736651, 41.839078444935282 ], [ -91.607950408086253, 41.838991958680211 ], [ -91.60795106566016, 41.839114523258573 ], [ -91.607956958330391, 41.840212233905888 ], [ -91.607287994483343, 41.840209686994115 ], [ -91.607290825155104, 41.840737828519032 ], [ -91.609720717774564, 41.842825852952025 ], [ -91.609693751634424, 41.842825659220871 ], [ -91.609667038745727, 41.842828423060787 ], [ -91.60964115608806, 41.842834084774758 ], [ -91.609616662708888, 41.842842522073703 ], [ -91.609594087648787, 41.842853552717848 ], [ -91.609573918514656, 41.842866938452822 ], [ -91.607291724590169, 41.840905833474949 ] ] ] ] } },
{ "type": "Feature", "properties": { "PPN": "0216454003", "TotalValue": 1154800.0, "PropClass": "R", "pctLandVal": 0.11, "acreVal": 477190.08264462813, "SiteAddres": "3939 MACBRIDE PL NE", "credits": "NONE", "acres": 2.42, "permitNo": "BLD-25379", "permitType": "Dwelling", "permitDate": "9/24/2014", "permitYr": 2014, "nonmetro": 1 }, "geometry": { "type": "MultiPolygon", "coordinates": [ [ [ [ -91.546875825886332, 41.818370678782593 ], [ -91.547191644653523, 41.817660694587424 ], [ -91.547280914899403, 41.817662073361845 ], [ -91.54894812083883, 41.817687802182284 ], [ -91.547340580372634, 41.818650488653013 ], [ -91.547292341953053, 41.818596309572264 ], [ -91.54723698951976, 41.818546080183438 ], [ -91.547175096795698, 41.818500321095506 ], [ -91.547107305287383, 41.818459506583487 ], [ -91.547034317635834, 41.818424059672864 ], [ -91.546956890333988, 41.81839434775565 ], [ -91.546875825886332, 41.818370678782593 ] ] ] ] } },
{ "type": "Feature", "properties": { "PPN": "0307145001", "TotalValue": 277800.0, "PropClass": "R", "pctLandVal": 0.13, "acreVal": 617333.33333333337, "SiteAddres": "120 ALAN AVE SW", "credits": "NONE", "acres": 0.45, "permitNo": "BLD-26546", "permitType": "Dwelling", "permitDate": "5/27/2016", "permitYr": 2016, "nonmetro": 1 }, "geometry": { "type": "MultiPolygon", "coordinates": [ [ [ [ -91.703515395684079, 41.846608138037382 ], [ -91.704034323759359, 41.84660809127373 ], [ -91.704065226503005, 41.846674761189462 ], [ -91.704087507452385, 41.846743326776441 ], [ -91.704100964510687, 41.846813166202743 ], [ -91.704105475604862, 41.846883646081885 ], [ -91.704105502859505, 41.84698583928261 ], [ -91.703608073140259, 41.846985883446273 ], [ -91.703515395684079, 41.846608138037382 ] ] ] ] } },
{ "type": "Feature", "properties": { "PPN": "0216454004", "TotalValue": 852800.0, "PropClass": "R", "pctLandVal": 0.16, "acreVal": 242272.72727272724, "SiteAddres": "3935 MACBRIDE PL NE", "credits": "HMST", "acres": 3.52, "permitNo": "BLD-25659", "permitType": "Dwelling", "permitDate": "3/26/2015", "permitYr": 2015, "nonmetro": 1 }, "geometry": { "type": "MultiPolygon", "coordinates": [ [ [ [ -91.547340580372634, 41.818650488653013 ], [ -91.54894812083883, 41.817687802182284 ], [ -91.550031509986653, 41.817704508862079 ], [ -91.550032301349631, 41.817986531173894 ], [ -91.547650360472389, 41.819040034965816 ], [ -91.547340580372634, 41.818650488653013 ] ] ] ] } },
{ "type": "Feature", "properties": { "PPN": "0216481001", "TotalValue": 978200.0, "PropClass": "R", "pctLandVal": 0.12, "acreVal": 940576.92307692301, "SiteAddres": "3951 MACBRIDE PL NE", "credits": "HMST", "acres": 1.04, "permitNo": "BLD-17229", "permitType": "Dwelling", "permitDate": "5/16/2012", "permitYr": 2012, "nonmetro": 1 }, "geometry": { "type": "MultiPolygon", "coordinates": [ [ [ [ -91.544973412047696, 41.817626423143224 ], [ -91.544954463622915, 41.818312328864153 ], [ -91.54428694357658, 41.81830200775579 ], [ -91.54430590026513, 41.817616101261272 ], [ -91.544973412047696, 41.817626423143224 ] ] ] ] } },
{ "type": "Feature", "properties": { "PPN": "0216454002", "TotalValue": 657100.0, "PropClass": "R", "pctLandVal": 0.18, "acreVal": 521507.93650793651, "SiteAddres": "3943 MACBRIDE PL NE", "credits": "HMST", "acres": 1.26, "permitNo": "BLD-24757", "permitType": "Dwelling", "permitDate": "8/23/2013", "permitYr": 2013, "nonmetro": 1 }, "geometry": { "type": "MultiPolygon", "coordinates": [ [ [ [ -91.54623052531241, 41.81833204859371 ], [ -91.546249461467795, 41.817646143590196 ], [ -91.547191644653523, 41.817660694587424 ], [ -91.546875825886332, 41.818370678782593 ], [ -91.546793357360343, 41.818353532366338 ], [ -91.546709009539882, 41.818342643352295 ], [ -91.546623628651346, 41.818338120985395 ], [ -91.54623052531241, 41.81833204859371 ] ] ] ] } },
{ "type": "Feature", "properties": { "PPN": "0521255003", "TotalValue": 334900.0, "PropClass": "R", "pctLandVal": 0.1, "acreVal": 1456086.956521739, "SiteAddres": "126 E STATE ST", "credits": "HMST", "acres": 0.23, "permitNo": "BLD-19-28549", "permitType": "Dwelling", "permitDate": "7/17/2019", "permitYr": 2019, "nonmetro": 1 }, "geometry": { "type": "MultiPolygon", "coordinates": [ [ [ [ -91.789712596097417, 41.725894035616385 ], [ -91.789477224352694, 41.725896241302728 ], [ -91.789470808417775, 41.725896301663433 ], [ -91.789472712643374, 41.725470884828958 ], [ -91.789714498768063, 41.725468617877496 ], [ -91.789712596097417, 41.725894035616385 ] ] ] ] } },
{ "type": "Feature", "properties": { "PPN": "0216453004", "TotalValue": 580700.0, "PropClass": "R", "pctLandVal": 0.21, "acreVal": 384569.53642384108, "SiteAddres": "1587 HAWK CT NE", "credits": "NONE", "acres": 1.51, "permitNo": "BLD-17498", "permitType": "Dwelling", "permitDate": "10/8/2012", "permitYr": 2012, "nonmetro": 1 }, "geometry": { "type": "MultiPolygon", "coordinates": [ [ [ [ -91.544509572018313, 41.819060996422493 ], [ -91.545719570316621, 41.818747142896953 ], [ -91.546013796495728, 41.819123671375742 ], [ -91.54608162853809, 41.819210476813886 ], [ -91.544877761696966, 41.819493539188855 ], [ -91.544866604557072, 41.819472973351765 ], [ -91.544851160775195, 41.819454022165019 ], [ -91.54483183444485, 41.819437181490621 ], [ -91.544809131246168, 41.819422891968287 ], [ -91.544783645214466, 41.819411527485983 ], [ -91.54475604319731, 41.819403385397337 ], [ -91.544741719438662, 41.819399122000618 ], [ -91.544728551801427, 41.819393125221154 ], [ -91.544716911854238, 41.81938556427815 ], [ -91.544707128056501, 41.819376652528867 ], [ -91.544699476489839, 41.819366641447992 ], [ -91.544509572018313, 41.819060996422493 ] ] ] ] } },
{ "type": "Feature", "properties": { "PPN": "0721228007", "TotalValue": 921900.0, "PropClass": "R", "pctLandVal": 0.18, "acreVal": 569074.07407407404, "SiteAddres": "3828 STONEY POINTE LN NE", "credits": "HMST", "acres": 1.62, "permitNo": "BLD-19-28521", "permitType": "Dwelling", "permitDate": "9/24/2019", "permitYr": 2019, "nonmetro": 1 }, "geometry": { "type": "MultiPolygon", "coordinates": [ [ [ [ -91.557261026245385, 41.726735011544932 ], [ -91.55714595326377, 41.726806843540508 ], [ -91.556490956111389, 41.726680621693994 ], [ -91.556477473708583, 41.726174949184553 ], [ -91.556857978703434, 41.726149912663949 ], [ -91.557615946695492, 41.726293615632933 ], [ -91.558256060598254, 41.72593539208529 ], [ -91.558258497931234, 41.72593783380561 ], [ -91.558260940177959, 41.725940272005779 ], [ -91.558263383653212, 41.725942709325842 ], [ -91.558265833243752, 41.725945143145772 ], [ -91.558268285264461, 41.725947576105767 ], [ -91.558270742171985, 41.725950006445643 ], [ -91.558273202764923, 41.72595243414537 ], [ -91.558275667016375, 41.725954860105084 ], [ -91.558278133751571, 41.725957283404497 ], [ -91.558280605346823, 41.725959704984042 ], [ -91.558283081802216, 41.725962124843569 ], [ -91.558285560741353, 41.725964542042902 ], [ -91.55828804336582, 41.725966956602036 ], [ -91.558290530850357, 41.725969369441252 ], [ -91.558293020791879, 41.725971780520304 ], [ -91.558295515620287, 41.725974188979308 ], [ -91.558298014134039, 41.725976594798155 ], [ -91.558300516306318, 41.725978998877004 ], [ -91.55830302216394, 41.725981400315604 ], [ -91.55830553168002, 41.725983800014227 ], [ -91.558308044881514, 41.725986197072672 ], [ -91.558310562943078, 41.725988592411142 ], [ -91.558313083515202, 41.725990984189231 ], [ -91.558315607719038, 41.725993375127437 ], [ -91.558318136809817, 41.725995763445567 ], [ -91.55832066835751, 41.725998150003569 ], [ -91.558323204792117, 41.72600053394148 ], [ -91.558325744885224, 41.726002916139358 ], [ -91.558328288690504, 41.726005294796977 ], [ -91.558330836154326, 41.726007671714491 ], [ -91.55833338607512, 41.726010046871899 ], [ -91.558335940882813, 41.726012419409251 ], [ -91.558338499348963, 41.726014790206548 ], [ -91.558341061527358, 41.726017157463517 ], [ -91.558343627337379, 41.726019523880623 ], [ -91.558346198034357, 41.726021887677661 ], [ -91.558348772416679, 41.726024248834491 ], [ -91.55835134808116, 41.72602660731097 ], [ -91.558353928578953, 41.726028964967639 ], [ -91.558356513990489, 41.726031319104138 ], [ -91.558359101885799, 41.726033670580286 ], [ -91.558361693412749, 41.726036021216586 ], [ -91.558364289853472, 41.726038368332652 ], [ -91.558366888751181, 41.726040713688604 ], [ -91.558369492535775, 41.726043056424487 ], [ -91.557261026245385, 41.726735011544932 ] ] ] ] } },
{ "type": "Feature", "properties": { "PPN": "0216453002", "TotalValue": 574100.0, "PropClass": "R", "pctLandVal": 0.21, "acreVal": 377697.36842105264, "SiteAddres": "3938 MACBRIDE PL NE", "credits": "HMST", "acres": 1.52, "permitNo": "BLD-16787", "permitType": "Dwelling", "permitDate": "7/29/2011", "permitYr": 2011, "nonmetro": 1 }, "geometry": { "type": "MultiPolygon", "coordinates": [ [ [ [ -91.54608162853809, 41.819210476813886 ], [ -91.546013796495728, 41.819123671375742 ], [ -91.54705723177554, 41.818667413796049 ], [ -91.547097476587894, 41.818703798777207 ], [ -91.547132499248292, 41.818743090170607 ], [ -91.54744194215516, 41.819132212616644 ], [ -91.546634974522561, 41.819489103575989 ], [ -91.546502286532771, 41.819531845219466 ], [ -91.546376949760841, 41.819588403195915 ], [ -91.54608162853809, 41.819210476813886 ] ] ] ] } },
{ "type": "Feature", "properties": { "PPN": "0216453003", "TotalValue": 603200.0, "PropClass": "R", "pctLandVal": 0.19, "acreVal": 506890.75630252104, "SiteAddres": "3942 MACBRIDE PL NE", "credits": "HMST", "acres": 1.19, "permitNo": "BLD-17444", "permitType": "Dwelling", "permitDate": "9/7/2012", "permitYr": 2012, "nonmetro": 1 }, "geometry": { "type": "MultiPolygon", "coordinates": [ [ [ [ -91.545719570316621, 41.818747142896953 ], [ -91.545528282803232, 41.818502343088312 ], [ -91.546618616938829, 41.818519188195957 ], [ -91.546689021460253, 41.818523320770076 ], [ -91.546758322462907, 41.818533486779828 ], [ -91.54682559908882, 41.818549551141388 ], [ -91.5468899573779, 41.818571300394602 ], [ -91.546950542146064, 41.818598445539408 ], [ -91.547006548348264, 41.818630625875713 ], [ -91.54705723177554, 41.818667413796049 ], [ -91.546013796495728, 41.819123671375742 ], [ -91.545719570316621, 41.818747142896953 ] ] ] ] } },
{ "type": "Feature", "properties": { "PPN": "0223352001", "TotalValue": 791900.0, "PropClass": "R", "pctLandVal": 0.17, "acreVal": 142172.35188509873, "SiteAddres": "4212 180TH ST NE", "credits": "HMST", "acres": 5.57, "permitNo": "BLD-25644", "permitType": "Dwelling", "permitDate": "3/12/2015", "permitYr": 2015, "nonmetro": 1 }, "geometry": { "type": "MultiPolygon", "coordinates": [ [ [ [ -91.518902889267096, 41.804924017228096 ], [ -91.518896573926028, 41.804416439896883 ], [ -91.520146900163141, 41.804407122814595 ], [ -91.520163050749289, 41.805681345273044 ], [ -91.519979263965553, 41.805603151565577 ], [ -91.520003062249558, 41.806234070697286 ], [ -91.518925343649471, 41.806728539035781 ], [ -91.518902889267096, 41.804924017228096 ] ] ] ] } },
{ "type": "Feature", "properties": { "PPN": "1702102001", "TotalValue": 6300.0, "PropClass": "A", "pctLandVal": 1.0, "acreVal": 2751.0917030567684, "SiteAddres": "5559 580TH ST SE", "credits": "AG", "acres": 2.29, "permitNo": "BLD-25-33313", "permitType": "Dwelling", "permitDate": "5/12/2025", "permitYr": 2025, "nonmetro": 1 }, "geometry": { "type": "MultiPolygon", "coordinates": [ [ [ [ -91.389044693927829, 41.510427053852844 ], [ -91.388898652234957, 41.510425689750235 ], [ -91.388950642494308, 41.508815907685424 ], [ -91.389745363272041, 41.50883040599556 ], [ -91.389708160921941, 41.50998282937654 ], [ -91.389259965298223, 41.509974653494602 ], [ -91.389054553393521, 41.510121737677537 ], [ -91.389044693927829, 41.510427053852844 ] ] ] ] } },
{ "type": "Feature", "properties": { "PPN": "0216479004", "TotalValue": 910600.0, "PropClass": "R", "pctLandVal": 0.13, "acreVal": 669558.82352941169, "SiteAddres": "3960 MACBRIDE PL NE", "credits": "HMST, MIL", "acres": 1.36, "permitNo": "BLD-26568", "permitType": "Dwelling", "permitDate": "6/24/2016", "permitYr": 2016, "nonmetro": 1 }, "geometry": { "type": "MultiPolygon", "coordinates": [ [ [ [ -91.542866958588988, 41.818526441728018 ], [ -91.542944833331916, 41.818504381447156 ], [ -91.543024931480218, 41.818487348875195 ], [ -91.543106674129419, 41.818475467113807 ], [ -91.543189470490773, 41.818468822037445 ], [ -91.543272722160708, 41.81846746167286 ], [ -91.544129092724049, 41.81848071005318 ], [ -91.544148163215837, 41.81848225675833 ], [ -91.544166585019482, 41.818486256976293 ], [ -91.544183798491574, 41.81849258918286 ], [ -91.544199280696645, 41.818501061009385 ], [ -91.544212561293605, 41.818511415086675 ], [ -91.544223236824422, 41.818523336863819 ], [ -91.544230982970902, 41.818536464163849 ], [ -91.544235564407458, 41.818550398186424 ], [ -91.544236841950394, 41.818564715623246 ], [ -91.544230527985704, 41.818793204055162 ], [ -91.544231011545421, 41.818829298401305 ], [ -91.543222438853689, 41.819079403007663 ], [ -91.542866958588988, 41.818526441728018 ] ] ] ] } },
{ "type": "Feature", "properties": { "PPN": "0216453001", "TotalValue": 632400.0, "PropClass": "R", "pctLandVal": 0.2, "acreVal": 322653.06122448982, "SiteAddres": "1583 HAWK CT NE", "credits": "HMST", "acres": 1.96, "permitNo": "BLD-16991", "permitType": "Dwelling", "permitDate": "11/23/2011", "permitYr": 2011, "nonmetro": 1 }, "geometry": { "type": "MultiPolygon", "coordinates": [ [ [ [ -91.544796255286542, 41.819652747619585 ], [ -91.544821269939035, 41.819639430031273 ], [ -91.544842964668021, 41.819623177961446 ], [ -91.544860731662453, 41.819604446738666 ], [ -91.544874073154531, 41.819583761148714 ], [ -91.544882615365267, 41.819561700731583 ], [ -91.544886118976095, 41.819538883544709 ], [ -91.544884485833222, 41.819515948846991 ], [ -91.544877761696966, 41.819493539188855 ], [ -91.54608162853809, 41.819210476813886 ], [ -91.546376949760841, 41.819588403195915 ], [ -91.544921020621004, 41.820245354910277 ], [ -91.544796255286542, 41.819652747619585 ] ] ] ] } },
{ "type": "Feature", "properties": { "PPN": "0216479001", "TotalValue": 704000.0, "PropClass": "R", "pctLandVal": 0.18, "acreVal": 357360.40609137062, "SiteAddres": "1580 HAWK CT NE", "credits": "HMST", "acres": 1.97, "permitNo": "BLD-17751", "permitType": "Dwelling", "permitDate": "4/5/2013", "permitYr": 2013, "nonmetro": 1 }, "geometry": { "type": "MultiPolygon", "coordinates": [ [ [ [ -91.543662161120537, 41.820547152890001 ], [ -91.543603299199916, 41.820350684044769 ], [ -91.543548497828198, 41.820167764811096 ], [ -91.544554836180907, 41.819615819764721 ], [ -91.544574483927462, 41.819632765511962 ], [ -91.544597560070272, 41.819647090221999 ], [ -91.544623447915271, 41.819658411075551 ], [ -91.544651455626095, 41.819666425529419 ], [ -91.54468083471329, 41.819670919401894 ], [ -91.544710800037478, 41.819671772596848 ], [ -91.544740550792099, 41.819668962313045 ], [ -91.544769291904984, 41.8196625636538 ], [ -91.544796255286542, 41.819652747619585 ], [ -91.544921020621004, 41.820245354910277 ], [ -91.544727702930146, 41.820332582805285 ], [ -91.544530648087417, 41.820416435253932 ], [ -91.544329958444663, 41.820495317069138 ], [ -91.544125858002218, 41.820569140202117 ], [ -91.543918574569901, 41.820637822250383 ], [ -91.543708339512818, 41.820701286549792 ], [ -91.543662161120537, 41.820547152890001 ] ] ] ] } },
{ "type": "Feature", "properties": { "PPN": "1311404007", "TotalValue": 883700.0, "PropClass": "R", "pctLandVal": 0.07, "acreVal": 782035.39823008853, "SiteAddres": "4928 WALNUT RD SW", "credits": "NONE", "acres": 1.13, "permitNo": "BLD-23-31933", "permitType": "Dwelling", "permitDate": "7/17/2023", "permitYr": 2023, "nonmetro": 1 }, "geometry": { "type": "MultiPolygon", "coordinates": [ [ [ [ -91.733150651474659, 41.574360774106935 ], [ -91.733194518650805, 41.574079499337422 ], [ -91.733966030566648, 41.574130193013978 ], [ -91.73395228408603, 41.574724354244751 ], [ -91.733143380760865, 41.574714899916998 ], [ -91.733150651474659, 41.574360774106935 ] ] ] ] } },
{ "type": "Feature", "properties": { "PPN": "0216479003", "TotalValue": 563700.0, "PropClass": "R", "pctLandVal": 0.21, "acreVal": 498849.55752212391, "SiteAddres": "1588 HAWK CT NE", "credits": "HMST", "acres": 1.13, "permitNo": "BLD-17836", "permitType": "Dwelling", "permitDate": "6/3/2013", "permitYr": 2013, "nonmetro": 1 }, "geometry": { "type": "MultiPolygon", "coordinates": [ [ [ [ -91.543332311770101, 41.819446154253875 ], [ -91.543222438853689, 41.819079403007663 ], [ -91.544231011545421, 41.818829298401305 ], [ -91.544238024224441, 41.8188878693554 ], [ -91.544252728018478, 41.818945636947177 ], [ -91.544274979459487, 41.81900203744658 ], [ -91.544304561423502, 41.81905652046305 ], [ -91.544405866595085, 41.819219570964947 ], [ -91.543372101395676, 41.819578971601324 ], [ -91.543332311770101, 41.819446154253875 ] ] ] ] } },
{ "type": "Feature", "properties": { "PPN": "0323130004", "TotalValue": 362400.0, "PropClass": "R", "pctLandVal": 0.19, "acreVal": 696923.07692307688, "SiteAddres": "1611 OAK VIEW DR NE", "credits": "HMST", "acres": 0.52, "permitNo": "BLD-25960", "permitType": "Dwelling", "permitDate": "7/21/2015", "permitYr": 2015, "nonmetro": 1 }, "geometry": { "type": "MultiPolygon", "coordinates": [ [ [ [ -91.625874133678877, 41.817543433419495 ], [ -91.625323871450036, 41.817542396493756 ], [ -91.625318560746337, 41.817130784441844 ], [ -91.625868819494301, 41.817131821392891 ], [ -91.625874133678877, 41.817543433419495 ] ] ] ] } },
{ "type": "Feature", "properties": { "PPN": "0216479002", "TotalValue": 860000.0, "PropClass": "R", "pctLandVal": 0.14, "acreVal": 646616.54135338345, "SiteAddres": "1584 HAWK CT NE", "credits": "NONE", "acres": 1.33, "permitNo": "BLD-26798", "permitType": "Dwelling", "permitDate": "9/27/2016", "permitYr": 2016, "nonmetro": 1 }, "geometry": { "type": "MultiPolygon", "coordinates": [ [ [ [ -91.543468482906249, 41.81990068207287 ], [ -91.543372101395676, 41.819578971601324 ], [ -91.544405866595085, 41.819219570964947 ], [ -91.544533195879779, 41.819424503589374 ], [ -91.54453849513078, 41.819435329039308 ], [ -91.54454129632839, 41.819446665410972 ], [ -91.544541520372704, 41.819458192594517 ], [ -91.54453916093594, 41.819469585091824 ], [ -91.544534284641244, 41.819480521207886 ], [ -91.544524327491985, 41.819503038801415 ], [ -91.544519701828563, 41.819526502536732 ], [ -91.544520545809974, 41.819550211629739 ], [ -91.544526834235199, 41.819573457967699 ], [ -91.544538379295048, 41.819595547258011 ], [ -91.544554836180907, 41.819615819764721 ], [ -91.543548497828198, 41.820167764811096 ], [ -91.543468482906249, 41.81990068207287 ] ] ] ] } },
{ "type": "Feature", "properties": { "PPN": "0216480001", "TotalValue": 718200.0, "PropClass": "R", "pctLandVal": 0.16, "acreVal": 613846.15384615399, "SiteAddres": "1591 HAWK CT NE", "credits": "HMST", "acres": 1.17, "permitNo": "BLD-26197", "permitType": "Dwelling", "permitDate": "2/25/2016", "permitYr": 2016, "nonmetro": 1 }, "geometry": { "type": "MultiPolygon", "coordinates": [ [ [ [ -91.544420212894607, 41.818567539039513 ], [ -91.544421924776785, 41.81855468378059 ], [ -91.544426304365388, 41.818542187205516 ], [ -91.544433243781867, 41.818530357127088 ], [ -91.544442572094908, 41.818519484940921 ], [ -91.544454059530736, 41.818509838447909 ], [ -91.544467423133028, 41.818501655257911 ], [ -91.544482333732617, 41.818495136936988 ], [ -91.544498424055476, 41.818490444042588 ], [ -91.54451529776928, 41.818487692168688 ], [ -91.544532539245623, 41.818486949098663 ], [ -91.545528282803232, 41.818502343088312 ], [ -91.545719570316621, 41.818747142896953 ], [ -91.544509572018313, 41.819060996422493 ], [ -91.54447084132353, 41.818998657740757 ], [ -91.544445087293482, 41.818950156646459 ], [ -91.544426871663688, 41.818899779748143 ], [ -91.544416430631287, 41.818848180318255 ], [ -91.544413899573556, 41.818796027481163 ], [ -91.544420212894607, 41.818567539039513 ] ] ] ] } },
{ "type": "Feature", "properties": { "PPN": "0307191006", "TotalValue": 278200.0, "PropClass": "R", "pctLandVal": 0.12, "acreVal": 843030.30303030298, "SiteAddres": "201 MAPLE ST SW", "credits": "NONE", "acres": 0.33, "permitNo": "BLD-17601", "permitType": "Dwelling", "permitDate": "11/19/2012", "permitYr": 2012, "nonmetro": 1 }, "geometry": { "type": "MultiPolygon", "coordinates": [ [ [ [ -91.697154212177352, 41.841285523666535 ], [ -91.697502664848315, 41.840912943201424 ], [ -91.697719666898294, 41.840968904321755 ], [ -91.69779130586349, 41.840987379971104 ], [ -91.697394801924361, 41.841411336547552 ], [ -91.697154212177352, 41.841285523666535 ] ] ] ] } },
{ "type": "Feature", "properties": { "PPN": "0828276001", "TotalValue": 875600.0, "PropClass": "R", "pctLandVal": 0.21, "acreVal": 46748.531767218366, "SiteAddres": "3015 WAPSI AVE NE", "credits": "NONE", "acres": 18.73, "permitNo": "BLD-20-29643", "permitType": "Dwelling", "permitDate": "12/9/2020", "permitYr": 2020, "nonmetro": 1 }, "geometry": { "type": "MultiPolygon", "coordinates": [ [ [ [ -91.434433467469461, 41.707492554286716 ], [ -91.435128975743154, 41.707485730680105 ], [ -91.436673499767636, 41.707470561952128 ], [ -91.436674601016918, 41.70747055091006 ], [ -91.43674347722191, 41.711106235630261 ], [ -91.434469669737112, 41.711118749444346 ], [ -91.434433467469461, 41.707492554286716 ] ] ] ] } },
{ "type": "Feature", "properties": { "PPN": "0735354002", "TotalValue": 709100.0, "PropClass": "R", "pctLandVal": 0.12, "acreVal": 656574.07407407404, "SiteAddres": "1155 KYLE DR NE", "credits": "HMST", "acres": 1.08, "permitNo": "BLD-17379", "permitType": "Dwelling", "permitDate": "8/15/2012", "permitYr": 2012, "nonmetro": 0 }, "geometry": { "type": "MultiPolygon", "coordinates": [ [ [ [ -91.517102659143816, 41.6888901463076 ], [ -91.517093893183556, 41.688882322451441 ], [ -91.517085019386414, 41.688874567899248 ], [ -91.517076037725019, 41.688866883551107 ], [ -91.517066949427701, 41.688859268527402 ], [ -91.517057755613095, 41.688851725548979 ], [ -91.517048458683007, 41.688844254656921 ], [ -91.51703905740915, 41.688836856730795 ], [ -91.517029554138517, 41.688829533611923 ], [ -91.517019950126738, 41.688822283520452 ], [ -91.51701024526426, 41.688815110056957 ], [ -91.5170004407519, 41.688808013241918 ], [ -91.516990537818032, 41.688800992195766 ], [ -91.516980538782121, 41.688794049659812 ], [ -91.516970443644212, 41.688787185634162 ], [ -91.516960252404289, 41.688780400118702 ], [ -91.51694996981098, 41.688773694995824 ], [ -91.516939592234365, 41.688767071104017 ], [ -91.516929123277052, 41.688760528504837 ], [ -91.516918565313233, 41.688754068139517 ], [ -91.516907915941275, 41.688747689966881 ], [ -91.516897181110721, 41.688741395889906 ], [ -91.516886357218908, 41.688735185846902 ], [ -91.516875449041905, 41.688729060820137 ], [ -91.516864455351453, 41.688723021689221 ], [ -91.516853377375725, 41.688717067574423 ], [ -91.51684221863519, 41.688711201237766 ], [ -91.51683097912985, 41.688705422679263 ], [ -91.516819658859603, 41.688699731898815 ], [ -91.516808260198843, 41.688694129837629 ], [ -91.516796784320888, 41.688688617416332 ], [ -91.516785232426727, 41.688683194655482 ], [ -91.51677360689051, 41.688677862496156 ], [ -91.516761905283261, 41.688672621797473 ], [ -91.516750132435646, 41.688667471741311 ], [ -91.516738290667249, 41.688662415069253 ], [ -91.516726377603703, 41.688657450839948 ], [ -91.516714395619275, 41.688652579994638 ], [ -91.51670234828913, 41.688647803494973 ], [ -91.516690233238947, 41.688643120399796 ], [ -91.516678055217284, 41.688638532591405 ], [ -91.516665812995939, 41.688634040949466 ], [ -91.516653510204677, 41.688629644635334 ], [ -91.516641145615367, 41.688625344528653 ], [ -91.516628722803134, 41.688621141591078 ], [ -91.516616241767835, 41.688617035822631 ], [ -91.516972404663889, 41.688000004341831 ], [ -91.517687938378202, 41.688525575872688 ], [ -91.517102659143816, 41.6888901463076 ] ] ] ] } },
{ "type": "Feature", "properties": { "PPN": "0629330003", "TotalValue": 382300.0, "PropClass": "R", "pctLandVal": 0.18, "acreVal": 382300.0, "SiteAddres": "3151 HALF MOON AVE NW", "credits": "HMST", "acres": 1.0, "permitNo": "BLD-25668", "permitType": "Dwelling", "permitDate": "3/31/2015", "permitYr": 2015, "nonmetro": 1 }, "geometry": { "type": "MultiPolygon", "coordinates": [ [ [ [ -91.690953256394479, 41.706144600581069 ], [ -91.690953762798586, 41.705595737520312 ], [ -91.691751356513024, 41.705599610222521 ], [ -91.69175085679997, 41.706148474186222 ], [ -91.690953256394479, 41.706144600581069 ] ] ] ] } },
{ "type": "Feature", "properties": { "PPN": "0123428001", "TotalValue": 479500.0, "PropClass": "R", "pctLandVal": 0.19, "acreVal": 62844.036697247706, "SiteAddres": "5505 180TH ST NE", "credits": "HMST", "acres": 7.63, "permitNo": "BLD-22-30656", "permitType": "Dwelling", "permitDate": "4/29/2022", "permitYr": 2022, "nonmetro": 1 }, "geometry": { "type": "MultiPolygon", "coordinates": [ [ [ [ -91.394196050723878, 41.807844157117472 ], [ -91.394150057229353, 41.805678688534208 ], [ -91.394139698509221, 41.805190983151334 ], [ -91.395339069855766, 41.805176717082993 ], [ -91.395403808019552, 41.808091058557274 ], [ -91.394196050723878, 41.807844157117472 ] ] ] ] } },
{ "type": "Feature", "properties": { "PPN": "0208452001", "TotalValue": 513600.0, "PropClass": "R", "pctLandVal": 0.17, "acreVal": 194545.45454545453, "SiteAddres": "3748 140TH ST NE", "credits": "HMST", "acres": 2.64, "permitNo": "BLD-16926", "permitType": "Dwelling", "permitDate": "10/7/2011", "permitYr": 2011, "nonmetro": 1 }, "geometry": { "type": "MultiPolygon", "coordinates": [ [ [ [ -91.564605913521532, 41.832710450800995 ], [ -91.565644016596679, 41.832735680003218 ], [ -91.566556828820325, 41.833538959731221 ], [ -91.564607690492792, 41.833480992317433 ], [ -91.564605913521532, 41.832710450800995 ] ] ] ] } },
{ "type": "Feature", "properties": { "PPN": "0833177001", "TotalValue": 341800.0, "PropClass": "R", "pctLandVal": 0.26, "acreVal": 145446.80851063828, "SiteAddres": "3281 WAPSI AVE NE", "credits": "HMST", "acres": 2.35, "permitNo": "BLD-25625", "permitType": "Dwelling", "permitDate": "2/23/2015", "permitYr": 2015, "nonmetro": 1 }, "geometry": { "type": "MultiPolygon", "coordinates": [ [ [ [ -91.42461699100933, 41.695176926165608 ], [ -91.424616200929236, 41.694499746416668 ], [ -91.424762662222051, 41.694499652408325 ], [ -91.424763319642665, 41.695070197699572 ], [ -91.426181351719549, 41.695100004063349 ], [ -91.426621625871505, 41.695078843236828 ], [ -91.426622557784341, 41.695867096156555 ], [ -91.42573400188239, 41.695867682398557 ], [ -91.425733686379047, 41.695597229463189 ], [ -91.425626325091301, 41.695516903697332 ], [ -91.425471330889195, 41.695517004788826 ], [ -91.425193750467699, 41.695189051918071 ], [ -91.42461699100933, 41.695176926165608 ] ] ] ] } },
{ "type": "Feature", "properties": { "PPN": "1030327001", "TotalValue": 402600.0, "PropClass": "R", "pctLandVal": 0.21, "acreVal": 201300.0, "SiteAddres": "4337 MAIER AVE SW", "credits": "HMST", "acres": 2.0, "permitNo": "BLD-16341", "permitType": "Dwelling", "permitDate": "6/30/2010", "permitYr": 2010, "nonmetro": 1 }, "geometry": { "type": "MultiPolygon", "coordinates": [ [ [ [ -91.594484161207816, 41.617820621013053 ], [ -91.594492949863849, 41.617258314879663 ], [ -91.596050859757128, 41.617267247983804 ], [ -91.596036085956243, 41.61782951963098 ], [ -91.594484161207816, 41.617820621013053 ] ] ] ] } },
{ "type": "Feature", "properties": { "PPN": "0201227002", "TotalValue": 680400.0, "PropClass": "R", "pctLandVal": 0.14, "acreVal": 154636.36363636362, "SiteAddres": "1063 HIGHWAY 1 NE", "credits": "HMST", "acres": 4.4, "permitNo": "BLD-17507", "permitType": "Dwelling", "permitDate": "10/1/2012", "permitYr": 2012, "nonmetro": 1 }, "geometry": { "type": "MultiPolygon", "coordinates": [ [ [ [ -91.497391389793862, 41.856758307498104 ], [ -91.498328596346212, 41.856021846542724 ], [ -91.498330983767602, 41.856019970341336 ], [ -91.499256101949214, 41.856655173514582 ], [ -91.499459029386983, 41.856859472788386 ], [ -91.499451011924123, 41.857553335594432 ], [ -91.499448917081409, 41.857553336491904 ], [ -91.498168965795386, 41.857553680540761 ], [ -91.497975241834325, 41.857004353816563 ], [ -91.497391389793862, 41.856758307498104 ] ] ] ] } },
{ "type": "Feature", "properties": { "PPN": "0316252004", "TotalValue": 599800.0, "PropClass": "R", "pctLandVal": 0.11, "acreVal": 299900.0, "SiteAddres": "1457 HIGHWAY 965 NW", "credits": "HMST", "acres": 2.0, "permitNo": "BLD-22-30630", "permitType": "Dwelling", "permitDate": "1/27/2022", "permitYr": 2022, "nonmetro": 1 }, "geometry": { "type": "MultiPolygon", "coordinates": [ [ [ [ -91.675680006914675, 41.826511746804357 ], [ -91.673851496171878, 41.826515979972676 ], [ -91.673677126707148, 41.826058216764373 ], [ -91.675687486280822, 41.826053883367031 ], [ -91.675680006914675, 41.826511746804357 ] ] ] ] } },
{ "type": "Feature", "properties": { "PPN": "0531327001", "TotalValue": 368500.0, "PropClass": "R", "pctLandVal": 0.19, "acreVal": 364851.48514851485, "SiteAddres": "1003 330TH ST NW", "credits": "HMST", "acres": 1.01, "permitNo": "BLD-16776", "permitType": "Dwelling", "permitDate": "7/8/2011", "permitYr": 2011, "nonmetro": 1 }, "geometry": { "type": "MultiPolygon", "coordinates": [ [ [ [ -91.833872674890344, 41.693245473899026 ], [ -91.833851475694615, 41.693862743438444 ], [ -91.833137767861984, 41.693877701999526 ], [ -91.833158974974964, 41.69326043441113 ], [ -91.833872674890344, 41.693245473899026 ] ] ] ] } },
{ "type": "Feature", "properties": { "PPN": "0211377001", "TotalValue": 568200.0, "PropClass": "R", "pctLandVal": 0.16, "acreVal": 217701.14942528735, "SiteAddres": "4298 140TH ST NE", "credits": "HMST", "acres": 2.61, "permitNo": "BLD-16440", "permitType": "Dwelling", "permitDate": "9/22/2010", "permitYr": 2010, "nonmetro": 1 }, "geometry": { "type": "MultiPolygon", "coordinates": [ [ [ [ -91.510975532382773, 41.831830674892359 ], [ -91.511830204415745, 41.831843537463342 ], [ -91.511851771612285, 41.83318499658823 ], [ -91.510997004104553, 41.833167277031592 ], [ -91.510975532382773, 41.831830674892359 ] ] ] ] } },
{ "type": "Feature", "properties": { "PPN": "1812289001", "TotalValue": 418600.0, "PropClass": "R", "pctLandVal": 0.11, "acreVal": 634242.4242424242, "SiteAddres": "6055 OTTER CREEK RD SE", "credits": "NONE", "acres": 0.66, "permitNo": "BLD-20-29543", "permitType": "Dwelling", "permitDate": "11/12/2020", "permitYr": 2020, "nonmetro": 1 }, "geometry": { "type": "MultiPolygon", "coordinates": [ [ [ [ -91.497311395100326, 41.492351666870661 ], [ -91.49732560948398, 41.491995152569942 ], [ -91.497763736228947, 41.492004972979139 ], [ -91.497749334380771, 41.492361428205427 ], [ -91.497311395100326, 41.492351666870661 ] ] ], [ [ [ -91.496860216193028, 41.492672698655561 ], [ -91.496866600701225, 41.49251293217327 ], [ -91.497304836270288, 41.492516261486479 ], [ -91.497742813794261, 41.49252602258796 ], [ -91.497737292295852, 41.492664169272793 ], [ -91.496860216193028, 41.492672698655561 ] ] ] ] } },
{ "type": "Feature", "properties": { "PPN": "0522151001", "TotalValue": 656800.0, "PropClass": "R", "pctLandVal": 0.19, "acreVal": 49719.909159727475, "SiteAddres": "1716 LOWER OLD HIGHWAY 6 RD NW", "credits": "HMST", "acres": 13.21, "permitNo": "BLD-16477", "permitType": "Dwelling", "permitDate": "10/13/2010", "permitYr": 2010, "nonmetro": 1 }, "geometry": { "type": "MultiPolygon", "coordinates": [ [ [ [ -91.75961545236602, 41.725270565109618 ], [ -91.759830547241677, 41.725302761567612 ], [ -91.760063618978776, 41.72535469489479 ], [ -91.760294429013555, 41.725412020501103 ], [ -91.76052275404227, 41.725474684622945 ], [ -91.76074837342594, 41.725542623632315 ], [ -91.760971071280906, 41.725615775775196 ], [ -91.763018204062476, 41.726385189608422 ], [ -91.762820218897971, 41.727497242339687 ], [ -91.75960123195604, 41.727496973802154 ], [ -91.75961545236602, 41.725270565109618 ] ] ] ] } },
{ "type": "Feature", "properties": { "PPN": "0314428001", "TotalValue": 70400.0, "PropClass": "R", "pctLandVal": 1.0, "acreVal": 67692.307692307688, "SiteAddres": "3139 RYANS RD NE", "credits": "NONE", "acres": 1.04, "permitNo": "BLD-24-33063", "permitType": "Dwelling", "permitDate": "12/10/2024", "permitYr": 2024, "nonmetro": 1 }, "geometry": { "type": "MultiPolygon", "coordinates": [ [ [ [ -91.624718079417647, 41.823942347677516 ], [ -91.62509556024925, 41.823942606079562 ], [ -91.625092523715395, 41.824757631843475 ], [ -91.624668073121342, 41.824755690204782 ], [ -91.624598275491536, 41.824753822292479 ], [ -91.624529012060222, 41.824747110392757 ], [ -91.624460882404804, 41.824735612607022 ], [ -91.624394476287392, 41.824719428465578 ], [ -91.624330368549195, 41.82469869806588 ], [ -91.624320754524817, 41.824695287535931 ], [ -91.624504857339488, 41.824403635922039 ], [ -91.624569984303164, 41.824291541606335 ], [ -91.624627327709263, 41.824177093128291 ], [ -91.624676736212436, 41.824060592632073 ], [ -91.624718079417647, 41.823942347677516 ] ] ] ] } },
{ "type": "Feature", "properties": { "PPN": "0221326013", "TotalValue": 1114400.0, "PropClass": "R", "pctLandVal": 0.19, "acreVal": 2143076.923076923, "SiteAddres": "3867 LAKE VISTA DR NE", "credits": "NONE", "acres": 0.52, "permitNo": "BLD-20-28940", "permitType": "Dwelling", "permitDate": "3/3/2020", "permitYr": 2020, "nonmetro": 1 }, "geometry": { "type": "MultiPolygon", "coordinates": [ [ [ [ -91.558294739358828, 41.80859740570012 ], [ -91.558720151475725, 41.808391205108613 ], [ -91.558814651896128, 41.808894021429133 ], [ -91.558762407568523, 41.809016731454669 ], [ -91.558750403798257, 41.809016588628701 ], [ -91.5587384007639, 41.809016743898042 ], [ -91.558726411672382, 41.809017198383771 ], [ -91.55871444858137, 41.80901795138675 ], [ -91.558702525927828, 41.809019003148016 ], [ -91.558690658229196, 41.80902035120846 ], [ -91.558678856340066, 41.809021994848784 ], [ -91.558667133601659, 41.80902393068957 ], [ -91.558655502071701, 41.809026158031649 ], [ -91.558643979876962, 41.809028674476174 ], [ -91.55863257434325, 41.809031476543211 ], [ -91.558621298785027, 41.809034561753599 ], [ -91.558479938475941, 41.809074534170946 ], [ -91.558294739358828, 41.80859740570012 ] ] ] ] } },
{ "type": "Feature", "properties": { "PPN": "0310102003", "TotalValue": 1151600.0, "PropClass": "R", "pctLandVal": 0.16, "acreVal": 85812.220566318923, "SiteAddres": "2961 120TH ST NE", "credits": "HMST", "acres": 13.42, "permitNo": "BLD-24-32389", "permitType": "Dwelling", "permitDate": "3/6/2024", "permitYr": 2024, "nonmetro": 0 }, "geometry": { "type": "MultiPolygon", "coordinates": [ [ [ [ -91.64122040104138, 41.847480338450914 ], [ -91.639532411225559, 41.847458049182968 ], [ -91.639544191113103, 41.846439995026017 ], [ -91.63957274068234, 41.843972299685952 ], [ -91.641261567745218, 41.843991162312278 ], [ -91.64122040104138, 41.847480338450914 ] ] ] ] } },
{ "type": "Feature", "properties": { "PPN": "0316254005", "TotalValue": 636000.0, "PropClass": "R", "pctLandVal": 0.18, "acreVal": 347540.98360655736, "SiteAddres": "2630 HIDDEN RIDGE CT NW", "credits": "NONE", "acres": 1.83, "permitNo": "BLD-23-32089", "permitType": "Dwelling", "permitDate": "9/28/2023", "permitYr": 2023, "nonmetro": 1 }, "geometry": { "type": "MultiPolygon", "coordinates": [ [ [ [ -91.671024092789736, 41.828105562265925 ], [ -91.671441225751948, 41.82821016999825 ], [ -91.672018317587913, 41.828354903169739 ], [ -91.672005679400087, 41.828377790306845 ], [ -91.671998214807729, 41.828401915009813 ], [ -91.671996124740446, 41.828426627915967 ], [ -91.671999465462591, 41.828451263829216 ], [ -91.672008147058079, 41.828475159625192 ], [ -91.672021935850026, 41.828497672100568 ], [ -91.672040460690042, 41.828518195286236 ], [ -91.672063222948026, 41.828536176758256 ], [ -91.672089609933508, 41.828551132507911 ], [ -91.671525704796082, 41.82921444901455 ], [ -91.670901192232407, 41.82879741523886 ], [ -91.671024092789736, 41.828105562265925 ] ] ] ] } },
{ "type": "Feature", "properties": { "PPN": "0316254004", "TotalValue": 2046400.0, "PropClass": "R", "pctLandVal": 0.06, "acreVal": 1044081.6326530613, "SiteAddres": "2626 HIDDEN RIDGE CT NW", "credits": "HMST", "acres": 1.96, "permitNo": "BLD-23-32088", "permitType": "Dwelling", "permitDate": "9/28/2023", "permitYr": 2023, "nonmetro": 1 }, "geometry": { "type": "MultiPolygon", "coordinates": [ [ [ [ -91.671665224526947, 41.829364327948447 ], [ -91.671525704796082, 41.82921444901455 ], [ -91.672089609933508, 41.828551132507911 ], [ -91.672118111097205, 41.828562404510976 ], [ -91.672148648649937, 41.828570137790543 ], [ -91.672180443102988, 41.82857413495006 ], [ -91.672212682883881, 41.828574293959647 ], [ -91.672244545052664, 41.828570610760437 ], [ -91.672275216308336, 41.828563179368331 ], [ -91.672303913749289, 41.828552189474017 ], [ -91.672733928480412, 41.828826099961887 ], [ -91.673232107981349, 41.829143401595807 ], [ -91.672533345169526, 41.829395150976787 ], [ -91.671665224526947, 41.829364327948447 ] ] ] ] } },
{ "type": "Feature", "properties": { "PPN": "0728108001", "TotalValue": 1390499.9999999998, "PropClass": "R", "pctLandVal": 0.09, "acreVal": 1463684.210526316, "SiteAddres": "3954 STEWART RD NE", "credits": "NONE", "acres": 0.95, "permitNo": "BLD-18-28003", "permitType": "Dwelling", "permitDate": "8/30/2018", "permitYr": 2018, "nonmetro": 0 }, "geometry": { "type": "MultiPolygon", "coordinates": [ [ [ [ -91.546296914484984, 41.715270977226211 ], [ -91.545711010731864, 41.715297192383886 ], [ -91.545650022979402, 41.714541118048217 ], [ -91.546231519923012, 41.714604970874404 ], [ -91.546279118932077, 41.715060966600028 ], [ -91.546296914484984, 41.715270977226211 ] ] ] ] } },
{ "type": "Feature", "properties": { "PPN": "0721177002", "TotalValue": 466100.0, "PropClass": "R", "pctLandVal": 0.3, "acreVal": 260391.06145251397, "SiteAddres": "16 WILDBERRY LN NE", "credits": "HMST", "acres": 1.79, "permitNo": "BLD-16708", "permitType": "Dwelling", "permitDate": "5/18/2011", "permitYr": 2011, "nonmetro": 0 }, "geometry": { "type": "MultiPolygon", "coordinates": [ [ [ [ -91.544195613192187, 41.72334410264105 ], [ -91.543810660170038, 41.722713780692807 ], [ -91.544598040385907, 41.722488408903089 ], [ -91.544600037431437, 41.722492242118761 ], [ -91.544602086654521, 41.722496059102149 ], [ -91.544604188001259, 41.722499861653503 ], [ -91.544606340351109, 41.7225036470522 ], [ -91.544608544878599, 41.722507416218612 ], [ -91.54461079920776, 41.722511168212122 ], [ -91.544613104540119, 41.722514903052961 ], [ -91.544615459701149, 41.722518619820718 ], [ -91.544617865865391, 41.722522319435853 ], [ -91.544620321912376, 41.722525999177634 ], [ -91.544622827761103, 41.722529661746535 ], [ -91.544625383519531, 41.722533303541972 ], [ -91.544627987932259, 41.722536926343949 ], [ -91.544630641026217, 41.72254052925237 ], [ -91.544633344030004, 41.722544111387357 ], [ -91.544636094540635, 41.722547672708394 ], [ -91.544638893732525, 41.722551214135834 ], [ -91.544641740485247, 41.722554732949114 ], [ -91.544644634771828, 41.722558230048229 ], [ -91.544647575390741, 41.722561705413099 ], [ -91.544650564799085, 41.722565157283796 ], [ -91.544653599365233, 41.722568586499825 ], [ -91.54465668149227, 41.722571993101589 ], [ -91.544659808804269, 41.722575376148562 ], [ -91.544662981328131, 41.722578734740502 ], [ -91.544666199063897, 41.722582068877529 ], [ -91.54466946321314, 41.722585378579794 ], [ -91.544672771372817, 41.72258866380681 ], [ -91.544676123596943, 41.722591922758333 ], [ -91.544679519858505, 41.722595156334492 ], [ -91.544682960157559, 41.72259836453528 ], [ -91.544686443346635, 41.722601545540201 ], [ -91.54468996937166, 41.722604701149521 ], [ -91.544693538313666, 41.722607828662824 ], [ -91.544697148944223, 41.722610928960009 ], [ -91.54470080246476, 41.72261400206127 ], [ -91.544704497700877, 41.722617047046299 ], [ -91.544708232276506, 41.722620062974443 ], [ -91.544712008567643, 41.722623050786332 ], [ -91.544715825372819, 41.722626010461724 ], [ -91.544719681517535, 41.72262894108021 ], [ -91.54472357705589, 41.72263184084153 ], [ -91.544727511933715, 41.722634711545979 ], [ -91.544731486178193, 41.722637552293378 ], [ -91.544735498614742, 41.722640362163389 ], [ -91.545004335395888, 41.722826768870512 ], [ -91.544982651858305, 41.722978043586934 ], [ -91.544599154533003, 41.72349226042212 ], [ -91.544360271493375, 41.723757696380616 ], [ -91.544195613192187, 41.72334410264105 ] ] ] ] } },
{ "type": "Feature", "properties": { "PPN": "0515352007", "TotalValue": 516800.0, "PropClass": "R", "pctLandVal": 0.15, "acreVal": 220854.70085470087, "SiteAddres": "2783 MILLERS POND CT NW", "credits": "NONE", "acres": 2.34, "permitNo": "BLD-24-32410", "permitType": "Dwelling", "permitDate": "3/6/2024", "permitYr": 2024, "nonmetro": 1 }, "geometry": { "type": "MultiPolygon", "coordinates": [ [ [ [ -91.770580392075132, 41.733163080405674 ], [ -91.770590120871717, 41.733148529497583 ], [ -91.770614002181432, 41.733106533658805 ], [ -91.770629887311031, 41.733062464814118 ], [ -91.770637470014833, 41.733017172601997 ], [ -91.77063660411747, 41.732971530245443 ], [ -91.770609975075359, 41.732768856520487 ], [ -91.77060703229742, 41.732733462453766 ], [ -91.770607487128231, 41.732698001448234 ], [ -91.77061527259076, 41.732569975882299 ], [ -91.772089345690802, 41.73255700058003 ], [ -91.771603473750361, 41.733546866143712 ], [ -91.770580392075132, 41.733163080405674 ] ] ] ] } },
{ "type": "Feature", "properties": { "PPN": "1622477001", "TotalValue": 411400.0, "PropClass": "R", "pctLandVal": 0.23, "acreVal": 85708.333333333343, "SiteAddres": "5370 540TH ST SE", "credits": "HMST", "acres": 4.8, "permitNo": "BLD-18-27814", "permitType": "Dwelling", "permitDate": "5/25/2018", "permitYr": 2018, "nonmetro": 1 }, "geometry": { "type": "MultiPolygon", "coordinates": [ [ [ [ -91.408281367966921, 41.53996535374651 ], [ -91.409268314718886, 41.539977163472869 ], [ -91.409223366002536, 41.542098356869651 ], [ -91.408236387223326, 41.542086546766889 ], [ -91.408281367966921, 41.53996535374651 ] ] ] ] } },
{ "type": "Feature", "properties": { "PPN": "0711404002", "TotalValue": 710200.0, "PropClass": "R", "pctLandVal": 0.26, "acreVal": 94693.333333333328, "SiteAddres": "4390 AMENDT CT NE", "credits": "HMST", "acres": 7.5, "permitNo": "BLD-25769", "permitType": "Dwelling", "permitDate": "5/1/2015", "permitYr": 2015, "nonmetro": 1 }, "geometry": { "type": "MultiPolygon", "coordinates": [ [ [ [ -91.505054146176235, 41.746960786648401 ], [ -91.505084114627365, 41.74696112814437 ], [ -91.505113756456538, 41.746957806075351 ], [ -91.505142278472178, 41.746950909337244 ], [ -91.505168917448486, 41.746940622481191 ], [ -91.505192960549223, 41.746927220775071 ], [ -91.505213764402697, 41.746911062837391 ], [ -91.505230772317972, 41.746892581040832 ], [ -91.505243529181413, 41.746872269942237 ], [ -91.505251693634804, 41.746850673048435 ], [ -91.505255047209488, 41.746828368272489 ], [ -91.505253500171918, 41.746805952469195 ], [ -91.505535188486974, 41.748376753788833 ], [ -91.506001093041633, 41.748635709587845 ], [ -91.505437710604951, 41.748909686799685 ], [ -91.50395207016274, 41.74980436374495 ], [ -91.503976846226749, 41.748065333618264 ], [ -91.503959837162171, 41.748007722399436 ], [ -91.504383319247466, 41.747277054378856 ], [ -91.504410563891085, 41.747238094329219 ], [ -91.504445078526388, 41.747202512362158 ], [ -91.504486130565283, 41.747171063708834 ], [ -91.504532848666457, 41.747144415869357 ], [ -91.504584241229779, 41.747123134445516 ], [ -91.505054146176235, 41.746960786648401 ] ] ] ] } },
{ "type": "Feature", "properties": { "PPN": "1225303001", "TotalValue": 469500.0, "PropClass": "A, AD", "pctLandVal": 0.01, "acreVal": 94088.176352705414, "SiteAddres": "2066 KESTREL RDG SW", "credits": "HMST, AG", "acres": 4.99, "permitNo": "BLD-26119", "permitType": "Dwelling", "permitDate": "10/19/2015", "permitYr": 2015, "nonmetro": 1 }, "geometry": { "type": "MultiPolygon", "coordinates": [ [ [ [ -91.728957129829908, 41.616895906956493 ], [ -91.728705049271952, 41.616884755411306 ], [ -91.728615493242089, 41.617609100674805 ], [ -91.728634430231693, 41.617842903175543 ], [ -91.728586972322802, 41.617973799716978 ], [ -91.728702923937391, 41.618283250049878 ], [ -91.728795519118634, 41.618646583163908 ], [ -91.729002407374551, 41.618855592879257 ], [ -91.728997848311494, 41.619002899720051 ], [ -91.72929115082627, 41.61900485770753 ], [ -91.730053414323464, 41.61972343275103 ], [ -91.730061773345341, 41.620151840627699 ], [ -91.729212220987051, 41.620138161620503 ], [ -91.729024823729858, 41.62013514346755 ], [ -91.728406261276788, 41.62012517873557 ], [ -91.727975669574846, 41.619089037405999 ], [ -91.728304615832855, 41.619054863291623 ], [ -91.728851652468947, 41.618998074744653 ], [ -91.72885497651248, 41.6188907156805 ], [ -91.728658095679023, 41.618691818114179 ], [ -91.728560386487331, 41.618308403128324 ], [ -91.728435168559812, 41.617974224379623 ], [ -91.728486929600123, 41.617831463738305 ], [ -91.728468774296786, 41.617607303913935 ], [ -91.728558912407934, 41.616878286439835 ], [ -91.72857123229015, 41.61677912406541 ], [ -91.72894797104918, 41.616794132467589 ], [ -91.728957129829908, 41.616895906956493 ] ] ] ] } },
{ "type": "Feature", "properties": { "PPN": "0807378004", "TotalValue": 1194600.0, "PropClass": "R", "pctLandVal": 0.13, "acreVal": 847234.04255319154, "SiteAddres": "4629 TIMBERLAND CT NE", "credits": "NONE", "acres": 1.41, "permitNo": "BLD-26661", "permitType": "Dwelling", "permitDate": "7/29/2016", "permitYr": 2016, "nonmetro": 1 }, "geometry": { "type": "MultiPolygon", "coordinates": [ [ [ [ -91.47634202273278, 41.746029691751744 ], [ -91.476326925598471, 41.746753022299693 ], [ -91.476254783687409, 41.746760294653953 ], [ -91.476090148058518, 41.74678038930525 ], [ -91.475927254984484, 41.746807294675612 ], [ -91.475766606417466, 41.746840927856773 ], [ -91.475608697395344, 41.746881185208878 ], [ -91.475539567259844, 41.746899071813459 ], [ -91.475558050522778, 41.746020621266204 ], [ -91.47634202273278, 41.746029691751744 ] ] ] ] } },
{ "type": "Feature", "properties": { "PPN": "0721276008", "TotalValue": 608600.0, "PropClass": "R", "pctLandVal": 0.19, "acreVal": 338111.11111111112, "SiteAddres": "2877 MEADOW LARK LN NE", "credits": "HMST", "acres": 1.8, "permitNo": "BLD-17940", "permitType": "Dwelling", "permitDate": "8/22/2013", "permitYr": 2013, "nonmetro": 1 }, "geometry": { "type": "MultiPolygon", "coordinates": [ [ [ [ -91.554663232886767, 41.724756109904114 ], [ -91.553292259930501, 41.724303385422516 ], [ -91.553294076881826, 41.724300189097548 ], [ -91.553295783005453, 41.724296960294197 ], [ -91.553297381879005, 41.724293699973011 ], [ -91.553298868615798, 41.724290410753859 ], [ -91.553300244363484, 41.724287094457083 ], [ -91.553301506665292, 41.724283752842773 ], [ -91.553302656642089, 41.724280388631414 ], [ -91.553303693038529, 41.724277003603085 ], [ -91.553304614572426, 41.724273600438103 ], [ -91.553305420015448, 41.724270180016447 ], [ -91.553306110461449, 41.724266745958779 ], [ -91.553306683480571, 41.724263299124949 ], [ -91.553307141341449, 41.724259844055894 ], [ -91.553307481667844, 41.72425637981128 ], [ -91.553307704325377, 41.724252910891678 ], [ -91.553307810461703, 41.724249439117536 ], [ -91.553307800023205, 41.724245966289125 ], [ -91.553307670552954, 41.724242494166404 ], [ -91.5533074243464, 41.724239026390208 ], [ -91.553307061376813, 41.72423556386066 ], [ -91.553306582738031, 41.724232110198486 ], [ -91.553305986027055, 41.724228665363334 ], [ -91.553305272311022, 41.72422523387602 ], [ -91.553304445140625, 41.724221817597318 ], [ -91.553303502112939, 41.724218416486842 ], [ -91.553302443093372, 41.724215035045283 ], [ -91.553301271632861, 41.724211675133397 ], [ -91.553299986476063, 41.724208338531277 ], [ -91.553298588770673, 41.724205027059277 ], [ -91.553297080866074, 41.724201742558037 ], [ -91.55329546025159, 41.724198488587732 ], [ -91.553293732907918, 41.72419526614928 ], [ -91.553291895149897, 41.724192077882606 ], [ -91.553289951756696, 41.724188924768413 ], [ -91.553287901419196, 41.724185810387127 ], [ -91.553285746540553, 41.724182734778985 ], [ -91.553283489416131, 41.724179701584866 ], [ -91.553281129992229, 41.724176712605008 ], [ -91.553278670645014, 41.724173768779835 ], [ -91.553276112522212, 41.724170871929729 ], [ -91.553273457919232, 41.724168025695562 ], [ -91.55327070563466, 41.724165230057167 ], [ -91.553267861595359, 41.72416248781569 ], [ -91.553264925774513, 41.724159799871181 ], [ -91.553261899292906, 41.724157168944274 ], [ -91.554038013506442, 41.723643273829019 ], [ -91.554401886769313, 41.723951722398461 ], [ -91.554663232886767, 41.724756109904114 ] ] ] ] } },
{ "type": "Feature", "properties": { "PPN": "0521232003", "TotalValue": 218100.0, "PropClass": "R", "pctLandVal": 0.37, "acreVal": 256588.23529411765, "SiteAddres": "512 N AUGUSTA AVE", "credits": "HMST", "acres": 0.85, "permitNo": "BLD-19-28636", "permitType": "Dwelling", "permitDate": "8/16/2019", "permitYr": 2019, "nonmetro": 1 }, "geometry": { "type": "MultiPolygon", "coordinates": [ [ [ [ -91.789763226800645, 41.727413574942673 ], [ -91.790513775640193, 41.727421286922358 ], [ -91.790511826651397, 41.727666458615936 ], [ -91.790509707696899, 41.727911601671522 ], [ -91.78976090899036, 41.727903772346345 ], [ -91.789749542395995, 41.727903653535073 ], [ -91.789756373785494, 41.727658614989998 ], [ -91.789763226800645, 41.727413574942673 ] ] ] ] } },
{ "type": "Feature", "properties": { "PPN": "1402228001", "TotalValue": 303300.0, "PropClass": "R", "pctLandVal": 0.28, "acreVal": 180535.71428571429, "SiteAddres": "4673 MURPHY LN SW", "credits": "HMST", "acres": 1.68, "permitNo": "BLD-22-31000", "permitType": "Dwelling", "permitDate": "7/7/2022", "permitYr": 2022, "nonmetro": 1 }, "geometry": { "type": "MultiPolygon", "coordinates": [ [ [ [ -91.632199069043295, 41.596127779682398 ], [ -91.632284823868531, 41.596134886383965 ], [ -91.632294936796242, 41.595970066193075 ], [ -91.632209177260904, 41.595962963922247 ], [ -91.632246677108867, 41.595351771831936 ], [ -91.632443927842544, 41.595265355131666 ], [ -91.632584123108131, 41.595200808427748 ], [ -91.632720380584573, 41.595131673064195 ], [ -91.63285243393554, 41.595058084183037 ], [ -91.632980025045271, 41.594980185631336 ], [ -91.632977435965103, 41.595017651316105 ], [ -91.632891658989593, 41.596258875592433 ], [ -91.63237080947259, 41.596233571825522 ], [ -91.632193107583092, 41.596224938763569 ], [ -91.632199069043295, 41.596127779682398 ] ] ] ] } },
{ "type": "Feature", "properties": { "PPN": "1311404006", "TotalValue": 494800.0, "PropClass": "R", "pctLandVal": 0.13, "acreVal": 449818.18181818177, "SiteAddres": "4924 WALNUT RD SW", "credits": "HMST", "acres": 1.1, "permitNo": "BLD-25375", "permitType": "Dwelling", "permitDate": "9/18/2014", "permitYr": 2014, "nonmetro": 1 }, "geometry": { "type": "MultiPolygon", "coordinates": [ [ [ [ -91.733138891596738, 41.574933494738993 ], [ -91.733143380760865, 41.574714899916998 ], [ -91.73395228408603, 41.574724354244751 ], [ -91.733936605061558, 41.575401988260921 ], [ -91.733278846397525, 41.575393433768213 ], [ -91.73328945230152, 41.574935237602695 ], [ -91.733138891596738, 41.574933494738993 ] ] ] ] } },
{ "type": "Feature", "properties": { "PPN": "1204302001", "TotalValue": 410300.0, "PropClass": "R", "pctLandVal": 0.27, "acreVal": 58281.25, "SiteAddres": "3539 CHAMBERS AVE SW", "credits": "HMST", "acres": 7.04, "permitNo": "BLD-24983", "permitType": "Dwelling", "permitDate": "1/2/2014", "permitYr": 2014, "nonmetro": 1 }, "geometry": { "type": "MultiPolygon", "coordinates": [ [ [ [ -91.786458437594035, 41.680027902907725 ], [ -91.785645226418694, 41.680028388220599 ], [ -91.785614029955738, 41.6786653284774 ], [ -91.784707533102178, 41.678676731635726 ], [ -91.784683258651455, 41.678131187593856 ], [ -91.784664305038476, 41.677597959664389 ], [ -91.78467319561274, 41.676973218133121 ], [ -91.785173998984121, 41.676956363206159 ], [ -91.785968657517188, 41.676987746385102 ], [ -91.786063339777584, 41.678882043505119 ], [ -91.786458437594035, 41.680027902907725 ] ] ] ] } },
{ "type": "Feature", "properties": { "PPN": "1709401005", "TotalValue": 274700.0, "PropClass": "R", "pctLandVal": 0.09, "acreVal": 1526111.1111111112, "SiteAddres": "201 N DEVOE ST", "credits": "NONE", "acres": 0.18, "permitNo": "BLD-21-30008", "permitType": "Dwelling", "permitDate": "5/19/2021", "permitYr": 2021, "nonmetro": 1 }, "geometry": { "type": "MultiPolygon", "coordinates": [ [ [ [ -91.426241864283739, 41.488376568360302 ], [ -91.426402455346192, 41.488377701226298 ], [ -91.426400610327477, 41.488525485625502 ], [ -91.426240018902192, 41.488524352756983 ], [ -91.426174322773193, 41.488523888147597 ], [ -91.426174288434723, 41.488526632798674 ], [ -91.426057494487225, 41.488525807620157 ], [ -91.425876921659494, 41.488524533012253 ], [ -91.425876909506883, 41.488472385330574 ], [ -91.425876884915297, 41.488373990302769 ], [ -91.426059374595923, 41.488375279475484 ], [ -91.426241864283739, 41.488376568360302 ] ] ] ] } },
{ "type": "Feature", "properties": { "PPN": "1311404003", "TotalValue": 625800.0, "PropClass": "R", "pctLandVal": 0.1, "acreVal": 607572.81553398061, "SiteAddres": "4917 COSGROVE RD SW", "credits": "NONE", "acres": 1.03, "permitNo": "BLD-23-31957", "permitType": "Dwelling", "permitDate": "8/1/2023", "permitYr": 2023, "nonmetro": 1 }, "geometry": { "type": "MultiPolygon", "coordinates": [ [ [ [ -91.732508572114426, 41.576330324153218 ], [ -91.732325855357516, 41.576327938270353 ], [ -91.732339172007684, 41.575956257887761 ], [ -91.733265569379157, 41.575966985742589 ], [ -91.733259791349496, 41.576216609432628 ], [ -91.73325378771068, 41.57647594518604 ], [ -91.732503493112191, 41.576472119597902 ], [ -91.732508572114426, 41.576330324153218 ] ] ] ] } },
{ "type": "Feature", "properties": { "PPN": "1718452001", "TotalValue": 298000.0, "PropClass": "R", "pctLandVal": 0.21, "acreVal": 138604.65116279072, "SiteAddres": "4720 640TH ST SE", "credits": "HMST", "acres": 2.15, "permitNo": "BLD-16603", "permitType": "Dwelling", "permitDate": "3/4/2011", "permitYr": 2011, "nonmetro": 1 }, "geometry": { "type": "MultiPolygon", "coordinates": [ [ [ [ -91.472216216910311, 41.46741724653694 ], [ -91.472836481479163, 41.467421893147559 ], [ -91.472813635576713, 41.469148102197614 ], [ -91.471970783095344, 41.469141787311777 ], [ -91.471982054746434, 41.468291033274447 ], [ -91.472642462793175, 41.468295981381175 ], [ -91.472652234485679, 41.467557744372328 ], [ -91.472214400005569, 41.467554465335638 ], [ -91.472216216910311, 41.46741724653694 ] ] ] ] } },
{ "type": "Feature", "properties": { "PPN": "0808203001", "TotalValue": 698400.0, "PropClass": "R", "pctLandVal": 0.15, "acreVal": 160183.48623853209, "SiteAddres": "2434 TURNER AVE NE", "credits": "HMST", "acres": 4.36, "permitNo": "BLD-24755", "permitType": "Dwelling", "permitDate": "11/4/2013", "permitYr": 2013, "nonmetro": 1 }, "geometry": { "type": "MultiPolygon", "coordinates": [ [ [ [ -91.456009330944184, 41.7558458918217 ], [ -91.45584705925387, 41.756158779219781 ], [ -91.455786639155406, 41.7562823461477 ], [ -91.455732679961457, 41.756407578437695 ], [ -91.455685263286853, 41.756534286759134 ], [ -91.45564446085649, 41.756662279548848 ], [ -91.455347086938943, 41.757682653527695 ], [ -91.45459407873696, 41.75755898906543 ], [ -91.454104927208903, 41.757227542823053 ], [ -91.454749259656055, 41.756629493215257 ], [ -91.454980054340993, 41.755726552300679 ], [ -91.456009330944184, 41.7558458918217 ] ] ] ] } },
{ "type": "Feature", "properties": { "PPN": "0216459005", "TotalValue": 664800.0, "PropClass": "R", "pctLandVal": 0.11, "acreVal": 1899428.5714285716, "SiteAddres": "3963 HENDRICKS LN NE", "credits": "HMST", "acres": 0.35, "permitNo": "BLD-19-28382", "permitType": "Dwelling", "permitDate": "5/16/2019", "permitYr": 2019, "nonmetro": 1 }, "geometry": { "type": "MultiPolygon", "coordinates": [ [ [ [ -91.546283540674807, 41.820415543128277 ], [ -91.546645186599363, 41.820369447844243 ], [ -91.546738955445633, 41.820781195701798 ], [ -91.546377307271896, 41.820827292170655 ], [ -91.546283540674807, 41.820415543128277 ] ] ] ] } },
{ "type": "Feature", "properties": { "PPN": "1311401002", "TotalValue": 448500.0, "PropClass": "R", "pctLandVal": 0.15, "acreVal": 307191.78082191781, "SiteAddres": "4950 WALNUT RD SW", "credits": "HMST", "acres": 1.46, "permitNo": "BLD-25842", "permitType": "Dwelling", "permitDate": "6/4/2015", "permitYr": 2015, "nonmetro": 1 }, "geometry": { "type": "MultiPolygon", "coordinates": [ [ [ [ -91.732418262021255, 41.573433966064471 ], [ -91.732987998735766, 41.57362523489234 ], [ -91.733261012563261, 41.573653129432323 ], [ -91.733194518650805, 41.574079499337422 ], [ -91.733150651474659, 41.574360774106935 ], [ -91.732396762471467, 41.574352042961202 ], [ -91.732418262021255, 41.573433966064471 ] ] ] ] } },
{ "type": "Feature", "properties": { "PPN": "0216428005", "TotalValue": 607100.0, "PropClass": "R", "pctLandVal": 0.19, "acreVal": 518888.88888888893, "SiteAddres": "3946 JOCELYN CT NE", "credits": "NONE", "acres": 1.17, "permitNo": "BLD-25486", "permitType": "Dwelling", "permitDate": "11/18/2014", "permitYr": 2014, "nonmetro": 1 }, "geometry": { "type": "MultiPolygon", "coordinates": [ [ [ [ -91.547460316005683, 41.824928716478603 ], [ -91.547472576539391, 41.824549608079082 ], [ -91.547830951742768, 41.824309691554234 ], [ -91.547858226046202, 41.824328905347848 ], [ -91.547889461529692, 41.824344381180872 ], [ -91.547923753332782, 41.824355670732821 ], [ -91.547960108054468, 41.824362446955753 ], [ -91.547997472531591, 41.824364513548581 ], [ -91.548034764348685, 41.824361810643957 ], [ -91.548070903195182, 41.824354416542619 ], [ -91.548104842161806, 41.824342545445006 ], [ -91.548135598069081, 41.824326541245902 ], [ -91.54845761820502, 41.824616562205549 ], [ -91.548446945283985, 41.824946594554646 ], [ -91.547460316005683, 41.824928716478603 ] ] ] ] } },
{ "type": "Feature", "properties": { "PPN": "0216459007", "TotalValue": 493200.0, "PropClass": "R", "pctLandVal": 0.14, "acreVal": 1494545.4545454546, "SiteAddres": "3955 HENDRICKS LN NE", "credits": "NONE", "acres": 0.33, "permitNo": "BLD-20-29187", "permitType": "Dwelling", "permitDate": "6/15/2020", "permitYr": 2020, "nonmetro": 1 }, "geometry": { "type": "MultiPolygon", "coordinates": [ [ [ [ -91.546873675026617, 41.820340323438934 ], [ -91.546950646640099, 41.820186857776555 ], [ -91.54747342361749, 41.82033357117777 ], [ -91.547450334671154, 41.820379594450529 ], [ -91.547415948051651, 41.820438602150261 ], [ -91.547373534144612, 41.820494610634775 ], [ -91.547323554077536, 41.820547010948943 ], [ -91.547266551245244, 41.82059523336622 ], [ -91.547203145402264, 41.820638753583502 ], [ -91.546873675026617, 41.820340323438934 ] ] ] ] } },
{ "type": "Feature", "properties": { "PPN": "0310102001", "TotalValue": 650800.0, "PropClass": "R", "pctLandVal": 0.21, "acreVal": 88184.28184281844, "SiteAddres": "2977 120TH ST NE", "credits": "HMST", "acres": 7.38, "permitNo": "BLD-25590", "permitType": "Dwelling", "permitDate": "12/23/2014", "permitYr": 2014, "nonmetro": 1 }, "geometry": { "type": "MultiPolygon", "coordinates": [ [ [ [ -91.638322098125983, 41.847387161109992 ], [ -91.638342515301929, 41.845625408363965 ], [ -91.63834254260712, 41.845623024206702 ], [ -91.638361862243883, 41.84395577658222 ], [ -91.63957274068234, 41.843972299685952 ], [ -91.639544191113103, 41.846439995026017 ], [ -91.638575447406708, 41.846427191861316 ], [ -91.638563652383297, 41.847445245024915 ], [ -91.63832146273873, 41.847442042499829 ], [ -91.638322098125983, 41.847387161109992 ] ] ] ] } },
{ "type": "Feature", "properties": { "PPN": "0213228001", "TotalValue": 831200.0, "PropClass": "R", "pctLandVal": 0.11, "acreVal": 204226.04422604421, "SiteAddres": "1426 HIGHWAY 1 NE", "credits": "HMST", "acres": 4.07, "permitNo": "BLD-18-28189", "permitType": "Dwelling", "permitDate": "12/6/2018", "permitYr": 2018, "nonmetro": 1 }, "geometry": { "type": "MultiPolygon", "coordinates": [ [ [ [ -91.496426001059049, 41.827666085362488 ], [ -91.497454150249098, 41.827682571413256 ], [ -91.49755293541331, 41.828306385540159 ], [ -91.49763066729426, 41.828762934742436 ], [ -91.497704837798665, 41.82921981522361 ], [ -91.496418320158241, 41.829216244878424 ], [ -91.496426001059049, 41.827666085362488 ] ] ] ] } },
{ "type": "Feature", "properties": { "PPN": "0216458014", "TotalValue": 525200.0, "PropClass": "R", "pctLandVal": 0.14, "acreVal": 1500571.4285714286, "SiteAddres": "1555 PALMER CT NE", "credits": "HMST", "acres": 0.35, "permitNo": "BLD-17-27492", "permitType": "Dwelling", "permitDate": "11/3/2017", "permitYr": 2017, "nonmetro": 1 }, "geometry": { "type": "MultiPolygon", "coordinates": [ [ [ [ -91.547331340965101, 41.821331934368452 ], [ -91.547559691191225, 41.821546714416158 ], [ -91.5471223643343, 41.821806842590568 ], [ -91.546894013408533, 41.821592062584322 ], [ -91.547331340965101, 41.821331934368452 ] ] ] ] } },
{ "type": "Feature", "properties": { "PPN": "0216428014", "TotalValue": 610900.0, "PropClass": "R", "pctLandVal": 0.19, "acreVal": 610900.0, "SiteAddres": "3959 JOCELYN CT NE", "credits": "HMST", "acres": 1.0, "permitNo": "BLD-25483", "permitType": "Dwelling", "permitDate": "12/4/2014", "permitYr": 2014, "nonmetro": 1 }, "geometry": { "type": "MultiPolygon", "coordinates": [ [ [ [ -91.54521285379252, 41.823495012349589 ], [ -91.546084852177628, 41.823645611992397 ], [ -91.546136780203483, 41.823961727416759 ], [ -91.546071418128506, 41.82396157542756 ], [ -91.546006492976844, 41.823967220972541 ], [ -91.545942920614536, 41.823978584412771 ], [ -91.545881597825613, 41.823995505449972 ], [ -91.545823389662203, 41.82401774538733 ], [ -91.545769117242216, 41.824044990496731 ], [ -91.545719546166623, 41.824076856444073 ], [ -91.545675375719682, 41.82411289371062 ], [ -91.545213957309244, 41.8241133627278 ], [ -91.545213461165943, 41.823835150470238 ], [ -91.54521285379252, 41.823495012349589 ] ] ] ] } },
{ "type": "Feature", "properties": { "PPN": "0216458010", "TotalValue": 487100.0, "PropClass": "R", "pctLandVal": 0.15, "acreVal": 1391714.2857142857, "SiteAddres": "1560 PALMER CT NE", "credits": "HMST", "acres": 0.35, "permitNo": "BLD-27403", "permitType": "Dwelling", "permitDate": "9/14/2017", "permitYr": 2017, "nonmetro": 1 }, "geometry": { "type": "MultiPolygon", "coordinates": [ [ [ [ -91.54617644104232, 41.821805267451396 ], [ -91.546611322543185, 41.821546597508721 ], [ -91.546839671145932, 41.821761378953518 ], [ -91.546404789090289, 41.822020050630051 ], [ -91.54617644104232, 41.821805267451396 ] ] ] ] } },
{ "type": "Feature", "properties": { "PPN": "0216428018", "TotalValue": 978000.0, "PropClass": "R", "pctLandVal": 0.13, "acreVal": 369056.60377358494, "SiteAddres": "3931 JOCELYN CT NE", "credits": "NONE", "acres": 2.65, "permitNo": "BLD-26028", "permitType": "Dwelling", "permitDate": "9/11/2015", "permitYr": 2015, "nonmetro": 1 }, "geometry": { "type": "MultiPolygon", "coordinates": [ [ [ [ -91.547955734696743, 41.824037857808065 ], [ -91.547919658752065, 41.823888770544066 ], [ -91.548628751613336, 41.823133333741033 ], [ -91.550043840676224, 41.823157994469604 ], [ -91.550045573333193, 41.823921925577586 ], [ -91.549455015983298, 41.823938313362305 ], [ -91.548910211924621, 41.823706293429176 ], [ -91.548375313046932, 41.823594304499792 ], [ -91.548074945259984, 41.823914302987831 ], [ -91.54811011461851, 41.824059550323149 ], [ -91.54808160998536, 41.824048516447633 ], [ -91.548051263249377, 41.824040700265506 ], [ -91.548019719540591, 41.824036267937977 ], [ -91.547987649434489, 41.824035313690167 ], [ -91.547955734696743, 41.824037857808065 ] ] ] ] } },
{ "type": "Feature", "properties": { "PPN": "0819252001", "TotalValue": 422600.0, "PropClass": "A, AD", "pctLandVal": 0.01, "acreVal": 162538.4615384615, "SiteAddres": "2881 HIGHWAY 1 NE", "credits": "HMST, AG", "acres": 2.6, "permitNo": "BLD-18-28010", "permitType": "Dwelling", "permitDate": "9/7/2018", "permitYr": 2018, "nonmetro": 1 }, "geometry": { "type": "MultiPolygon", "coordinates": [ [ [ [ -91.478493887467664, 41.723143710733694 ], [ -91.480145131078729, 41.723153587136281 ], [ -91.480143146020495, 41.723812216791529 ], [ -91.478344448598506, 41.723801457839798 ], [ -91.478419724454739, 41.723442265779148 ], [ -91.478493887467664, 41.723143710733694 ] ] ] ] } },
{ "type": "Feature", "properties": { "PPN": "0706453006", "TotalValue": 1532499.9999999998, "PropClass": "R", "pctLandVal": 0.24, "acreVal": 478906.25, "SiteAddres": "2369 LAKERIDGE PL NE", "credits": "NONE", "acres": 3.2, "permitNo": "BLD-23-31619", "permitType": "Dwelling", "permitDate": "4/24/2023", "permitYr": 2023, "nonmetro": 1 }, "geometry": { "type": "MultiPolygon", "coordinates": [ [ [ [ -91.587682393680552, 41.759989189400606 ], [ -91.587850278955315, 41.759932485338453 ], [ -91.588070681156552, 41.759992841856963 ], [ -91.588250237892154, 41.759962150349807 ], [ -91.588429793256424, 41.759931458545005 ], [ -91.588885367060044, 41.760802377381211 ], [ -91.587580005318301, 41.761166028573548 ], [ -91.5873499488942, 41.760703041480554 ], [ -91.5873195101086, 41.760633086853105 ], [ -91.587296875688153, 41.760561491807735 ], [ -91.587282199633862, 41.76048874354764 ], [ -91.587275581788944, 41.760415337122097 ], [ -91.587269121978636, 41.760339128400403 ], [ -91.58725510506271, 41.760263490982624 ], [ -91.587233608811658, 41.760188844389226 ], [ -91.587204752478797, 41.760115602643758 ], [ -91.587195274457059, 41.760094478692416 ], [ -91.587329139880438, 41.76006357198991 ], [ -91.587682393680552, 41.759989189400606 ] ] ] ] } },
{ "type": "Feature", "properties": { "PPN": "0216428012", "TotalValue": 729500.0, "PropClass": "R", "pctLandVal": 0.16, "acreVal": 639912.2807017545, "SiteAddres": "3951 JOCELYN CT NE", "credits": "NONE", "acres": 1.14, "permitNo": "BLD-26866", "permitType": "Dwelling", "permitDate": "11/8/2016", "permitYr": 2016, "nonmetro": 1 }, "geometry": { "type": "MultiPolygon", "coordinates": [ [ [ [ -91.546288470171788, 41.823985169264247 ], [ -91.546141395623167, 41.823089946344759 ], [ -91.546192671726985, 41.823090841334746 ], [ -91.546931315006091, 41.823584064708861 ], [ -91.547040060244925, 41.82397107651731 ], [ -91.546974833625583, 41.823982773033698 ], [ -91.546910589500044, 41.82399719447637 ], [ -91.546826741298432, 41.824014702165499 ], [ -91.546741051663986, 41.824026184968005 ], [ -91.546654292550471, 41.824031539438472 ], [ -91.546567245547223, 41.824030717339987 ], [ -91.546480694837314, 41.824023726078615 ], [ -91.546395420132455, 41.824010628636671 ], [ -91.546312189648049, 41.823991543005341 ], [ -91.546288470171788, 41.823985169264247 ] ] ] ] } },
{ "type": "Feature", "properties": { "PPN": "0216428003", "TotalValue": 772400.0, "PropClass": "R", "pctLandVal": 0.15, "acreVal": 757254.90196078434, "SiteAddres": "3962 JOCELYN CT NE", "credits": "HMST", "acres": 1.02, "permitNo": "BLD-27043", "permitType": "Dwelling", "permitDate": "4/19/2017", "permitYr": 2017, "nonmetro": 1 }, "geometry": { "type": "MultiPolygon", "coordinates": [ [ [ [ -91.545235669341295, 41.82486097113005 ], [ -91.545290840487809, 41.824839419909061 ], [ -91.545341834284358, 41.824812725877884 ], [ -91.545387798765404, 41.824781335022912 ], [ -91.546351428351898, 41.824798813662468 ], [ -91.546696417764977, 41.824805070006079 ], [ -91.546684562768277, 41.824535323235693 ], [ -91.546885152685178, 41.824538960371342 ], [ -91.547472576539391, 41.824549608079082 ], [ -91.547460316005683, 41.824928716478603 ], [ -91.545277885951094, 41.824889140579941 ], [ -91.545235669341295, 41.82486097113005 ] ] ] ] } },
{ "type": "Feature", "properties": { "PPN": "0216428004", "TotalValue": 882400.0, "PropClass": "R", "pctLandVal": 0.13, "acreVal": 848461.53846153826, "SiteAddres": "3950 JOCELYN CT NE", "credits": "NONE", "acres": 1.04, "permitNo": "BLD-26315", "permitType": "Dwelling", "permitDate": "2/26/2016", "permitYr": 2016, "nonmetro": 1 }, "geometry": { "type": "MultiPolygon", "coordinates": [ [ [ [ -91.546885152685178, 41.824538960371342 ], [ -91.546335755862401, 41.824140764637704 ], [ -91.546425163397473, 41.82415584115985 ], [ -91.546515937956173, 41.824165301390657 ], [ -91.546607450079705, 41.824169079729998 ], [ -91.546699065194204, 41.824167149977661 ], [ -91.54679014801151, 41.824159525515178 ], [ -91.54688006693506, 41.82414625921291 ], [ -91.546968198439956, 41.82412744306346 ], [ -91.547061810401786, 41.824107949878631 ], [ -91.547157495234202, 41.824095283055087 ], [ -91.547254365378308, 41.824089560088467 ], [ -91.547351522281474, 41.824090834064165 ], [ -91.547448064731512, 41.824099093164982 ], [ -91.54754309721514, 41.824114260780711 ], [ -91.547635738223889, 41.824136196218667 ], [ -91.547725128430031, 41.824164696008687 ], [ -91.547738338110747, 41.824170550115717 ], [ -91.54775005713212, 41.824177970423051 ], [ -91.547759957089355, 41.824186748990023 ], [ -91.547767760553228, 41.824196639813209 ], [ -91.547773248844649, 41.824207365720028 ], [ -91.547776268162906, 41.824218626135995 ], [ -91.547782702348343, 41.8242434960666 ], [ -91.547794160555597, 41.824267333452767 ], [ -91.547810371585399, 41.824289574086848 ], [ -91.547830951742768, 41.824309691554234 ], [ -91.547472576539391, 41.824549608079082 ], [ -91.546885152685178, 41.824538960371342 ] ] ] ] } },
{ "type": "Feature", "properties": { "PPN": "0216428006", "TotalValue": 746400.0, "PropClass": "R", "pctLandVal": 0.16, "acreVal": 569770.99236641219, "SiteAddres": "3942 JOCELYN CT NE", "credits": "HMST", "acres": 1.31, "permitNo": "BLD-25793", "permitType": "Dwelling", "permitDate": "6/2/2015", "permitYr": 2015, "nonmetro": 1 }, "geometry": { "type": "MultiPolygon", "coordinates": [ [ [ [ -91.548446945283985, 41.824946594554646 ], [ -91.54845761820502, 41.824616562205549 ], [ -91.548135598069081, 41.824326541245902 ], [ -91.548162208388661, 41.824306928335645 ], [ -91.548184001465799, 41.824284232083983 ], [ -91.548200349609431, 41.824259106200998 ], [ -91.54821078195819, 41.824232274375632 ], [ -91.548442218029351, 41.824267013956494 ], [ -91.548899356974488, 41.824461350969401 ], [ -91.549252091372153, 41.824473778743247 ], [ -91.549467696670561, 41.824555730546336 ], [ -91.549465951201825, 41.824748615170002 ], [ -91.549259872279592, 41.824961318665764 ], [ -91.548446945283985, 41.824946594554646 ] ] ] ] } },
{ "type": "Feature", "properties": { "PPN": "0216428013", "TotalValue": 658200.0, "PropClass": "R", "pctLandVal": 0.18, "acreVal": 543966.94214876031, "SiteAddres": "3955 JOCELYN CT NE", "credits": "NONE", "acres": 1.21, "permitNo": "BLD-25873", "permitType": "Dwelling", "permitDate": "6/30/2015", "permitYr": 2015, "nonmetro": 1 }, "geometry": { "type": "MultiPolygon", "coordinates": [ [ [ [ -91.546136780203483, 41.823961727416759 ], [ -91.546084852177628, 41.823645611992397 ], [ -91.54521285379252, 41.823495012349589 ], [ -91.545212100128708, 41.823073721800817 ], [ -91.546141395623167, 41.823089946344759 ], [ -91.546288470171788, 41.823985169264247 ], [ -91.546238966512462, 41.823973801438562 ], [ -91.546188253511232, 41.823965964358429 ], [ -91.546136780203483, 41.823961727416759 ] ] ] ] } },
{ "type": "Feature", "properties": { "PPN": "1129477001", "TotalValue": 654100.0, "PropClass": "R", "pctLandVal": 0.13, "acreVal": 294639.63963963959, "SiteAddres": "2556 BLACK DIAMOND RD SW", "credits": "HMST", "acres": 2.22, "permitNo": "BLD-26133", "permitType": "Dwelling", "permitDate": "10/12/2015", "permitYr": 2015, "nonmetro": 1 }, "geometry": { "type": "MultiPolygon", "coordinates": [ [ [ [ -91.681230502763796, 41.614288498441013 ], [ -91.681420995196589, 41.614884480244825 ], [ -91.681434630995739, 41.614927142480568 ], [ -91.679894891858751, 41.615009041123102 ], [ -91.679852591988165, 41.614397153585152 ], [ -91.679847505544444, 41.614323589369192 ], [ -91.680464670494274, 41.614311879186019 ], [ -91.681230502763796, 41.614288498441013 ] ] ] ] } },
{ "type": "Feature", "properties": { "PPN": "0413377001", "TotalValue": 334300.0, "PropClass": "R", "pctLandVal": 0.32, "acreVal": 70976.645435244165, "SiteAddres": "2064 160TH ST NW", "credits": "NONE", "acres": 4.71, "permitNo": "BLD-25456", "permitType": "Dwelling", "permitDate": "10/30/2014", "permitYr": 2014, "nonmetro": 1 }, "geometry": { "type": "MultiPolygon", "coordinates": [ [ [ [ -91.728000934571327, 41.818456770902358 ], [ -91.729413284315015, 41.818460980371384 ], [ -91.72938251428306, 41.820169918148665 ], [ -91.7292447785712, 41.820168187907342 ], [ -91.728495284732702, 41.820250673650165 ], [ -91.727997620940073, 41.818640616594749 ], [ -91.728000934571327, 41.818456770902358 ] ] ] ] } },
{ "type": "Feature", "properties": { "PPN": "0325276003", "TotalValue": 586100.0, "PropClass": "R", "pctLandVal": 0.1, "acreVal": 1776060.606060606, "SiteAddres": "1890 SUNSET DR NE", "credits": "HMST", "acres": 0.33, "permitNo": "BLD-26893", "permitType": "Dwelling", "permitDate": "11/28/2016", "permitYr": 2016, "nonmetro": 1 }, "geometry": { "type": "MultiPolygon", "coordinates": [ [ [ [ -91.611727482896129, 41.797278489822574 ], [ -91.612269867970369, 41.79714595066055 ], [ -91.612298777409492, 41.797196371562855 ], [ -91.612333684587981, 41.797244620319816 ], [ -91.612374301224236, 41.797290298450292 ], [ -91.612420291880795, 41.797333028702909 ], [ -91.612043148740682, 41.797556439113521 ], [ -91.611727482896129, 41.797278489822574 ] ] ] ] } },
{ "type": "Feature", "properties": { "PPN": "0728482003", "TotalValue": 626400.0, "PropClass": "R", "pctLandVal": 0.28, "acreVal": 272347.82608695654, "SiteAddres": "3154 DUBUQUE ST NE", "credits": "HMST", "acres": 2.3, "permitNo": "BLD-25736", "permitType": "Dwelling", "permitDate": "4/27/2015", "permitYr": 2015, "nonmetro": 0 }, "geometry": { "type": "MultiPolygon", "coordinates": [ [ [ [ -91.544052123336797, 41.704039530908382 ], [ -91.543882525315539, 41.703415664159472 ], [ -91.543872652811601, 41.703368822727668 ], [ -91.543910849195811, 41.703368779403533 ], [ -91.544547888600661, 41.703368056175222 ], [ -91.544549884583788, 41.703643389256676 ], [ -91.545104190320487, 41.703641602058624 ], [ -91.545182931333414, 41.703641364111924 ], [ -91.545245144575716, 41.703758087735523 ], [ -91.545468161542615, 41.704176506400763 ], [ -91.545494693062807, 41.70422376183906 ], [ -91.545523442377572, 41.704270283071644 ], [ -91.544136731993135, 41.704270669214537 ], [ -91.544104260075883, 41.704231315418298 ], [ -91.544052123336797, 41.704039530908382 ] ] ] ] } },
{ "type": "Feature", "properties": { "PPN": "0310477004", "TotalValue": 834500.0, "PropClass": "R", "pctLandVal": 0.16, "acreVal": 397380.95238095237, "SiteAddres": "2987 SPRING VALLEY CT", "credits": "NONE", "acres": 2.1, "permitNo": "BLD-25489", "permitType": "Dwelling", "permitDate": "11/5/2014", "permitYr": 2014, "nonmetro": 0 }, "geometry": { "type": "MultiPolygon", "coordinates": [ [ [ [ -91.637813149783057, 41.835637003697947 ], [ -91.638115805525359, 41.834758715158934 ], [ -91.63894135733662, 41.834766283386905 ], [ -91.638939456381706, 41.83482510170159 ], [ -91.638939481784405, 41.834826360148512 ], [ -91.63895593162529, 41.835634737296424 ], [ -91.638040854053273, 41.835762774137365 ], [ -91.638036941708847, 41.835741012366178 ], [ -91.638028437672361, 41.835719995964716 ], [ -91.638015559730562, 41.835700263148269 ], [ -91.63799863768196, 41.835682319259945 ], [ -91.637978104890706, 41.83566662382934 ], [ -91.637954487188182, 41.835653578804454 ], [ -91.637928389406881, 41.835643518258102 ], [ -91.637900479891158, 41.835636699832946 ], [ -91.637871473381523, 41.835633298143307 ], [ -91.63784211271124, 41.83563340030372 ], [ -91.637813149783057, 41.835637003697947 ] ] ] ] } },
{ "type": "Feature", "properties": { "PPN": "1035276002", "TotalValue": 15000.0, "PropClass": "C", "pctLandVal": 1.0, "acreVal": 5000.0, "SiteAddres": "4296  NURSERY LN SE", "credits": "NONE", "acres": 3.0, "permitNo": "BLD-25-33178", "permitType": "Dwelling", "permitDate": "3/21/2025", "permitYr": 2025, "nonmetro": 1 }, "geometry": { "type": "MultiPolygon", "coordinates": [ [ [ [ -91.511928363526522, 41.608860784458457 ], [ -91.511917486802488, 41.605944766372737 ], [ -91.512063747397349, 41.605944425256581 ], [ -91.512066025632976, 41.606555188940234 ], [ -91.512449964909734, 41.606554381927339 ], [ -91.512458581302809, 41.608859668673055 ], [ -91.511928363526522, 41.608860784458457 ] ] ] ] } },
{ "type": "Feature", "properties": { "PPN": "1311202001", "TotalValue": 335600.0, "PropClass": "R", "pctLandVal": 0.27, "acreVal": 85177.664974619285, "SiteAddres": "1909 480TH ST SW", "credits": "NONE", "acres": 3.94, "permitNo": "BLD-26444", "permitType": "Dwelling", "permitDate": "6/10/2016", "permitYr": 2016, "nonmetro": 1 }, "geometry": { "type": "MultiPolygon", "coordinates": [ [ [ [ -91.743071365021109, 41.582659692698158 ], [ -91.743005340711804, 41.584129756261127 ], [ -91.741645416797198, 41.584137323038576 ], [ -91.740178153082368, 41.584137900028722 ], [ -91.740178112579756, 41.5840747784789 ], [ -91.741648389313269, 41.584074241843375 ], [ -91.741912192650915, 41.58407414468558 ], [ -91.741975479565156, 41.582665548696191 ], [ -91.743071365021109, 41.582659692698158 ] ] ] ] } },
{ "type": "Feature", "properties": { "PPN": "0310477005", "TotalValue": 577400.0, "PropClass": "R", "pctLandVal": 0.21, "acreVal": 374935.06493506493, "SiteAddres": "2991 SPRING VALLEY CT", "credits": "HMST", "acres": 1.54, "permitNo": "BLD-25845", "permitType": "Dwelling", "permitDate": "5/28/2015", "permitYr": 2015, "nonmetro": 0 }, "geometry": { "type": "MultiPolygon", "coordinates": [ [ [ [ -91.637443291737583, 41.834752545850918 ], [ -91.638115805525359, 41.834758715158934 ], [ -91.637813149783057, 41.835637003697947 ], [ -91.637783652173738, 41.835644559958205 ], [ -91.637756291432467, 41.83565574247784 ], [ -91.637731857769325, 41.835670228293139 ], [ -91.637711056858421, 41.835687599037236 ], [ -91.63769448945726, 41.83570735302294 ], [ -91.637682634055949, 41.835728919731764 ], [ -91.637675833057614, 41.835751676291046 ], [ -91.637674282888867, 41.835774965463216 ], [ -91.637673683592737, 41.835785588799595 ], [ -91.637670896497511, 41.835796015292296 ], [ -91.637665988550424, 41.835805994488666 ], [ -91.637659077643335, 41.835815286680429 ], [ -91.637650329781081, 41.835823668661526 ], [ -91.63763995509386, 41.835830939089902 ], [ -91.637628202789784, 41.835836923323789 ], [ -91.637385599396424, 41.835937010414014 ], [ -91.637189895660811, 41.835552278840389 ], [ -91.637443291737583, 41.834752545850918 ] ] ] ] } },
{ "type": "Feature", "properties": { "PPN": "0216458021", "TotalValue": 583700.0, "PropClass": "R", "pctLandVal": 0.14, "acreVal": 1536052.6315789474, "SiteAddres": "3952 HENDRICKS LN NE", "credits": "HMST", "acres": 0.38, "permitNo": "BLD-26423", "permitType": "Dwelling", "permitDate": "4/18/2016", "permitYr": 2016, "nonmetro": 1 }, "geometry": { "type": "MultiPolygon", "coordinates": [ [ [ [ -91.547520280157471, 41.820577519768079 ], [ -91.547559153822618, 41.820529537191625 ], [ -91.547593154316786, 41.820479526828997 ], [ -91.54762209371566, 41.820427765109507 ], [ -91.547665071967458, 41.820342077622485 ], [ -91.548175525409945, 41.820485363185604 ], [ -91.548003158300773, 41.820815256084721 ], [ -91.547520280157471, 41.820577519768079 ] ] ] ] } },
{ "type": "Feature", "properties": { "PPN": "1315203001", "TotalValue": 550000.0, "PropClass": "R", "pctLandVal": 0.12, "acreVal": 423076.92307692301, "SiteAddres": "1675 500TH ST SW", "credits": "HMST", "acres": 1.3, "permitNo": "BLD-23-31755", "permitType": "Dwelling", "permitDate": "6/7/2023", "permitYr": 2023, "nonmetro": 1 }, "geometry": { "type": "MultiPolygon", "coordinates": [ [ [ [ -91.764799083157754, 41.569592071105411 ], [ -91.763989647659457, 41.569592039859423 ], [ -91.763989662289944, 41.569385933006295 ], [ -91.763668835106387, 41.569385918964187 ], [ -91.763668863077683, 41.569031750360899 ], [ -91.76479911827613, 41.569031795666646 ], [ -91.764799083157754, 41.569592071105411 ] ] ] ] } },
{ "type": "Feature", "properties": { "PPN": "0216458018", "TotalValue": 647800.0, "PropClass": "R", "pctLandVal": 0.13, "acreVal": 1542380.9523809527, "SiteAddres": "3956 HENDRICKS LN NE", "credits": "HMST", "acres": 0.42, "permitNo": "BLD-26333", "permitType": "Dwelling", "permitDate": "3/8/2016", "permitYr": 2016, "nonmetro": 1 }, "geometry": { "type": "MultiPolygon", "coordinates": [ [ [ [ -91.547291170881579, 41.820761673753225 ], [ -91.547355990277524, 41.820721187537323 ], [ -91.54741605613475, 41.8206767882101 ], [ -91.54747094762034, 41.820628786849035 ], [ -91.547520280157471, 41.820577519768079 ], [ -91.548003158300773, 41.820815256084721 ], [ -91.547767619792239, 41.821003892271165 ], [ -91.547642187117361, 41.821104346665628 ], [ -91.547291170881579, 41.820761673753225 ] ] ] ] } },
{ "type": "Feature", "properties": { "PPN": "0310477002", "TotalValue": 576200.0, "PropClass": "R", "pctLandVal": 0.2, "acreVal": 439847.32824427477, "SiteAddres": "2988 SPRING VALLEY CT", "credits": "NONE", "acres": 1.31, "permitNo": "BLD-25887", "permitType": "Dwelling", "permitDate": "6/19/2015", "permitYr": 2015, "nonmetro": 0 }, "geometry": { "type": "MultiPolygon", "coordinates": [ [ [ [ -91.637870397466983, 41.835906996926745 ], [ -91.638755359204566, 41.836744656685909 ], [ -91.638362646669378, 41.836995863753337 ], [ -91.637408238951934, 41.83608312739338 ], [ -91.637570079426411, 41.836018524772363 ], [ -91.637730080813867, 41.835951409205371 ], [ -91.637791737855494, 41.8359249096601 ], [ -91.637816650459413, 41.835915995935849 ], [ -91.637843069857794, 41.835909979587335 ], [ -91.637870397466983, 41.835906996926745 ] ] ] ] } },
{ "type": "Feature", "properties": { "PPN": "0216458013", "TotalValue": 441000.0, "PropClass": "R", "pctLandVal": 0.17, "acreVal": 1260000.0, "SiteAddres": "1559 PALMER CT NE", "credits": "HMST", "acres": 0.35, "permitNo": "BLD-26604", "permitType": "Dwelling", "permitDate": "6/24/2016", "permitYr": 2016, "nonmetro": 1 }, "geometry": { "type": "MultiPolygon", "coordinates": [ [ [ [ -91.54665943968584, 41.821365574784558 ], [ -91.547105171288294, 41.821131352590712 ], [ -91.547302531129247, 41.821306383549285 ], [ -91.547331340965101, 41.821331934368452 ], [ -91.546894013408533, 41.821592062584322 ], [ -91.546703822321092, 41.821413170028976 ], [ -91.546680631850208, 41.821389893724138 ], [ -91.54665943968584, 41.821365574784558 ] ] ] ] } },
{ "type": "Feature", "properties": { "PPN": "0310477001", "TotalValue": 582700.0, "PropClass": "R", "pctLandVal": 0.21, "acreVal": 346845.23809523816, "SiteAddres": "2992 SPRING VALLEY CT", "credits": "HMST", "acres": 1.68, "permitNo": "BLD-26600", "permitType": "Dwelling", "permitDate": "6/23/2016", "permitYr": 2016, "nonmetro": 0 }, "geometry": { "type": "MultiPolygon", "coordinates": [ [ [ [ -91.636887431070917, 41.836285824954416 ], [ -91.637408238951934, 41.83608312739338 ], [ -91.638362646669378, 41.836995863753337 ], [ -91.637916474733714, 41.837281262168865 ], [ -91.637350751023192, 41.836786646999158 ], [ -91.637247268621977, 41.836692328234506 ], [ -91.637149035367983, 41.836594920963357 ], [ -91.637056215883462, 41.836494588447195 ], [ -91.636968965714587, 41.836391498849594 ], [ -91.636887431070917, 41.836285824954416 ] ] ] ] } },
{ "type": "Feature", "properties": { "PPN": "0216458026", "TotalValue": 522800.0, "PropClass": "R", "pctLandVal": 0.15, "acreVal": 1244761.9047619049, "SiteAddres": "3936 HENDRICKS LN NE", "credits": "NONE", "acres": 0.42, "permitNo": "BLD-26155", "permitType": "Dwelling", "permitDate": "11/16/2016", "permitYr": 2016, "nonmetro": 1 }, "geometry": { "type": "MultiPolygon", "coordinates": [ [ [ [ -91.547822255422446, 41.819346304291571 ], [ -91.548374452248893, 41.819102048813122 ], [ -91.548466426352022, 41.819218314496702 ], [ -91.548443522279726, 41.819493987259762 ], [ -91.547925017083926, 41.819546539243291 ], [ -91.547907854065841, 41.819494234428632 ], [ -91.547884891803179, 41.819443189493725 ], [ -91.547856291850465, 41.819393763543324 ], [ -91.547822255422446, 41.819346304291571 ] ] ] ] } },
{ "type": "Feature", "properties": { "PPN": "0310477006", "TotalValue": 775100.0, "PropClass": "R", "pctLandVal": 0.16, "acreVal": 506601.30718954245, "SiteAddres": "2995 SPRING VALLEY CT", "credits": "NONE", "acres": 1.53, "permitNo": "BLD-26870", "permitType": "Dwelling", "permitDate": "10/31/2016", "permitYr": 2016, "nonmetro": 0 }, "geometry": { "type": "MultiPolygon", "coordinates": [ [ [ [ -91.636724659992396, 41.834921374967323 ], [ -91.637443291737583, 41.834752545850918 ], [ -91.637189895660811, 41.835552278840389 ], [ -91.637385599396424, 41.835937010414014 ], [ -91.637323496207884, 41.835961422376556 ], [ -91.636932960786936, 41.83611343107129 ], [ -91.636861601614157, 41.835998238132348 ], [ -91.636797123445376, 41.835880798128521 ], [ -91.636739652377869, 41.835761340800531 ], [ -91.636725640083455, 41.835723136977222 ], [ -91.636717378223551, 41.835684006841092 ], [ -91.636714968666411, 41.835644432913618 ], [ -91.636724659992396, 41.834921374967323 ] ] ] ] } },
{ "type": "Feature", "properties": { "PPN": "0216458025", "TotalValue": 420900.0, "PropClass": "R", "pctLandVal": 0.2, "acreVal": 1026585.3658536586, "SiteAddres": "3940 HENDRICKS LN NE", "credits": "HMST", "acres": 0.41, "permitNo": "BLD-26491", "permitType": "Dwelling", "permitDate": "5/13/2016", "permitYr": 2016, "nonmetro": 1 }, "geometry": { "type": "MultiPolygon", "coordinates": [ [ [ [ -91.547934153143032, 41.819587151005223 ], [ -91.548496611441209, 41.81953014505229 ], [ -91.54847669888575, 41.819762239692409 ], [ -91.548461642503696, 41.81993775467862 ], [ -91.547915048394174, 41.819832980006851 ], [ -91.547931706278774, 41.81977232690388 ], [ -91.547940485014919, 41.81971075625593 ], [ -91.547941303159533, 41.8196488394303 ], [ -91.547934153143032, 41.819587151005223 ] ] ] ] } },
{ "type": "Feature", "properties": { "PPN": "0226252006", "TotalValue": 816800.0, "PropClass": "R", "pctLandVal": 0.16, "acreVal": 326720.0, "SiteAddres": "4283 BUFFALO CT NE", "credits": "HMST", "acres": 2.5, "permitNo": "BLD-17563", "permitType": "Dwelling", "permitDate": "11/6/2012", "permitYr": 2012, "nonmetro": 1 }, "geometry": { "type": "MultiPolygon", "coordinates": [ [ [ [ -91.517360477223065, 41.797031831601721 ], [ -91.518377317058949, 41.796359533451415 ], [ -91.51909242174527, 41.796965168352465 ], [ -91.518075582185162, 41.797637474454454 ], [ -91.517360477223065, 41.797031831601721 ] ] ] ] } },
{ "type": "Feature", "properties": { "PPN": "0310477003", "TotalValue": 726600.0, "PropClass": "R", "pctLandVal": 0.17, "acreVal": 435089.82035928144, "SiteAddres": "2984 SPRING VALLEY CT", "credits": "NONE", "acres": 1.67, "permitNo": "BLD-19-28567", "permitType": "Dwelling", "permitDate": "8/15/2019", "permitYr": 2019, "nonmetro": 0 }, "geometry": { "type": "MultiPolygon", "coordinates": [ [ [ [ -91.63895593162529, 41.835634737296424 ], [ -91.638975655069046, 41.836603739085206 ], [ -91.638755359204566, 41.836744656685909 ], [ -91.637870397466983, 41.835906996926745 ], [ -91.637901669724044, 41.835903320138911 ], [ -91.637931631353538, 41.835895677951207 ], [ -91.637959390390037, 41.835884297873633 ], [ -91.63798412044099, 41.835869518694082 ], [ -91.638005085288967, 41.835851780392396 ], [ -91.638021660809002, 41.835831611041662 ], [ -91.638033353548806, 41.835809611087534 ], [ -91.638039815418622, 41.835786435472343 ], [ -91.638040854053273, 41.835762774137365 ], [ -91.63895593162529, 41.835634737296424 ] ] ] ] } },
{ "type": "Feature", "properties": { "PPN": "0216458017", "TotalValue": 810500.0, "PropClass": "R", "pctLandVal": 0.1, "acreVal": 1884883.7209302327, "SiteAddres": "3960 HENDRICKS LN NE", "credits": "HMST", "acres": 0.43, "permitNo": "BLD-18-27890", "permitType": "Dwelling", "permitDate": "6/28/2018", "permitYr": 2018, "nonmetro": 1 }, "geometry": { "type": "MultiPolygon", "coordinates": [ [ [ [ -91.547105171288294, 41.821131352590712 ], [ -91.54699387616057, 41.820879269193121 ], [ -91.5470728833034, 41.820856968336507 ], [ -91.547149120371969, 41.820829803134004 ], [ -91.547222053226946, 41.820797963914217 ], [ -91.547291170881579, 41.820761673753225 ], [ -91.547642187117361, 41.821104346665628 ], [ -91.547302531129247, 41.821306383549285 ], [ -91.547105171288294, 41.821131352590712 ] ] ] ] } },
{ "type": "Feature", "properties": { "PPN": "0226252001", "TotalValue": 754400.0, "PropClass": "R", "pctLandVal": 0.15, "acreVal": 410000.0, "SiteAddres": "4294 BUFFALO CT NE", "credits": "NONE", "acres": 1.84, "permitNo": "BLD-17749", "permitType": "Dwelling", "permitDate": "4/1/2013", "permitYr": 2013, "nonmetro": 1 }, "geometry": { "type": "MultiPolygon", "coordinates": [ [ [ [ -91.51636362907044, 41.796744168816289 ], [ -91.516456473873674, 41.796745193299003 ], [ -91.516530362521294, 41.796749303707529 ], [ -91.516603077713569, 41.796759944580195 ], [ -91.516673592416311, 41.796776965624623 ], [ -91.516740910673192, 41.796800126434405 ], [ -91.516804081672049, 41.796829099884306 ], [ -91.516862213173681, 41.796863476750403 ], [ -91.516914484113457, 41.796902771489741 ], [ -91.517451766081095, 41.79735783277394 ], [ -91.516526861443836, 41.79796932756728 ], [ -91.516489224755105, 41.797931724046961 ], [ -91.516448365384448, 41.797885918103397 ], [ -91.516414377100674, 41.797837069836277 ], [ -91.516387659852796, 41.797785754078525 ], [ -91.516368528023833, 41.797732574698429 ], [ -91.516357206732067, 41.797678157493323 ], [ -91.516353829182734, 41.79762314282538 ], [ -91.51636362907044, 41.796744168816289 ] ] ] ] } },
{ "type": "Feature", "properties": { "PPN": "0706453004", "TotalValue": 1368700.0000000002, "PropClass": "R", "pctLandVal": 0.26, "acreVal": 445830.61889250815, "SiteAddres": "2377 MEHAFFEY BRIDGE RD NE", "credits": "NONE", "acres": 3.07, "permitNo": "BLD-18-27794", "permitType": "Dwelling", "permitDate": "5/29/2018", "permitYr": 2018, "nonmetro": 1 }, "geometry": { "type": "MultiPolygon", "coordinates": [ [ [ [ -91.589406180232999, 41.761712151157312 ], [ -91.589421003183418, 41.760902669286843 ], [ -91.590085983727192, 41.760175579780253 ], [ -91.590098434142973, 41.759494626813826 ], [ -91.590117768693943, 41.759489703440288 ], [ -91.590355896247516, 41.759445855407577 ], [ -91.590355057962057, 41.759491584029035 ], [ -91.590315550076937, 41.761653012192383 ], [ -91.590314299864531, 41.761721438136874 ], [ -91.589555667945731, 41.761713657990754 ], [ -91.589406180232999, 41.761712151157312 ] ] ] ] } },
{ "type": "Feature", "properties": { "PPN": "0216458022", "TotalValue": 436700.0, "PropClass": "R", "pctLandVal": 0.17, "acreVal": 1284411.7647058822, "SiteAddres": "3948 HENDRICKS LN NE", "credits": "HMST", "acres": 0.34, "permitNo": "BLD-19-28317", "permitType": "Dwelling", "permitDate": "4/9/2019", "permitYr": 2019, "nonmetro": 1 }, "geometry": { "type": "MultiPolygon", "coordinates": [ [ [ [ -91.547665071967458, 41.820342077622485 ], [ -91.5477939347427, 41.820085144433278 ], [ -91.548309081970004, 41.820229743829046 ], [ -91.548262649073564, 41.820318613746572 ], [ -91.548175525409945, 41.820485363185604 ], [ -91.547665071967458, 41.820342077622485 ] ] ] ] } },
{ "type": "Feature", "properties": { "PPN": "0226252004", "TotalValue": 690000.0, "PropClass": "R", "pctLandVal": 0.19, "acreVal": 276000.0, "SiteAddres": "4273 BUFFALO CT NE", "credits": "HMST", "acres": 2.5, "permitNo": "BLD-16156", "permitType": "Dwelling", "permitDate": "4/30/2010", "permitYr": 2010, "nonmetro": 1 }, "geometry": { "type": "MultiPolygon", "coordinates": [ [ [ [ -91.518758642806759, 41.798874974000753 ], [ -91.518570856388465, 41.798123890328696 ], [ -91.518600075969928, 41.798117894775402 ], [ -91.518627577288171, 41.798108380631156 ], [ -91.518652609497906, 41.798095607652897 ], [ -91.518674489166997, 41.798079924570679 ], [ -91.518692618935745, 41.798061759566444 ], [ -91.518706503826067, 41.798041608583553 ], [ -91.518715764755171, 41.79802002178635 ], [ -91.518720148885066, 41.797997588539474 ], [ -91.518719536525055, 41.797974921316708 ], [ -91.520153863787783, 41.797864093992239 ], [ -91.520082205524304, 41.798363692388257 ], [ -91.519463758354007, 41.798697366200443 ], [ -91.518868626791274, 41.798877128901687 ], [ -91.518758642806759, 41.798874974000753 ] ] ] ] } },
{ "type": "Feature", "properties": { "PPN": "0216458008", "TotalValue": 495500.0, "PropClass": "R", "pctLandVal": 0.16, "acreVal": 1303947.3684210526, "SiteAddres": "1552 PALMER CT NE", "credits": "HMST", "acres": 0.38, "permitNo": "BLD-27271", "permitType": "Dwelling", "permitDate": "7/25/2017", "permitYr": 2017, "nonmetro": 1 }, "geometry": { "type": "MultiPolygon", "coordinates": [ [ [ [ -91.546633139876164, 41.822234832463586 ], [ -91.547068022432498, 41.821976160853382 ], [ -91.547125178692241, 41.822029920440151 ], [ -91.547133725054579, 41.822039514131681 ], [ -91.547140003164373, 41.822050042809224 ], [ -91.547143835744251, 41.822061209172411 ], [ -91.547145114571578, 41.822072697914273 ], [ -91.547143803534482, 41.822084184624615 ], [ -91.547141196444386, 41.822105600300382 ], [ -91.547143094662346, 41.822127057655351 ], [ -91.547149451567179, 41.822148029636416 ], [ -91.547160111019423, 41.822168001112132 ], [ -91.547174811196214, 41.822186481525847 ], [ -91.547193191022018, 41.82220301694533 ], [ -91.547214799037519, 41.822217201212624 ], [ -91.546922304271035, 41.822509855875133 ], [ -91.546872181786469, 41.822560015028266 ], [ -91.546633139876164, 41.822234832463586 ] ] ] ] } },
{ "type": "Feature", "properties": { "PPN": "0226252005", "TotalValue": 620400.0, "PropClass": "R", "pctLandVal": 0.21, "acreVal": 248160.0, "SiteAddres": "4277 BUFFALO CT NE", "credits": "HMST", "acres": 2.5, "permitNo": "BLD-17322", "permitType": "Dwelling", "permitDate": "7/10/2012", "permitYr": 2012, "nonmetro": 1 }, "geometry": { "type": "MultiPolygon", "coordinates": [ [ [ [ -91.518075582185162, 41.797637474454454 ], [ -91.51909242174527, 41.796965168352465 ], [ -91.520153863787783, 41.797864093992239 ], [ -91.518719536525055, 41.797974921316708 ], [ -91.518714141468266, 41.797953186448012 ], [ -91.518704151952718, 41.7979323819836 ], [ -91.518689827285129, 41.79791304795463 ], [ -91.518671539300897, 41.797895686223065 ], [ -91.518649762711902, 41.797880747454755 ], [ -91.518625062783983, 41.797868619421322 ], [ -91.518598080664106, 41.797859616934844 ], [ -91.51856951673804, 41.797853973676226 ], [ -91.51854011245031, 41.797851836129674 ], [ -91.518510631058632, 41.797853259780204 ], [ -91.518481837822108, 41.797858207673613 ], [ -91.518468957564082, 41.797860507171976 ], [ -91.518455768972473, 41.79786139426384 ], [ -91.518442547165947, 41.797860850444181 ], [ -91.518429567956019, 41.797858887057266 ], [ -91.518417102093579, 41.797855545060031 ], [ -91.518346696155788, 41.797826822281536 ], [ -91.518280448382342, 41.797793011464243 ], [ -91.518219013212956, 41.797754446617311 ], [ -91.518162997541566, 41.797711508713277 ], [ -91.518075582185162, 41.797637474454454 ] ] ] ] } },
{ "type": "Feature", "properties": { "PPN": "0226252002", "TotalValue": 676000.0, "PropClass": "R", "pctLandVal": 0.18, "acreVal": 301785.71428571426, "SiteAddres": "4286 BUFFALO CT NE", "credits": "HMST", "acres": 2.24, "permitNo": "BLD-16208", "permitType": "Dwelling", "permitDate": "4/5/2010", "permitYr": 2010, "nonmetro": 1 }, "geometry": { "type": "MultiPolygon", "coordinates": [ [ [ [ -91.516526861443836, 41.79796932756728 ], [ -91.517451766081095, 41.79735783277394 ], [ -91.517998113357294, 41.797820548616293 ], [ -91.518044356898216, 41.797857207909964 ], [ -91.518093713372963, 41.797891519251124 ], [ -91.518145970335041, 41.797923334949154 ], [ -91.517143917604542, 41.798585838484328 ], [ -91.516526861443836, 41.79796932756728 ] ] ] ] } },
{ "type": "Feature", "properties": { "PPN": "0706102008", "TotalValue": 16400.0, "PropClass": "R", "pctLandVal": 1.0, "acreVal": 25625.0, "SiteAddres": "3594 CREEK RD NE", "credits": "NONE", "acres": 0.64, "permitNo": "BLD-27105", "permitType": "Dwelling", "permitDate": "3/18/2019", "permitYr": 2019, "nonmetro": 1 }, "geometry": { "type": "MultiPolygon", "coordinates": [ [ [ [ -91.580890007969884, 41.772401943740761 ], [ -91.580582733726189, 41.772311991205171 ], [ -91.58075035156017, 41.771992732457058 ], [ -91.5809581951886, 41.771596851581059 ], [ -91.581299374800551, 41.771697232438896 ], [ -91.580923916506379, 41.772412373140398 ], [ -91.580890007969884, 41.772401943740761 ] ] ] ] } },
{ "type": "Feature", "properties": { "PPN": "0921178004", "TotalValue": 686000.0, "PropClass": "R", "pctLandVal": 0.11, "acreVal": 562295.08196721307, "SiteAddres": "5172  AMERICAN LEGION RD SE", "credits": "NONE", "acres": 1.22, "permitNo": "BLD-20-29297", "permitType": "Dwelling", "permitDate": "7/21/2020", "permitYr": 2020, "nonmetro": 1 }, "geometry": { "type": "MultiPolygon", "coordinates": [ [ [ [ -91.427642001697933, 41.635764344754413 ], [ -91.427698392028603, 41.635663092349645 ], [ -91.428132344589187, 41.634883880563116 ], [ -91.428664075791545, 41.635050531000189 ], [ -91.428478009373833, 41.635495963545168 ], [ -91.428270980724733, 41.635583763452942 ], [ -91.428117290430777, 41.635913121347784 ], [ -91.427642001697933, 41.635764344754413 ] ] ] ] } },
{ "type": "Feature", "properties": { "PPN": "1223102008", "TotalValue": 560300.0, "PropClass": "R", "pctLandVal": 0.14, "acreVal": 309558.01104972378, "SiteAddres": "1989 LUCAS CT SW", "credits": "HMST", "acres": 1.81, "permitNo": "BLD-25712", "permitType": "Dwelling", "permitDate": "4/9/2015", "permitYr": 2015, "nonmetro": 1 }, "geometry": { "type": "MultiPolygon", "coordinates": [ [ [ [ -91.737773219179374, 41.640453666195306 ], [ -91.737785448661896, 41.640976718153887 ], [ -91.737802128460046, 41.64169014560467 ], [ -91.737632298535488, 41.641730560923712 ], [ -91.737460154916548, 41.6417650312505 ], [ -91.737286067244312, 41.641793482566982 ], [ -91.737110409335997, 41.641815853779654 ], [ -91.736933558381892, 41.641832096850727 ], [ -91.736755894135115, 41.641842176901392 ], [ -91.736577798095922, 41.641846072286704 ], [ -91.737773219179374, 41.640453666195306 ] ] ] ] } },
{ "type": "Feature", "properties": { "PPN": "0216458011", "TotalValue": 679000.0, "PropClass": "R", "pctLandVal": 0.12, "acreVal": 1741025.6410256412, "SiteAddres": "1564 PALMER CT NE", "credits": "HMST", "acres": 0.39, "permitNo": "BLD-25963", "permitType": "Dwelling", "permitDate": "7/29/2015", "permitYr": 2015, "nonmetro": 1 }, "geometry": { "type": "MultiPolygon", "coordinates": [ [ [ [ -91.546408272623125, 41.821328877993068 ], [ -91.546438291183179, 41.821371935289953 ], [ -91.546472618853741, 41.82141315164759 ], [ -91.546511055065423, 41.821452286237992 ], [ -91.546611322543185, 41.821546597508721 ], [ -91.54617644104232, 41.821805267451396 ], [ -91.545902914053471, 41.821507980136111 ], [ -91.546408272623125, 41.821328877993068 ] ] ] ] } },
{ "type": "Feature", "properties": { "PPN": "1406102008", "TotalValue": 505600.0, "PropClass": "R", "pctLandVal": 0.16, "acreVal": 407741.93548387097, "SiteAddres": "2357 OAK LANE CT SW", "credits": "NONE", "acres": 1.24, "permitNo": "BLD-17-27518", "permitType": "Dwelling", "permitDate": "11/20/2017", "permitYr": 2017, "nonmetro": 1 }, "geometry": { "type": "MultiPolygon", "coordinates": [ [ [ [ -91.697873073689408, 41.598229281847672 ], [ -91.697888327074594, 41.59783639446988 ], [ -91.697924872401288, 41.597837194341409 ], [ -91.699268022926859, 41.597866571838821 ], [ -91.699348996432448, 41.598090823001577 ], [ -91.699319431711288, 41.598098946702422 ], [ -91.699292162400383, 41.598110757797855 ], [ -91.699267997339163, 41.598125905957559 ], [ -91.699247653292886, 41.59814394187012 ], [ -91.699231733692699, 41.598164330569588 ], [ -91.699220710736952, 41.598186467303208 ], [ -91.699214456496975, 41.598199177049473 ], [ -91.699205509982747, 41.59821094473515 ], [ -91.699194113480218, 41.598221451670646 ], [ -91.699180575625803, 41.598230413309551 ], [ -91.699165263047959, 41.598237586954696 ], [ -91.699148590438227, 41.598242778330885 ], [ -91.699131009320695, 41.598245846846346 ], [ -91.699112995823697, 41.598246709400101 ], [ -91.698203991609802, 41.598233931361257 ], [ -91.697909628312331, 41.598229796378732 ], [ -91.697873073689408, 41.598229281847672 ] ] ] ] } },
{ "type": "Feature", "properties": { "PPN": "0216458023", "TotalValue": 508700.0, "PropClass": "R", "pctLandVal": 0.15, "acreVal": 1374864.8648648649, "SiteAddres": "3944 HENDRICKS LN NE", "credits": "HMST", "acres": 0.37, "permitNo": "BLD-27327", "permitType": "Dwelling", "permitDate": "8/16/2017", "permitYr": 2017, "nonmetro": 1 }, "geometry": { "type": "MultiPolygon", "coordinates": [ [ [ [ -91.5477939347427, 41.820085144433278 ], [ -91.547887179205759, 41.819899226130588 ], [ -91.547902310740142, 41.819866384828082 ], [ -91.547915048394174, 41.819832980006851 ], [ -91.548461642503696, 41.81993775467862 ], [ -91.548377562407509, 41.820098675636572 ], [ -91.548309081970004, 41.820229743829046 ], [ -91.5477939347427, 41.820085144433278 ] ] ] ] } },
{ "type": "Feature", "properties": { "PPN": "0216458012", "TotalValue": 551700.0, "PropClass": "R", "pctLandVal": 0.17, "acreVal": 1345609.756097561, "SiteAddres": "1563 PALMER CT NE", "credits": "NONE", "acres": 0.41, "permitNo": "BLD-20-28965", "permitType": "Dwelling", "permitDate": "5/15/2020", "permitYr": 2020, "nonmetro": 1 }, "geometry": { "type": "MultiPolygon", "coordinates": [ [ [ [ -91.546527614083502, 41.820980709412495 ], [ -91.546526992457416, 41.820974988655436 ], [ -91.546527708199619, 41.82096927405717 ], [ -91.546529739565912, 41.820963739223842 ], [ -91.546533024844265, 41.820958552300517 ], [ -91.546537464229559, 41.820953870862859 ], [ -91.546542922855707, 41.820949837130158 ], [ -91.546549234892723, 41.820946573644804 ], [ -91.546556208584661, 41.820944179549493 ], [ -91.546563632074935, 41.820942727575371 ], [ -91.546846984273316, 41.820906610001558 ], [ -91.546921116715282, 41.820895003314099 ], [ -91.54699387616057, 41.820879269193121 ], [ -91.547105171288294, 41.821131352590712 ], [ -91.54665943968584, 41.821365574784558 ], [ -91.546631526646024, 41.821327272501399 ], [ -91.54660856325215, 41.82128717305703 ], [ -91.546590753879002, 41.821245633353534 ], [ -91.546578257027321, 41.821203023111416 ], [ -91.546527614083502, 41.820980709412495 ] ] ] ] } },
{ "type": "Feature", "properties": { "PPN": "1223106002", "TotalValue": 683400.0, "PropClass": "R", "pctLandVal": 0.1, "acreVal": 663495.14563106792, "SiteAddres": "1994 ALEX WAY SW", "credits": "HMST", "acres": 1.03, "permitNo": "BLD-21-30226", "permitType": "Dwelling", "permitDate": "8/23/2021", "permitYr": 2021, "nonmetro": 1 }, "geometry": { "type": "MultiPolygon", "coordinates": [ [ [ [ -91.736982574171662, 41.643359466374619 ], [ -91.737635609375388, 41.642982126173614 ], [ -91.737654557178928, 41.642997888564693 ], [ -91.737676518825978, 41.64301127060692 ], [ -91.737700968904093, 41.643021952146086 ], [ -91.737727322466284, 41.643029677635099 ], [ -91.737754949025444, 41.643034262247994 ], [ -91.737783187638485, 41.643035596301537 ], [ -91.737811362719228, 41.643033647879584 ], [ -91.73794741757554, 41.643630721201468 ], [ -91.736981001857473, 41.64363115710529 ], [ -91.736982574171662, 41.643359466374619 ] ] ] ] } },
{ "type": "Feature", "properties": { "PPN": "0216458032", "TotalValue": 673200.0, "PropClass": "R", "pctLandVal": 0.12, "acreVal": 1346400.0, "SiteAddres": "1548 PALMER CT NE", "credits": "HMST", "acres": 0.5, "permitNo": "BLD-18-27677", "permitType": "Dwelling", "permitDate": "4/16/2018", "permitYr": 2018, "nonmetro": 1 }, "geometry": { "type": "MultiPolygon", "coordinates": [ [ [ [ -91.546922304271035, 41.822509855875133 ], [ -91.547214799037519, 41.822217201212624 ], [ -91.547241916665001, 41.822229773114024 ], [ -91.54727153625781, 41.822238640318972 ], [ -91.54730276183011, 41.822243534596325 ], [ -91.547334648814711, 41.82224430789524 ], [ -91.547366232636378, 41.822240936823519 ], [ -91.547396557890735, 41.822233523355422 ], [ -91.547424707245497, 41.822222291746861 ], [ -91.547424718846571, 41.822222306350568 ], [ -91.54770784736337, 41.822547640345881 ], [ -91.54770781567133, 41.822547653322076 ], [ -91.54753077998781, 41.822616456530412 ], [ -91.547408209005454, 41.822664092559457 ], [ -91.54717832909283, 41.822664108631749 ], [ -91.547070387271759, 41.822599082050061 ], [ -91.546922304271035, 41.822509855875133 ] ] ] ] } },
{ "type": "Feature", "properties": { "PPN": "1531178001", "TotalValue": 741400.0, "PropClass": "R", "pctLandVal": 0.12, "acreVal": 278721.80451127817, "SiteAddres": "5695 NAPLES AVE SW", "credits": "HMST", "acres": 2.66, "permitNo": "BLD-21-30005", "permitType": "Dwelling", "permitDate": "7/12/2021", "permitYr": 2021, "nonmetro": 1 }, "geometry": { "type": "MultiPolygon", "coordinates": [ [ [ [ -91.579753880847662, 41.51839220765843 ], [ -91.579752384284632, 41.518282844006045 ], [ -91.582406358477627, 41.518328391464479 ], [ -91.582351212810309, 41.519178166665917 ], [ -91.581397487096552, 41.519025932443022 ], [ -91.580970213899377, 41.518858244564782 ], [ -91.581103687492728, 41.518544557914538 ], [ -91.580728542260104, 41.518408941348852 ], [ -91.579753880847662, 41.51839220765843 ] ] ] ] } },
{ "type": "Feature", "properties": { "PPN": "0111181005", "TotalValue": 392100.0, "PropClass": "R", "pctLandVal": 0.13, "acreVal": 324049.58677685953, "SiteAddres": "1287 WHITE OAK CT NE", "credits": "HMST, MIL", "acres": 1.21, "permitNo": "BLD-20-28987", "permitType": "Dwelling", "permitDate": "4/6/2020", "permitYr": 2020, "nonmetro": 1 }, "geometry": { "type": "MultiPolygon", "coordinates": [ [ [ [ -91.38827985259563, 41.840057891500535 ], [ -91.38722332961818, 41.839777437181631 ], [ -91.387231728272042, 41.839773070612004 ], [ -91.38723996156844, 41.839768529926026 ], [ -91.387248022168691, 41.839763818592729 ], [ -91.387255905082995, 41.839758941925041 ], [ -91.387263601798324, 41.839753902470058 ], [ -91.387271107353982, 41.839748704640733 ], [ -91.387278418022234, 41.839743351971684 ], [ -91.387285525202429, 41.839737849710183 ], [ -91.387292425166763, 41.839732201390987 ], [ -91.387299110576677, 41.839726410483081 ], [ -91.387305578790986, 41.839720484143285 ], [ -91.387311822529639, 41.839714424040537 ], [ -91.387317839210056, 41.83970823553144 ], [ -91.387323621376666, 41.839701925685375 ], [ -91.387329167767447, 41.839695496280548 ], [ -91.38733447213049, 41.83968895440816 ], [ -91.387339528301638, 41.839682304459188 ], [ -91.387344337309131, 41.839675551855869 ], [ -91.387348890581549, 41.839668700945481 ], [ -91.387353187885083, 41.839661758928479 ], [ -91.387357225491954, 41.839654729339507 ], [ -91.387360997179613, 41.839647618369732 ], [ -91.387364505179889, 41.839640431463231 ], [ -91.387367742066573, 41.839633174789178 ], [ -91.387370708897194, 41.839625852869773 ], [ -91.387373399449046, 41.839618471896152 ], [ -91.387375813546853, 41.839611037268604 ], [ -91.387377950927515, 41.839603557087727 ], [ -91.387379809125491, 41.839596033109849 ], [ -91.387381385441245, 41.839588474291922 ], [ -91.387382679728731, 41.839580885134104 ], [ -91.38738369055045, 41.839573272815109 ], [ -91.387384416556785, 41.839565641813344 ], [ -91.387384858746728, 41.839557998450978 ], [ -91.387385015682909, 41.83955034990673 ], [ -91.387384886044828, 41.839542699758965 ], [ -91.387384473209465, 41.839535055273601 ], [ -91.38738377456508, 41.83952742270742 ], [ -91.387382792314341, 41.839519808404482 ], [ -91.3873815251075, 41.839512216843218 ], [ -91.387379976350871, 41.839504654389643 ], [ -91.387378147043336, 41.839497127365995 ], [ -91.387376038184058, 41.839489642094485 ], [ -91.387373649626852, 41.839482203075406 ], [ -91.387370984777988, 41.839474816674731 ], [ -91.388278588272371, 41.83925658956521 ], [ -91.388279584948378, 41.839887738629713 ], [ -91.38827985259563, 41.840057891500535 ] ] ] ] } },
{ "type": "Feature", "properties": { "PPN": "1730177001", "TotalValue": 333000.0, "PropClass": "A, AD", "pctLandVal": 0.02, "acreVal": 76376.146788990824, "SiteAddres": "4760 670TH ST SE", "credits": "HMST", "acres": 4.36, "permitNo": "BLD-18-27644", "permitType": "Dwelling", "permitDate": "3/26/2018", "permitYr": 2018, "nonmetro": 1 }, "geometry": { "type": "MultiPolygon", "coordinates": [ [ [ [ -91.467997112448757, 41.445665789205314 ], [ -91.469693222404018, 41.445671375058588 ], [ -91.469688291701488, 41.44679220370665 ], [ -91.467992153895807, 41.446786617803468 ], [ -91.467997112448757, 41.445665789205314 ] ] ] ] } },
{ "type": "Feature", "properties": { "PPN": "1223106003", "TotalValue": 630400.0, "PropClass": "R", "pctLandVal": 0.11, "acreVal": 529747.89915966394, "SiteAddres": "1988 ALEX WAY SW", "credits": "HMST", "acres": 1.19, "permitNo": "BLD-20-28992", "permitType": "Dwelling", "permitDate": "4/22/2020", "permitYr": 2020, "nonmetro": 1 }, "geometry": { "type": "MultiPolygon", "coordinates": [ [ [ [ -91.737811362719228, 41.643033647879584 ], [ -91.737839765694574, 41.643028218604506 ], [ -91.737866648072114, 41.643019456263794 ], [ -91.737891319696317, 41.643007585814637 ], [ -91.737913147169621, 41.642992912009113 ], [ -91.737931570113929, 41.642975811570118 ], [ -91.737946115557222, 41.642956723519632 ], [ -91.737956410076151, 41.642936137907384 ], [ -91.738088459338769, 41.642906946865175 ], [ -91.738218908243738, 41.642873954740217 ], [ -91.738347562408322, 41.642837210694879 ], [ -91.738801346371886, 41.643630330140162 ], [ -91.73794741757554, 41.643630721201468 ], [ -91.737811362719228, 41.643033647879584 ] ] ] ] } },
{ "type": "Feature", "properties": { "PPN": "1223127002", "TotalValue": 744500.0, "PropClass": "R", "pctLandVal": 0.1, "acreVal": 653070.17543859652, "SiteAddres": "4012 ERICA BLVD SW", "credits": "NONE", "acres": 1.14, "permitNo": "BLD-22-30654", "permitType": "Dwelling", "permitDate": "2/24/2022", "permitYr": 2022, "nonmetro": 1 }, "geometry": { "type": "MultiPolygon", "coordinates": [ [ [ [ -91.740947220792904, 41.641998304069404 ], [ -91.741583058767787, 41.642000350143491 ], [ -91.74152151111312, 41.642532870910692 ], [ -91.741512711041693, 41.64263669486995 ], [ -91.741510280107676, 41.642740712479238 ], [ -91.741514223476713, 41.642844704006762 ], [ -91.740941822666784, 41.642840701407209 ], [ -91.740947220792904, 41.641998304069404 ] ] ] ] } },
{ "type": "Feature", "properties": { "PPN": "0225477001", "TotalValue": 1496700.0000000002, "PropClass": "R", "pctLandVal": 0.08, "acreVal": 325369.56521739135, "SiteAddres": "4560 200TH ST NE", "credits": "HMST", "acres": 4.6, "permitNo": "BLD-25783", "permitType": "Dwelling", "permitDate": "5/27/2015", "permitYr": 2015, "nonmetro": 1 }, "geometry": { "type": "MultiPolygon", "coordinates": [ [ [ [ -91.483732787170467, 41.788433617425021 ], [ -91.483757821066135, 41.787571497781229 ], [ -91.483757934131972, 41.78756757591082 ], [ -91.485690650795021, 41.787598982817357 ], [ -91.485657464984229, 41.788743061620622 ], [ -91.485131804770475, 41.788734519353937 ], [ -91.483732787170467, 41.788433617425021 ] ] ] ] } },
{ "type": "Feature", "properties": { "PPN": "1223130001", "TotalValue": 499900.0, "PropClass": "R", "pctLandVal": 0.14, "acreVal": 446339.28571428568, "SiteAddres": "4006 ERICA BLVD SW", "credits": "HMST", "acres": 1.12, "permitNo": "BLD-25844", "permitType": "Dwelling", "permitDate": "6/4/2015", "permitYr": 2015, "nonmetro": 1 }, "geometry": { "type": "MultiPolygon", "coordinates": [ [ [ [ -91.740905238513832, 41.642840445348043 ], [ -91.740941822666784, 41.642840701407209 ], [ -91.741514223476713, 41.642844704006762 ], [ -91.741521047305341, 41.642919845515806 ], [ -91.74153119920102, 41.64299477519905 ], [ -91.741596529110964, 41.643408238897351 ], [ -91.741624006468584, 41.643582327110678 ], [ -91.740900473218858, 41.643582679377147 ], [ -91.740905238513832, 41.642840445348043 ] ] ] ] } },
{ "type": "Feature", "properties": { "PPN": "0602177001", "TotalValue": 508500.0, "PropClass": "R", "pctLandVal": 0.17, "acreVal": 86186.440677966093, "SiteAddres": "2273 HIGHWAY 965 NE", "credits": "HMST", "acres": 5.9, "permitNo": "BLD-18-28091", "permitType": "Dwelling", "permitDate": "10/12/2018", "permitYr": 2018, "nonmetro": 1 }, "geometry": { "type": "MultiPolygon", "coordinates": [ [ [ [ -91.622218004842466, 41.769842032634187 ], [ -91.6209059316283, 41.770407802515592 ], [ -91.620093332140357, 41.769365428604452 ], [ -91.620650090965583, 41.769294931301609 ], [ -91.620652613312785, 41.768704369928685 ], [ -91.620654840218251, 41.768625220117571 ], [ -91.621442570262786, 41.768629734368112 ], [ -91.622207610958938, 41.768634113371114 ], [ -91.622208376046601, 41.768722994311908 ], [ -91.622218004842466, 41.769842032634187 ] ] ] ] } },
{ "type": "Feature", "properties": { "PPN": "0728454001", "TotalValue": 708100.0, "PropClass": "R", "pctLandVal": 0.26, "acreVal": 70951.903807615221, "SiteAddres": "3185 DUBUQUE ST NE", "credits": "NONE", "acres": 9.98, "permitNo": "BLD-23-32291", "permitType": "Dwelling", "permitDate": "12/7/2023", "permitYr": 2023, "nonmetro": 0 }, "geometry": { "type": "MultiPolygon", "coordinates": [ [ [ [ -91.546576613763946, 41.700992162299165 ], [ -91.550728964965955, 41.700979050774095 ], [ -91.550722769942553, 41.70184643724145 ], [ -91.550716434519316, 41.701846476719389 ], [ -91.549791391766135, 41.701852075295314 ], [ -91.548947237768672, 41.701857178461282 ], [ -91.548750121852777, 41.701858369033232 ], [ -91.545725879132817, 41.701876596103531 ], [ -91.545618443036673, 41.701877241811701 ], [ -91.545664253614746, 41.701734522518898 ], [ -91.545701503304173, 41.701590410910583 ], [ -91.545730117654585, 41.70144519524068 ], [ -91.545820891858298, 41.701002972901854 ], [ -91.54582262436891, 41.700994527496363 ], [ -91.546576613763946, 41.700992162299165 ] ] ] ] } },
{ "type": "Feature", "properties": { "PPN": "1813402001", "TotalValue": 486600.0, "PropClass": "R", "pctLandVal": 0.12, "acreVal": 284561.40350877191, "SiteAddres": "6319 SIOUX AVE SE", "credits": "HMST", "acres": 1.71, "permitNo": "BLD-26987", "permitType": "Dwelling", "permitDate": "1/24/2017", "permitYr": 2017, "nonmetro": 1 }, "geometry": { "type": "MultiPolygon", "coordinates": [ [ [ [ -91.483929336196624, 41.473296387598367 ], [ -91.483930749985916, 41.473186529901888 ], [ -91.484380965428912, 41.473202870977332 ], [ -91.484403967705603, 41.473205092895171 ], [ -91.484426211755419, 41.473210026744177 ], [ -91.48444713606132, 41.473217547976859 ], [ -91.484466212420671, 41.473227466731217 ], [ -91.484482959278893, 41.473239532623396 ], [ -91.484496953885397, 41.473253441068088 ], [ -91.484507842965414, 41.473268840967386 ], [ -91.484515351637924, 41.473285343573579 ], [ -91.484519290354854, 41.473302532302434 ], [ -91.484519559686092, 41.473319973249197 ], [ -91.48450710124861, 41.473457758160365 ], [ -91.485659361365308, 41.47349957037234 ], [ -91.485621200312266, 41.474094436558715 ], [ -91.484877635474888, 41.474067455893767 ], [ -91.484886955760118, 41.473922165969384 ], [ -91.484442277288977, 41.473906027944871 ], [ -91.48445283051305, 41.473741549190031 ], [ -91.484353822340893, 41.473535001718425 ], [ -91.484373938611341, 41.473312525445643 ], [ -91.483929336196624, 41.473296387598367 ] ] ] ] } },
{ "type": "Feature", "properties": { "PPN": "1813401002", "TotalValue": 194200.0, "PropClass": "A, AD", "pctLandVal": 0.37, "acreVal": 5255.7510148849797, "SiteAddres": "6305 SIOUX AVE SE", "credits": "AG", "acres": 36.95, "permitNo": "BLD-25-33280", "permitType": "Dwelling", "permitDate": "4/23/2025", "permitYr": 2025, "nonmetro": 1 }, "geometry": { "type": "MultiPolygon", "coordinates": [ [ [ [ -91.483830851893302, 41.473292812395492 ], [ -91.483929336196624, 41.473296387598367 ], [ -91.484373938611341, 41.473312525445643 ], [ -91.484353822340893, 41.473535001718425 ], [ -91.48445283051305, 41.473741549190031 ], [ -91.484442277288977, 41.473906027944871 ], [ -91.484886955760118, 41.473922165969384 ], [ -91.484877635474888, 41.474067455893767 ], [ -91.485621200312266, 41.474094436558715 ], [ -91.485659361365308, 41.47349957037234 ], [ -91.48450710124861, 41.473457758160365 ], [ -91.484519559686092, 41.473319973249197 ], [ -91.484519290354854, 41.473302532302434 ], [ -91.484515351637924, 41.473285343573579 ], [ -91.484507842965414, 41.473268840967386 ], [ -91.484496953885397, 41.473253441068088 ], [ -91.484482959278893, 41.473239532623396 ], [ -91.484466212420671, 41.473227466731217 ], [ -91.48444713606132, 41.473217547976859 ], [ -91.484426211755419, 41.473210026744177 ], [ -91.484403967705603, 41.473205092895171 ], [ -91.484380965428912, 41.473202870977332 ], [ -91.483930749985916, 41.473186529901888 ], [ -91.483832265820141, 41.473182955600322 ], [ -91.483846662480474, 41.470998429543343 ], [ -91.483846740581654, 41.470990961664405 ], [ -91.486484300956192, 41.470999403911087 ], [ -91.487374439914788, 41.471002239440793 ], [ -91.4885248457811, 41.471005894262753 ], [ -91.488471270305809, 41.47460797539739 ], [ -91.483807946532011, 41.474621866621071 ], [ -91.483830851893302, 41.473292812395492 ] ] ] ] } },
{ "type": "Feature", "properties": { "PPN": "0521278006", "TotalValue": 307500.0, "PropClass": "R", "pctLandVal": 0.1, "acreVal": 1464285.7142857143, "SiteAddres": "208 E STATE ST", "credits": "HMST", "acres": 0.21, "permitNo": "BLD-20-29361", "permitType": "Dwelling", "permitDate": "8/18/2020", "permitYr": 2020, "nonmetro": 1 }, "geometry": { "type": "MultiPolygon", "coordinates": [ [ [ [ -91.788525635601673, 41.725906174707688 ], [ -91.788305830595718, 41.725908021256771 ], [ -91.788307681005634, 41.725496335762735 ], [ -91.788527484646508, 41.725494488309714 ], [ -91.788525635601673, 41.725906174707688 ] ] ] ] } },
{ "type": "Feature", "properties": { "PPN": "0233429003", "TotalValue": 619500.0, "PropClass": "R", "pctLandVal": 0.23, "acreVal": 102396.69421487604, "SiteAddres": "2114 MEHAFFEY BRIDGE RD NE", "credits": "HMST", "acres": 6.05, "permitNo": "BLD-25962", "permitType": "Dwelling", "permitDate": "7/23/2015", "permitYr": 2015, "nonmetro": 1 }, "geometry": { "type": "MultiPolygon", "coordinates": [ [ [ [ -91.54881923341101, 41.781328742557527 ], [ -91.548793653436661, 41.778830975245732 ], [ -91.549514662155985, 41.77884807948378 ], [ -91.549685637130835, 41.7788721084328 ], [ -91.549744051884744, 41.778969614578841 ], [ -91.549659512221112, 41.779115181777939 ], [ -91.549731438135296, 41.779218240677629 ], [ -91.54963385127013, 41.779895766085176 ], [ -91.54965034296869, 41.779973108124722 ], [ -91.54965588211077, 41.780084032230818 ], [ -91.549669136197878, 41.780194589572453 ], [ -91.54969006925343, 41.780304479728905 ], [ -91.549907855335249, 41.781345169497712 ], [ -91.54881923341101, 41.781328742557527 ] ] ], [ [ [ -91.550238903128928, 41.779286790348316 ], [ -91.550323265913576, 41.779228198457112 ], [ -91.55033608331847, 41.779673569721375 ], [ -91.550335951851508, 41.779680369505186 ], [ -91.550306458815683, 41.781209641093156 ], [ -91.550287772618574, 41.781209868779527 ], [ -91.550088118935193, 41.780255846724685 ], [ -91.550068120230904, 41.780148947759557 ], [ -91.550056582865949, 41.780041351820998 ], [ -91.55005354699739, 41.779933433799719 ], [ -91.550059023160614, 41.779825569706738 ], [ -91.550072992233311, 41.77971813536341 ], [ -91.550095405502631, 41.779611505091957 ], [ -91.550126184835534, 41.779506050411158 ], [ -91.550165222951563, 41.779402138742249 ], [ -91.550238903128928, 41.779286790348316 ] ] ], [ [ [ -91.550301526344626, 41.781275582530711 ], [ -91.550305187766128, 41.7812755377022 ], [ -91.550304878716304, 41.781291600441108 ], [ -91.550301526344626, 41.781275582530711 ] ] ] ] } },
{ "type": "Feature", "properties": { "PPN": "0615302001", "TotalValue": 560300.0, "PropClass": "R", "pctLandVal": 0.13, "acreVal": 280150.0, "SiteAddres": "2855 270TH ST NW", "credits": "HMST", "acres": 2.0, "permitNo": "BLD-18-27751", "permitType": "Dwelling", "permitDate": "5/3/2018", "permitYr": 2018, "nonmetro": 1 }, "geometry": { "type": "MultiPolygon", "coordinates": [ [ [ [ -91.651669455902763, 41.737873028521392 ], [ -91.650904861120026, 41.737862445479571 ], [ -91.650919329979203, 41.736718348967415 ], [ -91.651683947148882, 41.736726186685686 ], [ -91.651669455902763, 41.737873028521392 ] ] ] ] } },
{ "type": "Feature", "properties": { "PPN": "0121477001", "TotalValue": 452300.0, "PropClass": "R", "pctLandVal": 0.17, "acreVal": 97268.817204301071, "SiteAddres": "5128 180TH ST NE", "credits": "HMST", "acres": 4.65, "permitNo": "BLD-26186", "permitType": "Dwelling", "permitDate": "11/6/2015", "permitYr": 2015, "nonmetro": 1 }, "geometry": { "type": "MultiPolygon", "coordinates": [ [ [ [ -91.425255467721527, 41.801915598966957 ], [ -91.426956181121923, 41.801919923888761 ], [ -91.42690929500057, 41.803132803152522 ], [ -91.425250912740438, 41.803130137943143 ], [ -91.425255467721527, 41.801915598966957 ] ] ] ] } },
{ "type": "Feature", "properties": { "PPN": "0521331008", "TotalValue": 300800.0, "PropClass": "R", "pctLandVal": 0.13, "acreVal": 1156923.076923077, "SiteAddres": "131 W MAIN ST", "credits": "NONE", "acres": 0.26, "permitNo": "BLD-23-31568", "permitType": "Dwelling", "permitDate": "2/24/2023", "permitYr": 2023, "nonmetro": 1 }, "geometry": { "type": "MultiPolygon", "coordinates": [ [ [ [ -91.791818430877569, 41.722807915302212 ], [ -91.791957628982217, 41.722807854371084 ], [ -91.792096825885054, 41.722807793255384 ], [ -91.792097148593953, 41.72321943875383 ], [ -91.791957948432284, 41.723219498934334 ], [ -91.791818750649952, 41.723219559883567 ], [ -91.791818430877569, 41.722807915302212 ] ] ] ] } },
{ "type": "Feature", "properties": { "PPN": "0220376002", "TotalValue": 482500.0, "PropClass": "R", "pctLandVal": 0.12, "acreVal": 1930000.0, "SiteAddres": "1730 PARKSIDE DR NE", "credits": "NONE", "acres": 0.25, "permitNo": "BLD-19-28502", "permitType": "Dwelling", "permitDate": "7/12/2019", "permitYr": 2019, "nonmetro": 1 }, "geometry": { "type": "MultiPolygon", "coordinates": [ [ [ [ -91.569711571398273, 41.80693305626486 ], [ -91.569702935986911, 41.80665858675551 ], [ -91.570113722116147, 41.806660569886951 ], [ -91.57011135586032, 41.806934986359657 ], [ -91.569711571398273, 41.80693305626486 ] ] ] ] } },
{ "type": "Feature", "properties": { "PPN": "0702329004", "TotalValue": 972100.0, "PropClass": "R", "pctLandVal": 0.16, "acreVal": 900092.59259259258, "SiteAddres": "2343 STERLING CT NE", "credits": "HMST", "acres": 1.08, "permitNo": "BLD-21-29845", "permitType": "Dwelling", "permitDate": "4/15/2021", "permitYr": 2021, "nonmetro": 1 }, "geometry": { "type": "MultiPolygon", "coordinates": [ [ [ [ -91.521857857845077, 41.76298627830387 ], [ -91.521793452748256, 41.762973910727133 ], [ -91.521725253982083, 41.762974921460938 ], [ -91.521686455779829, 41.762985775501669 ], [ -91.521667524681959, 41.762972211085 ], [ -91.521646203355516, 41.762960806667827 ], [ -91.521622927666343, 41.762951795386769 ], [ -91.52159817343194, 41.762945361456339 ], [ -91.52158429292848, 41.762941648888038 ], [ -91.521571387031386, 41.762936318111905 ], [ -91.521559789666171, 41.762929507055837 ], [ -91.521549800901241, 41.762921391948268 ], [ -91.521541679183954, 41.762912182758477 ], [ -91.521535634653702, 41.762902117763772 ], [ -91.521531823704791, 41.762891457384299 ], [ -91.52152337152171, 41.762839613424923 ], [ -91.521523201261274, 41.762787384831661 ], [ -91.521531315312686, 41.762735510597153 ], [ -91.521560941527127, 41.762610847188895 ], [ -91.521565298775855, 41.762598319332319 ], [ -91.521572225146613, 41.762586457755212 ], [ -91.521581549374943, 41.762575555749748 ], [ -91.521593040906794, 41.762565882881312 ], [ -91.521606415599251, 41.762557678323326 ], [ -91.521621342746357, 41.762551144943274 ], [ -91.521637453256204, 41.762546444286841 ], [ -91.521654348777162, 41.762543692583279 ], [ -91.521671611547447, 41.762542957871737 ], [ -91.521890892955398, 41.762546546452292 ], [ -91.52193248871481, 41.762549006997681 ], [ -91.521973441445979, 41.762554991121029 ], [ -91.522626307367133, 41.762679866281566 ], [ -91.52247287846366, 41.763116948882619 ], [ -91.522448596264823, 41.763186144895506 ], [ -91.521857857845077, 41.76298627830387 ] ] ] ] } },
{ "type": "Feature", "properties": { "PPN": "0702402002", "TotalValue": 1037000.0, "PropClass": "R", "pctLandVal": 0.15, "acreVal": 951376.14678899071, "SiteAddres": "4194 JASMINE LN NE", "credits": "NONE", "acres": 1.09, "permitNo": "BLD-20-29145", "permitType": "Dwelling", "permitDate": "5/20/2020", "permitYr": 2020, "nonmetro": 1 }, "geometry": { "type": "MultiPolygon", "coordinates": [ [ [ [ -91.523423642899488, 41.762860247492739 ], [ -91.523725122773911, 41.763141072446309 ], [ -91.523332588348836, 41.763431335104016 ], [ -91.522819456408911, 41.763103065615361 ], [ -91.52247287846366, 41.763116948882619 ], [ -91.522626307367133, 41.762679866281566 ], [ -91.523086733224915, 41.762767931427241 ], [ -91.52310039172751, 41.762772698071565 ], [ -91.523112822085707, 41.762779076297775 ], [ -91.523123688121359, 41.76278689360732 ], [ -91.523132695962872, 41.76279593858181 ], [ -91.523139601993108, 41.762805966600624 ], [ -91.52315379701264, 41.762826474735881 ], [ -91.523172385954155, 41.762844909350157 ], [ -91.523194841956169, 41.762860747952622 ], [ -91.523220528552017, 41.762873541630718 ], [ -91.523248717709066, 41.762882927773674 ], [ -91.523278610463578, 41.762888640350269 ], [ -91.523309359565872, 41.762890517449073 ], [ -91.523340093494383, 41.762888505867487 ], [ -91.52336994115764, 41.762882662619703 ], [ -91.523398056584, 41.762873153320854 ], [ -91.523423642899488, 41.762860247492739 ] ] ] ] } },
{ "type": "Feature", "properties": { "PPN": "1122401003", "TotalValue": 856600.0, "PropClass": "R", "pctLandVal": 0.18, "acreVal": 70560.131795716632, "SiteAddres": "4107 KANSAS AVE SW", "credits": "HMST", "acres": 12.14, "permitNo": "BLD-17155", "permitType": "Dwelling", "permitDate": "4/11/2012", "permitYr": 2012, "nonmetro": 1 }, "geometry": { "type": "MultiPolygon", "coordinates": [ [ [ [ -91.638141070682863, 41.632197333766442 ], [ -91.639855596175607, 41.632190777363682 ], [ -91.639805935732213, 41.635288330122989 ], [ -91.638091357290648, 41.635293426383669 ], [ -91.638141070682863, 41.632197333766442 ] ] ] ] } },
{ "type": "Feature", "properties": { "PPN": "0702329002", "TotalValue": 825000.0, "PropClass": "R", "pctLandVal": 0.15, "acreVal": 1422413.7931034483, "SiteAddres": "2342 STERLING CT NE", "credits": "HMST", "acres": 0.58, "permitNo": "BLD-21-30014", "permitType": "Dwelling", "permitDate": "6/17/2021", "permitYr": 2021, "nonmetro": 1 }, "geometry": { "type": "MultiPolygon", "coordinates": [ [ [ [ -91.520693693704388, 41.762885882059557 ], [ -91.521379462173144, 41.762756317509535 ], [ -91.521375662488566, 41.762806707107124 ], [ -91.521378061140112, 41.762857144983862 ], [ -91.521386637859536, 41.762907204645906 ], [ -91.521401320137542, 41.762956462796595 ], [ -91.521404007910135, 41.762967130463863 ], [ -91.521404414587963, 41.762977982005154 ], [ -91.521402529987753, 41.762988745727391 ], [ -91.521398401293681, 41.76299915213616 ], [ -91.52139213187607, 41.763008940683022 ], [ -91.521379493193962, 41.763028713529614 ], [ -91.521371221346058, 41.763049740926959 ], [ -91.521367527447296, 41.763071486222707 ], [ -91.521368505776465, 41.763093394442016 ], [ -91.521374131369683, 41.763114906451413 ], [ -91.521384260657001, 41.763135473228843 ], [ -91.521398635126104, 41.763154569875603 ], [ -91.521416887919614, 41.763171709012859 ], [ -91.521053846759713, 41.7633521778939 ], [ -91.520693693704388, 41.762885882059557 ] ] ] ] } },
{ "type": "Feature", "properties": { "PPN": "0821202001", "TotalValue": 404700.0, "PropClass": "R", "pctLandVal": 0.27, "acreVal": 86289.978678038387, "SiteAddres": "5081 280TH ST NE", "credits": "HMST", "acres": 4.69, "permitNo": "BLD-26157", "permitType": "Dwelling", "permitDate": "10/26/2015", "permitYr": 2015, "nonmetro": 1 }, "geometry": { "type": "MultiPolygon", "coordinates": [ [ [ [ -91.436124776616055, 41.727673506423436 ], [ -91.436652113330467, 41.728451756168631 ], [ -91.436657827942753, 41.729074695891981 ], [ -91.436658834529027, 41.729184464910098 ], [ -91.435167417333261, 41.729192133005213 ], [ -91.435153566408886, 41.727678497571276 ], [ -91.436124776616055, 41.727673506423436 ] ] ] ] } },
{ "type": "Feature", "properties": { "PPN": "0316352001", "TotalValue": 361700.0, "PropClass": "R", "pctLandVal": 0.19, "acreVal": 388924.73118279566, "SiteAddres": "1594 COU FALLS RD NW", "credits": "HMST", "acres": 0.93, "permitNo": "BLD-18-27767", "permitType": "Dwelling", "permitDate": "5/18/2018", "permitYr": 2018, "nonmetro": 1 }, "geometry": { "type": "MultiPolygon", "coordinates": [ [ [ [ -91.675725690153897, 41.820111832758734 ], [ -91.674947885216213, 41.819468359162371 ], [ -91.675456254400615, 41.81911392551234 ], [ -91.675730763253426, 41.819334381210247 ], [ -91.675725690153897, 41.820111832758734 ] ] ] ] } },
{ "type": "Feature", "properties": { "PPN": "1533179001", "TotalValue": 422600.0, "PropClass": "R", "pctLandVal": 0.13, "acreVal": 497176.4705882353, "SiteAddres": "5670 OAK CREST HILL RD SE", "credits": "HMST", "acres": 0.85, "permitNo": "BLD-17673", "permitType": "Dwelling", "permitDate": "1/25/2013", "permitYr": 2013, "nonmetro": 1 }, "geometry": { "type": "MultiPolygon", "coordinates": [ [ [ [ -91.540894957775791, 41.519591410812801 ], [ -91.541638650004302, 41.519591191156039 ], [ -91.541773780781327, 41.519943449772143 ], [ -91.541826821515315, 41.52014566800846 ], [ -91.541250944393752, 41.520147031074558 ], [ -91.541075797831951, 41.519868190607546 ], [ -91.540894957775791, 41.519591410812801 ] ] ] ] } },
{ "type": "Feature", "properties": { "PPN": "1509102002", "TotalValue": 731500.0, "PropClass": "R", "pctLandVal": 0.11, "acreVal": 468910.25641025644, "SiteAddres": "4853 OAK CREST HILL RD SE", "credits": "HMST", "acres": 1.56, "permitNo": "BLD-18-27870", "permitType": "Dwelling", "permitDate": "7/2/2018", "permitYr": 2018, "nonmetro": 1 }, "geometry": { "type": "MultiPolygon", "coordinates": [ [ [ [ -91.541656259808761, 41.579802790155114 ], [ -91.542682725973336, 41.579980361435801 ], [ -91.542681911107877, 41.580092463164682 ], [ -91.542678539639098, 41.580555610518914 ], [ -91.54165085196388, 41.580551375114652 ], [ -91.541656259808761, 41.579802790155114 ] ] ] ] } },
{ "type": "Feature", "properties": { "PPN": "0220451003", "TotalValue": 931600.0, "PropClass": "R", "pctLandVal": 0.08, "acreVal": 1863200.0, "SiteAddres": "1758 NEWBERRY AVE NE", "credits": "HMST", "acres": 0.5, "permitNo": "BLD-18-27975", "permitType": "Dwelling", "permitDate": "9/10/2018", "permitYr": 2018, "nonmetro": 1 }, "geometry": { "type": "MultiPolygon", "coordinates": [ [ [ [ -91.56845417256649, 41.806676656627985 ], [ -91.568435348027322, 41.806456994691771 ], [ -91.569443444819257, 41.806481698528614 ], [ -91.569450761450241, 41.806701226750484 ], [ -91.56845417256649, 41.806676656627985 ] ] ] ] } },
{ "type": "Feature", "properties": { "PPN": "0308403002", "TotalValue": 180000.0, "PropClass": "R", "pctLandVal": 0.68, "acreVal": 43269.230769230766, "SiteAddres": "1326 MARAK RD NW", "credits": "NONE", "acres": 4.16, "permitNo": "BLD-24-33009", "permitType": "Dwelling", "permitDate": "11/25/2024", "permitYr": 2024, "nonmetro": 1 }, "geometry": { "type": "MultiPolygon", "coordinates": [ [ [ [ -91.678698856379242, 41.837462881945775 ], [ -91.680295005964751, 41.837689052143823 ], [ -91.680298449257037, 41.838702046748978 ], [ -91.678692698843733, 41.838730234394895 ], [ -91.678698856379242, 41.837462881945775 ] ] ] ] } },
{ "type": "Feature", "properties": { "PPN": "0318426004", "TotalValue": 542400.0, "PropClass": "R", "pctLandVal": 0.33, "acreVal": 67800.0, "SiteAddres": "1536 BLAIN CEMETERY RD NW", "credits": "HMST, MIL", "acres": 8.0, "permitNo": "BLD-27075", "permitType": "Dwelling", "permitDate": "3/24/2017", "permitYr": 2017, "nonmetro": 1 }, "geometry": { "type": "MultiPolygon", "coordinates": [ [ [ [ -91.702285495163096, 41.823033141613088 ], [ -91.700915472448401, 41.822617353834524 ], [ -91.700890322457411, 41.822092288943097 ], [ -91.701338690906638, 41.822091043825374 ], [ -91.701338684367045, 41.822080699443902 ], [ -91.704837443632513, 41.822065084077913 ], [ -91.704824143310049, 41.823061610869246 ], [ -91.702285495163096, 41.823033141613088 ] ] ] ] } },
{ "type": "Feature", "properties": { "PPN": "0706453005", "TotalValue": 553800.0, "PropClass": "R", "pctLandVal": 0.6, "acreVal": 166306.3063063063, "SiteAddres": "2373 MEHAFFEY BRIDGE RD NE", "credits": "NONE", "acres": 3.33, "permitNo": "BLD-24-32751", "permitType": "Dwelling", "permitDate": "8/5/2024", "permitYr": 2024, "nonmetro": 1 }, "geometry": { "type": "MultiPolygon", "coordinates": [ [ [ [ -91.588885367060044, 41.760802377381211 ], [ -91.588429793256424, 41.759931458545005 ], [ -91.588605863805327, 41.759902043757933 ], [ -91.58876850019729, 41.759849277536844 ], [ -91.58909841375457, 41.759749931105219 ], [ -91.589434006945922, 41.759659029915014 ], [ -91.589774892142628, 41.759576753057715 ], [ -91.590098434142973, 41.759494626813826 ], [ -91.590085983727192, 41.760175579780253 ], [ -91.589421003183418, 41.760902669286843 ], [ -91.588885367060044, 41.760802377381211 ] ] ] ] } },
{ "type": "Feature", "properties": { "PPN": "0310407005", "TotalValue": 689400.0, "PropClass": "R", "pctLandVal": 0.15, "acreVal": 36945.337620578779, "SiteAddres": "1335 FOREST RIDGE CT NE", "credits": "HMST", "acres": 18.66, "permitNo": "BLD-19-28389", "permitType": "Dwelling", "permitDate": "5/20/2019", "permitYr": 2019, "nonmetro": 1 }, "geometry": { "type": "MultiPolygon", "coordinates": [ [ [ [ -91.63757515688846, 41.837773295913905 ], [ -91.637764318894256, 41.837652166393049 ], [ -91.639806722858964, 41.839435612041903 ], [ -91.639926075191511, 41.839539827304975 ], [ -91.640682501499001, 41.840200307530402 ], [ -91.640746077084103, 41.840253765035342 ], [ -91.640812278090152, 41.840305409784825 ], [ -91.636457135145221, 41.840252159086688 ], [ -91.634029881716444, 41.840251989845115 ], [ -91.633598138399989, 41.840251954700818 ], [ -91.634295505638576, 41.83959085194153 ], [ -91.634845950430929, 41.839592745064856 ], [ -91.635396397662674, 41.839594635621943 ], [ -91.636508259249894, 41.839598448667843 ], [ -91.636670391775368, 41.83941303218154 ], [ -91.636927115893329, 41.839119437388355 ], [ -91.636683971208114, 41.838003431625552 ], [ -91.637036088200844, 41.837960540473887 ], [ -91.63711417041101, 41.837948846531624 ], [ -91.637190917898124, 41.837932962078213 ], [ -91.637265929066359, 41.837912970232232 ], [ -91.637341503382459, 41.837887997547263 ], [ -91.637414360251228, 41.837858856453884 ], [ -91.637497327554897, 41.837818776149874 ], [ -91.63757515688846, 41.837773295913905 ] ] ] ] } },
{ "type": "Feature", "properties": { "PPN": "0501477001", "TotalValue": 451700.0, "PropClass": "R", "pctLandVal": 0.15, "acreVal": 265705.8823529412, "SiteAddres": "2389 GREENCASTLE AVE NW", "credits": "HMST", "acres": 1.7, "permitNo": "BLD-17764", "permitType": "Dwelling", "permitDate": "4/12/2013", "permitYr": 2013, "nonmetro": 1 }, "geometry": { "type": "MultiPolygon", "coordinates": [ [ [ [ -91.715352884925807, 41.761238400852278 ], [ -91.716618169984969, 41.761250804044352 ], [ -91.716607857734786, 41.761840770127463 ], [ -91.71534256241776, 41.761828366844028 ], [ -91.715352884925807, 41.761238400852278 ] ] ] ] } },
{ "type": "Feature", "properties": { "PPN": "0316452003", "TotalValue": 1018100.0, "PropClass": "R", "pctLandVal": 0.14, "acreVal": 535842.10526315786, "SiteAddres": "2780 DEER VALLEY DR NW", "credits": "NONE", "acres": 1.9, "permitNo": "BLD-18-27685", "permitType": "Dwelling", "permitDate": "4/19/2018", "permitYr": 2018, "nonmetro": 1 }, "geometry": { "type": "MultiPolygon", "coordinates": [ [ [ [ -91.662302358134099, 41.822362313466471 ], [ -91.662690557847824, 41.82141651637189 ], [ -91.662691705897885, 41.821416788463068 ], [ -91.662692847549835, 41.821417073961086 ], [ -91.662693984007035, 41.821417372884966 ], [ -91.662695114040787, 41.821417686115758 ], [ -91.662696236447673, 41.821418013634478 ], [ -91.662697350049768, 41.821418354522017 ], [ -91.662698458457101, 41.821418708835388 ], [ -91.662699556830901, 41.821419077398673 ], [ -91.662700647628682, 41.821419458449611 ], [ -91.662701730825063, 41.821419852888368 ], [ -91.662702805191202, 41.821420261596032 ], [ -91.662703868345872, 41.821420683634486 ], [ -91.662704922746642, 41.821421117241456 ], [ -91.662705969545939, 41.821421564236232 ], [ -91.662707006311663, 41.821422025480913 ], [ -91.662708030738813, 41.821422497336975 ], [ -91.662709046361243, 41.821422982561813 ], [ -91.662710049619605, 41.821423479298126 ], [ -91.662711042895296, 41.821423988484121 ], [ -91.662712024959475, 41.82142451100087 ], [ -91.662712994659657, 41.821425045029123 ], [ -91.662713953199244, 41.82142559058785 ], [ -91.66271489934941, 41.821426148558224 ], [ -91.662715834364278, 41.821426717158992 ], [ -91.662716754608539, 41.8214272972332 ], [ -91.66271766248876, 41.821427888818874 ], [ -91.662718558004968, 41.82142849191608 ], [ -91.662719439979284, 41.82142910560566 ], [ -91.662720308411679, 41.821429729887541 ], [ -91.662721163302095, 41.821430364761795 ], [ -91.662722003472709, 41.821431009309251 ], [ -91.662722830075936, 41.821431665349188 ], [ -91.662723641959317, 41.821432331062326 ], [ -91.662724437919479, 41.821433006429707 ], [ -91.662725220363171, 41.821433691489275 ], [ -91.662725986883643, 41.821434386203038 ], [ -91.662726738684228, 41.821435090590036 ], [ -91.662727474612439, 41.821435802830926 ], [ -91.66272819459202, 41.82143652562619 ], [ -91.662728898699257, 41.821437256275352 ], [ -91.662729586908654, 41.821437995678608 ], [ -91.662730259220311, 41.821438743835913 ], [ -91.662730914481671, 41.821439498928051 ], [ -91.662731553845191, 41.821440262774239 ], [ -91.662732174955067, 41.821441033536239 ], [ -91.662735949215246, 41.821445805646462 ], [ -91.662739976027424, 41.821450459275397 ], [ -91.662744251959623, 41.821454988065071 ], [ -91.662748768842533, 41.821459382881109 ], [ -91.662753518379773, 41.8214636390897 ], [ -91.662758494834279, 41.82146774669436 ], [ -91.662763688706363, 41.821471701042285 ], [ -91.662769092953724, 41.821475495718524 ], [ -91.662774696949626, 41.821479123350841 ], [ -91.662780492423124, 41.821482578405309 ], [ -91.66278646867103, 41.821485856210181 ], [ -91.662792617422411, 41.82148895123153 ], [ -91.662798929228344, 41.821491857016348 ], [ -91.662805393360301, 41.821494569792954 ], [ -91.662811996683004, 41.821497085751624 ], [ -91.662818732128741, 41.821499399377544 ], [ -91.662825586536968, 41.821501507761106 ], [ -91.662832549153563, 41.821503408030779 ], [ -91.662839608072105, 41.821505095495773 ], [ -91.662846753716508, 41.821506568203667 ], [ -91.662853971697231, 41.821507824126073 ], [ -91.662861252438319, 41.821508861310598 ], [ -91.662868582778941, 41.82150967684769 ], [ -91.662875951863455, 41.821510271466344 ], [ -91.662883346531146, 41.821510642256968 ], [ -91.662890754748432, 41.82151078902946 ], [ -91.662898165684979, 41.821510711612696 ], [ -91.662905566078408, 41.821510410697698 ], [ -91.662912943869642, 41.821509886994356 ], [ -91.6629202882539, 41.821509139431498 ], [ -91.662927584689129, 41.821508171381481 ], [ -91.662934823522988, 41.821506983592265 ], [ -91.662941992671108, 41.821505577674102 ], [ -91.662949079998072, 41.821503957037287 ], [ -91.662956074622883, 41.821502123310957 ], [ -91.662962964435678, 41.821500079005503 ], [ -91.662969737250236, 41.821497829331427 ], [ -91.662976383363556, 41.82149537683712 ], [ -91.66298289184364, 41.821492724951966 ], [ -91.662989251733222, 41.821489878005494 ], [ -91.662995453227438, 41.821486842146591 ], [ -91.663001485368994, 41.821483621704729 ], [ -91.663007337200696, 41.821480221009502 ], [ -91.663013001324316, 41.82147664624771 ], [ -91.66301846916393, 41.821472902687091 ], [ -91.663650984092257, 41.821973981658182 ], [ -91.663430660572615, 41.822364650502081 ], [ -91.662948809078713, 41.822363653550745 ], [ -91.662302358134099, 41.822362313466471 ] ] ] ] } },
{ "type": "Feature", "properties": { "PPN": "0310407004", "TotalValue": 546300.0, "PropClass": "R", "pctLandVal": 0.18, "acreVal": 29276.527331189711, "SiteAddres": "1337 FOREST RIDGE CT NE", "credits": "HMST", "acres": 18.66, "permitNo": "BLD-22-30653", "permitType": "Dwelling", "permitDate": "3/3/2022", "permitYr": 2022, "nonmetro": 1 }, "geometry": { "type": "MultiPolygon", "coordinates": [ [ [ [ -91.63757515688846, 41.837773295913905 ], [ -91.637764318894256, 41.837652166393049 ], [ -91.639806722858964, 41.839435612041903 ], [ -91.639926075191511, 41.839539827304975 ], [ -91.640682501499001, 41.840200307530402 ], [ -91.640746077084103, 41.840253765035342 ], [ -91.640812278090152, 41.840305409784825 ], [ -91.636457135145221, 41.840252159086688 ], [ -91.634029881716444, 41.840251989845115 ], [ -91.633598138399989, 41.840251954700818 ], [ -91.634295505638576, 41.83959085194153 ], [ -91.634845950430929, 41.839592745064856 ], [ -91.635396397662674, 41.839594635621943 ], [ -91.636508259249894, 41.839598448667843 ], [ -91.636670391775368, 41.83941303218154 ], [ -91.636927115893329, 41.839119437388355 ], [ -91.636683971208114, 41.838003431625552 ], [ -91.637036088200844, 41.837960540473887 ], [ -91.63711417041101, 41.837948846531624 ], [ -91.637190917898124, 41.837932962078213 ], [ -91.637265929066359, 41.837912970232232 ], [ -91.637341503382459, 41.837887997547263 ], [ -91.637414360251228, 41.837858856453884 ], [ -91.637497327554897, 41.837818776149874 ], [ -91.63757515688846, 41.837773295913905 ] ] ] ] } },
{ "type": "Feature", "properties": { "PPN": "0310407007", "TotalValue": 582700.0, "PropClass": "R", "pctLandVal": 0.17, "acreVal": 31227.224008574489, "SiteAddres": "1320 FOREST RIDGE CT NE", "credits": "HMST", "acres": 18.66, "permitNo": "BLD-18-27783", "permitType": "Dwelling", "permitDate": "5/21/2018", "permitYr": 2018, "nonmetro": 1 }, "geometry": { "type": "MultiPolygon", "coordinates": [ [ [ [ -91.63757515688846, 41.837773295913905 ], [ -91.637764318894256, 41.837652166393049 ], [ -91.639806722858964, 41.839435612041903 ], [ -91.639926075191511, 41.839539827304975 ], [ -91.640682501499001, 41.840200307530402 ], [ -91.640746077084103, 41.840253765035342 ], [ -91.640812278090152, 41.840305409784825 ], [ -91.636457135145221, 41.840252159086688 ], [ -91.634029881716444, 41.840251989845115 ], [ -91.633598138399989, 41.840251954700818 ], [ -91.634295505638576, 41.83959085194153 ], [ -91.634845950430929, 41.839592745064856 ], [ -91.635396397662674, 41.839594635621943 ], [ -91.636508259249894, 41.839598448667843 ], [ -91.636670391775368, 41.83941303218154 ], [ -91.636927115893329, 41.839119437388355 ], [ -91.636683971208114, 41.838003431625552 ], [ -91.637036088200844, 41.837960540473887 ], [ -91.63711417041101, 41.837948846531624 ], [ -91.637190917898124, 41.837932962078213 ], [ -91.637265929066359, 41.837912970232232 ], [ -91.637341503382459, 41.837887997547263 ], [ -91.637414360251228, 41.837858856453884 ], [ -91.637497327554897, 41.837818776149874 ], [ -91.63757515688846, 41.837773295913905 ] ] ] ] } },
{ "type": "Feature", "properties": { "PPN": "0716331001", "TotalValue": 1289600.0, "PropClass": "R", "pctLandVal": 0.15, "acreVal": 454084.50704225356, "SiteAddres": "2700 TERESITA CT NE", "credits": "HMST", "acres": 2.84, "permitNo": "BLD-25318", "permitType": "Dwelling", "permitDate": "8/22/2014", "permitYr": 2014, "nonmetro": 1 }, "geometry": { "type": "MultiPolygon", "coordinates": [ [ [ [ -91.55777606749848, 41.737273438495755 ], [ -91.557765912022731, 41.736715823427076 ], [ -91.55871376316037, 41.73645184480408 ], [ -91.558833138350025, 41.736088076566716 ], [ -91.558858495450139, 41.736100256433822 ], [ -91.558886174046378, 41.736109160032214 ], [ -91.55891542614701, 41.736114546749135 ], [ -91.558945461236803, 41.736116271012698 ], [ -91.558975467640437, 41.736114286225998 ], [ -91.558879312506207, 41.736407299715097 ], [ -91.55905364908881, 41.736881422428183 ], [ -91.559858350055407, 41.736892909763959 ], [ -91.559852019887572, 41.737124095193742 ], [ -91.559296967023471, 41.73739077114567 ], [ -91.55931922768174, 41.737270625021331 ], [ -91.55777606749848, 41.737273438495755 ] ] ] ] } },
{ "type": "Feature", "properties": { "PPN": "0716331003", "TotalValue": 938200.0, "PropClass": "R", "pctLandVal": 0.2, "acreVal": 301672.0257234727, "SiteAddres": "2722 TERESITA CT NE", "credits": "NONE", "acres": 3.11, "permitNo": "BLD-24907", "permitType": "Dwelling", "permitDate": "11/4/2013", "permitYr": 2013, "nonmetro": 1 }, "geometry": { "type": "MultiPolygon", "coordinates": [ [ [ [ -91.557741178927941, 41.735357528108302 ], [ -91.5592258950238, 41.735376719056994 ], [ -91.559417709015293, 41.735379259573001 ], [ -91.559358636618569, 41.73538150755337 ], [ -91.559300501640948, 41.735389674366601 ], [ -91.55924435626855, 41.735403612201424 ], [ -91.559191216679153, 41.735423068796628 ], [ -91.559142044651026, 41.735447692006531 ], [ -91.559097730156239, 41.735477036174288 ], [ -91.559059075253103, 41.735510570197491 ], [ -91.559026779569834, 41.735547687140375 ], [ -91.559001427641448, 41.735587715218514 ], [ -91.558983478329736, 41.735629929957142 ], [ -91.558921107802064, 41.735819995677168 ], [ -91.558918183773045, 41.735826503560105 ], [ -91.558913856160089, 41.735832556837558 ], [ -91.558908245378731, 41.735837987077012 ], [ -91.55890150754874, 41.735842643181954 ], [ -91.558893830150225, 41.735846395596134 ], [ -91.558885426806867, 41.735849139908545 ], [ -91.558857534690901, 41.735858238878542 ], [ -91.55883203761708, 41.735870669907129 ], [ -91.558809638779366, 41.735886090154722 ], [ -91.558790955925645, 41.735904074340823 ], [ -91.558776504320619, 41.735924126472788 ], [ -91.558766682534937, 41.735945693524826 ], [ -91.558761761452459, 41.735968180689945 ], [ -91.558761876799096, 41.73599096778446 ], [ -91.558767025398836, 41.736013426352102 ], [ -91.558777065260941, 41.736034936996589 ], [ -91.558791719495304, 41.736054906464311 ], [ -91.558810583948542, 41.736072784006069 ], [ -91.558833138350025, 41.736088076566716 ], [ -91.55871376316037, 41.73645184480408 ], [ -91.557765912022731, 41.736715823427076 ], [ -91.557741178927941, 41.735357528108302 ] ] ] ] } },
{ "type": "Feature", "properties": { "PPN": "0716331002", "TotalValue": 1037300.0, "PropClass": "R", "pctLandVal": 0.18, "acreVal": 382767.52767527674, "SiteAddres": "2692 TERESITA CT NE", "credits": "HMST", "acres": 2.71, "permitNo": "BLD-26265", "permitType": "Dwelling", "permitDate": "1/21/2016", "permitYr": 2016, "nonmetro": 1 }, "geometry": { "type": "MultiPolygon", "coordinates": [ [ [ [ -91.558975467640437, 41.736114286225998 ], [ -91.559004916769936, 41.736108567735869 ], [ -91.559032696296654, 41.736099277583378 ], [ -91.559058040080643, 41.736086671984729 ], [ -91.559080249159265, 41.736071098593641 ], [ -91.559098711024106, 41.736052986913322 ], [ -91.559112916513556, 41.736032836450818 ], [ -91.559122473854913, 41.736011202940801 ], [ -91.559127119468755, 41.735988683018789 ], [ -91.559126725237931, 41.735965897766221 ], [ -91.559121302040182, 41.735943475581486 ], [ -91.559110999447753, 41.735922034849246 ], [ -91.559096101601682, 41.735902166886 ], [ -91.559077019374968, 41.735884419632114 ], [ -91.559071272459491, 41.735879070061557 ], [ -91.559066792677172, 41.735873079393045 ], [ -91.559063704672482, 41.735866614310119 ], [ -91.559062094365217, 41.735859854696322 ], [ -91.559062006559856, 41.735852988630107 ], [ -91.559063443698989, 41.735846207151823 ], [ -91.5591258150383, 41.735656141377127 ], [ -91.559141571136138, 41.735621141983358 ], [ -91.559164937577705, 41.735588616361859 ], [ -91.559195252988189, 41.73555948511838 ], [ -91.559231659312417, 41.735534572782832 ], [ -91.559273126101715, 41.73551458447259 ], [ -91.55931847967986, 41.73550008593498 ], [ -91.559366436362225, 41.73549148753505 ], [ -91.559415638788309, 41.735489032640864 ], [ -91.559896614493354, 41.735495400758381 ], [ -91.559858350055407, 41.736892909763959 ], [ -91.55905364908881, 41.736881422428183 ], [ -91.558879312506207, 41.736407299715097 ], [ -91.558975467640437, 41.736114286225998 ] ] ] ] } },
{ "type": "Feature", "properties": { "PPN": "0521278002", "TotalValue": 81900.0, "PropClass": "R", "pctLandVal": 0.77, "acreVal": 199756.09756097561, "SiteAddres": "217 NORTH ST", "credits": "NONE", "acres": 0.41, "permitNo": "BLD-24-32844", "permitType": "Dwelling", "permitDate": "9/6/2024", "permitYr": 2024, "nonmetro": 1 }, "geometry": { "type": "MultiPolygon", "coordinates": [ [ [ [ -91.788303732917711, 41.726374599514614 ], [ -91.78808392630178, 41.726376446543497 ], [ -91.787864117293708, 41.726378292220616 ], [ -91.78786597173297, 41.725966605915943 ], [ -91.788085776948947, 41.725964760199631 ], [ -91.788305583377792, 41.725962913184695 ], [ -91.788304658138856, 41.726168756806842 ], [ -91.788303732917711, 41.726374599514614 ] ] ] ] } },
{ "type": "Feature", "properties": { "PPN": "0317477001", "TotalValue": 717500.0, "PropClass": "R", "pctLandVal": 0.3, "acreVal": 80257.270693512313, "SiteAddres": "1548 COU FALLS RD NW", "credits": "HMST, MIL", "acres": 8.94, "permitNo": "BLD-26344", "permitType": "Dwelling", "permitDate": "3/24/2016", "permitYr": 2016, "nonmetro": 1 }, "geometry": { "type": "MultiPolygon", "coordinates": [ [ [ [ -91.679916497227381, 41.823588779805362 ], [ -91.675725690153897, 41.820111832758734 ], [ -91.675730763253426, 41.819334381210247 ], [ -91.675730832503731, 41.819323797501944 ], [ -91.680381896681283, 41.822982309652012 ], [ -91.680330703856924, 41.823049021729574 ], [ -91.679916497227381, 41.823588779805362 ] ] ] ] } },
{ "type": "Feature", "properties": { "PPN": "0704105002", "TotalValue": 833100.0, "PropClass": "R", "pctLandVal": 0.19, "acreVal": 136573.7704918033, "SiteAddres": "2225 SUGAR BOTTOM RD NE", "credits": "HMST", "acres": 6.1, "permitNo": "BLD-26305", "permitType": "Dwelling", "permitDate": "2/11/2016", "permitYr": 2016, "nonmetro": 1 }, "geometry": { "type": "MultiPolygon", "coordinates": [ [ [ [ -91.541853400801401, 41.772177330295676 ], [ -91.54188616365974, 41.772117757593463 ], [ -91.541913670130725, 41.772056713028554 ], [ -91.542033190592505, 41.77175982927772 ], [ -91.545712208036022, 41.772232962413675 ], [ -91.544562956619401, 41.772784705429643 ], [ -91.543485530244382, 41.773109650099464 ], [ -91.541853400801401, 41.772177330295676 ] ] ] ] } },
{ "type": "Feature", "properties": { "PPN": "1312403001", "TotalValue": 463000.0, "PropClass": "R", "pctLandVal": 0.2, "acreVal": 103811.65919282511, "SiteAddres": "4903 HIGHWAY 1 SW", "credits": "HMST", "acres": 4.46, "permitNo": "BLD-25038", "permitType": "Dwelling", "permitDate": "4/8/2014", "permitYr": 2014, "nonmetro": 1 }, "geometry": { "type": "MultiPolygon", "coordinates": [ [ [ [ -91.71391363733818, 41.576629792639636 ], [ -91.713561531980858, 41.576355717213012 ], [ -91.712816747209899, 41.576332750235856 ], [ -91.712828376736823, 41.576223252177726 ], [ -91.714874917955711, 41.57628634863412 ], [ -91.715565921984663, 41.576095957118355 ], [ -91.716376474991307, 41.576120932435082 ], [ -91.716751060816534, 41.57642627422711 ], [ -91.717010850084677, 41.576434277749485 ], [ -91.717008129852729, 41.576725178504063 ], [ -91.71700756461253, 41.576785637177281 ], [ -91.71646990487659, 41.576769074673315 ], [ -91.716314068371972, 41.576963098878458 ], [ -91.715352538022842, 41.576933470869726 ], [ -91.715036947587535, 41.576709702275558 ], [ -91.71391363733818, 41.576629792639636 ] ] ] ] } },
{ "type": "Feature", "properties": { "PPN": "1133352001", "TotalValue": 462800.0, "PropClass": "A, AD", "pctLandVal": 0.02, "acreVal": 84145.454545454544, "SiteAddres": "2625 HIGHWAY 1 SW", "credits": "HMST", "acres": 5.5, "permitNo": "BLD-19-28658", "permitType": "Dwelling", "permitDate": "9/10/2019", "permitYr": 2019, "nonmetro": 1 }, "geometry": { "type": "MultiPolygon", "coordinates": [ [ [ [ -91.674718223168355, 41.600206818459306 ], [ -91.674549440527414, 41.600334404874211 ], [ -91.674374828007117, 41.600457491907683 ], [ -91.674194598346688, 41.600575929574283 ], [ -91.674008971133716, 41.600689573553147 ], [ -91.673818172536514, 41.600798285363979 ], [ -91.67273915280883, 41.601399152325875 ], [ -91.672454480392304, 41.601075515139115 ], [ -91.672496522711398, 41.599835719832321 ], [ -91.674934123668052, 41.599860059237947 ], [ -91.675168093167542, 41.599862724944323 ], [ -91.674718223168355, 41.600206818459306 ] ] ] ] } },
{ "type": "Feature", "properties": { "PPN": "1402128001", "TotalValue": 343400.0, "PropClass": "R", "pctLandVal": 0.45, "acreVal": 35329.218106995882, "SiteAddres": "4625 SHARON CENTER RD SW", "credits": "HMST, MIL", "acres": 9.72, "permitNo": "BLD-25-33291", "permitType": "Dwelling", "permitDate": "6/3/2025", "permitYr": 2025, "nonmetro": 1 }, "geometry": { "type": "MultiPolygon", "coordinates": [ [ [ [ -91.625202477607502, 41.597656449255751 ], [ -91.625193890139485, 41.597054497893041 ], [ -91.625181468522712, 41.596183746764737 ], [ -91.627075794901387, 41.595593130010741 ], [ -91.627146501360116, 41.595569941338262 ], [ -91.627218828429406, 41.595549764823659 ], [ -91.627292548600025, 41.595532663933071 ], [ -91.627248630653369, 41.597191191335732 ], [ -91.627229218080942, 41.597924237160413 ], [ -91.625205947411231, 41.597899636926947 ], [ -91.625202477607502, 41.597656449255751 ] ] ] ] } },
{ "type": "Feature", "properties": { "PPN": "0310278002", "TotalValue": 487800.0, "PropClass": "R", "pctLandVal": 0.23, "acreVal": 431681.41592920356, "SiteAddres": "1265 WINCHESTER DR NE", "credits": "HMST, MIL", "acres": 1.13, "permitNo": "BLD-25236", "permitType": "Dwelling", "permitDate": "7/1/2014", "permitYr": 2014, "nonmetro": 0 }, "geometry": { "type": "MultiPolygon", "coordinates": [ [ [ [ -91.648523770821654, 41.841314492470737 ], [ -91.64902513212941, 41.841686996460524 ], [ -91.648717514598786, 41.842018800535079 ], [ -91.64797300097014, 41.842154682202889 ], [ -91.647910393794916, 41.841962882770495 ], [ -91.648523770821654, 41.841314492470737 ] ] ] ] } },
{ "type": "Feature", "properties": { "PPN": "0310278001", "TotalValue": 515300.0, "PropClass": "R", "pctLandVal": 0.22, "acreVal": 412240.0, "SiteAddres": "1263 WINCHESTER DR NE", "credits": "HMST", "acres": 1.25, "permitNo": "BLD-25826", "permitType": "Dwelling", "permitDate": "6/2/2015", "permitYr": 2015, "nonmetro": 0 }, "geometry": { "type": "MultiPolygon", "coordinates": [ [ [ [ -91.648523770821654, 41.841314492470737 ], [ -91.647910393794916, 41.841962882770495 ], [ -91.64797300097014, 41.842154682202889 ], [ -91.647228594386192, 41.84229053924085 ], [ -91.647546922771355, 41.841736369863412 ], [ -91.647762321229024, 41.841458942655798 ], [ -91.647764969634181, 41.841348067962322 ], [ -91.647764221151391, 41.841307667455482 ], [ -91.648523770821654, 41.841314492470737 ] ] ] ] } },
{ "type": "Feature", "properties": { "PPN": "0703227001", "TotalValue": 408300.0, "PropClass": "R", "pctLandVal": 0.28, "acreVal": 158871.59533073931, "SiteAddres": "2236 SUGAR BOTTOM RD NE", "credits": "HMST", "acres": 2.57, "permitNo": "BLD-27405", "permitType": "Dwelling", "permitDate": "9/14/2017", "permitYr": 2017, "nonmetro": 1 }, "geometry": { "type": "MultiPolygon", "coordinates": [ [ [ [ -91.540697178311618, 41.771230618319294 ], [ -91.541875687366499, 41.771260191023778 ], [ -91.541875032033616, 41.771262100899378 ], [ -91.541874373093549, 41.771264010714148 ], [ -91.541873712978131, 41.771265919608567 ], [ -91.541873049255486, 41.77126782844217 ], [ -91.541872383155095, 41.771269736335107 ], [ -91.541871714649915, 41.771271644187472 ], [ -91.541871044969326, 41.771273551119513 ], [ -91.541870371708654, 41.771275457090596 ], [ -91.541869696043136, 41.77127736302117 ], [ -91.541869019175166, 41.77127926893143 ], [ -91.541868338700013, 41.771281174780903 ], [ -91.541867657049536, 41.771283079710003 ], [ -91.541866971818862, 41.771284983678171 ], [ -91.541866285385765, 41.771286887626047 ], [ -91.541865596574951, 41.771288790633299 ], [ -91.541864902954501, 41.771290693559465 ], [ -91.541864209361123, 41.771292595585535 ], [ -91.541863512160489, 41.771294497550748 ], [ -91.541862813784505, 41.771296398595624 ], [ -91.541862111801365, 41.771298299579684 ], [ -91.541861408615745, 41.771300200543472 ], [ -91.541860701849998, 41.771302100546301 ], [ -91.541859992706463, 41.771303999608506 ], [ -91.541859282360562, 41.771305898650432 ], [ -91.541858568407392, 41.771307797631586 ], [ -91.541857853305956, 41.771309694792166 ], [ -91.541857135772602, 41.771311592812395 ], [ -91.541856415888603, 41.77131348899178 ], [ -91.541855691194996, 41.771315385090162 ], [ -91.541854967703742, 41.771317281208781 ], [ -91.541854239402824, 41.771319177246291 ], [ -91.541853509953711, 41.771321071463341 ], [ -91.541852776897301, 41.771322965619547 ], [ -91.541852042638524, 41.771324859755502 ], [ -91.541851304799565, 41.771326752930527 ], [ -91.541850566987634, 41.771328645205472 ], [ -91.54184982433901, 41.771330538299416 ], [ -91.541849079312698, 41.771332430452709 ], [ -91.54184833313802, 41.771334320785499 ], [ -91.541847584558582, 41.771336211077781 ], [ -91.541846833547211, 41.771338102229613 ], [ -91.541846080185138, 41.771339991540664 ], [ -91.541845324418276, 41.771341880811171 ], [ -91.541844566273639, 41.771343769141048 ], [ -91.541843805724199, 41.771345657430366 ], [ -91.541587207756962, 41.771983022430952 ], [ -91.541557451868002, 41.772046293942942 ], [ -91.541520091139589, 41.772107263216441 ], [ -91.541475438670972, 41.772165419268475 ], [ -91.541423868676262, 41.772220274692302 ], [ -91.541365813348747, 41.77227136974264 ], [ -91.541301759238976, 41.772318276189061 ], [ -91.541232243177092, 41.772360600905124 ], [ -91.541067967648203, 41.772457021884414 ], [ -91.541008995155281, 41.772397343486837 ], [ -91.540458126605387, 41.771839872888521 ], [ -91.540587328631389, 41.771510588185471 ], [ -91.540697178311618, 41.771230618319294 ] ] ] ] } },
{ "type": "Feature", "properties": { "PPN": "1521401003", "TotalValue": 300400.0, "PropClass": "R", "pctLandVal": 0.33, "acreVal": 69216.589861751156, "SiteAddres": "5324 OAK CREST HILL RD SE", "credits": "HMST, MIL", "acres": 4.34, "permitNo": "BLD-25532", "permitType": "Dwelling", "permitDate": "5/26/2015", "permitYr": 2015, "nonmetro": 1 }, "geometry": { "type": "MultiPolygon", "coordinates": [ [ [ [ -91.541530691877981, 41.546716086680519 ], [ -91.541522140295996, 41.543619255335621 ], [ -91.541607217769709, 41.543619721085143 ], [ -91.542449735332326, 41.543624330077037 ], [ -91.542125898620938, 41.545526704350856 ], [ -91.542045933799457, 41.545786598589963 ], [ -91.542020907911848, 41.545781475798123 ], [ -91.54168225632823, 41.546715357038373 ], [ -91.541633413566288, 41.546715589945286 ], [ -91.541530691877981, 41.546716086680519 ] ] ] ] } },
{ "type": "Feature", "properties": { "PPN": "1302302001", "TotalValue": 488100.0, "PropClass": "R", "pctLandVal": 0.26, "acreVal": 54173.140954495007, "SiteAddres": "1862 PIN OAK DR SW", "credits": "HMST", "acres": 9.01, "permitNo": "BLD-17891", "permitType": "Dwelling", "permitDate": "7/23/2013", "permitYr": 2013, "nonmetro": 1 }, "geometry": { "type": "MultiPolygon", "coordinates": [ [ [ [ -91.741474148831088, 41.589777795306198 ], [ -91.741519014937964, 41.588277966053383 ], [ -91.744079703686609, 41.58832111091121 ], [ -91.744081566387806, 41.588343966985171 ], [ -91.744088465588362, 41.588366272310033 ], [ -91.74410020918684, 41.588387405799878 ], [ -91.744116470189951, 41.588406778997559 ], [ -91.744136795817241, 41.588423852460487 ], [ -91.744160620108275, 41.58843815078118 ], [ -91.744187279681626, 41.588449275825369 ], [ -91.744216032206666, 41.588456917817808 ], [ -91.744246077073811, 41.588460863968272 ], [ -91.744088912180061, 41.589776856934783 ], [ -91.741474148831088, 41.589777795306198 ] ] ] ] } },
{ "type": "Feature", "properties": { "PPN": "1302152001", "TotalValue": 393600.0, "PropClass": "R", "pctLandVal": 0.18, "acreVal": 238545.45454545456, "SiteAddres": "4677 COSGROVE RD SW", "credits": "NONE", "acres": 1.65, "permitNo": "BLD-26331", "permitType": "Dwelling", "permitDate": "3/1/2016", "permitYr": 2016, "nonmetro": 1 }, "geometry": { "type": "MultiPolygon", "coordinates": [ [ [ [ -91.736638963483742, 41.593547054444535 ], [ -91.737422875343555, 41.593550257575053 ], [ -91.73741616172633, 41.594477141034879 ], [ -91.736647996038457, 41.59447400297708 ], [ -91.736638963483742, 41.593547054444535 ] ] ] ] } },
{ "type": "Feature", "properties": { "PPN": "1524354003", "TotalValue": 293600.0, "PropClass": "R", "pctLandVal": 0.21, "acreVal": 497627.11864406784, "SiteAddres": "5395 SAND RD SE", "credits": "HMST", "acres": 0.59, "permitNo": "BLD-25646", "permitType": "Dwelling", "permitDate": "4/16/2015", "permitYr": 2015, "nonmetro": 1 }, "geometry": { "type": "MultiPolygon", "coordinates": [ [ [ [ -91.501672381920685, 41.540604471488024 ], [ -91.501680941139284, 41.540385009054582 ], [ -91.501689499074743, 41.540165547486602 ], [ -91.502273924961585, 41.540170083646572 ], [ -91.502265371384397, 41.540389545298822 ], [ -91.502256811731542, 41.540609007733821 ], [ -91.501672381920685, 41.540604471488024 ] ] ] ] } },
{ "type": "Feature", "properties": { "PPN": "0307105005", "TotalValue": 277100.0, "PropClass": "R", "pctLandVal": 0.11, "acreVal": 1319523.8095238095, "SiteAddres": "335 1ST ST SW", "credits": "MIL", "acres": 0.21, "permitNo": "BLD-16199", "permitType": "Dwelling", "permitDate": "3/24/2010", "permitYr": 2010, "nonmetro": 1 }, "geometry": { "type": "MultiPolygon", "coordinates": [ [ [ [ -91.699838566478803, 41.846376624844972 ], [ -91.699618385238949, 41.846379406174123 ], [ -91.699614287192176, 41.845967790286082 ], [ -91.699834467038684, 41.845965008964228 ], [ -91.699838566478803, 41.846376624844972 ] ] ] ] } },
{ "type": "Feature", "properties": { "PPN": "0503376002", "TotalValue": 427500.0, "PropClass": "R", "pctLandVal": 0.26, "acreVal": 45334.040296924708, "SiteAddres": "1668 250TH ST NW", "credits": "HMST", "acres": 9.43, "permitNo": "BLD-26609", "permitType": "Dwelling", "permitDate": "6/29/2016", "permitYr": 2016, "nonmetro": 1 }, "geometry": { "type": "MultiPolygon", "coordinates": [ [ [ [ -91.766314471215878, 41.760283450803151 ], [ -91.768705185737488, 41.760308899842101 ], [ -91.768665562797437, 41.762037044404032 ], [ -91.766277357164398, 41.762013551977688 ], [ -91.766314471215878, 41.760283450803151 ] ] ] ] } },
{ "type": "Feature", "properties": { "PPN": "1225302001", "TotalValue": 746400.0, "PropClass": "R", "pctLandVal": 0.23, "acreVal": 37042.183622828787, "SiteAddres": "2080 REDWING HOLW SW", "credits": "HMST", "acres": 20.15, "permitNo": "BLD-26246", "permitType": "Dwelling", "permitDate": "12/14/2015", "permitYr": 2015, "nonmetro": 1 }, "geometry": { "type": "MultiPolygon", "coordinates": [ [ [ [ -91.727234380110033, 41.622914750812342 ], [ -91.726684025113897, 41.622295641198917 ], [ -91.726691146729863, 41.621841517089905 ], [ -91.726738950837685, 41.620100516378287 ], [ -91.728406261276788, 41.62012517873557 ], [ -91.729024823729858, 41.62013514346755 ], [ -91.729399814355276, 41.620502303213641 ], [ -91.728659570157248, 41.620927993910961 ], [ -91.729104516167055, 41.621363649624179 ], [ -91.729844762379599, 41.62093795704174 ], [ -91.730083820803046, 41.621171982090857 ], [ -91.730152728538144, 41.623297413060222 ], [ -91.727234380110033, 41.622914750812342 ] ] ] ] } },
{ "type": "Feature", "properties": { "PPN": "0229427023", "TotalValue": 3289900.0, "PropClass": "R", "pctLandVal": 0.36, "acreVal": 8024146.341463415, "SiteAddres": "1940 BURESH POINT RD NE", "credits": "NONE", "acres": 0.41, "permitNo": "BLD-20-29312", "permitType": "Dwelling", "permitDate": "9/17/2020", "permitYr": 2020, "nonmetro": 1 }, "geometry": { "type": "MultiPolygon", "coordinates": [ [ [ [ -91.565785526795082, 41.795738375222065 ], [ -91.565809152616637, 41.795574589255956 ], [ -91.566659283570488, 41.795622523605239 ], [ -91.566661077939685, 41.795660845228653 ], [ -91.566661771650701, 41.795716529332047 ], [ -91.566659136850603, 41.795773259447166 ], [ -91.566660377151294, 41.79578797990564 ], [ -91.566662219843593, 41.795809848216066 ], [ -91.56666181619326, 41.795809864915732 ], [ -91.566585968078769, 41.795813057299313 ], [ -91.566293055062474, 41.795825383819249 ], [ -91.565963494245551, 41.795811966034073 ], [ -91.565858662025491, 41.795742521898539 ], [ -91.565785526795082, 41.795738375222065 ] ] ] ] } },
{ "type": "Feature", "properties": { "PPN": "0933276003", "TotalValue": 533000.0, "PropClass": "R", "pctLandVal": 0.26, "acreVal": 65721.331689272512, "SiteAddres": "5050 HIGHWAY 6 SE", "credits": "NONE", "acres": 8.11, "permitNo": "BLD-17634", "permitType": "Dwelling", "permitDate": "12/11/2012", "permitYr": 2012, "nonmetro": 1 }, "geometry": { "type": "MultiPolygon", "coordinates": [ [ [ [ -91.439284589655813, 41.607785880973125 ], [ -91.437368395354, 41.607801496767706 ], [ -91.437350705152923, 41.607085945198492 ], [ -91.437334524315531, 41.605931935587257 ], [ -91.439040793147285, 41.605979078678793 ], [ -91.439278113801223, 41.605981911677617 ], [ -91.439284589655813, 41.607785880973125 ] ] ] ] } },
{ "type": "Feature", "properties": { "PPN": "0705280001", "TotalValue": 854700.0, "PropClass": "R", "pctLandVal": 0.19, "acreVal": 198767.44186046513, "SiteAddres": "2296 MEHAFFEY BRIDGE RD NE", "credits": "NONE", "acres": 4.3, "permitNo": "BLD-20-29360", "permitType": "Dwelling", "permitDate": "8/18/2020", "permitYr": 2020, "nonmetro": 1 }, "geometry": { "type": "MultiPolygon", "coordinates": [ [ [ [ -91.575332899932675, 41.766644595921903 ], [ -91.575210086001945, 41.766724508075058 ], [ -91.575023664824243, 41.766820764130827 ], [ -91.57459263716612, 41.767048870373969 ], [ -91.574436764160311, 41.767121099496656 ], [ -91.574279106388218, 41.767173579125924 ], [ -91.573951908655957, 41.767298023525925 ], [ -91.573624710902024, 41.767422466118965 ], [ -91.573471978251277, 41.767504075014251 ], [ -91.573367215145836, 41.767563250083768 ], [ -91.573250008015663, 41.767583916672649 ], [ -91.573101178394253, 41.767706930329844 ], [ -91.57308233841637, 41.766934286502256 ], [ -91.572779345519564, 41.766425086831561 ], [ -91.572883634899483, 41.766425766916925 ], [ -91.574069826880432, 41.766433492167536 ], [ -91.5746733403886, 41.766184558267469 ], [ -91.575136903365177, 41.766440425770568 ], [ -91.575332899932675, 41.766644595921903 ] ] ] ] } },
{ "type": "Feature", "properties": { "PPN": "0307191010", "TotalValue": 443500.0, "PropClass": "R", "pctLandVal": 0.14, "acreVal": 615972.22222222225, "SiteAddres": "219 MAPLE ST SW", "credits": "HMST, MIL", "acres": 0.72, "permitNo": "BLD-17207", "permitType": "Dwelling", "permitDate": "4/24/2012", "permitYr": 2012, "nonmetro": 1 }, "geometry": { "type": "MultiPolygon", "coordinates": [ [ [ [ -91.697394801924361, 41.841411336547552 ], [ -91.69779130586349, 41.840987379971104 ], [ -91.698066590416161, 41.841058369925079 ], [ -91.69807994758915, 41.841061814222215 ], [ -91.698210390165073, 41.841095453099335 ], [ -91.697953968478529, 41.841697890701248 ], [ -91.697920650849426, 41.841684852853462 ], [ -91.697888942082329, 41.841669737137316 ], [ -91.697635391448287, 41.841537147106159 ], [ -91.697394801924361, 41.841411336547552 ] ] ] ] } },
{ "type": "Feature", "properties": { "PPN": "0710327002", "TotalValue": 545800.0, "PropClass": "R", "pctLandVal": 0.23, "acreVal": 154617.56373937678, "SiteAddres": "2540 OVERVIEW DR NE", "credits": "HMST", "acres": 3.53, "permitNo": "BLD-17149", "permitType": "Dwelling", "permitDate": "3/26/2012", "permitYr": 2012, "nonmetro": 1 }, "geometry": { "type": "MultiPolygon", "coordinates": [ [ [ [ -91.537106390510317, 41.748446169950618 ], [ -91.537106462941111, 41.748436584492325 ], [ -91.537126624690075, 41.748432936597666 ], [ -91.539271781343814, 41.748044784943609 ], [ -91.539298108065267, 41.748139828550826 ], [ -91.539316120862154, 41.748235953599114 ], [ -91.539325743351981, 41.748332752670933 ], [ -91.539326934713031, 41.74842981549029 ], [ -91.539319689858146, 41.74852673066146 ], [ -91.539304039456866, 41.748623087412732 ], [ -91.539280049806095, 41.748718477337455 ], [ -91.539247822549711, 41.748812496125161 ], [ -91.539207494248345, 41.748904745275219 ], [ -91.539159235801165, 41.748994833785993 ], [ -91.539103251721983, 41.749082379812279 ], [ -91.53903977927294, 41.749167012283813 ], [ -91.538969087459307, 41.749248372478256 ], [ -91.538861590375234, 41.749363698388336 ], [ -91.537126256793101, 41.748456555315173 ], [ -91.537106390510317, 41.748446169950618 ] ] ] ] } },
{ "type": "Feature", "properties": { "PPN": "0726257004", "TotalValue": 1150200.0, "PropClass": "R", "pctLandVal": 0.1, "acreVal": 723396.22641509445, "SiteAddres": "4233 WESTCOTT DR NE", "credits": "HMST", "acres": 1.59, "permitNo": "BLD-18-27915", "permitType": "Dwelling", "permitDate": "8/6/2018", "permitYr": 2018, "nonmetro": 1 }, "geometry": { "type": "MultiPolygon", "coordinates": [ [ [ [ -91.519415094906847, 41.710385043776881 ], [ -91.519056193272803, 41.710387343701072 ], [ -91.519049259653201, 41.709779720700723 ], [ -91.519146308976971, 41.709706670815933 ], [ -91.519768978827798, 41.709708565180819 ], [ -91.51987978089727, 41.70979121932556 ], [ -91.519884817995163, 41.710232213868998 ], [ -91.519560689270449, 41.710570977012871 ], [ -91.519295436714557, 41.710848209344128 ], [ -91.51929543422996, 41.710848212003512 ], [ -91.519181230693931, 41.710967579610184 ], [ -91.519147564658908, 41.711008285248738 ], [ -91.51912147747764, 41.711052002729645 ], [ -91.51910343921142, 41.711097944339841 ], [ -91.519102693322736, 41.71110049830898 ], [ -91.519097903291723, 41.711119769469839 ], [ -91.519097634474846, 41.711121060839908 ], [ -91.519097371636931, 41.711122353212637 ], [ -91.519096865154111, 41.711124939186256 ], [ -91.519096621481836, 41.711126233687267 ], [ -91.519096383788565, 41.711127529190939 ], [ -91.51909512920777, 41.711135074588597 ], [ -91.519094758172969, 41.711137593528051 ], [ -91.519094581637773, 41.711138854051669 ], [ -91.519094071789155, 41.711142776452689 ], [ -91.51909403152392, 41.711143112588495 ], [ -91.519093930096119, 41.71114395831853 ], [ -91.519093914225351, 41.711144085031727 ], [ -91.519093079995287, 41.711152233798401 ], [ -91.519092381007383, 41.711162576024087 ], [ -91.519092268706117, 41.711165163321745 ], [ -91.519092098456369, 41.711171633902183 ], [ -91.519092096314182, 41.711171822990828 ], [ -91.519092094932859, 41.711172066128249 ], [ -91.519092092143609, 41.711172948665009 ], [ -91.519092092578731, 41.71117297388912 ], [ -91.51909208986541, 41.711173537616098 ], [ -91.519092088580237, 41.711173975283948 ], [ -91.51909208698001, 41.711174225622422 ], [ -91.519092086720462, 41.711174431854523 ], [ -91.519091902569102, 41.711221768555127 ], [ -91.51909174702655, 41.711261402943471 ], [ -91.518945249061929, 41.711261116177567 ], [ -91.518945580405585, 41.711174149446158 ], [ -91.518950564044118, 41.711116528402322 ], [ -91.518965008836417, 41.711059809993124 ], [ -91.518988693485937, 41.711004863058541 ], [ -91.519021255157952, 41.710952529300222 ], [ -91.51906219503887, 41.710903610388016 ], [ -91.519475253230823, 41.710471911602255 ], [ -91.519481595480627, 41.710463936544762 ], [ -91.519486053247874, 41.710455274613587 ], [ -91.519488498998257, 41.710446173623382 ], [ -91.519488862760625, 41.710436893950082 ], [ -91.519487134128738, 41.710427701081535 ], [ -91.519483362558944, 41.710418858022024 ], [ -91.5194776559551, 41.71041061776787 ], [ -91.519470177581454, 41.710403216069246 ], [ -91.519461141391545, 41.710396864685542 ], [ -91.519450805907226, 41.710391745327065 ], [ -91.51943946682232, 41.710388004456355 ], [ -91.519427448543027, 41.710385749098052 ], [ -91.519415094906847, 41.710385043776881 ] ] ] ] } },
{ "type": "Feature", "properties": { "PPN": "0316351012", "TotalValue": 696200.0, "PropClass": "R", "pctLandVal": 0.18, "acreVal": 204164.22287390029, "SiteAddres": "1581 COURTNEY LN NW", "credits": "NONE", "acres": 3.41, "permitNo": "BLD-23-31786", "permitType": "Dwelling", "permitDate": "6/26/2023", "permitYr": 2023, "nonmetro": 1 }, "geometry": { "type": "MultiPolygon", "coordinates": [ [ [ [ -91.673891839131542, 41.819928144386402 ], [ -91.673671214350648, 41.819704446888082 ], [ -91.672705175929678, 41.819111077882752 ], [ -91.672498786743375, 41.819078881045989 ], [ -91.672360675586219, 41.819130095140231 ], [ -91.672367041733693, 41.818751269282657 ], [ -91.673595879637915, 41.818761562018054 ], [ -91.67476101501515, 41.819723885029461 ], [ -91.674372167893196, 41.820163801958842 ], [ -91.674218203305102, 41.82008826417011 ], [ -91.673891839131542, 41.819928144386402 ] ] ] ] } },
{ "type": "Feature", "properties": { "PPN": "0702355001", "TotalValue": 975200.0, "PropClass": "R", "pctLandVal": 0.19, "acreVal": 136966.29213483146, "SiteAddres": "2383 SUGAR BOTTOM RD NE", "credits": "HMST", "acres": 7.12, "permitNo": "BLD-17290", "permitType": "Dwelling", "permitDate": "6/26/2012", "permitYr": 2012, "nonmetro": 1 }, "geometry": { "type": "MultiPolygon", "coordinates": [ [ [ [ -91.518009013642512, 41.761583036731921 ], [ -91.519343085100459, 41.760352940288307 ], [ -91.519887962823148, 41.760548379532352 ], [ -91.520711880094012, 41.760574823213055 ], [ -91.520176391444636, 41.762110323729786 ], [ -91.519255819755941, 41.76210125141214 ], [ -91.519244702555596, 41.762128593491049 ], [ -91.5191934662177, 41.76212808811129 ], [ -91.51908146551439, 41.762123263470222 ], [ -91.518970373199792, 41.762111563974621 ], [ -91.518860940790987, 41.762093068769218 ], [ -91.518753908574624, 41.762067902970237 ], [ -91.518650000598299, 41.762036236818901 ], [ -91.518549919771999, 41.761998284529732 ], [ -91.518454343112552, 41.761954302841097 ], [ -91.518363917163441, 41.761904589278323 ], [ -91.518279253620804, 41.761849480140746 ], [ -91.518200925195288, 41.761789348226536 ], [ -91.5181294617379, 41.761724600310444 ], [ -91.518065346655803, 41.761655674391918 ], [ -91.518009013642512, 41.761583036731921 ] ] ] ] } }
]
}
