{
"type": "FeatureCollection",
"name": "recentPermits_jcia",
"crs": { "type": "name", "properties": { "name": "urn:ogc:def:crs:OGC:1.3:CRS84" } },
"features": [
{ "type": "Feature", "properties": { "PPN": "0124304001", "TotalValue": 516200.0, "PropClass": "R", "pctLandVal": 0.15, "acreVal": 113951.43487858718, "SiteAddres": "5653 180TH ST NE", "credits": "NONE", "acres": 4.53, "permitNo": "BLD-26768", "permitType": "Dwelling", "permitDate": "10/4/2016", "permitYr": 2016, "nonmetro": 1 }, "geometry": { "type": "Point", "coordinates": [ -91.379440369770251, 41.80632534751215 ] } },
{ "type": "Feature", "properties": { "PPN": "0721458005", "TotalValue": 1248000.0, "PropClass": "R", "pctLandVal": 0.12, "acreVal": 1114285.7142857141, "SiteAddres": "3938 STEWART RD NE", "credits": "HMST", "acres": 1.12, "permitNo": "BLD-17053", "permitType": "Dwelling", "permitDate": "12/14/2011", "permitYr": 2011, "nonmetro": 0 }, "geometry": { "type": "Point", "coordinates": [ -91.547735523265132, 41.715081187166483 ] } },
{ "type": "Feature", "properties": { "PPN": "0314201001", "TotalValue": 466600.0, "PropClass": "R", "pctLandVal": 0.2, "acreVal": 143569.23076923078, "SiteAddres": "3092 SANDY BEACH RD NE", "credits": "NONE", "acres": 3.25, "permitNo": "BLD-26492", "permitType": "Dwelling", "permitDate": "5/4/2016", "permitYr": 2016, "nonmetro": 1 }, "geometry": { "type": "Point", "coordinates": [ -91.627012927780413, 41.831440764915286 ] } },
{ "type": "Feature", "properties": { "PPN": "0314208002", "TotalValue": 398700.0, "PropClass": "R", "pctLandVal": 0.05, "acreVal": 949285.71428571432, "SiteAddres": "3091 SANDY BEACH RD NE", "credits": "NONE", "acres": 0.42, "permitNo": "BLD-19-28733", "permitType": "Dwelling", "permitDate": "10/25/2019", "permitYr": 2019, "nonmetro": 1 }, "geometry": { "type": "Point", "coordinates": [ -91.627566079159337, 41.829673561291791 ] } },
{ "type": "Feature", "properties": { "PPN": "0713206001", "TotalValue": 891700.0, "PropClass": "R", "pctLandVal": 0.16, "acreVal": 211303.31753554504, "SiteAddres": "2654 PERYTON LN NE", "credits": "NONE", "acres": 4.22, "permitNo": "BLD-16686", "permitType": "Dwelling", "permitDate": "5/2/2011", "permitYr": 2011, "nonmetro": 1 }, "geometry": { "type": "Point", "coordinates": [ -91.493450825153701, 41.740571915740958 ] } },
{ "type": "Feature", "properties": { "PPN": "0713153001", "TotalValue": 421800.0, "PropClass": "R", "pctLandVal": 0.3, "acreVal": 134760.38338658147, "SiteAddres": "2660 PERYTON LN NE", "credits": "NONE", "acres": 3.13, "permitNo": "BLD-23-31790", "permitType": "Dwelling", "permitDate": "5/23/2023", "permitYr": 2023, "nonmetro": 1 }, "geometry": { "type": "Point", "coordinates": [ -91.492073701061003, 41.73975671530431 ] } },
{ "type": "Feature", "properties": { "PPN": "1233227001", "TotalValue": 866500.0, "PropClass": "R", "pctLandVal": 0.12, "acreVal": 146864.40677966102, "SiteAddres": "4446 CALKINS AVE SW", "credits": "HMST", "acres": 5.9, "permitNo": "BLD-20-29057", "permitType": "Dwelling", "permitDate": "9/28/2020", "permitYr": 2020, "nonmetro": 1 }, "geometry": { "type": "Point", "coordinates": [ -91.793310000923043, 41.611336370938098 ] } },
{ "type": "Feature", "properties": { "PPN": "1206127001", "TotalValue": 535200.0, "PropClass": "R", "pctLandVal": 0.13, "acreVal": 396444.44444444444, "SiteAddres": "1139 340TH ST SW", "credits": "HMST", "acres": 1.35, "permitNo": "BLD-17827", "permitType": "Dwelling", "permitDate": "6/4/2013", "permitYr": 2013, "nonmetro": 1 }, "geometry": { "type": "Point", "coordinates": [ -91.820098056231828, 41.686538926294183 ] } },
{ "type": "Feature", "properties": { "PPN": "0220379003", "TotalValue": 1020500.0, "PropClass": "R", "pctLandVal": 0.1, "acreVal": 355574.91289198602, "SiteAddres": "3689 STONE RD NE", "credits": "HMST", "acres": 2.87, "permitNo": "BLD-17-27560", "permitType": "Dwelling", "permitDate": "12/20/2017", "permitYr": 2017, "nonmetro": 1 }, "geometry": { "type": "Point", "coordinates": [ -91.574366900312441, 41.806154755326602 ] } },
{ "type": "Feature", "properties": { "PPN": "1401404002", "TotalValue": 616200.0, "PropClass": "A, AD", "pctLandVal": 0.0, "acreVal": 474000.0, "SiteAddres": "4749 MAIER AVE SW", "credits": "HMST", "acres": 1.3, "permitNo": "BLD-26100", "permitType": "Dwelling", "permitDate": "11/30/2015", "permitYr": 2015, "nonmetro": 1 }, "geometry": { "type": "Point", "coordinates": [ -91.598521279844775, 41.587673977857875 ] } },
{ "type": "Feature", "properties": { "PPN": "0607177001", "TotalValue": 311000.0, "PropClass": "R", "pctLandVal": 0.23, "acreVal": 215972.22222222222, "SiteAddres": "2370 250TH ST NW", "credits": "HMST", "acres": 1.44, "permitNo": "BLD-17899", "permitType": "Dwelling", "permitDate": "7/25/2013", "permitYr": 2013, "nonmetro": 1 }, "geometry": { "type": "Point", "coordinates": [ -91.698981885161814, 41.753779093958499 ] } },
{ "type": "Feature", "properties": { "PPN": "1328154002", "TotalValue": 474000.0, "PropClass": "R", "pctLandVal": 0.1, "acreVal": 623684.21052631573, "SiteAddres": "5470 KLEIN STRASZE SW", "credits": "HMST", "acres": 0.76, "permitNo": "BLD-17916", "permitType": "Dwelling", "permitDate": "7/26/2013", "permitYr": 2013, "nonmetro": 1 }, "geometry": { "type": "Point", "coordinates": [ -91.779934287882796, 41.53603470203327 ] } },
{ "type": "Feature", "properties": { "PPN": "0806204006", "TotalValue": 513700.0, "PropClass": "R", "pctLandVal": 0.32, "acreVal": 503627.45098039217, "SiteAddres": "4644 HARPERS TRL NE", "credits": "NONE", "acres": 1.02, "permitNo": "BLD-24-32722", "permitType": "Dwelling", "permitDate": "7/29/2024", "permitYr": 2024, "nonmetro": 1 }, "geometry": { "type": "Point", "coordinates": [ -91.473166190975377, 41.770330362753569 ] } },
{ "type": "Feature", "properties": { "PPN": "0231255001", "TotalValue": 525600.0, "PropClass": "R", "pctLandVal": 0.25, "acreVal": 395187.96992481203, "SiteAddres": "2075 SCALES BEND RD NE", "credits": "HMST", "acres": 1.33, "permitNo": "BLD-17821", "permitType": "Dwelling", "permitDate": "6/6/2013", "permitYr": 2013, "nonmetro": 1 }, "geometry": { "type": "Point", "coordinates": [ -91.596231829463747, 41.783708862403763 ] } },
{ "type": "Feature", "properties": { "PPN": "0706305002", "TotalValue": 1232700.0000000002, "PropClass": "R", "pctLandVal": 0.14, "acreVal": 251059.06313645621, "SiteAddres": "2381 MEHAFFEY BRIDGE RD NE", "credits": "NONE", "acres": 4.91, "permitNo": "BLD-19-28683", "permitType": "Dwelling", "permitDate": "9/23/2019", "permitYr": 2019, "nonmetro": 0 }, "geometry": { "type": "Point", "coordinates": [ -91.591401369096204, 41.763598597179936 ] } },
{ "type": "Feature", "properties": { "PPN": "0706381003", "TotalValue": 1738400.0, "PropClass": "R", "pctLandVal": 0.19, "acreVal": 905416.66666666674, "SiteAddres": "2379 MAHAFFEY BRIDGE RD NE", "credits": "NONE", "acres": 1.92, "permitNo": "BLD-23-31723", "permitType": "Dwelling", "permitDate": "5/19/2023", "permitYr": 2023, "nonmetro": 1 }, "geometry": { "type": "Point", "coordinates": [ -91.590548718864028, 41.760764210332056 ] } },
{ "type": "Feature", "properties": { "PPN": "0806204002", "TotalValue": 842400.0, "PropClass": "R", "pctLandVal": 0.19, "acreVal": 834059.40594059404, "SiteAddres": "2210 HEMANN WAY NE", "credits": "NONE", "acres": 1.01, "permitNo": "BLD-24-32464", "permitType": "Dwelling", "permitDate": "4/11/2024", "permitYr": 2024, "nonmetro": 1 }, "geometry": { "type": "Point", "coordinates": [ -91.473105344474604, 41.77209054863858 ] } },
{ "type": "Feature", "properties": { "PPN": "0806206011", "TotalValue": 1200.0, "PropClass": "R", "pctLandVal": 1.0, "acreVal": 1818.181818181818, "SiteAddres": "2235 HEMANN WAY NE", "credits": "NONE", "acres": 0.66, "permitNo": "BLD-25-33275", "permitType": "Dwelling", "permitDate": "5/6/2025", "permitYr": 2025, "nonmetro": 1 }, "geometry": { "type": "Point", "coordinates": [ -91.474179525436156, 41.770130349874954 ] } },
{ "type": "Feature", "properties": { "PPN": "0705303002", "TotalValue": 667600.0, "PropClass": "R", "pctLandVal": 0.19, "acreVal": 302081.44796380092, "SiteAddres": "3668 DANIELLE CT NE", "credits": "HMST", "acres": 2.21, "permitNo": "BLD-24853", "permitType": "Dwelling", "permitDate": "10/10/2013", "permitYr": 2013, "nonmetro": 1 }, "geometry": { "type": "Point", "coordinates": [ -91.572906875046144, 41.765527097204767 ] } },
{ "type": "Feature", "properties": { "PPN": "0629302013", "TotalValue": 572500.0, "PropClass": "R", "pctLandVal": 0.12, "acreVal": 440384.61538461538, "SiteAddres": "3136 HALF MOON AVE NW", "credits": "NONE", "acres": 1.3, "permitNo": "BLD-24-32367", "permitType": "Dwelling", "permitDate": "2/13/2024", "permitYr": 2024, "nonmetro": 1 }, "geometry": { "type": "Point", "coordinates": [ -91.690165689452186, 41.707137310325528 ] } },
{ "type": "Feature", "properties": { "PPN": "0727185002", "TotalValue": 566600.0, "PropClass": "R", "pctLandVal": 0.2, "acreVal": 529532.71028037381, "SiteAddres": "4183 WESTCOTT DR NE", "credits": "HMST", "acres": 1.07, "permitNo": "BLD-16497", "permitType": "Dwelling", "permitDate": "10/28/2010", "permitYr": 2010, "nonmetro": 1 }, "geometry": { "type": "Point", "coordinates": [ -91.525262604389184, 41.709752281934982 ] } },
{ "type": "Feature", "properties": { "PPN": "0208252001", "TotalValue": 347700.0, "PropClass": "R", "pctLandVal": 0.28, "acreVal": 73978.723404255317, "SiteAddres": "1294 NAPLES AVE NE", "credits": "HMST, MIL", "acres": 4.7, "permitNo": "BLD-25710", "permitType": "Dwelling", "permitDate": "4/29/2015", "permitYr": 2015, "nonmetro": 1 }, "geometry": { "type": "Point", "coordinates": [ -91.578221107706824, 41.841004009920766 ] } },
{ "type": "Feature", "properties": { "PPN": "1533177006", "TotalValue": 734300.0, "PropClass": "R", "pctLandVal": 0.13, "acreVal": 199538.04347826086, "SiteAddres": "5657 OAK CREST HILL RD SE", "credits": "HMST", "acres": 3.68, "permitNo": "BLD-27024", "permitType": "Dwelling", "permitDate": "3/10/2017", "permitYr": 2017, "nonmetro": 1 }, "geometry": { "type": "Point", "coordinates": [ -91.544188576898648, 41.521271794086111 ] } },
{ "type": "Feature", "properties": { "PPN": "1533177005", "TotalValue": 396100.0, "PropClass": "R", "pctLandVal": 0.15, "acreVal": 36574.330563250231, "SiteAddres": "5661 OAK CREST HILL RD SE", "credits": "NONE", "acres": 10.83, "permitNo": "BLD-21-30266", "permitType": "Dwelling", "permitDate": "3/2/2022", "permitYr": 2022, "nonmetro": 1 }, "geometry": { "type": "Point", "coordinates": [ -91.544207062122638, 41.520872327791722 ] } },
{ "type": "Feature", "properties": { "PPN": "0703480001", "TotalValue": 436800.0, "PropClass": "R", "pctLandVal": 0.21, "acreVal": 436800.0, "SiteAddres": "2367 SUGAR BOTTOM RD NE", "credits": "HMST", "acres": 1.0, "permitNo": "BLD-21-30559", "permitType": "Dwelling", "permitDate": "1/3/2022", "permitYr": 2022, "nonmetro": 1 }, "geometry": { "type": "Point", "coordinates": [ -91.524298524714197, 41.760719106901476 ] } },
{ "type": "Feature", "properties": { "PPN": "1426402002", "TotalValue": 722800.0, "PropClass": "R", "pctLandVal": 0.15, "acreVal": 154444.44444444447, "SiteAddres": "5542 LACKENDER AVE SW", "credits": "NONE", "acres": 4.68, "permitNo": "BLD-22-31087", "permitType": "Dwelling", "permitDate": "8/10/2022", "permitYr": 2022, "nonmetro": 1 }, "geometry": { "type": "Point", "coordinates": [ -91.621870730062611, 41.529584383759932 ] } },
{ "type": "Feature", "properties": { "PPN": "0313376015", "TotalValue": 812700.0, "PropClass": "R", "pctLandVal": 0.15, "acreVal": 266459.01639344264, "SiteAddres": "1564 IROQUOIS DR NE", "credits": "HMST", "acres": 3.05, "permitNo": "BLD-16912", "permitType": "Dwelling", "permitDate": "10/4/2011", "permitYr": 2011, "nonmetro": 1 }, "geometry": { "type": "Point", "coordinates": [ -91.607349867766501, 41.820098316449986 ] } },
{ "type": "Feature", "properties": { "PPN": "0307352006", "TotalValue": 103500.0, "PropClass": "R", "pctLandVal": 0.84, "acreVal": 57500.0, "SiteAddres": "2236 CLAY STUDIO CT NW", "credits": "NONE", "acres": 1.8, "permitNo": "BLD-25-33183", "permitType": "Dwelling", "permitDate": "3/17/2025", "permitYr": 2025, "nonmetro": 1 }, "geometry": { "type": "Point", "coordinates": [ -91.712176099809909, 41.834291962632641 ] } },
{ "type": "Feature", "properties": { "PPN": "1415351004", "TotalValue": 318300.0, "PropClass": "R", "pctLandVal": 0.04, "acreVal": 1097586.2068965519, "SiteAddres": "2824 520TH ST SW", "credits": "NONE", "acres": 0.29, "permitNo": "BLD-25792", "permitType": "Dwelling", "permitDate": "5/14/2015", "permitYr": 2015, "nonmetro": 1 }, "geometry": { "type": "Point", "coordinates": [ -91.654745824777933, 41.554709258248721 ] } },
{ "type": "Feature", "properties": { "PPN": "0830478002", "TotalValue": 1322600.0, "PropClass": "R", "pctLandVal": 0.06, "acreVal": 912137.93103448278, "SiteAddres": "4764 RAPID CREEK RD NE", "credits": "NONE", "acres": 1.45, "permitNo": "BLD-23-32155", "permitType": "Dwelling", "permitDate": "10/11/2023", "permitYr": 2023, "nonmetro": 1 }, "geometry": { "type": "Point", "coordinates": [ -91.466514851267561, 41.703505316615562 ] } },
{ "type": "Feature", "properties": { "PPN": "0830478007", "TotalValue": 11300.0, "PropClass": "R", "pctLandVal": 1.0, "acreVal": 10000.000000000002, "SiteAddres": "4752 RAPID CREEK RD NE", "credits": "NONE", "acres": 1.13, "permitNo": "BLD-24-32978", "permitType": "Dwelling", "permitDate": "3/10/2025", "permitYr": 2025, "nonmetro": 1 }, "geometry": { "type": "Point", "coordinates": [ -91.467922588792021, 41.701400294853109 ] } },
{ "type": "Feature", "properties": { "PPN": "0921226003", "TotalValue": 875900.0, "PropClass": "R", "pctLandVal": 0.11, "acreVal": 875900.0, "SiteAddres": "2544 AARON DR SE", "credits": "HMST", "acres": 1.0, "permitNo": "BLD-17179", "permitType": "Dwelling", "permitDate": "4/16/2012", "permitYr": 2012, "nonmetro": 1 }, "geometry": { "type": "Point", "coordinates": [ -91.439999777201251, 41.639332725531112 ] } },
{ "type": "Feature", "properties": { "PPN": "0932327001", "TotalValue": 527300.0, "PropClass": "R", "pctLandVal": 0.33, "acreVal": 37745.168217609164, "SiteAddres": "4522 TAFT AVE SE", "credits": "HMST", "acres": 13.97, "permitNo": "BLD-26828", "permitType": "Dwelling", "permitDate": "10/14/2016", "permitYr": 2016, "nonmetro": 1 }, "geometry": { "type": "Point", "coordinates": [ -91.461468670429056, 41.604541422790341 ] } },
{ "type": "Feature", "properties": { "PPN": "1226177001", "TotalValue": 505200.0, "PropClass": "R", "pctLandVal": 0.25, "acreVal": 57084.745762711864, "SiteAddres": "4239 COSGROVE RD SW", "credits": "HMST, MIL", "acres": 8.85, "permitNo": "BLD-17806", "permitType": "Dwelling", "permitDate": "5/23/2013", "permitYr": 2013, "nonmetro": 1 }, "geometry": { "type": "Point", "coordinates": [ -91.736958301630537, 41.623217761754496 ] } },
{ "type": "Feature", "properties": { "PPN": "0107203001", "TotalValue": 217000.0, "PropClass": "R", "pctLandVal": 0.3, "acreVal": 118579.23497267759, "SiteAddres": "4701 120TH ST NE", "credits": "HMST", "acres": 1.83, "permitNo": "BLD-25509", "permitType": "Dwelling", "permitDate": "11/17/2014", "permitYr": 2014, "nonmetro": 1 }, "geometry": { "type": "Point", "coordinates": [ -91.473970043598854, 41.845039935004316 ] } },
{ "type": "Feature", "properties": { "PPN": "1314110008", "TotalValue": 318200.0, "PropClass": "R", "pctLandVal": 0.21, "acreVal": 345869.5652173913, "SiteAddres": "1966 YODER AVE SW", "credits": "NONE", "acres": 0.92, "permitNo": "BLD-16171", "permitType": "Dwelling", "permitDate": "2/11/2010", "permitYr": 2010, "nonmetro": 1 }, "geometry": { "type": "Point", "coordinates": [ -91.735339515925503, 41.567240826486803 ] } },
{ "type": "Feature", "properties": { "PPN": "0406177001", "TotalValue": 386200.0, "PropClass": "A, AD", "pctLandVal": 0.02, "acreVal": 71123.388581952124, "SiteAddres": "1068 BAXTER AVE NW", "credits": "HMST, AG", "acres": 5.43, "permitNo": "BLD-16706", "permitType": "Dwelling", "permitDate": "5/23/2011", "permitYr": 2011, "nonmetro": 1 }, "geometry": { "type": "Point", "coordinates": [ -91.815942230461346, 41.857066819556117 ] } },
{ "type": "Feature", "properties": { "PPN": "0905402007", "TotalValue": 312200.0, "PropClass": "R", "pctLandVal": 0.18, "acreVal": 650416.66666666674, "SiteAddres": "3549 UTAH AVE NE", "credits": "HMST, MIL", "acres": 0.48, "permitNo": "BLD-17333", "permitType": "Dwelling", "permitDate": "8/17/2012", "permitYr": 2012, "nonmetro": 1 }, "geometry": { "type": "Point", "coordinates": [ -91.444194425115086, 41.674723328036698 ] } },
{ "type": "Feature", "properties": { "PPN": "1314109004", "TotalValue": 340800.0, "PropClass": "R", "pctLandVal": 0.18, "acreVal": 362553.19148936175, "SiteAddres": "1982 MILL VIEW CIR SW", "credits": "HMST", "acres": 0.94, "permitNo": "BLD-22-30957", "permitType": "Dwelling", "permitDate": "6/22/2022", "permitYr": 2022, "nonmetro": 1 }, "geometry": { "type": "Point", "coordinates": [ -91.734064416988247, 41.568865817821859 ] } },
{ "type": "Feature", "properties": { "PPN": "0315128002", "TotalValue": 1129800.0, "PropClass": "R", "pctLandVal": 0.19, "acreVal": 171963.47031963468, "SiteAddres": "2907 BLUE RIDGE CT NE", "credits": "NONE", "acres": 6.57, "permitNo": "BLD-19-28372", "permitType": "Dwelling", "permitDate": "5/8/2019", "permitYr": 2019, "nonmetro": 1 }, "geometry": { "type": "Point", "coordinates": [ -91.644697130631911, 41.830357212080337 ] } },
{ "type": "Feature", "properties": { "PPN": "0315204002", "TotalValue": 487600.0, "PropClass": "R", "pctLandVal": 0.22, "acreVal": 215752.21238938055, "SiteAddres": "1429 DEER WOODS DR NE", "credits": "HMST", "acres": 2.26, "permitNo": "BLD-17307", "permitType": "Dwelling", "permitDate": "7/2/2012", "permitYr": 2012, "nonmetro": 1 }, "geometry": { "type": "Point", "coordinates": [ -91.649291920478731, 41.83101057333748 ] } },
{ "type": "Feature", "properties": { "PPN": "0312383001", "TotalValue": 843700.0, "PropClass": "R", "pctLandVal": 0.19, "acreVal": 84708.835341365455, "SiteAddres": "1354 BERGEN LN NE", "credits": "HMST", "acres": 9.96, "permitNo": "BLD-16250", "permitType": "Dwelling", "permitDate": "4/26/2010", "permitYr": 2010, "nonmetro": 1 }, "geometry": { "type": "Point", "coordinates": [ -91.608467465483557, 41.83566784582176 ] } },
{ "type": "Feature", "properties": { "PPN": "0229432005", "TotalValue": 1381800.0, "PropClass": "R", "pctLandVal": 0.45, "acreVal": 5757500.0, "SiteAddres": "3723 COTTAGE RESERVE RD NE", "credits": "HMST, MIL", "acres": 0.24, "permitNo": "BLD-16175", "permitType": "Dwelling", "permitDate": "5/4/2010", "permitYr": 2010, "nonmetro": 1 }, "geometry": { "type": "Point", "coordinates": [ -91.566630170610551, 41.793188047746732 ] } },
{ "type": "Feature", "properties": { "PPN": "0322478002", "TotalValue": 1449100.0000000002, "PropClass": "R", "pctLandVal": 0.24, "acreVal": 483033.33333333331, "SiteAddres": "1769 SUGAR MAPLE AVE NE", "credits": "NONE", "acres": 3.0, "permitNo": "BLD-21-30270", "permitType": "Dwelling", "permitDate": "9/1/2021", "permitYr": 2021, "nonmetro": 1 }, "geometry": { "type": "Point", "coordinates": [ -91.640669872161197, 41.806512405794983 ] } },
{ "type": "Feature", "properties": { "PPN": "0316232006", "TotalValue": 564400.0, "PropClass": "R", "pctLandVal": 0.16, "acreVal": 287959.18367346941, "SiteAddres": "1425 MILLARD CT NW", "credits": "HMST", "acres": 1.96, "permitNo": "BLD-27045", "permitType": "Dwelling", "permitDate": "3/21/2017", "permitYr": 2017, "nonmetro": 1 }, "geometry": { "type": "Point", "coordinates": [ -91.673378560697046, 41.830720123158656 ] } },
{ "type": "Feature", "properties": { "PPN": "0322477003", "TotalValue": 1526300.0000000002, "PropClass": "R", "pctLandVal": 0.23, "acreVal": 505397.35099337751, "SiteAddres": "1772 ROSEWOOD BLVD NE", "credits": "HMST", "acres": 3.02, "permitNo": "BLD-21-29786", "permitType": "Dwelling", "permitDate": "3/11/2021", "permitYr": 2021, "nonmetro": 1 }, "geometry": { "type": "Point", "coordinates": [ -91.637872638150341, 41.806028590480949 ] } },
{ "type": "Feature", "properties": { "PPN": "0322402002", "TotalValue": 2022400.0, "PropClass": "R", "pctLandVal": 0.17, "acreVal": 658762.21498371335, "SiteAddres": "1740 SUGAR MAPLE AVE NE", "credits": "HMST", "acres": 3.07, "permitNo": "BLD-18-28086", "permitType": "Dwelling", "permitDate": "10/25/2018", "permitYr": 2018, "nonmetro": 1 }, "geometry": { "type": "Point", "coordinates": [ -91.640290034809212, 41.808794474395938 ] } },
{ "type": "Feature", "properties": { "PPN": "0607427001", "TotalValue": 540200.0, "PropClass": "R", "pctLandVal": 0.15, "acreVal": 156579.71014492752, "SiteAddres": "2311 250TH ST NW", "credits": "HMST", "acres": 3.45, "permitNo": "BLD-17150", "permitType": "Dwelling", "permitDate": "3/28/2012", "permitYr": 2012, "nonmetro": 1 }, "geometry": { "type": "Point", "coordinates": [ -91.703208666473259, 41.752289446949497 ] } },
{ "type": "Feature", "properties": { "PPN": "0322477005", "TotalValue": 1310499.9999999998, "PropClass": "R", "pctLandVal": 0.29, "acreVal": 374428.57142857142, "SiteAddres": "1792 ROSEWOOD BLVD NE", "credits": "HMST", "acres": 3.5, "permitNo": "BLD-22-30798", "permitType": "Dwelling", "permitDate": "5/18/2022", "permitYr": 2022, "nonmetro": 1 }, "geometry": { "type": "Point", "coordinates": [ -91.64033763383631, 41.804549318439093 ] } },
{ "type": "Feature", "properties": { "PPN": "0705426001", "TotalValue": 649100.0, "PropClass": "R", "pctLandVal": 0.14, "acreVal": 2163666.666666667, "SiteAddres": "2300 RICE RIDGE LN NE", "credits": "HMST", "acres": 0.3, "permitNo": "BLD-25144", "permitType": "Dwelling", "permitDate": "7/11/2014", "permitYr": 2014, "nonmetro": 1 }, "geometry": { "type": "Point", "coordinates": [ -91.570237761725863, 41.76635507014494 ] } },
{ "type": "Feature", "properties": { "PPN": "0733428001", "TotalValue": 1275100.0000000002, "PropClass": "R", "pctLandVal": 0.13, "acreVal": 1036666.6666666666, "SiteAddres": "3 AUDREY CT NE", "credits": "HMST", "acres": 1.23, "permitNo": "BLD-17701", "permitType": "Dwelling", "permitDate": "2/27/2013", "permitYr": 2013, "nonmetro": 1 }, "geometry": { "type": "Point", "coordinates": [ -91.545935180789115, 41.6912092602294 ] } },
{ "type": "Feature", "properties": { "PPN": "0322477004", "TotalValue": 1173500.0, "PropClass": "R", "pctLandVal": 0.3, "acreVal": 384754.09836065571, "SiteAddres": "1782 ROSEWOOD BLVD NE", "credits": "HMST, MIL", "acres": 3.05, "permitNo": "BLD-20-29591", "permitType": "Dwelling", "permitDate": "11/19/2020", "permitYr": 2020, "nonmetro": 1 }, "geometry": { "type": "Point", "coordinates": [ -91.638792244418397, 41.805175153997716 ] } },
{ "type": "Feature", "properties": { "PPN": "0230305002", "TotalValue": 202900.0, "PropClass": "R", "pctLandVal": 0.26, "acreVal": 882173.91304347827, "SiteAddres": "3463 OAK HILL DR NE", "credits": "NONE", "acres": 0.23, "permitNo": "BLD-17017", "permitType": "Dwelling", "permitDate": "1/4/2012", "permitYr": 2012, "nonmetro": 1 }, "geometry": { "type": "Point", "coordinates": [ -91.592128209107656, 41.793481710569431 ] } },
{ "type": "Feature", "properties": { "PPN": "0322402003", "TotalValue": 1300899.9999999998, "PropClass": "R", "pctLandVal": 0.32, "acreVal": 309002.37529691216, "SiteAddres": "1745 SUGAR MAPLE AVE NE", "credits": "HMST", "acres": 4.21, "permitNo": "BLD-21-30260", "permitType": "Dwelling", "permitDate": "9/8/2021", "permitYr": 2021, "nonmetro": 1 }, "geometry": { "type": "Point", "coordinates": [ -91.641462431338581, 41.808274272404354 ] } },
{ "type": "Feature", "properties": { "PPN": "1215376004", "TotalValue": 537400.0, "PropClass": "R", "pctLandVal": 0.17, "acreVal": 113136.84210526316, "SiteAddres": "3976 EAGLE AVE SW", "credits": "HMST", "acres": 4.75, "permitNo": "BLD-21-30326", "permitType": "Dwelling", "permitDate": "9/17/2021", "permitYr": 2021, "nonmetro": 1 }, "geometry": { "type": "Point", "coordinates": [ -91.768765917201947, 41.645114405110768 ] } },
{ "type": "Feature", "properties": { "PPN": "0322477002", "TotalValue": 1786800.0, "PropClass": "R", "pctLandVal": 0.24, "acreVal": 404253.39366515836, "SiteAddres": "1762 ROSEWOOD BLVD NE", "credits": "HMST", "acres": 4.42, "permitNo": "BLD-26821", "permitType": "Dwelling", "permitDate": "10/19/2016", "permitYr": 2016, "nonmetro": 1 }, "geometry": { "type": "Point", "coordinates": [ -91.637458951823362, 41.807046371684635 ] } },
{ "type": "Feature", "properties": { "PPN": "0715153001", "TotalValue": 241600.0, "PropClass": "R", "pctLandVal": 0.39, "acreVal": 68248.587570621472, "SiteAddres": "4141 CROSHECK RD NE", "credits": "NONE", "acres": 3.54, "permitNo": "BLD-16346", "permitType": "Dwelling", "permitDate": "7/8/2010", "permitYr": 2010, "nonmetro": 1 }, "geometry": { "type": "Point", "coordinates": [ -91.527828541093285, 41.737798013815002 ] } },
{ "type": "Feature", "properties": { "PPN": "0715153002", "TotalValue": 672800.0, "PropClass": "R", "pctLandVal": 0.14, "acreVal": 190594.90084985836, "SiteAddres": "4139 CROSHECK RD NE", "credits": "HMST", "acres": 3.53, "permitNo": "BLD-18-28007", "permitType": "Dwelling", "permitDate": "9/17/2018", "permitYr": 2018, "nonmetro": 1 }, "geometry": { "type": "Point", "coordinates": [ -91.52855295973967, 41.73764113399659 ] } },
{ "type": "Feature", "properties": { "PPN": "0226451002", "TotalValue": 936100.0, "PropClass": "R", "pctLandVal": 0.19, "acreVal": 96207.605344295982, "SiteAddres": "1954 JORDAN CREEK RD NE", "credits": "HMST", "acres": 9.73, "permitNo": "BLD-22-31314", "permitType": "Dwelling", "permitDate": "11/8/2022", "permitYr": 2022, "nonmetro": 1 }, "geometry": { "type": "Point", "coordinates": [ -91.509860781235432, 41.791238643513395 ] } },
{ "type": "Feature", "properties": { "PPN": "0227376001", "TotalValue": 446100.0, "PropClass": "A, AD", "pctLandVal": 0.1, "acreVal": 14045.969773299747, "SiteAddres": "4074 200TH ST NE", "credits": "AG", "acres": 31.76, "permitNo": "BLD-20-29318", "permitType": "Dwelling", "permitDate": "8/3/2020", "permitYr": 2020, "nonmetro": 1 }, "geometry": { "type": "Point", "coordinates": [ -91.532862491229196, 41.790031209075181 ] } },
{ "type": "Feature", "properties": { "PPN": "0715452002", "TotalValue": 552600.0, "PropClass": "R", "pctLandVal": 0.11, "acreVal": 1578857.142857143, "SiteAddres": "2747 LAKE VIEW DR NE", "credits": "HMST", "acres": 0.35, "permitNo": "BLD-21-29717", "permitType": "Dwelling", "permitDate": "4/6/2021", "permitYr": 2021, "nonmetro": 1 }, "geometry": { "type": "Point", "coordinates": [ -91.528349181389473, 41.732569296252862 ] } },
{ "type": "Feature", "properties": { "PPN": "0324303001", "TotalValue": 580700.0, "PropClass": "R", "pctLandVal": 0.59, "acreVal": 13093.57384441939, "SiteAddres": "3210 EVER TREE LN NE", "credits": "NONE", "acres": 44.35, "permitNo": "BLD-24-32728", "permitType": "Dwelling", "permitDate": "8/8/2024", "permitYr": 2024, "nonmetro": 1 }, "geometry": { "type": "Point", "coordinates": [ -91.608777483720417, 41.809845728110922 ] } },
{ "type": "Feature", "properties": { "PPN": "0230351005", "TotalValue": 493600.0, "PropClass": "R", "pctLandVal": 0.1, "acreVal": 1334054.054054054, "SiteAddres": "3435 FOREST DR NE", "credits": "HMST", "acres": 0.37, "permitNo": "BLD-25613", "permitType": "Dwelling", "permitDate": "1/26/2015", "permitYr": 2015, "nonmetro": 1 }, "geometry": { "type": "Point", "coordinates": [ -91.59500665273768, 41.792718660617474 ] } },
{ "type": "Feature", "properties": { "PPN": "0511477001", "TotalValue": 304300.0, "PropClass": "R", "pctLandVal": 0.24, "acreVal": 172897.72727272724, "SiteAddres": "2570 ECHO AVE NW", "credits": "NONE", "acres": 1.76, "permitNo": "BLD-17774", "permitType": "Dwelling", "permitDate": "5/2/2013", "permitYr": 2013, "nonmetro": 1 }, "geometry": { "type": "Point", "coordinates": [ -91.739218290754209, 41.749184634940619 ] } },
{ "type": "Feature", "properties": { "PPN": "0706426002", "TotalValue": 1477400.0, "PropClass": "R", "pctLandVal": 0.25, "acreVal": 478122.97734627832, "SiteAddres": "2326 LAKERIDGE PL NE", "credits": "HMST", "acres": 3.09, "permitNo": "BLD-21-30183", "permitType": "Dwelling", "permitDate": "7/28/2021", "permitYr": 2021, "nonmetro": 1 }, "geometry": { "type": "Point", "coordinates": [ -91.585998428508731, 41.764505348821679 ] } },
{ "type": "Feature", "properties": { "PPN": "0706426003", "TotalValue": 305700.0, "PropClass": "R", "pctLandVal": 1.0, "acreVal": 95531.25, "SiteAddres": "2327 LAKERIDGE PL NE", "credits": "NONE", "acres": 3.2, "permitNo": "BLD-22-31126", "permitType": "Dwelling", "permitDate": "9/19/2022", "permitYr": 2022, "nonmetro": 1 }, "geometry": { "type": "Point", "coordinates": [ -91.587554551127283, 41.764369021787147 ] } },
{ "type": "Feature", "properties": { "PPN": "0310406001", "TotalValue": 530900.0, "PropClass": "R", "pctLandVal": 0.21, "acreVal": 457672.41379310342, "SiteAddres": "3001 FOREST RIDGE DR NE", "credits": "HMST", "acres": 1.16, "permitNo": "BLD-18-27830", "permitType": "Dwelling", "permitDate": "6/8/2018", "permitYr": 2018, "nonmetro": 1 }, "geometry": { "type": "Point", "coordinates": [ -91.637033359598718, 41.837502827982696 ] } },
{ "type": "Feature", "properties": { "PPN": "0234352002", "TotalValue": 275700.0, "PropClass": "R", "pctLandVal": 0.47, "acreVal": 57798.742138364782, "SiteAddres": "2198 SUGAR BOTTOM RD NE", "credits": "NONE", "acres": 4.77, "permitNo": "BLD-24-32931", "permitType": "Dwelling", "permitDate": "11/15/2024", "permitYr": 2024, "nonmetro": 1 }, "geometry": { "type": "Point", "coordinates": [ -91.538609916000794, 41.774375505599494 ] } },
{ "type": "Feature", "properties": { "PPN": "0229401006", "TotalValue": 2973100.0, "PropClass": "R", "pctLandVal": 0.4, "acreVal": 4719206.3492063489, "SiteAddres": "3794 COTTAGE RESERVE RD NE", "credits": "HMST", "acres": 0.63, "permitNo": "BLD-17725", "permitType": "Dwelling", "permitDate": "3/21/2013", "permitYr": 2013, "nonmetro": 1 }, "geometry": { "type": "Point", "coordinates": [ -91.561117738743519, 41.79430408625074 ] } },
{ "type": "Feature", "properties": { "PPN": "1422402001", "TotalValue": 396800.0, "PropClass": "R", "pctLandVal": 0.25, "acreVal": 110837.98882681565, "SiteAddres": "5335 KANSAS AVE SW", "credits": "HMST", "acres": 3.58, "permitNo": "BLD-23-31937", "permitType": "Dwelling", "permitDate": "7/27/2023", "permitYr": 2023, "nonmetro": 1 }, "geometry": { "type": "Point", "coordinates": [ -91.637624986334345, 41.544269720506449 ] } },
{ "type": "Feature", "properties": { "PPN": "0307406002", "TotalValue": 1121200.0, "PropClass": "R", "pctLandVal": 0.09, "acreVal": 409197.08029197075, "SiteAddres": "1019 SWISHER VIEW DR SW", "credits": "NONE", "acres": 2.74, "permitNo": "BLD-17-27463", "permitType": "Dwelling", "permitDate": "10/10/2017", "permitYr": 2017, "nonmetro": 1 }, "geometry": { "type": "Point", "coordinates": [ -91.695851543926054, 41.837846136696228 ] } },
{ "type": "Feature", "properties": { "PPN": "0702304002", "TotalValue": 928400.0, "PropClass": "R", "pctLandVal": 0.12, "acreVal": 378938.77551020408, "SiteAddres": "2340 JORDAN CREEK RD NE", "credits": "NONE", "acres": 2.45, "permitNo": "BLD-16782", "permitType": "Dwelling", "permitDate": "7/27/2011", "permitYr": 2011, "nonmetro": 1 }, "geometry": { "type": "Point", "coordinates": [ -91.51427056586769, 41.762667683526601 ] } },
{ "type": "Feature", "properties": { "PPN": "1217477001", "TotalValue": 793600.0, "PropClass": "R", "pctLandVal": 0.16, "acreVal": 88079.911209766928, "SiteAddres": "1364 400TH ST SW", "credits": "HMST", "acres": 9.01, "permitNo": "BLD-20-28980", "permitType": "Dwelling", "permitDate": "4/13/2020", "permitYr": 2020, "nonmetro": 1 }, "geometry": { "type": "Point", "coordinates": [ -91.796666954996098, 41.644292775527745 ] } },
{ "type": "Feature", "properties": { "PPN": "0601105003", "TotalValue": 869700.0, "PropClass": "R", "pctLandVal": 0.15, "acreVal": 797889.90825688071, "SiteAddres": "3383 BUTCHER LN NE", "credits": "HMST", "acres": 1.09, "permitNo": "BLD-19-28707", "permitType": "Dwelling", "permitDate": "11/13/2019", "permitYr": 2019, "nonmetro": 1 }, "geometry": { "type": "Point", "coordinates": [ -91.599728611558149, 41.770471374646178 ] } },
{ "type": "Feature", "properties": { "PPN": "0229401029", "TotalValue": 1215500.0000000002, "PropClass": "R", "pctLandVal": 0.62, "acreVal": 4862000.0000000009, "SiteAddres": "3800 COTTAGE RESERVE RD NE", "credits": "NONE", "acres": 0.25, "permitNo": "BLD-26990", "permitType": "Dwelling", "permitDate": "6/15/2017", "permitYr": 2017, "nonmetro": 1 }, "geometry": { "type": "Point", "coordinates": [ -91.560241185738164, 41.794526116752905 ] } },
{ "type": "Feature", "properties": { "PPN": "0703479002", "TotalValue": 591800.0, "PropClass": "R", "pctLandVal": 0.16, "acreVal": 428840.57971014496, "SiteAddres": "2377 SUGAR BOTTOM RD NE", "credits": "HMST", "acres": 1.38, "permitNo": "BLD-26199", "permitType": "Dwelling", "permitDate": "11/18/2015", "permitYr": 2015, "nonmetro": 1 }, "geometry": { "type": "Point", "coordinates": [ -91.526547210707434, 41.760741386235132 ] } },
{ "type": "Feature", "properties": { "PPN": "0229401028", "TotalValue": 1216499.9999999998, "PropClass": "R", "pctLandVal": 0.4, "acreVal": 6082500.0, "SiteAddres": "3798 COTTAGE RESERVE RD NE", "credits": "HMST", "acres": 0.2, "permitNo": "BLD-19-28286", "permitType": "Dwelling", "permitDate": "4/8/2019", "permitYr": 2019, "nonmetro": 1 }, "geometry": { "type": "Point", "coordinates": [ -91.560442915510691, 41.79438691105171 ] } },
{ "type": "Feature", "properties": { "PPN": "0313151001", "TotalValue": 794800.0, "PropClass": "R", "pctLandVal": 0.27, "acreVal": 31881.267549137585, "SiteAddres": "3286 MOHAWK RD NE", "credits": "HMST, MIL", "acres": 24.93, "permitNo": "BLD-20-28954", "permitType": "Dwelling", "permitDate": "3/11/2020", "permitYr": 2020, "nonmetro": 1 }, "geometry": { "type": "Point", "coordinates": [ -91.605774830992758, 41.827498934617829 ] } },
{ "type": "Feature", "properties": { "PPN": "0601105002", "TotalValue": 412100.0, "PropClass": "R", "pctLandVal": 0.32, "acreVal": 292269.50354609929, "SiteAddres": "3380 BUTCHER LN NE", "credits": "HMST", "acres": 1.41, "permitNo": "BLD-18-27823", "permitType": "Dwelling", "permitDate": "6/6/2018", "permitYr": 2018, "nonmetro": 1 }, "geometry": { "type": "Point", "coordinates": [ -91.599671194917278, 41.771176775668074 ] } },
{ "type": "Feature", "properties": { "PPN": "0325379014", "TotalValue": 518800.0, "PropClass": "R", "pctLandVal": 0.11, "acreVal": 798153.84615384601, "SiteAddres": "3291 CORAL AVE NE", "credits": "NONE", "acres": 0.65, "permitNo": "BLD-25652", "permitType": "Dwelling", "permitDate": "3/23/2015", "permitYr": 2015, "nonmetro": 1 }, "geometry": { "type": "Point", "coordinates": [ -91.607711474533488, 41.79077340345264 ] } },
{ "type": "Feature", "properties": { "PPN": "0310128002", "TotalValue": 487600.0, "PropClass": "R", "pctLandVal": 0.15, "acreVal": 314580.6451612903, "SiteAddres": "2939 FAR FAR WAY NE", "credits": "NONE", "acres": 1.55, "permitNo": "BLD-25255", "permitType": "Dwelling", "permitDate": "7/9/2014", "permitYr": 2014, "nonmetro": 0 }, "geometry": { "type": "Point", "coordinates": [ -91.642877328538376, 41.843676854563924 ] } },
{ "type": "Feature", "properties": { "PPN": "0921279001", "TotalValue": 636100.0, "PropClass": "R", "pctLandVal": 0.15, "acreVal": 192757.57575757577, "SiteAddres": "5088 AMERICAN LEGION RD SE", "credits": "HMST", "acres": 3.3, "permitNo": "BLD-17-27445", "permitType": "Dwelling", "permitDate": "10/4/2017", "permitYr": 2017, "nonmetro": 1 }, "geometry": { "type": "Point", "coordinates": [ -91.435770094396986, 41.638693942857749 ] } },
{ "type": "Feature", "properties": { "PPN": "1215102001", "TotalValue": 452500.0, "PropClass": "A, AD", "pctLandVal": 0.0, "acreVal": 452500.0, "SiteAddres": "1781 IWV RD SW", "credits": "HMST, AG", "acres": 1.0, "permitNo": "BLD-26788", "permitType": "Dwelling", "permitDate": "9/22/2016", "permitYr": 2016, "nonmetro": 1 }, "geometry": { "type": "Point", "coordinates": [ -91.758741958919245, 41.65774686130284 ] } },
{ "type": "Feature", "properties": { "PPN": "1124378003", "TotalValue": 307400.0, "PropClass": "R", "pctLandVal": 0.35, "acreVal": 61851.106639839032, "SiteAddres": "4173 LANDON AVE SW", "credits": "NONE", "acres": 4.97, "permitNo": "BLD-24-32648", "permitType": "Dwelling", "permitDate": "8/1/2024", "permitYr": 2024, "nonmetro": 1 }, "geometry": { "type": "Point", "coordinates": [ -91.611103819868944, 41.629572289026292 ] } },
{ "type": "Feature", "properties": { "PPN": "0112101001", "TotalValue": 582600.0, "PropClass": "A, AD", "pctLandVal": 0.06, "acreVal": 14182.083739045765, "SiteAddres": "1224 YELLOW PINE AVE NE", "credits": "AG", "acres": 41.08, "permitNo": "BLD-23-32129", "permitType": "Dwelling", "permitDate": "9/25/2023", "permitYr": 2023, "nonmetro": 1 }, "geometry": { "type": "Point", "coordinates": [ -91.368566208081276, 41.84366548746506 ] } },
{ "type": "Feature", "properties": { "PPN": "0314234002", "TotalValue": 775900.0, "PropClass": "R", "pctLandVal": 0.09, "acreVal": 620720.0, "SiteAddres": "1450 VIOLA LN NE", "credits": "HMST", "acres": 1.25, "permitNo": "BLD-25630", "permitType": "Dwelling", "permitDate": "4/22/2015", "permitYr": 2015, "nonmetro": 1 }, "geometry": { "type": "Point", "coordinates": [ -91.636332796546284, 41.829665476048227 ] } },
{ "type": "Feature", "properties": { "PPN": "0713205001", "TotalValue": 569600.0, "PropClass": "R", "pctLandVal": 0.26, "acreVal": 62939.226519337011, "SiteAddres": "2603 JOHNSONS XING NE", "credits": "NONE", "acres": 9.05, "permitNo": "BLD-21-30166", "permitType": "Dwelling", "permitDate": "7/23/2021", "permitYr": 2021, "nonmetro": 1 }, "geometry": { "type": "Point", "coordinates": [ -91.497245870164775, 41.743137866887714 ] } },
{ "type": "Feature", "properties": { "PPN": "1329177001", "TotalValue": 499100.0, "PropClass": "R", "pctLandVal": 0.16, "acreVal": 178250.0, "SiteAddres": "5463 CALKINS AVE SW", "credits": "HMST", "acres": 2.8, "permitNo": "BLD-26117", "permitType": "Dwelling", "permitDate": "9/29/2015", "permitYr": 2015, "nonmetro": 1 }, "geometry": { "type": "Point", "coordinates": [ -91.791218361305027, 41.536721901679584 ] } },
{ "type": "Feature", "properties": { "PPN": "0727227001", "TotalValue": 527300.0, "PropClass": "R", "pctLandVal": 0.17, "acreVal": 732361.11111111112, "SiteAddres": "24 RIVERVIEW DR NE", "credits": "NONE", "acres": 0.72, "permitNo": "BLD-17502", "permitType": "Dwelling", "permitDate": "1/11/2013", "permitYr": 2013, "nonmetro": 0 }, "geometry": { "type": "Point", "coordinates": [ -91.53680733185908, 41.714024211356133 ] } },
{ "type": "Feature", "properties": { "PPN": "0216460004", "TotalValue": 394400.0, "PropClass": "R", "pctLandVal": 0.1, "acreVal": 563428.57142857148, "SiteAddres": "3967 HENDRICKS LN NE", "credits": "HMST", "acres": 0.7, "permitNo": "BLD-26210", "permitType": "Dwelling", "permitDate": "11/20/2015", "permitYr": 2015, "nonmetro": 1 }, "geometry": { "type": "Point", "coordinates": [ -91.545968775760912, 41.820667512416925 ] } },
{ "type": "Feature", "properties": { "PPN": "0305377002", "TotalValue": 2500.0, "PropClass": "A", "pctLandVal": 1.0, "acreVal": 2500.0, "SiteAddres": "2494 120TH ST NW", "credits": "AG", "acres": 1.0, "permitNo": "BLD-25-33312", "permitType": "Dwelling", "permitDate": "5/21/2025", "permitYr": 2025, "nonmetro": 1 }, "geometry": { "type": "Point", "coordinates": [ -91.686176517258758, 41.848220077033837 ] } },
{ "type": "Feature", "properties": { "PPN": "0216460002", "TotalValue": 373800.0, "PropClass": "R", "pctLandVal": 0.11, "acreVal": 534000.0, "SiteAddres": "3971 HENDRICKS LN NE", "credits": "HMST", "acres": 0.7, "permitNo": "BLD-25979", "permitType": "Dwelling", "permitDate": "8/12/2015", "permitYr": 2015, "nonmetro": 1 }, "geometry": { "type": "Point", "coordinates": [ -91.545968775760912, 41.820667512416925 ] } },
{ "type": "Feature", "properties": { "PPN": "0924327001", "TotalValue": 551700.0, "PropClass": "R", "pctLandVal": 0.17, "acreVal": 172946.70846394985, "SiteAddres": "4140 OASIS RD SE", "credits": "HMST", "acres": 3.19, "permitNo": "BLD-26739", "permitType": "Dwelling", "permitDate": "8/29/2016", "permitYr": 2016, "nonmetro": 1 }, "geometry": { "type": "Point", "coordinates": [ -91.385217387573647, 41.631702380310209 ] } },
{ "type": "Feature", "properties": { "PPN": "0322453006", "TotalValue": 575200.0, "PropClass": "R", "pctLandVal": 0.18, "acreVal": 217056.60377358491, "SiteAddres": "1792 WENROSE DR NE", "credits": "HMST", "acres": 2.65, "permitNo": "BLD-17269", "permitType": "Dwelling", "permitDate": "6/7/2012", "permitYr": 2012, "nonmetro": 1 }, "geometry": { "type": "Point", "coordinates": [ -91.645564527550178, 41.805761601282427 ] } },
{ "type": "Feature", "properties": { "PPN": "0311328011", "TotalValue": 673100.0, "PropClass": "R", "pctLandVal": 0.19, "acreVal": 384628.57142857142, "SiteAddres": "3007 FOREST RIDGE DR NE", "credits": "HMST", "acres": 1.75, "permitNo": "BLD-23-31586", "permitType": "Dwelling", "permitDate": "3/7/2023", "permitYr": 2023, "nonmetro": 1 }, "geometry": { "type": "Point", "coordinates": [ -91.634988341368413, 41.837323458652456 ] } },
{ "type": "Feature", "properties": { "PPN": "0322478001", "TotalValue": 1593400.0, "PropClass": "R", "pctLandVal": 0.23, "acreVal": 490276.92307692301, "SiteAddres": "1759 SUGAR MAPLE AVE NE", "credits": "HMST", "acres": 3.25, "permitNo": "BLD-27407", "permitType": "Dwelling", "permitDate": "9/11/2017", "permitYr": 2017, "nonmetro": 1 }, "geometry": { "type": "Point", "coordinates": [ -91.640734466048926, 41.807306409149639 ] } },
{ "type": "Feature", "properties": { "PPN": "0311328012", "TotalValue": 699700.0, "PropClass": "R", "pctLandVal": 0.18, "acreVal": 378216.21621621621, "SiteAddres": "3009 FOREST RIDGE DR NE", "credits": "HMST", "acres": 1.85, "permitNo": "BLD-22-30745", "permitType": "Dwelling", "permitDate": "4/12/2022", "permitYr": 2022, "nonmetro": 1 }, "geometry": { "type": "Point", "coordinates": [ -91.634554030012296, 41.837425316975931 ] } },
{ "type": "Feature", "properties": { "PPN": "0311328009", "TotalValue": 698600.0, "PropClass": "R", "pctLandVal": 0.16, "acreVal": 646851.8518518518, "SiteAddres": "3003 FOREST RIDGE DR NE", "credits": "HMST", "acres": 1.08, "permitNo": "BLD-18-27730", "permitType": "Dwelling", "permitDate": "5/2/2018", "permitYr": 2018, "nonmetro": 1 }, "geometry": { "type": "Point", "coordinates": [ -91.636290123542651, 41.837550136137409 ] } },
{ "type": "Feature", "properties": { "PPN": "0118402001", "TotalValue": 342300.0, "PropClass": "R", "pctLandVal": 0.23, "acreVal": 75065.789473684214, "SiteAddres": "1550 TAFT AVE NE", "credits": "HMST", "acres": 4.56, "permitNo": "BLD-19-28795", "permitType": "Dwelling", "permitDate": "11/21/2019", "permitYr": 2019, "nonmetro": 1 }, "geometry": { "type": "Point", "coordinates": [ -91.467845380466628, 41.820387162712294 ] } },
{ "type": "Feature", "properties": { "PPN": "0311328010", "TotalValue": 557000.0, "PropClass": "R", "pctLandVal": 0.2, "acreVal": 472033.89830508479, "SiteAddres": "3005 FOREST RIDGE DR NE", "credits": "HMST", "acres": 1.18, "permitNo": "BLD-21-30103", "permitType": "Dwelling", "permitDate": "7/8/2021", "permitYr": 2021, "nonmetro": 1 }, "geometry": { "type": "Point", "coordinates": [ -91.635620373192836, 41.837556404791222 ] } },
{ "type": "Feature", "properties": { "PPN": "0311328016", "TotalValue": 940200.0, "PropClass": "R", "pctLandVal": 0.17, "acreVal": 259008.26446280992, "SiteAddres": "3017 FOREST RIDGE DR NE", "credits": "HMST", "acres": 3.63, "permitNo": "BLD-20-29068", "permitType": "Dwelling", "permitDate": "4/21/2020", "permitYr": 2020, "nonmetro": 1 }, "geometry": { "type": "Point", "coordinates": [ -91.632292946464048, 41.837484760196439 ] } },
{ "type": "Feature", "properties": { "PPN": "0706426004", "TotalValue": 1510700.0000000002, "PropClass": "R", "pctLandVal": 0.24, "acreVal": 472093.75, "SiteAddres": "2343 LAKERIDGE PL NE", "credits": "HMST", "acres": 3.2, "permitNo": "BLD-17194", "permitType": "Dwelling", "permitDate": "4/23/2012", "permitYr": 2012, "nonmetro": 1 }, "geometry": { "type": "Point", "coordinates": [ -91.587787356806174, 41.763446463723703 ] } },
{ "type": "Feature", "properties": { "PPN": "0311328014", "TotalValue": 662500.0, "PropClass": "R", "pctLandVal": 0.21, "acreVal": 265000.0, "SiteAddres": "3013 FOREST RIDGE DR NE", "credits": "HMST", "acres": 2.5, "permitNo": "BLD-18-27734", "permitType": "Dwelling", "permitDate": "4/19/2018", "permitYr": 2018, "nonmetro": 1 }, "geometry": { "type": "Point", "coordinates": [ -91.633543782054033, 41.837367933828084 ] } },
{ "type": "Feature", "properties": { "PPN": "0311328013", "TotalValue": 885400.0, "PropClass": "R", "pctLandVal": 0.15, "acreVal": 458756.47668393783, "SiteAddres": "3011 FOREST RIDGE DR NE", "credits": "HMST", "acres": 1.93, "permitNo": "BLD-19-28759", "permitType": "Dwelling", "permitDate": "10/28/2019", "permitYr": 2019, "nonmetro": 1 }, "geometry": { "type": "Point", "coordinates": [ -91.634097478002417, 41.837458345442336 ] } },
{ "type": "Feature", "properties": { "PPN": "1414302001", "TotalValue": 310400.0, "PropClass": "R", "pctLandVal": 0.31, "acreVal": 105938.56655290101, "SiteAddres": "3055 500TH ST SW", "credits": "NONE", "acres": 2.93, "permitNo": "BLD-22-31010", "permitType": "Dwelling", "permitDate": "8/12/2022", "permitYr": 2022, "nonmetro": 1 }, "geometry": { "type": "Point", "coordinates": [ -91.631497640588591, 41.560524199032024 ] } },
{ "type": "Feature", "properties": { "PPN": "0311328005", "TotalValue": 878700.0, "PropClass": "R", "pctLandVal": 0.14, "acreVal": 606000.0, "SiteAddres": "3012 FOREST RIDGE DR NE", "credits": "NONE", "acres": 1.45, "permitNo": "BLD-23-31603", "permitType": "Dwelling", "permitDate": "3/23/2023", "permitYr": 2023, "nonmetro": 1 }, "geometry": { "type": "Point", "coordinates": [ -91.634572743281581, 41.839015872041976 ] } },
{ "type": "Feature", "properties": { "PPN": "0311328002", "TotalValue": 314400.0, "PropClass": "R", "pctLandVal": 0.43, "acreVal": 134935.62231759657, "SiteAddres": "3018 FOREST RIDGE DR NE", "credits": "NONE", "acres": 2.33, "permitNo": "BLD-24-32795", "permitType": "Dwelling", "permitDate": "8/20/2024", "permitYr": 2024, "nonmetro": 1 }, "geometry": { "type": "Point", "coordinates": [ -91.632835550813709, 41.839442136881765 ] } },
{ "type": "Feature", "properties": { "PPN": "0311328003", "TotalValue": 1063400.0, "PropClass": "R", "pctLandVal": 0.13, "acreVal": 472622.22222222225, "SiteAddres": "3016 FOREST RIDGE DR NE", "credits": "HMST", "acres": 2.25, "permitNo": "BLD-21-29963", "permitType": "Dwelling", "permitDate": "6/4/2021", "permitYr": 2021, "nonmetro": 1 }, "geometry": { "type": "Point", "coordinates": [ -91.633413595858443, 41.839344871078396 ] } },
{ "type": "Feature", "properties": { "PPN": "0311328008", "TotalValue": 817300.0, "PropClass": "R", "pctLandVal": 0.14, "acreVal": 801274.50980392157, "SiteAddres": "3006 FOREST RIDGE DR NE", "credits": "NONE", "acres": 1.02, "permitNo": "BLD-23-31871", "permitType": "Dwelling", "permitDate": "6/21/2023", "permitYr": 2023, "nonmetro": 1 }, "geometry": { "type": "Point", "coordinates": [ -91.635979832025782, 41.838504702130727 ] } },
{ "type": "Feature", "properties": { "PPN": "0310405001", "TotalValue": 99600.0, "PropClass": "R", "pctLandVal": 1.0, "acreVal": 63037.9746835443, "SiteAddres": "3004 FOREST RIDGE DR NE", "credits": "NONE", "acres": 1.58, "permitNo": "BLD-25-33206", "permitType": "Dwelling", "permitDate": "3/18/2025", "permitYr": 2025, "nonmetro": 1 }, "geometry": { "type": "Point", "coordinates": [ -91.636547155454878, 41.838658573723407 ] } },
{ "type": "Feature", "properties": { "PPN": "0311328006", "TotalValue": 860200.0, "PropClass": "R", "pctLandVal": 0.14, "acreVal": 547898.08917197445, "SiteAddres": "3010 FOREST RIDGE DR NE", "credits": "HMST", "acres": 1.57, "permitNo": "BLD-18-27860", "permitType": "Dwelling", "permitDate": "6/12/2018", "permitYr": 2018, "nonmetro": 1 }, "geometry": { "type": "Point", "coordinates": [ -91.635125450470397, 41.83896882911835 ] } },
{ "type": "Feature", "properties": { "PPN": "0101451002", "TotalValue": 583800.0, "PropClass": "R", "pctLandVal": 0.18, "acreVal": 61908.801696712624, "SiteAddres": "1183 YELLOW PINE AVE NE", "credits": "HMST", "acres": 9.43, "permitNo": "BLD-17348", "permitType": "Dwelling", "permitDate": "7/24/2012", "permitYr": 2012, "nonmetro": 1 }, "geometry": { "type": "Point", "coordinates": [ -91.372293328968667, 41.848068563195831 ] } },
{ "type": "Feature", "properties": { "PPN": "0310454002", "TotalValue": 543300.0, "PropClass": "R", "pctLandVal": 0.19, "acreVal": 493909.09090909088, "SiteAddres": "1352 LAKEWOODS CT NE", "credits": "NONE", "acres": 1.1, "permitNo": "BLD-17575", "permitType": "Dwelling", "permitDate": "11/6/2012", "permitYr": 2012, "nonmetro": 0 }, "geometry": { "type": "Point", "coordinates": [ -91.644431180706235, 41.836332386319683 ] } },
{ "type": "Feature", "properties": { "PPN": "0734326016", "TotalValue": 812100.0, "PropClass": "R", "pctLandVal": 0.16, "acreVal": 324840.0, "SiteAddres": "7 HICKORY RIDGE LN NE", "credits": "HMST", "acres": 2.5, "permitNo": "BLD-25949", "permitType": "Dwelling", "permitDate": "7/13/2015", "permitYr": 2015, "nonmetro": 1 }, "geometry": { "type": "Point", "coordinates": [ -91.53720886933759, 41.691293449057483 ] } },
{ "type": "Feature", "properties": { "PPN": "0310309002", "TotalValue": 434000.0, "PropClass": "R", "pctLandVal": 0.18, "acreVal": 374137.93103448278, "SiteAddres": "2888 SYDNEY CT NE", "credits": "HMST", "acres": 1.16, "permitNo": "BLD-16328", "permitType": "Dwelling", "permitDate": "6/18/2010", "permitYr": 2010, "nonmetro": 0 }, "geometry": { "type": "Point", "coordinates": [ -91.64760900722888, 41.838172238387337 ] } },
{ "type": "Feature", "properties": { "PPN": "0310309003", "TotalValue": 520400.0, "PropClass": "R", "pctLandVal": 0.24, "acreVal": 231288.88888888888, "SiteAddres": "2884 SYDNEY CT NE", "credits": "NONE", "acres": 2.25, "permitNo": "BLD-22-31392", "permitType": "Dwelling", "permitDate": "1/6/2023", "permitYr": 2023, "nonmetro": 0 }, "geometry": { "type": "Point", "coordinates": [ -91.648307665496162, 41.837918096603737 ] } },
{ "type": "Feature", "properties": { "PPN": "0310453002", "TotalValue": 807300.0, "PropClass": "R", "pctLandVal": 0.13, "acreVal": 733909.09090909082, "SiteAddres": "1364 SPENCER CT NE", "credits": "HMST", "acres": 1.1, "permitNo": "BLD-21-29825", "permitType": "Dwelling", "permitDate": "3/25/2021", "permitYr": 2021, "nonmetro": 0 }, "geometry": { "type": "Point", "coordinates": [ -91.646166624609293, 41.836095842184037 ] } },
{ "type": "Feature", "properties": { "PPN": "1720377002", "TotalValue": 251200.0, "PropClass": "R", "pctLandVal": 0.22, "acreVal": 306341.46341463417, "SiteAddres": "4896 660TH ST SE", "credits": "HMST", "acres": 0.82, "permitNo": "BLD-17045", "permitType": "Dwelling", "permitDate": "1/26/2012", "permitYr": 2012, "nonmetro": 1 }, "geometry": { "type": "Point", "coordinates": [ -91.455661814651023, 41.453036553973675 ] } },
{ "type": "Feature", "properties": { "PPN": "0315277002", "TotalValue": 975200.0, "PropClass": "R", "pctLandVal": 0.15, "acreVal": 233860.91127098323, "SiteAddres": "1442 DEER WOODS DR NE", "credits": "NONE", "acres": 4.17, "permitNo": "BLD-22-31499", "permitType": "Dwelling", "permitDate": "1/25/2023", "permitYr": 2023, "nonmetro": 1 }, "geometry": { "type": "Point", "coordinates": [ -91.648708545093896, 41.82933601177222 ] } },
{ "type": "Feature", "properties": { "PPN": "0313376010", "TotalValue": 1631000.0, "PropClass": "R", "pctLandVal": 0.06, "acreVal": 921468.9265536723, "SiteAddres": "1570 IROQUOIS DR NE", "credits": "NONE", "acres": 1.77, "permitNo": "BLD-16596", "permitType": "Dwelling", "permitDate": "3/2/2011", "permitYr": 2011, "nonmetro": 1 }, "geometry": { "type": "Point", "coordinates": [ -91.609160240368425, 41.820955265605505 ] } },
{ "type": "Feature", "properties": { "PPN": "0310377001", "TotalValue": 652600.0, "PropClass": "R", "pctLandVal": 0.16, "acreVal": 615660.37735849048, "SiteAddres": "1366 SPENCER CT NE", "credits": "HMST", "acres": 1.06, "permitNo": "BLD-27429", "permitType": "Dwelling", "permitDate": "9/15/2017", "permitYr": 2017, "nonmetro": 0 }, "geometry": { "type": "Point", "coordinates": [ -91.646839090029488, 41.83622876583064 ] } },
{ "type": "Feature", "properties": { "PPN": "0310377014", "TotalValue": 857900.0, "PropClass": "R", "pctLandVal": 0.12, "acreVal": 832912.62135922327, "SiteAddres": "1365 SOUTH VIEW LN NE", "credits": "HMST", "acres": 1.03, "permitNo": "BLD-25970", "permitType": "Dwelling", "permitDate": "7/20/2015", "permitYr": 2015, "nonmetro": 0 }, "geometry": { "type": "Point", "coordinates": [ -91.646449995030082, 41.835330653829423 ] } },
{ "type": "Feature", "properties": { "PPN": "1312456001", "TotalValue": 396600.0, "PropClass": "R", "pctLandVal": 0.18, "acreVal": 204432.98969072165, "SiteAddres": "4997 WATERWAY LN SW", "credits": "HMST", "acres": 1.94, "permitNo": "BLD-17921", "permitType": "Dwelling", "permitDate": "7/30/2013", "permitYr": 2013, "nonmetro": 1 }, "geometry": { "type": "Point", "coordinates": [ -91.719252024469768, 41.571510156722134 ] } },
{ "type": "Feature", "properties": { "PPN": "0310454005", "TotalValue": 660600.0, "PropClass": "R", "pctLandVal": 0.15, "acreVal": 647647.0588235294, "SiteAddres": "1362 LAKEWOODS CT NE", "credits": "HMST, MIL", "acres": 1.02, "permitNo": "BLD-18-27671", "permitType": "Dwelling", "permitDate": "4/18/2018", "permitYr": 2018, "nonmetro": 0 }, "geometry": { "type": "Point", "coordinates": [ -91.645467899140854, 41.835447591911347 ] } },
{ "type": "Feature", "properties": { "PPN": "0310377005", "TotalValue": 849800.0, "PropClass": "R", "pctLandVal": 0.13, "acreVal": 615797.10144927539, "SiteAddres": "1376 SPENCER CT NE", "credits": "HMST", "acres": 1.38, "permitNo": "BLD-26404", "permitType": "Dwelling", "permitDate": "4/4/2016", "permitYr": 2016, "nonmetro": 0 }, "geometry": { "type": "Point", "coordinates": [ -91.648277439850546, 41.835376719678123 ] } },
{ "type": "Feature", "properties": { "PPN": "1029477006", "TotalValue": 630600.0, "PropClass": "R", "pctLandVal": 0.24, "acreVal": 241609.19540229885, "SiteAddres": "3708 LACINA DR SW", "credits": "HMST", "acres": 2.61, "permitNo": "BLD-17755", "permitType": "Dwelling", "permitDate": "4/8/2013", "permitYr": 2013, "nonmetro": 1 }, "geometry": { "type": "Point", "coordinates": [ -91.569223844597758, 41.616334904672861 ] } },
{ "type": "Feature", "properties": { "PPN": "0819203001", "TotalValue": 112700.0, "PropClass": "R", "pctLandVal": 0.98, "acreVal": 26706.161137440758, "SiteAddres": "2847 HIGHWAY 1 NE", "credits": "NONE", "acres": 4.22, "permitNo": "BLD-24-33057", "permitType": "Dwelling", "permitDate": "12/10/2024", "permitYr": 2024, "nonmetro": 1 }, "geometry": { "type": "Point", "coordinates": [ -91.478174819402724, 41.726429978144921 ] } },
{ "type": "Feature", "properties": { "PPN": "0310454006", "TotalValue": 1017600.0, "PropClass": "R", "pctLandVal": 0.1, "acreVal": 925090.90909090894, "SiteAddres": "1384 LAKEWOODS DR NE", "credits": "HMST", "acres": 1.1, "permitNo": "BLD-16348", "permitType": "Dwelling", "permitDate": "8/30/2010", "permitYr": 2010, "nonmetro": 0 }, "geometry": { "type": "Point", "coordinates": [ -91.645178183234052, 41.834523231665365 ] } },
{ "type": "Feature", "properties": { "PPN": "0310455004", "TotalValue": 539300.0, "PropClass": "R", "pctLandVal": 0.16, "acreVal": 434919.3548387097, "SiteAddres": "1387 LAKEWOODS DR NE", "credits": "NONE", "acres": 1.24, "permitNo": "BLD-16309", "permitType": "Dwelling", "permitDate": "6/14/2010", "permitYr": 2010, "nonmetro": 0 }, "geometry": { "type": "Point", "coordinates": [ -91.646032987895822, 41.833822302306871 ] } },
{ "type": "Feature", "properties": { "PPN": "0310377013", "TotalValue": 693300.0, "PropClass": "R", "pctLandVal": 0.15, "acreVal": 666634.61538461538, "SiteAddres": "1375 SPENCER CT NE", "credits": "HMST", "acres": 1.04, "permitNo": "BLD-22-30767", "permitType": "Dwelling", "permitDate": "4/15/2022", "permitYr": 2022, "nonmetro": 0 }, "geometry": { "type": "Point", "coordinates": [ -91.647082430789993, 41.835130995093003 ] } },
{ "type": "Feature", "properties": { "PPN": "0734453002", "TotalValue": 557500.0, "PropClass": "R", "pctLandVal": 0.2, "acreVal": 446000.0, "SiteAddres": "781 LINDER RD NE", "credits": "HMST", "acres": 1.25, "permitNo": "BLD-23-31525", "permitType": "Dwelling", "permitDate": "3/8/2023", "permitYr": 2023, "nonmetro": 1 }, "geometry": { "type": "Point", "coordinates": [ -91.531087729996273, 41.688655451478112 ] } },
{ "type": "Feature", "properties": { "PPN": "1029477005", "TotalValue": 710300.0, "PropClass": "R", "pctLandVal": 0.24, "acreVal": 217883.4355828221, "SiteAddres": "3712 LACINA DR SW", "credits": "HMST, MIL", "acres": 3.26, "permitNo": "BLD-16898", "permitType": "Dwelling", "permitDate": "9/12/2011", "permitYr": 2011, "nonmetro": 1 }, "geometry": { "type": "Point", "coordinates": [ -91.568414470029211, 41.616467088630735 ] } },
{ "type": "Feature", "properties": { "PPN": "0734453001", "TotalValue": 725500.0, "PropClass": "R", "pctLandVal": 0.15, "acreVal": 740306.12244897964, "SiteAddres": "791 LINDER RD NE", "credits": "HMST", "acres": 0.98, "permitNo": "BLD-18-27935", "permitType": "Dwelling", "permitDate": "8/28/2018", "permitYr": 2018, "nonmetro": 1 }, "geometry": { "type": "Point", "coordinates": [ -91.530724853882816, 41.688662441783109 ] } },
{ "type": "Feature", "properties": { "PPN": "0310377007", "TotalValue": 676500.0, "PropClass": "R", "pctLandVal": 0.15, "acreVal": 609459.45945945941, "SiteAddres": "1384 SPENCER CT NE", "credits": "HMST", "acres": 1.11, "permitNo": "BLD-17780", "permitType": "Dwelling", "permitDate": "4/16/2013", "permitYr": 2013, "nonmetro": 0 }, "geometry": { "type": "Point", "coordinates": [ -91.648304911192284, 41.834510699774583 ] } },
{ "type": "Feature", "properties": { "PPN": "0310377009", "TotalValue": 976700.0, "PropClass": "R", "pctLandVal": 0.12, "acreVal": 536648.35164835164, "SiteAddres": "1390 SPENCER CT NE", "credits": "HMST", "acres": 1.82, "permitNo": "BLD-16174", "permitType": "Dwelling", "permitDate": "2/19/2010", "permitYr": 2010, "nonmetro": 0 }, "geometry": { "type": "Point", "coordinates": [ -91.648232850771606, 41.833631109543838 ] } },
{ "type": "Feature", "properties": { "PPN": "0310455003", "TotalValue": 531400.0, "PropClass": "R", "pctLandVal": 0.19, "acreVal": 520980.39215686277, "SiteAddres": "1389 LAKEWOODS DR NE", "credits": "HMST, MIL", "acres": 1.02, "permitNo": "BLD-26882", "permitType": "Dwelling", "permitDate": "11/2/2016", "permitYr": 2016, "nonmetro": 0 }, "geometry": { "type": "Point", "coordinates": [ -91.645604344314009, 41.833481603920802 ] } },
{ "type": "Feature", "properties": { "PPN": "1533180008", "TotalValue": 542700.0, "PropClass": "R", "pctLandVal": 0.16, "acreVal": 239074.88986784141, "SiteAddres": "3980 WINDWOOD RD SE", "credits": "HMST", "acres": 2.27, "permitNo": "BLD-25512", "permitType": "Dwelling", "permitDate": "11/12/2014", "permitYr": 2014, "nonmetro": 1 }, "geometry": { "type": "Point", "coordinates": [ -91.544794830771338, 41.519437522616563 ] } },
{ "type": "Feature", "properties": { "PPN": "1505452001", "TotalValue": 252600.0, "PropClass": "R", "pctLandVal": 0.32, "acreVal": 126934.67336683419, "SiteAddres": "3707 475TH ST SW", "credits": "NONE", "acres": 1.99, "permitNo": "BLD-24-32606", "permitType": "Dwelling", "permitDate": "6/11/2024", "permitYr": 2024, "nonmetro": 1 }, "geometry": { "type": "Point", "coordinates": [ -91.569749355868382, 41.58612321949267 ] } },
{ "type": "Feature", "properties": { "PPN": "0310377008", "TotalValue": 1018300.0, "PropClass": "R", "pctLandVal": 0.1, "acreVal": 934220.18348623847, "SiteAddres": "1388 SPENCER CT NE", "credits": "HMST", "acres": 1.09, "permitNo": "BLD-27270", "permitType": "Dwelling", "permitDate": "7/14/2017", "permitYr": 2017, "nonmetro": 0 }, "geometry": { "type": "Point", "coordinates": [ -91.648221954769639, 41.834120815798194 ] } },
{ "type": "Feature", "properties": { "PPN": "1033352001", "TotalValue": 311400.0, "PropClass": "R", "pctLandVal": 0.23, "acreVal": 128148.14814814815, "SiteAddres": "4564 DANE RD SW", "credits": "HMST", "acres": 2.43, "permitNo": "BLD-21-30412", "permitType": "Dwelling", "permitDate": "10/20/2021", "permitYr": 2021, "nonmetro": 1 }, "geometry": { "type": "Point", "coordinates": [ -91.560144856487767, 41.601301436526285 ] } },
{ "type": "Feature", "properties": { "PPN": "0310455002", "TotalValue": 493800.0, "PropClass": "R", "pctLandVal": 0.2, "acreVal": 493800.0, "SiteAddres": "1391 LAKEWOODS DR NE", "credits": "NONE", "acres": 1.0, "permitNo": "BLD-17825", "permitType": "Dwelling", "permitDate": "5/21/2013", "permitYr": 2013, "nonmetro": 0 }, "geometry": { "type": "Point", "coordinates": [ -91.644738975968011, 41.833434502668794 ] } },
{ "type": "Feature", "properties": { "PPN": "0315107001", "TotalValue": 689900.0, "PropClass": "R", "pctLandVal": 0.1, "acreVal": 689900.0, "SiteAddres": "2927 BLUE RIDGE CT NE", "credits": "NONE", "acres": 1.0, "permitNo": "BLD-26598", "permitType": "Dwelling", "permitDate": "6/23/2016", "permitYr": 2016, "nonmetro": 1 }, "geometry": { "type": "Point", "coordinates": [ -91.637491422095479, 41.829698740741939 ] } },
{ "type": "Feature", "properties": { "PPN": "0307149023", "TotalValue": 247900.0, "PropClass": "R", "pctLandVal": 0.14, "acreVal": 349154.92957746482, "SiteAddres": "320 AMY ST SW", "credits": "NONE", "acres": 0.71, "permitNo": "BLD-18-27653", "permitType": "Dwelling", "permitDate": "3/9/2018", "permitYr": 2018, "nonmetro": 1 }, "geometry": { "type": "Point", "coordinates": [ -91.704548148366214, 41.846340519692752 ] } },
{ "type": "Feature", "properties": { "PPN": "0728453001", "TotalValue": 731000.0, "PropClass": "R", "pctLandVal": 0.11, "acreVal": 1405769.2307692308, "SiteAddres": "3901 HENSLEIGH DR NE", "credits": "NONE", "acres": 0.52, "permitNo": "BLD-24931", "permitType": "Dwelling", "permitDate": "11/21/2013", "permitYr": 2013, "nonmetro": 0 }, "geometry": { "type": "Point", "coordinates": [ -91.550383690535895, 41.704100211220961 ] } },
{ "type": "Feature", "properties": { "PPN": "1126152004", "TotalValue": 345000.0, "PropClass": "R", "pctLandVal": 0.2, "acreVal": 345000.0, "SiteAddres": "4285 PHEBE LN SW", "credits": "HMST", "acres": 1.0, "permitNo": "BLD-26668", "permitType": "Dwelling", "permitDate": "8/9/2016", "permitYr": 2016, "nonmetro": 1 }, "geometry": { "type": "Point", "coordinates": [ -91.624710459625405, 41.622461751559754 ] } },
{ "type": "Feature", "properties": { "PPN": "0230476001", "TotalValue": 964400.0, "PropClass": "R", "pctLandVal": 0.21, "acreVal": 343202.84697508893, "SiteAddres": "3574 CUMBERLAND RIDGE RD NE", "credits": "HMST", "acres": 2.81, "permitNo": "BLD-25811", "permitType": "Dwelling", "permitDate": "5/26/2015", "permitYr": 2015, "nonmetro": 1 }, "geometry": { "type": "Point", "coordinates": [ -91.580266827212412, 41.790143580966856 ] } },
{ "type": "Feature", "properties": { "PPN": "0734428002", "TotalValue": 1811299.9999999998, "PropClass": "R", "pctLandVal": 0.07, "acreVal": 624586.20689655177, "SiteAddres": "13 LINDER VALLEY CIR NE", "credits": "NONE", "acres": 2.9, "permitNo": "BLD-23-32041", "permitType": "Dwelling", "permitDate": "9/29/2023", "permitYr": 2023, "nonmetro": 1 }, "geometry": { "type": "Point", "coordinates": [ -91.529868597688065, 41.692698241185276 ] } },
{ "type": "Feature", "properties": { "PPN": "1709185002", "TotalValue": 283100.0, "PropClass": "R", "pctLandVal": 0.1, "acreVal": 1348095.2380952381, "SiteAddres": "220 TAYLOR DR", "credits": "NONE", "acres": 0.21, "permitNo": "BLD-20-29069", "permitType": "Dwelling", "permitDate": "5/6/2020", "permitYr": 2020, "nonmetro": 1 }, "geometry": { "type": "Point", "coordinates": [ -91.428906466764573, 41.489648864100651 ] } },
{ "type": "Feature", "properties": { "PPN": "0708476014", "TotalValue": 815000.0, "PropClass": "R", "pctLandVal": 0.22, "acreVal": 761682.24299065419, "SiteAddres": "3752 CARDINAL CT NE", "credits": "HMST", "acres": 1.07, "permitNo": "BLD-25215", "permitType": "Dwelling", "permitDate": "6/26/2014", "permitYr": 2014, "nonmetro": 1 }, "geometry": { "type": "Point", "coordinates": [ -91.566049278620312, 41.745666452232435 ] } },
{ "type": "Feature", "properties": { "PPN": "0222257009", "TotalValue": 661300.0, "PropClass": "R", "pctLandVal": 0.12, "acreVal": 1322600.0, "SiteAddres": "4009 CREST VIEW RD NE", "credits": "HMST", "acres": 0.5, "permitNo": "BLD-27383", "permitType": "Dwelling", "permitDate": "8/23/2017", "permitYr": 2017, "nonmetro": 1 }, "geometry": { "type": "Point", "coordinates": [ -91.539313664958456, 41.810529229024723 ] } },
{ "type": "Feature", "properties": { "PPN": "1709152002", "TotalValue": 311900.0, "PropClass": "R", "pctLandVal": 0.09, "acreVal": 1485238.0952380954, "SiteAddres": "316 TAYLOR DR", "credits": "NONE", "acres": 0.21, "permitNo": "BLD-21-29799", "permitType": "Dwelling", "permitDate": "3/16/2021", "permitYr": 2021, "nonmetro": 1 }, "geometry": { "type": "Point", "coordinates": [ -91.43094967885348, 41.489662523492342 ] } },
{ "type": "Feature", "properties": { "PPN": "0710355002", "TotalValue": 1115900.0, "PropClass": "R", "pctLandVal": 0.18, "acreVal": 111590.0, "SiteAddres": "3998 STARRY NIGHT LN NE", "credits": "NONE", "acres": 10.0, "permitNo": "BLD-19-28664", "permitType": "Dwelling", "permitDate": "9/24/2019", "permitYr": 2019, "nonmetro": 1 }, "geometry": { "type": "Point", "coordinates": [ -91.540345716010179, 41.746733024345531 ] } },
{ "type": "Feature", "properties": { "PPN": "0715401003", "TotalValue": 506200.0, "PropClass": "R", "pctLandVal": 0.32, "acreVal": 62186.732186732181, "SiteAddres": "2748 ANCHORAGE RD NE", "credits": "HMST", "acres": 8.14, "permitNo": "BLD-21-29952", "permitType": "Dwelling", "permitDate": "6/11/2021", "permitYr": 2021, "nonmetro": 1 }, "geometry": { "type": "Point", "coordinates": [ -91.52573746317232, 41.73415686632093 ] } },
{ "type": "Feature", "properties": { "PPN": "0310454001", "TotalValue": 634900.0, "PropClass": "R", "pctLandVal": 0.16, "acreVal": 604666.66666666663, "SiteAddres": "1350 SOUTHVIEW LN NE", "credits": "HMST", "acres": 1.05, "permitNo": "BLD-17574", "permitType": "Dwelling", "permitDate": "11/6/2012", "permitYr": 2012, "nonmetro": 0 }, "geometry": { "type": "Point", "coordinates": [ -91.645074793461802, 41.836517610123458 ] } },
{ "type": "Feature", "properties": { "PPN": "0709404002", "TotalValue": 1771800.0, "PropClass": "R", "pctLandVal": 0.11, "acreVal": 177180.0, "SiteAddres": "3990 STARRY NIGHT CT NE", "credits": "HMST", "acres": 10.0, "permitNo": "BLD-16201", "permitType": "Dwelling", "permitDate": "5/21/2010", "permitYr": 2010, "nonmetro": 1 }, "geometry": { "type": "Point", "coordinates": [ -91.542544994870582, 41.748464844151719 ] } },
{ "type": "Feature", "properties": { "PPN": "0314153002", "TotalValue": 1327100.0000000002, "PropClass": "R", "pctLandVal": 0.24, "acreVal": 80430.303030303025, "SiteAddres": "3127 SANDY BEACH RD NE", "credits": "NONE", "acres": 16.5, "permitNo": "BLD-24920", "permitType": "Dwelling", "permitDate": "11/22/2013", "permitYr": 2013, "nonmetro": 1 }, "geometry": { "type": "Point", "coordinates": [ -91.625342214923549, 41.826962921686864 ] } },
{ "type": "Feature", "properties": { "PPN": "0310309005", "TotalValue": 830100.0, "PropClass": "R", "pctLandVal": 0.12, "acreVal": 709487.17948717938, "SiteAddres": "2891 SYDNEY CT NE", "credits": "HMST", "acres": 1.17, "permitNo": "BLD-22-31273", "permitType": "Dwelling", "permitDate": "9/30/2022", "permitYr": 2022, "nonmetro": 0 }, "geometry": { "type": "Point", "coordinates": [ -91.6469062933093, 41.837217729524305 ] } },
{ "type": "Feature", "properties": { "PPN": "0710355003", "TotalValue": 1159200.0, "PropClass": "R", "pctLandVal": 0.17, "acreVal": 115920.0, "SiteAddres": "3994 STARRY NIGHT CT NE", "credits": "HMST", "acres": 10.0, "permitNo": "BLD-18-28031", "permitType": "Dwelling", "permitDate": "9/25/2018", "permitYr": 2018, "nonmetro": 1 }, "geometry": { "type": "Point", "coordinates": [ -91.541679729608902, 41.747420949000485 ] } },
{ "type": "Feature", "properties": { "PPN": "0222284004", "TotalValue": 468200.0, "PropClass": "R", "pctLandVal": 0.17, "acreVal": 414336.28318584076, "SiteAddres": "4077 HILL HAVEN CT NE", "credits": "HMST", "acres": 1.13, "permitNo": "BLD-22-31341", "permitType": "Dwelling", "permitDate": "10/26/2022", "permitYr": 2022, "nonmetro": 1 }, "geometry": { "type": "Point", "coordinates": [ -91.531929662031303, 41.810414995522159 ] } },
{ "type": "Feature", "properties": { "PPN": "0310431002", "TotalValue": 563600.0, "PropClass": "R", "pctLandVal": 0.18, "acreVal": 507747.74774774775, "SiteAddres": "2905 SYDNEY CT NE", "credits": "HMST", "acres": 1.11, "permitNo": "BLD-19-28806", "permitType": "Dwelling", "permitDate": "11/19/2019", "permitYr": 2019, "nonmetro": 0 }, "geometry": { "type": "Point", "coordinates": [ -91.646272207560486, 41.837231201825162 ] } },
{ "type": "Feature", "properties": { "PPN": "0310432001", "TotalValue": 515800.0, "PropClass": "R", "pctLandVal": 0.21, "acreVal": 515800.0, "SiteAddres": "1346 SOUTHVIEW LN NE", "credits": "HMST", "acres": 1.0, "permitNo": "BLD-17593", "permitType": "Dwelling", "permitDate": "11/14/2012", "permitYr": 2012, "nonmetro": 0 }, "geometry": { "type": "Point", "coordinates": [ -91.644632584288132, 41.83697921003008 ] } },
{ "type": "Feature", "properties": { "PPN": "0315106002", "TotalValue": 249000.0, "PropClass": "R", "pctLandVal": 0.39, "acreVal": 86458.333333333343, "SiteAddres": "2992 KOHOUTEK CT NE", "credits": "NONE", "acres": 2.88, "permitNo": "BLD-17161", "permitType": "Dwelling", "permitDate": "4/13/2012", "permitYr": 2012, "nonmetro": 1 }, "geometry": { "type": "Point", "coordinates": [ -91.638762763043275, 41.831639738495824 ] } },
{ "type": "Feature", "properties": { "PPN": "0616177001", "TotalValue": 489300.0, "PropClass": "R", "pctLandVal": 0.16, "acreVal": 185340.90909090909, "SiteAddres": "2661 JAMES AVE NW", "credits": "HMST", "acres": 2.64, "permitNo": "BLD-27000", "permitType": "Dwelling", "permitDate": "2/15/2017", "permitYr": 2017, "nonmetro": 1 }, "geometry": { "type": "Point", "coordinates": [ -91.657321714915568, 41.741187542670602 ] } },
{ "type": "Feature", "properties": { "PPN": "0315277003", "TotalValue": 940500.0, "PropClass": "R", "pctLandVal": 0.15, "acreVal": 223928.57142857142, "SiteAddres": "1446 DEER WOODS DR NE", "credits": "HMST", "acres": 4.2, "permitNo": "BLD-25541", "permitType": "Dwelling", "permitDate": "12/4/2014", "permitYr": 2014, "nonmetro": 1 }, "geometry": { "type": "Point", "coordinates": [ -91.648800221254589, 41.828149382723815 ] } },
{ "type": "Feature", "properties": { "PPN": "0310430002", "TotalValue": 503900.0, "PropClass": "R", "pctLandVal": 0.2, "acreVal": 503900.0, "SiteAddres": "2906 SYDNEY CT NE", "credits": "HMST", "acres": 1.0, "permitNo": "BLD-27404", "permitType": "Dwelling", "permitDate": "9/1/2017", "permitYr": 2017, "nonmetro": 0 }, "geometry": { "type": "Point", "coordinates": [ -91.646156025463981, 41.83810903756661 ] } },
{ "type": "Feature", "properties": { "PPN": "0709403002", "TotalValue": 907700.0, "PropClass": "R", "pctLandVal": 0.22, "acreVal": 90770.0, "SiteAddres": "3960 245TH ST EXT", "credits": "HMST", "acres": 10.0, "permitNo": "BLD-25117", "permitType": "Dwelling", "permitDate": "5/22/2014", "permitYr": 2014, "nonmetro": 1 }, "geometry": { "type": "Point", "coordinates": [ -91.546161159414268, 41.749637495739677 ] } },
{ "type": "Feature", "properties": { "PPN": "0301377001", "TotalValue": 652400.0, "PropClass": "R", "pctLandVal": 0.14, "acreVal": 195915.91591591592, "SiteAddres": "3298 120TH ST NE", "credits": "HMST", "acres": 3.33, "permitNo": "BLD-16461", "permitType": "Dwelling", "permitDate": "10/12/2010", "permitYr": 2010, "nonmetro": 1 }, "geometry": { "type": "Point", "coordinates": [ -91.608194161531443, 41.848070720250561 ] } },
{ "type": "Feature", "properties": { "PPN": "0310430001", "TotalValue": 677400.0, "PropClass": "R", "pctLandVal": 0.15, "acreVal": 664117.6470588235, "SiteAddres": "2914 SYDNEY CT NE", "credits": "NONE", "acres": 1.02, "permitNo": "BLD-22-31393", "permitType": "Dwelling", "permitDate": "11/9/2022", "permitYr": 2022, "nonmetro": 0 }, "geometry": { "type": "Point", "coordinates": [ -91.645411286512882, 41.838114501112628 ] } },
{ "type": "Feature", "properties": { "PPN": "0315427002", "TotalValue": 743200.0, "PropClass": "R", "pctLandVal": 0.13, "acreVal": 422272.72727272729, "SiteAddres": "1526 CURTIS BRIDGE RD NE", "credits": "HMST", "acres": 1.76, "permitNo": "BLD-20-28985", "permitType": "Dwelling", "permitDate": "3/31/2020", "permitYr": 2020, "nonmetro": 1 }, "geometry": { "type": "Point", "coordinates": [ -91.643768272536718, 41.823452044682746 ] } },
{ "type": "Feature", "properties": { "PPN": "0323161002", "TotalValue": 583700.0, "PropClass": "R", "pctLandVal": 0.23, "acreVal": 160798.89807162536, "SiteAddres": "3134  VALLEY PL NE", "credits": "HMST", "acres": 3.63, "permitNo": "BLD-19-28528", "permitType": "Dwelling", "permitDate": "8/9/2019", "permitYr": 2019, "nonmetro": 1 }, "geometry": { "type": "Point", "coordinates": [ -91.624903255013763, 41.811716633519239 ] } },
{ "type": "Feature", "properties": { "PPN": "1033227001", "TotalValue": 542200.0, "PropClass": "A, AD", "pctLandVal": 0.0, "acreVal": 451833.33333333337, "SiteAddres": "4410 DANE RD SW", "credits": "AG", "acres": 1.2, "permitNo": "BLD-26279", "permitType": "Dwelling", "permitDate": "1/21/2016", "permitYr": 2016, "nonmetro": 1 }, "geometry": { "type": "Point", "coordinates": [ -91.55986152773184, 41.612117003459531 ] } },
{ "type": "Feature", "properties": { "PPN": "0806328002", "TotalValue": 1012400.0, "PropClass": "R", "pctLandVal": 0.19, "acreVal": 54430.107526881715, "SiteAddres": "2332 HIGHWAY 1 NE", "credits": "HMST", "acres": 18.6, "permitNo": "BLD-18-28065", "permitType": "Dwelling", "permitDate": "10/8/2018", "permitYr": 2018, "nonmetro": 1 }, "geometry": { "type": "Point", "coordinates": [ -91.478954631777952, 41.763779162408689 ] } },
{ "type": "Feature", "properties": { "PPN": "0336226001", "TotalValue": 973800.0, "PropClass": "R", "pctLandVal": 0.09, "acreVal": 854210.52631578955, "SiteAddres": "2103 LAKEVIEW RIDGE DR NE", "credits": "HMST", "acres": 1.14, "permitNo": "BLD-25150", "permitType": "Dwelling", "permitDate": "6/5/2014", "permitYr": 2014, "nonmetro": 1 }, "geometry": { "type": "Point", "coordinates": [ -91.612834824346194, 41.789141105062932 ] } },
{ "type": "Feature", "properties": { "PPN": "1121227001", "TotalValue": 878900.0, "PropClass": "R", "pctLandVal": 0.14, "acreVal": 137328.125, "SiteAddres": "4018 IVY AVE SW", "credits": "NONE", "acres": 6.4, "permitNo": "BLD-23-31662", "permitType": "Dwelling", "permitDate": "4/18/2023", "permitYr": 2023, "nonmetro": 1 }, "geometry": { "type": "Point", "coordinates": [ -91.67495827338854, 41.642617756018744 ] } },
{ "type": "Feature", "properties": { "PPN": "1413252001", "TotalValue": 476000.0, "PropClass": "R", "pctLandVal": 0.2, "acreVal": 179622.64150943398, "SiteAddres": "5068 LACKENDER AVE SW", "credits": "HMST", "acres": 2.65, "permitNo": "BLD-16681", "permitType": "Dwelling", "permitDate": "6/6/2011", "permitYr": 2011, "nonmetro": 1 }, "geometry": { "type": "Point", "coordinates": [ -91.617057108737328, 41.563819477337809 ] } },
{ "type": "Feature", "properties": { "PPN": "0231227002", "TotalValue": 1280300.0000000002, "PropClass": "R", "pctLandVal": 0.24, "acreVal": 113804.44444444444, "SiteAddres": "2015 SCALES BEND RD NE", "credits": "HMST", "acres": 11.25, "permitNo": "BLD-26113", "permitType": "Dwelling", "permitDate": "10/7/2015", "permitYr": 2015, "nonmetro": 1 }, "geometry": { "type": "Point", "coordinates": [ -91.596559765789365, 41.787973988010492 ] } },
{ "type": "Feature", "properties": { "PPN": "0723376012", "TotalValue": 728900.0, "PropClass": "R", "pctLandVal": 0.14, "acreVal": 328333.33333333331, "SiteAddres": "14 BRIAR RIDGE DR NE", "credits": "HMST", "acres": 2.22, "permitNo": "BLD-22-30691", "permitType": "Dwelling", "permitDate": "7/15/2022", "permitYr": 2022, "nonmetro": 1 }, "geometry": { "type": "Point", "coordinates": [ -91.513000990510221, 41.715305262170268 ] } },
{ "type": "Feature", "properties": { "PPN": "0311355005", "TotalValue": 532600.0, "PropClass": "R", "pctLandVal": 0.13, "acreVal": 527326.73267326737, "SiteAddres": "3027  SANDY BEACH RD NE", "credits": "HMST", "acres": 1.01, "permitNo": "BLD-26851", "permitType": "Dwelling", "permitDate": "10/24/2016", "permitYr": 2016, "nonmetro": 1 }, "geometry": { "type": "Point", "coordinates": [ -91.633868859824432, 41.833127155132715 ] } },
{ "type": "Feature", "properties": { "PPN": "0310478006", "TotalValue": 596400.0, "PropClass": "R", "pctLandVal": 0.25, "acreVal": 209263.15789473683, "SiteAddres": "1351 SPRING VALLEY PL", "credits": "HMST", "acres": 2.85, "permitNo": "BLD-18-28127", "permitType": "Dwelling", "permitDate": "10/18/2018", "permitYr": 2018, "nonmetro": 0 }, "geometry": { "type": "Point", "coordinates": [ -91.637775707421667, 41.833993989200323 ] } },
{ "type": "Feature", "properties": { "PPN": "0310478001", "TotalValue": 775400.0, "PropClass": "R", "pctLandVal": 0.18, "acreVal": 323083.33333333337, "SiteAddres": "1347 SPRING VALLEY PL", "credits": "HMST", "acres": 2.4, "permitNo": "BLD-26081", "permitType": "Dwelling", "permitDate": "9/11/2015", "permitYr": 2015, "nonmetro": 0 }, "geometry": { "type": "Point", "coordinates": [ -91.637871550952383, 41.834542951215639 ] } },
{ "type": "Feature", "properties": { "PPN": "0221327001", "TotalValue": 515200.0, "PropClass": "R", "pctLandVal": 0.16, "acreVal": 1226666.6666666667, "SiteAddres": "3888 LAKE VISTA DR NE", "credits": "NONE", "acres": 0.42, "permitNo": "BLD-22-31029", "permitType": "Dwelling", "permitDate": "7/28/2022", "permitYr": 2022, "nonmetro": 1 }, "geometry": { "type": "Point", "coordinates": [ -91.558970995838777, 41.809597570398971 ] } },
{ "type": "Feature", "properties": { "PPN": "0831202006", "TotalValue": 700.0, "PropClass": "R", "pctLandVal": 1.0, "acreVal": 624.99999999999989, "SiteAddres": "4661 YELLOW ROCK RD NE", "credits": "NONE", "acres": 1.12, "permitNo": "BLD-24-33052", "permitType": "Dwelling", "permitDate": "12/3/2024", "permitYr": 2024, "nonmetro": 1 }, "geometry": { "type": "Point", "coordinates": [ -91.476918910398439, 41.699161751794819 ] } },
{ "type": "Feature", "properties": { "PPN": "0532178001", "TotalValue": 468700.0, "PropClass": "R", "pctLandVal": 0.16, "acreVal": 251989.24731182793, "SiteAddres": "3280 BLACK HAWK AVE NW", "credits": "HMST", "acres": 1.86, "permitNo": "BLD-17735", "permitType": "Dwelling", "permitDate": "4/1/2013", "permitYr": 2013, "nonmetro": 1 }, "geometry": { "type": "Point", "coordinates": [ -91.798005776116639, 41.697133008307489 ] } },
{ "type": "Feature", "properties": { "PPN": "0230357002", "TotalValue": 239800.0, "PropClass": "R", "pctLandVal": 0.32, "acreVal": 232815.53398058252, "SiteAddres": "1998 SCALES BEND RD NE", "credits": "NONE", "acres": 1.03, "permitNo": "BLD-22-30746", "permitType": "Dwelling", "permitDate": "4/8/2022", "permitYr": 2022, "nonmetro": 1 }, "geometry": { "type": "Point", "coordinates": [ -91.594379238426981, 41.78950156922928 ] } },
{ "type": "Feature", "properties": { "PPN": "0315106003", "TotalValue": 886500.0, "PropClass": "R", "pctLandVal": 0.17, "acreVal": 261504.42477876105, "SiteAddres": "2997 KOHOUTEK CT NE", "credits": "HMST", "acres": 3.39, "permitNo": "BLD-17160", "permitType": "Dwelling", "permitDate": "4/13/2012", "permitYr": 2012, "nonmetro": 1 }, "geometry": { "type": "Point", "coordinates": [ -91.638577629499849, 41.830916972230256 ] } },
{ "type": "Feature", "properties": { "PPN": "0229401017", "TotalValue": 702300.0, "PropClass": "R", "pctLandVal": 0.77, "acreVal": 3192272.7272727271, "SiteAddres": "3766 COTTAGE RESERVE RD NE", "credits": "NONE", "acres": 0.22, "permitNo": "BLD-25-33220", "permitType": "Dwelling", "permitDate": "4/9/2025", "permitYr": 2025, "nonmetro": 1 }, "geometry": { "type": "Point", "coordinates": [ -91.564213985815258, 41.794133548034139 ] } },
{ "type": "Feature", "properties": { "PPN": "0716326001", "TotalValue": 681500.0, "PropClass": "R", "pctLandVal": 0.23, "acreVal": 136300.0, "SiteAddres": "3846 LOCUST RIDGE RD NE", "credits": "HMST", "acres": 5.0, "permitNo": "BLD-26092", "permitType": "Dwelling", "permitDate": "9/25/2015", "permitYr": 2015, "nonmetro": 1 }, "geometry": { "type": "Point", "coordinates": [ -91.557179391622384, 41.736353309487328 ] } },
{ "type": "Feature", "properties": { "PPN": "0722353007", "TotalValue": 582200.0, "PropClass": "R", "pctLandVal": 0.19, "acreVal": 510701.75438596494, "SiteAddres": "6 WOODLAND HTS NE", "credits": "HMST", "acres": 1.14, "permitNo": "BLD-26413", "permitType": "Dwelling", "permitDate": "4/14/2016", "permitYr": 2016, "nonmetro": 0 }, "geometry": { "type": "Point", "coordinates": [ -91.541361513648823, 41.718123230188844 ] } },
{ "type": "Feature", "properties": { "PPN": "0705377012", "TotalValue": 468400.0, "PropClass": "R", "pctLandVal": 0.22, "acreVal": 883773.58490566036, "SiteAddres": "3684 QUARRY HEIGHTS LN NE", "credits": "HMST", "acres": 0.53, "permitNo": "BLD-25402", "permitType": "Dwelling", "permitDate": "11/10/2014", "permitYr": 2014, "nonmetro": 1 }, "geometry": { "type": "Point", "coordinates": [ -91.572073746850862, 41.762130823448217 ] } },
{ "type": "Feature", "properties": { "PPN": "0309329002", "TotalValue": 930000.0, "PropClass": "R", "pctLandVal": 0.13, "acreVal": 240310.07751937985, "SiteAddres": "1348 HIGHWAY 965 NW", "credits": "HMST", "acres": 3.87, "permitNo": "BLD-17677", "permitType": "Dwelling", "permitDate": "2/27/2013", "permitYr": 2013, "nonmetro": 1 }, "geometry": { "type": "Point", "coordinates": [ -91.672064356697177, 41.837119655897254 ] } },
{ "type": "Feature", "properties": { "PPN": "1034329005", "TotalValue": 346600.0, "PropClass": "R", "pctLandVal": 0.19, "acreVal": 210060.60606060605, "SiteAddres": "4544 OAK CREST HILL RD SE", "credits": "HMST", "acres": 1.65, "permitNo": "BLD-19-28782", "permitType": "Dwelling", "permitDate": "11/6/2019", "permitYr": 2019, "nonmetro": 0 }, "geometry": { "type": "Point", "coordinates": [ -91.540662568883917, 41.602562792196011 ] } },
{ "type": "Feature", "properties": { "PPN": "1219103001", "TotalValue": 637300.0, "PropClass": "R", "pctLandVal": 0.25, "acreVal": 37138.694638694637, "SiteAddres": "4041 BLACK HAWK AVE SW", "credits": "HMST", "acres": 17.16, "permitNo": "BLD-20-29478", "permitType": "Dwelling", "permitDate": "10/27/2020", "permitYr": 2020, "nonmetro": 1 }, "geometry": { "type": "Point", "coordinates": [ -91.815918927015559, 41.641072743605271 ] } },
{ "type": "Feature", "properties": { "PPN": "0711453001", "TotalValue": 882500.0, "PropClass": "R", "pctLandVal": 0.26, "acreVal": 84530.651340996177, "SiteAddres": "2574 SUGAR BOTTOM RD NE", "credits": "HMST", "acres": 10.44, "permitNo": "BLD-26813", "permitType": "Dwelling", "permitDate": "10/14/2016", "permitYr": 2016, "nonmetro": 1 }, "geometry": { "type": "Point", "coordinates": [ -91.508716505159299, 41.747507073440026 ] } },
{ "type": "Feature", "properties": { "PPN": "1419377001", "TotalValue": 354800.0, "PropClass": "A, AD", "pctLandVal": 0.05, "acreVal": 50326.241134751777, "SiteAddres": "2300 540TH ST SW", "credits": "AG", "acres": 7.05, "permitNo": "BLD-23-32319", "permitType": "Dwelling", "permitDate": "2/2/2024", "permitYr": 2024, "nonmetro": 1 }, "geometry": { "type": "Point", "coordinates": [ -91.70563456937073, 41.542643543298396 ] } },
{ "type": "Feature", "properties": { "PPN": "0222207004", "TotalValue": 202500.0, "PropClass": "R", "pctLandVal": 0.3, "acreVal": 440217.39130434784, "SiteAddres": "1635 POLK AVE NE", "credits": "NONE", "acres": 0.46, "permitNo": "BLD-24-32804", "permitType": "Dwelling", "permitDate": "8/26/2024", "permitYr": 2024, "nonmetro": 1 }, "geometry": { "type": "Point", "coordinates": [ -91.53104886637071, 41.814472406115421 ] } },
{ "type": "Feature", "properties": { "PPN": "0222452008", "TotalValue": 1364000.0, "PropClass": "R", "pctLandVal": 0.13, "acreVal": 1286792.4528301889, "SiteAddres": "4110 DEACON LN NE", "credits": "NONE", "acres": 1.06, "permitNo": "BLD-19-28669", "permitType": "Dwelling", "permitDate": "9/24/2019", "permitYr": 2019, "nonmetro": 1 }, "geometry": { "type": "Point", "coordinates": [ -91.529046741335407, 41.803598043221221 ] } },
{ "type": "Feature", "properties": { "PPN": "0315278004", "TotalValue": 616600.0, "PropClass": "R", "pctLandVal": 0.37, "acreVal": 72712.264150943389, "SiteAddres": "1453  DEER WOODS DR NE", "credits": "HMST", "acres": 8.48, "permitNo": "BLD-27123", "permitType": "Dwelling", "permitDate": "5/4/2017", "permitYr": 2017, "nonmetro": 1 }, "geometry": { "type": "Point", "coordinates": [ -91.650043529008755, 41.826608951540514 ] } },
{ "type": "Feature", "properties": { "PPN": "0222452005", "TotalValue": 1020900.0, "PropClass": "R", "pctLandVal": 0.18, "acreVal": 887739.13043478271, "SiteAddres": "4122 DEACON LN NE", "credits": "HMST", "acres": 1.15, "permitNo": "BLD-26349", "permitType": "Dwelling", "permitDate": "3/30/2016", "permitYr": 2016, "nonmetro": 1 }, "geometry": { "type": "Point", "coordinates": [ -91.527194886167152, 41.803566755656014 ] } },
{ "type": "Feature", "properties": { "PPN": "0222452007", "TotalValue": 1132800.0, "PropClass": "R", "pctLandVal": 0.16, "acreVal": 1078857.1428571427, "SiteAddres": "4114 DEACON LN NE", "credits": "NONE", "acres": 1.05, "permitNo": "BLD-18-27825", "permitType": "Dwelling", "permitDate": "6/25/2018", "permitYr": 2018, "nonmetro": 1 }, "geometry": { "type": "Point", "coordinates": [ -91.528442482545728, 41.803579576517336 ] } },
{ "type": "Feature", "properties": { "PPN": "0222452006", "TotalValue": 1047100.0, "PropClass": "R", "pctLandVal": 0.17, "acreVal": 997238.09523809515, "SiteAddres": "4118 DEACON LN NE", "credits": "NONE", "acres": 1.05, "permitNo": "BLD-19-28338", "permitType": "Dwelling", "permitDate": "5/6/2019", "permitYr": 2019, "nonmetro": 1 }, "geometry": { "type": "Point", "coordinates": [ -91.527830148394244, 41.803569042248668 ] } },
{ "type": "Feature", "properties": { "PPN": "0703453001", "TotalValue": 581900.0, "PropClass": "R", "pctLandVal": 0.22, "acreVal": 162997.19887955184, "SiteAddres": "2365 SUGAR BOTTOM RD NE", "credits": "HMST", "acres": 3.57, "permitNo": "BLD-21-30410", "permitType": "Dwelling", "permitDate": "10/20/2021", "permitYr": 2021, "nonmetro": 1 }, "geometry": { "type": "Point", "coordinates": [ -91.530986036875959, 41.760498245701029 ] } },
{ "type": "Feature", "properties": { "PPN": "0222452010", "TotalValue": 1031700.0, "PropClass": "R", "pctLandVal": 0.18, "acreVal": 921160.7142857142, "SiteAddres": "4102 DEACON LN NE", "credits": "HMST", "acres": 1.12, "permitNo": "BLD-17-27540", "permitType": "Dwelling", "permitDate": "12/12/2017", "permitYr": 2017, "nonmetro": 1 }, "geometry": { "type": "Point", "coordinates": [ -91.530184634528581, 41.803922904251813 ] } },
{ "type": "Feature", "properties": { "PPN": "0726257012", "TotalValue": 1048400.0, "PropClass": "R", "pctLandVal": 0.1, "acreVal": 1048400.0, "SiteAddres": "4231 WESTCOTT DR NE", "credits": "NONE", "acres": 1.0, "permitNo": "BLD-20-29415", "permitType": "Dwelling", "permitDate": "9/28/2020", "permitYr": 2020, "nonmetro": 1 }, "geometry": { "type": "Point", "coordinates": [ -91.519681403810026, 41.71101040955589 ] } },
{ "type": "Feature", "properties": { "PPN": "0222452002", "TotalValue": 954300.0, "PropClass": "R", "pctLandVal": 0.19, "acreVal": 900283.01886792446, "SiteAddres": "4132 DEACON LN NE", "credits": "HMST, MIL", "acres": 1.06, "permitNo": "BLD-26375", "permitType": "Dwelling", "permitDate": "3/24/2016", "permitYr": 2016, "nonmetro": 1 }, "geometry": { "type": "Point", "coordinates": [ -91.526023702698822, 41.803943261222486 ] } },
{ "type": "Feature", "properties": { "PPN": "0222452009", "TotalValue": 1004300.0, "PropClass": "R", "pctLandVal": 0.18, "acreVal": 912999.99999999988, "SiteAddres": "4106  DEACON LN NE", "credits": "HMST", "acres": 1.1, "permitNo": "BLD-18-27916", "permitType": "Dwelling", "permitDate": "7/26/2018", "permitYr": 2018, "nonmetro": 1 }, "geometry": { "type": "Point", "coordinates": [ -91.529613325081272, 41.803730958613819 ] } },
{ "type": "Feature", "properties": { "PPN": "0222452004", "TotalValue": 960800.0, "PropClass": "R", "pctLandVal": 0.19, "acreVal": 889629.62962962955, "SiteAddres": "4128 DEACON LN NE", "credits": "HMST", "acres": 1.08, "permitNo": "BLD-25879", "permitType": "Dwelling", "permitDate": "6/30/2015", "permitYr": 2015, "nonmetro": 1 }, "geometry": { "type": "Point", "coordinates": [ -91.52664838633919, 41.803790851866268 ] } },
{ "type": "Feature", "properties": { "PPN": "0326176003", "TotalValue": 892600.0, "PropClass": "R", "pctLandVal": 0.11, "acreVal": 215603.86473429957, "SiteAddres": "1894 LAKE MANOR RD NE", "credits": "HMST", "acres": 4.14, "permitNo": "BLD-24817", "permitType": "Dwelling", "permitDate": "9/26/2013", "permitYr": 2013, "nonmetro": 1 }, "geometry": { "type": "Point", "coordinates": [ -91.620857072262183, 41.799079536594896 ] } },
{ "type": "Feature", "properties": { "PPN": "1529477001", "TotalValue": 269800.0, "PropClass": "A, AD", "pctLandVal": 0.0, "acreVal": 293260.86956521741, "SiteAddres": "3760 560TH ST SW", "credits": "HMST, AG", "acres": 0.92, "permitNo": "BLD-16284", "permitType": "Dwelling", "permitDate": "5/25/2010", "permitYr": 2010, "nonmetro": 1 }, "geometry": { "type": "Point", "coordinates": [ -91.564958327929133, 41.525805096991853 ] } },
{ "type": "Feature", "properties": { "PPN": "0708401006", "TotalValue": 950500.0, "PropClass": "R", "pctLandVal": 0.2, "acreVal": 459178.74396135268, "SiteAddres": "2542 COTTONWOOD CT NE", "credits": "NONE", "acres": 2.07, "permitNo": "BLD-16498", "permitType": "Dwelling", "permitDate": "10/28/2010", "permitYr": 2010, "nonmetro": 1 }, "geometry": { "type": "Point", "coordinates": [ -91.56559194298076, 41.748201210422394 ] } },
{ "type": "Feature", "properties": { "PPN": "0222152001", "TotalValue": 1914899.9999999998, "PropClass": "R", "pctLandVal": 0.08, "acreVal": 658041.23711340199, "SiteAddres": "4129 SHAGBARK LN NE", "credits": "HMST", "acres": 2.91, "permitNo": "BLD-22-31199", "permitType": "Dwelling", "permitDate": "9/13/2022", "permitYr": 2022, "nonmetro": 1 }, "geometry": { "type": "Point", "coordinates": [ -91.528179049999821, 41.812580192972177 ] } },
{ "type": "Feature", "properties": { "PPN": "0229406001", "TotalValue": 1688200.0, "PropClass": "R", "pctLandVal": 0.83, "acreVal": 2164358.9743589745, "SiteAddres": "3773 COTTAGE RESERVE RD NE", "credits": "NONE", "acres": 0.78, "permitNo": "BLD-23-31820", "permitType": "Dwelling", "permitDate": "8/29/2023", "permitYr": 2023, "nonmetro": 1 }, "geometry": { "type": "Point", "coordinates": [ -91.562749192794328, 41.793439002262481 ] } },
{ "type": "Feature", "properties": { "PPN": "0723178001", "TotalValue": 452800.0, "PropClass": "R", "pctLandVal": 0.25, "acreVal": 187107.43801652893, "SiteAddres": "2887 NEWPORT RD NE", "credits": "HMST", "acres": 2.42, "permitNo": "BLD-25500", "permitType": "Dwelling", "permitDate": "12/22/2014", "permitYr": 2014, "nonmetro": 1 }, "geometry": { "type": "Point", "coordinates": [ -91.505579020421465, 41.723282990820493 ] } },
{ "type": "Feature", "properties": { "PPN": "0308262002", "TotalValue": 662700.0, "PropClass": "R", "pctLandVal": 0.27, "acreVal": 82837.5, "SiteAddres": "540 JEFFERSON AVE SW", "credits": "HMST", "acres": 8.0, "permitNo": "BLD-25259", "permitType": "Dwelling", "permitDate": "7/11/2014", "permitYr": 2014, "nonmetro": 1 }, "geometry": { "type": "Point", "coordinates": [ -91.693681703024751, 41.840491227101644 ] } },
{ "type": "Feature", "properties": { "PPN": "0735305001", "TotalValue": 982800.0, "PropClass": "R", "pctLandVal": 0.09, "acreVal": 982800.0, "SiteAddres": "2355 SUSSEX LN NE", "credits": "NONE", "acres": 1.0, "permitNo": "BLD-22-30985", "permitType": "Dwelling", "permitDate": "7/7/2022", "permitYr": 2022, "nonmetro": 0 }, "geometry": { "type": "Point", "coordinates": [ -91.516139238168364, 41.690844669239894 ] } },
{ "type": "Feature", "properties": { "PPN": "0807379001", "TotalValue": 1620499.9999999998, "PropClass": "R", "pctLandVal": 0.1, "acreVal": 556872.85223367694, "SiteAddres": "4611 TIMBERLAND CT NE", "credits": "HMST", "acres": 2.91, "permitNo": "BLD-16427", "permitType": "Dwelling", "permitDate": "9/17/2010", "permitYr": 2010, "nonmetro": 1 }, "geometry": { "type": "Point", "coordinates": [ -91.477139361341983, 41.746546606831153 ] } },
{ "type": "Feature", "properties": { "PPN": "0233404002", "TotalValue": 466700.0, "PropClass": "R", "pctLandVal": 0.28, "acreVal": 90621.359223300969, "SiteAddres": "2148 SUGAR BOTTOM RD NE", "credits": "NONE", "acres": 5.15, "permitNo": "BLD-25027", "permitType": "Dwelling", "permitDate": "3/3/2014", "permitYr": 2014, "nonmetro": 1 }, "geometry": { "type": "Point", "coordinates": [ -91.545360993454835, 41.779553478875314 ] } },
{ "type": "Feature", "properties": { "PPN": "1320352001", "TotalValue": 666900.0, "PropClass": "R", "pctLandVal": 0.13, "acreVal": 182213.11475409835, "SiteAddres": "1192 540TH ST SW", "credits": "HMST", "acres": 3.66, "permitNo": "BLD-16468", "permitType": "Dwelling", "permitDate": "10/5/2010", "permitYr": 2010, "nonmetro": 1 }, "geometry": { "type": "Point", "coordinates": [ -91.809483308631499, 41.541002997352521 ] } },
{ "type": "Feature", "properties": { "PPN": "1612402001", "TotalValue": 605700.0, "PropClass": "R", "pctLandVal": 0.14, "acreVal": 192898.08917197451, "SiteAddres": "4931 JOHNSON MUSCATINE RD SE", "credits": "HMST", "acres": 3.14, "permitNo": "BLD-21-30468", "permitType": "Dwelling", "permitDate": "5/2/2022", "permitYr": 2022, "nonmetro": 1 }, "geometry": { "type": "Point", "coordinates": [ -91.367438172321584, 41.573645353553061 ] } },
{ "type": "Feature", "properties": { "PPN": "0716327002", "TotalValue": 1529000.0, "PropClass": "R", "pctLandVal": 0.12, "acreVal": 639748.95397489541, "SiteAddres": "3838 275TH ST NE", "credits": "NONE", "acres": 2.39, "permitNo": "BLD-18-27679", "permitType": "Dwelling", "permitDate": "4/10/2018", "permitYr": 2018, "nonmetro": 1 }, "geometry": { "type": "Point", "coordinates": [ -91.560690511237098, 41.735905376805775 ] } },
{ "type": "Feature", "properties": { "PPN": "1412102002", "TotalValue": 683800.0, "PropClass": "R", "pctLandVal": 0.19, "acreVal": 100263.92961876832, "SiteAddres": "3365 480TH ST SW", "credits": "HMST", "acres": 6.82, "permitNo": "BLD-18-27772", "permitType": "Dwelling", "permitDate": "6/1/2018", "permitYr": 2018, "nonmetro": 1 }, "geometry": { "type": "Point", "coordinates": [ -91.602127642319729, 41.582302388580082 ] } },
{ "type": "Feature", "properties": { "PPN": "0224151001", "TotalValue": 595400.0, "PropClass": "R", "pctLandVal": 0.22, "acreVal": 53113.291703835865, "SiteAddres": "4518 SUTLIFF RD NE", "credits": "HMST", "acres": 11.21, "permitNo": "BLD-16978", "permitType": "Dwelling", "permitDate": "11/10/2011", "permitYr": 2011, "nonmetro": 1 }, "geometry": { "type": "Point", "coordinates": [ -91.489307394778663, 41.812489860180371 ] } },
{ "type": "Feature", "properties": { "PPN": "1129452003", "TotalValue": 536700.0, "PropClass": "R", "pctLandVal": 0.15, "acreVal": 383357.1428571429, "SiteAddres": "2528 BLACK DIAMOND RD SW", "credits": "HMST", "acres": 1.4, "permitNo": "BLD-20-29072", "permitType": "Dwelling", "permitDate": "7/7/2020", "permitYr": 2020, "nonmetro": 1 }, "geometry": { "type": "Point", "coordinates": [ -91.683783397402863, 41.614884685525659 ] } },
{ "type": "Feature", "properties": { "PPN": "0708401004", "TotalValue": 999700.0, "PropClass": "R", "pctLandVal": 0.19, "acreVal": 462824.07407407404, "SiteAddres": "2528 COTTONWOOD CT NE", "credits": "HMST", "acres": 2.16, "permitNo": "BLD-25010", "permitType": "Dwelling", "permitDate": "2/13/2014", "permitYr": 2014, "nonmetro": 1 }, "geometry": { "type": "Point", "coordinates": [ -91.565378263041396, 41.749583875057112 ] } },
{ "type": "Feature", "properties": { "PPN": "0715152001", "TotalValue": 320600.0, "PropClass": "R", "pctLandVal": 0.34, "acreVal": 66652.806652806656, "SiteAddres": "4142 CROSHECK RD NE", "credits": "NONE", "acres": 4.81, "permitNo": "BLD-16917", "permitType": "Dwelling", "permitDate": "9/27/2011", "permitYr": 2011, "nonmetro": 1 }, "geometry": { "type": "Point", "coordinates": [ -91.528164695891903, 41.739842488658766 ] } },
{ "type": "Feature", "properties": { "PPN": "1102327002", "TotalValue": 115500.0, "PropClass": "R", "pctLandVal": 1.0, "acreVal": 8162.5441696113085, "SiteAddres": "3042 355TH ST SW", "credits": "NONE", "acres": 14.15, "permitNo": "BLD-25-33202", "permitType": "Dwelling", "permitDate": "3/25/2025", "permitYr": 2025, "nonmetro": 1 }, "geometry": { "type": "Point", "coordinates": [ -91.635908743375452, 41.676455702384423 ] } },
{ "type": "Feature", "properties": { "PPN": "0515378002", "TotalValue": 386300.0, "PropClass": "R", "pctLandVal": 0.19, "acreVal": 297153.84615384613, "SiteAddres": "1684 HIGHWAY 6 NW", "credits": "HMST", "acres": 1.3, "permitNo": "BLD-17264", "permitType": "Dwelling", "permitDate": "6/6/2012", "permitYr": 2012, "nonmetro": 1 }, "geometry": { "type": "Point", "coordinates": [ -91.765741560917732, 41.732713060985681 ] } },
{ "type": "Feature", "properties": { "PPN": "0421252001", "TotalValue": 402700.0, "PropClass": "R", "pctLandVal": 0.26, "acreVal": 86602.150537634399, "SiteAddres": "1657 KNAPP CREEK WAY NW", "credits": "NONE", "acres": 4.65, "permitNo": "BLD-25060", "permitType": "Dwelling", "permitDate": "4/11/2014", "permitYr": 2014, "nonmetro": 1 }, "geometry": { "type": "Point", "coordinates": [ -91.788720276267568, 41.812263193260044 ] } },
{ "type": "Feature", "properties": { "PPN": "0601202003", "TotalValue": 1100200.0, "PropClass": "R", "pctLandVal": 0.21, "acreVal": 146693.33333333334, "SiteAddres": "2263 SCALES BEND RD NE", "credits": "HMST", "acres": 7.5, "permitNo": "BLD-22-30833", "permitType": "Dwelling", "permitDate": "5/6/2022", "permitYr": 2022, "nonmetro": 0 }, "geometry": { "type": "Point", "coordinates": [ -91.610383631667275, 41.771175135724775 ] } },
{ "type": "Feature", "properties": { "PPN": "0112226005", "TotalValue": 356300.0, "PropClass": "R", "pctLandVal": 0.18, "acreVal": 194699.45355191256, "SiteAddres": "1216 WHITE OAK AVE NE", "credits": "HMST, MIL", "acres": 1.83, "permitNo": "BLD-19-28844", "permitType": "Dwelling", "permitDate": "12/20/2019", "permitYr": 2019, "nonmetro": 1 }, "geometry": { "type": "Point", "coordinates": [ -91.384879254055988, 41.844017206932214 ] } },
{ "type": "Feature", "properties": { "PPN": "0716352010", "TotalValue": 1620099.9999999998, "PropClass": "R", "pctLandVal": 0.13, "acreVal": 303389.51310861419, "SiteAddres": "3838 PETERSON PL NE", "credits": "NONE", "acres": 5.34, "permitNo": "BLD-18-28079", "permitType": "Dwelling", "permitDate": "10/2/2018", "permitYr": 2018, "nonmetro": 1 }, "geometry": { "type": "Point", "coordinates": [ -91.557117330898606, 41.730732109496692 ] } },
{ "type": "Feature", "properties": { "PPN": "0706201002", "TotalValue": 1698899.9999999998, "PropClass": "R", "pctLandVal": 0.18, "acreVal": 151417.11229946523, "SiteAddres": "2190 SCALES BEND RD NE", "credits": "NONE", "acres": 11.22, "permitNo": "BLD-17568", "permitType": "Dwelling", "permitDate": "11/5/2012", "permitYr": 2012, "nonmetro": 1 }, "geometry": { "type": "Point", "coordinates": [ -91.593604415070871, 41.774360722987801 ] } },
{ "type": "Feature", "properties": { "PPN": "1506452002", "TotalValue": 559100.0, "PropClass": "R", "pctLandVal": 0.18, "acreVal": 126493.21266968326, "SiteAddres": "3540 480TH ST SW", "credits": "HMST", "acres": 4.42, "permitNo": "BLD-26706", "permitType": "Dwelling", "permitDate": "8/22/2016", "permitYr": 2016, "nonmetro": 1 }, "geometry": { "type": "Point", "coordinates": [ -91.586323477329245, 41.584239578334206 ] } },
{ "type": "Feature", "properties": { "PPN": "0716352005", "TotalValue": 1576800.0, "PropClass": "R", "pctLandVal": 0.11, "acreVal": 491214.95327102806, "SiteAddres": "3802 PETERSON PL NE", "credits": "HMST", "acres": 3.21, "permitNo": "BLD-21-30283", "permitType": "Dwelling", "permitDate": "9/8/2021", "permitYr": 2021, "nonmetro": 1 }, "geometry": { "type": "Point", "coordinates": [ -91.559823250142784, 41.731097078833756 ] } },
{ "type": "Feature", "properties": { "PPN": "0314455002", "TotalValue": 603600.0, "PropClass": "R", "pctLandVal": 0.25, "acreVal": 44513.274336283182, "SiteAddres": "3133 ROBERTS FERRY RD NE", "credits": "NONE", "acres": 13.56, "permitNo": "BLD-24989", "permitType": "Dwelling", "permitDate": "1/9/2014", "permitYr": 2014, "nonmetro": 1 }, "geometry": { "type": "Point", "coordinates": [ -91.623546356040521, 41.819776227896782 ] } },
{ "type": "Feature", "properties": { "PPN": "1026152014", "TotalValue": 304600.0, "PropClass": "R", "pctLandVal": 0.22, "acreVal": 534385.96491228079, "SiteAddres": "4322 MOIRA AVE SE", "credits": "HMST, MIL", "acres": 0.57, "permitNo": "BLD-16658", "permitType": "Dwelling", "permitDate": "4/28/2011", "permitYr": 2011, "nonmetro": 1 }, "geometry": { "type": "Point", "coordinates": [ -91.509656454370102, 41.622124539448478 ] } },
{ "type": "Feature", "properties": { "PPN": "1026153001", "TotalValue": 290000.0, "PropClass": "R", "pctLandVal": 0.18, "acreVal": 659090.90909090894, "SiteAddres": "4316 MOIRA AVE SE", "credits": "HMST", "acres": 0.44, "permitNo": "BLD-17514", "permitType": "Dwelling", "permitDate": "10/5/2012", "permitYr": 2012, "nonmetro": 1 }, "geometry": { "type": "Point", "coordinates": [ -91.510243559804749, 41.622121866678796 ] } },
{ "type": "Feature", "properties": { "PPN": "0720303001", "TotalValue": 1697299.9999999998, "PropClass": "R", "pctLandVal": 0.17, "acreVal": 563887.04318936879, "SiteAddres": "3679 JOHNSTON WAY NE", "credits": "HMST", "acres": 3.01, "permitNo": "BLD-16666", "permitType": "Dwelling", "permitDate": "4/15/2011", "permitYr": 2011, "nonmetro": 1 }, "geometry": { "type": "Point", "coordinates": [ -91.572713583918457, 41.721988586605747 ] } },
{ "type": "Feature", "properties": { "PPN": "1813452001", "TotalValue": 107900.0, "PropClass": "R", "pctLandVal": 0.56, "acreVal": 58961.748633879783, "SiteAddres": "6363 RIVER JUNCTION RD SE", "credits": "NONE", "acres": 1.83, "permitNo": "BLD-24-32898", "permitType": "Dwelling", "permitDate": "10/15/2024", "permitYr": 2024, "nonmetro": 1 }, "geometry": { "type": "Point", "coordinates": [ -91.489418921295723, 41.470190442215021 ] } },
{ "type": "Feature", "properties": { "PPN": "0220428003", "TotalValue": 512000.0, "PropClass": "R", "pctLandVal": 0.19, "acreVal": 105133.47022587269, "SiteAddres": "1690 NEWBERRY AVE NE", "credits": "NONE", "acres": 4.87, "permitNo": "BLD-16653", "permitType": "Dwelling", "permitDate": "4/29/2011", "permitYr": 2011, "nonmetro": 1 }, "geometry": { "type": "Point", "coordinates": [ -91.568472298258655, 41.809463410449524 ] } },
{ "type": "Feature", "properties": { "PPN": "0118378001", "TotalValue": 522900.0, "PropClass": "R", "pctLandVal": 0.13, "acreVal": 194386.61710037175, "SiteAddres": "4680 SUTLIFF RD NE", "credits": "HMST", "acres": 2.69, "permitNo": "BLD-17002", "permitType": "Dwelling", "permitDate": "11/16/2011", "permitYr": 2011, "nonmetro": 1 }, "geometry": { "type": "Point", "coordinates": [ -91.476447820963685, 41.817250390896994 ] } },
{ "type": "Feature", "properties": { "PPN": "0629253002", "TotalValue": 513200.0, "PropClass": "R", "pctLandVal": 0.12, "acreVal": 551827.95698924724, "SiteAddres": "2442 COPI RD NW", "credits": "NONE", "acres": 0.93, "permitNo": "BLD-21-30593", "permitType": "Dwelling", "permitDate": "3/4/2022", "permitYr": 2022, "nonmetro": 1 }, "geometry": { "type": "Point", "coordinates": [ -91.6919538001044, 41.709558855375093 ] } },
{ "type": "Feature", "properties": { "PPN": "1531477001", "TotalValue": 580900.0, "PropClass": "R", "pctLandVal": 0.14, "acreVal": 341705.8823529412, "SiteAddres": "5761 NAPLES AVE SW", "credits": "NONE", "acres": 1.7, "permitNo": "BLD-19-28835", "permitType": "Dwelling", "permitDate": "1/31/2020", "permitYr": 2020, "nonmetro": 1 }, "geometry": { "type": "Point", "coordinates": [ -91.580148872125733, 41.513631577468921 ] } },
{ "type": "Feature", "properties": { "PPN": "0230302001", "TotalValue": 407100.0, "PropClass": "R", "pctLandVal": 0.14, "acreVal": 1507777.7777777778, "SiteAddres": "1912 LOCUST DR NE", "credits": "HMST", "acres": 0.27, "permitNo": "BLD-26543", "permitType": "Dwelling", "permitDate": "5/27/2016", "permitYr": 2016, "nonmetro": 1 }, "geometry": { "type": "Point", "coordinates": [ -91.592730483711776, 41.79581940368152 ] } },
{ "type": "Feature", "properties": { "PPN": "1104227001", "TotalValue": 271700.0, "PropClass": "A, AD", "pctLandVal": 0.02, "acreVal": 56020.618556701033, "SiteAddres": "3448 IVY AVE SW", "credits": "HMST, AG", "acres": 4.85, "permitNo": "BLD-22-31356", "permitType": "Dwelling", "permitDate": "11/9/2022", "permitYr": 2022, "nonmetro": 1 }, "geometry": { "type": "Point", "coordinates": [ -91.673198469187696, 41.684530757772755 ] } },
{ "type": "Feature", "properties": { "PPN": "0722376008", "TotalValue": 1141100.0, "PropClass": "R", "pctLandVal": 0.11, "acreVal": 958907.56302521017, "SiteAddres": "5 OAK PARK LN NE", "credits": "HMST", "acres": 1.19, "permitNo": "BLD-19-28350", "permitType": "Dwelling", "permitDate": "5/6/2019", "permitYr": 2019, "nonmetro": 0 }, "geometry": { "type": "Point", "coordinates": [ -91.533268402380372, 41.716937922202817 ] } },
{ "type": "Feature", "properties": { "PPN": "0711452001", "TotalValue": 771700.0, "PropClass": "R", "pctLandVal": 0.3, "acreVal": 79148.717948717953, "SiteAddres": "2571 SUGAR BOTTOM RD NE", "credits": "HMST", "acres": 9.75, "permitNo": "BLD-21-30416", "permitType": "Dwelling", "permitDate": "10/13/2021", "permitYr": 2021, "nonmetro": 1 }, "geometry": { "type": "Point", "coordinates": [ -91.508485730278352, 41.744611789525131 ] } },
{ "type": "Feature", "properties": { "PPN": "1108201001", "TotalValue": 291300.0, "PropClass": "A, AD", "pctLandVal": 0.21, "acreVal": 7609.7178683385582, "SiteAddres": "3631 HALF MOON AVE SW", "credits": "HMST, AG", "acres": 38.28, "permitNo": "BLD-22-30916", "permitType": "Dwelling", "permitDate": "6/7/2022", "permitYr": 2022, "nonmetro": 1 }, "geometry": { "type": "Point", "coordinates": [ -91.688459300680975, 41.670662507080955 ] } },
{ "type": "Feature", "properties": { "PPN": "0706105002", "TotalValue": 475600.0, "PropClass": "R", "pctLandVal": 0.16, "acreVal": 1033913.0434782609, "SiteAddres": "3595 CREEK RD NE", "credits": "HMST", "acres": 0.46, "permitNo": "BLD-16924", "permitType": "Dwelling", "permitDate": "9/22/2011", "permitYr": 2011, "nonmetro": 1 }, "geometry": { "type": "Point", "coordinates": [ -91.581075650561999, 41.771262834014486 ] } },
{ "type": "Feature", "properties": { "PPN": "0310253001", "TotalValue": 563900.0, "PropClass": "R", "pctLandVal": 0.13, "acreVal": 375933.33333333331, "SiteAddres": "1288 JAMES AVE NE", "credits": "HMST, MIL", "acres": 1.5, "permitNo": "BLD-21-30126", "permitType": "Dwelling", "permitDate": "7/30/2021", "permitYr": 2021, "nonmetro": 0 }, "geometry": { "type": "Point", "coordinates": [ -91.655235101142296, 41.841267507503993 ] } },
{ "type": "Feature", "properties": { "PPN": "0307144001", "TotalValue": 354800.0, "PropClass": "R", "pctLandVal": 0.1, "acreVal": 1144516.1290322582, "SiteAddres": "150 ALAN AVE SW", "credits": "NONE", "acres": 0.31, "permitNo": "BLD-26123", "permitType": "Dwelling", "permitDate": "10/5/2015", "permitYr": 2015, "nonmetro": 1 }, "geometry": { "type": "Point", "coordinates": [ -91.702807825297029, 41.846255649462044 ] } },
{ "type": "Feature", "properties": { "PPN": "0307142001", "TotalValue": 282600.0, "PropClass": "R", "pctLandVal": 0.12, "acreVal": 588750.0, "SiteAddres": "331 AMY ST SW", "credits": "HMST", "acres": 0.48, "permitNo": "BLD-25475", "permitType": "Dwelling", "permitDate": "10/31/2014", "permitYr": 2014, "nonmetro": 1 }, "geometry": { "type": "Point", "coordinates": [ -91.703907442136327, 41.845870866135016 ] } },
{ "type": "Feature", "properties": { "PPN": "0307143001", "TotalValue": 226300.0, "PropClass": "R", "pctLandVal": 0.15, "acreVal": 491956.52173913043, "SiteAddres": "140 ALAN AVE SW", "credits": "HMST", "acres": 0.46, "permitNo": "BLD-26047", "permitType": "Dwelling", "permitDate": "8/31/2015", "permitYr": 2015, "nonmetro": 1 }, "geometry": { "type": "Point", "coordinates": [ -91.703223197693021, 41.84636652148609 ] } },
{ "type": "Feature", "properties": { "PPN": "0722376009", "TotalValue": 524800.0, "PropClass": "R", "pctLandVal": 0.22, "acreVal": 444745.76271186443, "SiteAddres": "4 OAK PARK LN NE", "credits": "HMST", "acres": 1.18, "permitNo": "BLD-18-27792", "permitType": "Dwelling", "permitDate": "5/23/2018", "permitYr": 2018, "nonmetro": 0 }, "geometry": { "type": "Point", "coordinates": [ -91.533846970455642, 41.716905564615551 ] } },
{ "type": "Feature", "properties": { "PPN": "0516356001", "TotalValue": 371400.0, "PropClass": "R", "pctLandVal": 0.16, "acreVal": 371400.0, "SiteAddres": "725 N AUGUSTA AVE", "credits": "HMST", "acres": 1.0, "permitNo": "BLD-18-27769", "permitType": "Dwelling", "permitDate": "5/9/2018", "permitYr": 2018, "nonmetro": 1 }, "geometry": { "type": "Point", "coordinates": [ -91.7910744613025, 41.731726404621206 ] } },
{ "type": "Feature", "properties": { "PPN": "0722354003", "TotalValue": 411200.0, "PropClass": "R", "pctLandVal": 0.27, "acreVal": 283586.20689655171, "SiteAddres": "4034 STEWART RD NE", "credits": "HMST", "acres": 1.45, "permitNo": "BLD-17927", "permitType": "Dwelling", "permitDate": "7/31/2013", "permitYr": 2013, "nonmetro": 0 }, "geometry": { "type": "Point", "coordinates": [ -91.538227567213255, 41.716857623031323 ] } },
{ "type": "Feature", "properties": { "PPN": "1124103005", "TotalValue": 104500.0, "PropClass": "R", "pctLandVal": 0.7, "acreVal": 79166.666666666657, "SiteAddres": "4021 MAIER AVE SW", "credits": "HMST", "acres": 1.32, "permitNo": "BLD-22-31452", "permitType": "Dwelling", "permitDate": "2/2/2023", "permitYr": 2023, "nonmetro": 1 }, "geometry": { "type": "Point", "coordinates": [ -91.600543992772486, 41.641126403774017 ] } },
{ "type": "Feature", "properties": { "PPN": "0511252002", "TotalValue": 509200.0, "PropClass": "R", "pctLandVal": 0.16, "acreVal": 141838.44011142061, "SiteAddres": "1823 250TH ST NW", "credits": "HMST", "acres": 3.59, "permitNo": "BLD-17275", "permitType": "Dwelling", "permitDate": "6/14/2012", "permitYr": 2012, "nonmetro": 1 }, "geometry": { "type": "Point", "coordinates": [ -91.752365522296557, 41.757029495457147 ] } },
{ "type": "Feature", "properties": { "PPN": "0423128001", "TotalValue": 528200.0, "PropClass": "R", "pctLandVal": 0.18, "acreVal": 153546.51162790702, "SiteAddres": "1940 PLOTZ RD NW", "credits": "HMST", "acres": 3.44, "permitNo": "BLD-25131", "permitType": "Dwelling", "permitDate": "6/4/2014", "permitYr": 2014, "nonmetro": 1 }, "geometry": { "type": "Point", "coordinates": [ -91.739899245580659, 41.815179583544165 ] } },
{ "type": "Feature", "properties": { "PPN": "0220253008", "TotalValue": 526300.0, "PropClass": "R", "pctLandVal": 0.12, "acreVal": 1315750.0, "SiteAddres": "188 WILDWOOD DR NE", "credits": "HMST", "acres": 0.4, "permitNo": "BLD-19-28542", "permitType": "Dwelling", "permitDate": "7/16/2019", "permitYr": 2019, "nonmetro": 1 }, "geometry": { "type": "Point", "coordinates": [ -91.575937651715634, 41.812747554385012 ] } },
{ "type": "Feature", "properties": { "PPN": "0226252011", "TotalValue": 1110800.0, "PropClass": "R", "pctLandVal": 0.13, "acreVal": 344968.94409937883, "SiteAddres": "1873 JORDAN CREEK RD NE", "credits": "HMST", "acres": 3.22, "permitNo": "BLD-25290", "permitType": "Dwelling", "permitDate": "8/6/2014", "permitYr": 2014, "nonmetro": 1 }, "geometry": { "type": "Point", "coordinates": [ -91.519208817296359, 41.795609591625649 ] } },
{ "type": "Feature", "properties": { "PPN": "0119127001", "TotalValue": 698300.0, "PropClass": "R", "pctLandVal": 0.11, "acreVal": 182801.04712041887, "SiteAddres": "4771 SUTLIFF RD NE", "credits": "HMST", "acres": 3.82, "permitNo": "BLD-19-28729", "permitType": "Dwelling", "permitDate": "10/21/2019", "permitYr": 2019, "nonmetro": 1 }, "geometry": { "type": "Point", "coordinates": [ -91.47003371795337, 41.816009935447795 ] } },
{ "type": "Feature", "properties": { "PPN": "0722376012", "TotalValue": 470200.0, "PropClass": "R", "pctLandVal": 0.23, "acreVal": 470200.0, "SiteAddres": "2 OAK PARK LN NE", "credits": "HMST", "acres": 1.0, "permitNo": "BLD-26577", "permitType": "Dwelling", "permitDate": "6/16/2016", "permitYr": 2016, "nonmetro": 0 }, "geometry": { "type": "Point", "coordinates": [ -91.535368774756208, 41.717416490147926 ] } },
{ "type": "Feature", "properties": { "PPN": "0316353002", "TotalValue": 616100.0, "PropClass": "R", "pctLandVal": 0.17, "acreVal": 517731.09243697481, "SiteAddres": "2636 HUNTER CT NW", "credits": "HMST", "acres": 1.19, "permitNo": "BLD-25538", "permitType": "Dwelling", "permitDate": "11/26/2014", "permitYr": 2014, "nonmetro": 1 }, "geometry": { "type": "Point", "coordinates": [ -91.673669847173727, 41.821940785344772 ] } },
{ "type": "Feature", "properties": { "PPN": "0316353001", "TotalValue": 572600.0, "PropClass": "R", "pctLandVal": 0.17, "acreVal": 171437.12574850299, "SiteAddres": "2640  HUNTER CT NW", "credits": "HMST", "acres": 3.34, "permitNo": "BLD-26567", "permitType": "Dwelling", "permitDate": "6/16/2016", "permitYr": 2016, "nonmetro": 1 }, "geometry": { "type": "Point", "coordinates": [ -91.672638910631605, 41.821823096662762 ] } },
{ "type": "Feature", "properties": { "PPN": "0316353005", "TotalValue": 588300.0, "PropClass": "R", "pctLandVal": 0.18, "acreVal": 389602.64900662249, "SiteAddres": "2623 HUNTER CT NW", "credits": "NONE", "acres": 1.51, "permitNo": "BLD-26805", "permitType": "Dwelling", "permitDate": "9/28/2016", "permitYr": 2016, "nonmetro": 1 }, "geometry": { "type": "Point", "coordinates": [ -91.675354772369815, 41.821366518380387 ] } },
{ "type": "Feature", "properties": { "PPN": "0316353003", "TotalValue": 647400.0, "PropClass": "R", "pctLandVal": 0.16, "acreVal": 622500.0, "SiteAddres": "2632 HUNTER CT NW", "credits": "HMST", "acres": 1.04, "permitNo": "BLD-25779", "permitType": "Dwelling", "permitDate": "5/29/2015", "permitYr": 2015, "nonmetro": 1 }, "geometry": { "type": "Point", "coordinates": [ -91.674407628139548, 41.822060875276286 ] } },
{ "type": "Feature", "properties": { "PPN": "0826402004", "TotalValue": 52100.0, "PropClass": "R", "pctLandVal": 1.0, "acreVal": 186071.42857142855, "SiteAddres": "3149 OASIS RD NE", "credits": "NONE", "acres": 0.28, "permitNo": "BLD-24-32711", "permitType": "Dwelling", "permitDate": "12/16/2024", "permitYr": 2024, "nonmetro": 1 }, "geometry": { "type": "Point", "coordinates": [ -91.385988837664101, 41.70402929545245 ] } },
{ "type": "Feature", "properties": { "PPN": "0316353004", "TotalValue": 545400.0, "PropClass": "R", "pctLandVal": 0.2, "acreVal": 308135.59322033898, "SiteAddres": "2628 HUNTER CT NW", "credits": "HMST", "acres": 1.77, "permitNo": "BLD-25874", "permitType": "Dwelling", "permitDate": "6/8/2015", "permitYr": 2015, "nonmetro": 1 }, "geometry": { "type": "Point", "coordinates": [ -91.675186561883038, 41.821943387135256 ] } },
{ "type": "Feature", "properties": { "PPN": "0717177002", "TotalValue": 1121100.0, "PropClass": "R", "pctLandVal": 0.29, "acreVal": 112447.34202607823, "SiteAddres": "2692 ZACKARY LN NE", "credits": "HMST", "acres": 9.97, "permitNo": "BLD-25643", "permitType": "Dwelling", "permitDate": "3/10/2015", "permitYr": 2015, "nonmetro": 1 }, "geometry": { "type": "Point", "coordinates": [ -91.563792364814702, 41.739604161359431 ] } },
{ "type": "Feature", "properties": { "PPN": "0521337004", "TotalValue": 307500.0, "PropClass": "R", "pctLandVal": 0.1, "acreVal": 1464285.7142857143, "SiteAddres": "212 SUMMIT ST", "credits": "HMST", "acres": 0.21, "permitNo": "BLD-18-28185", "permitType": "Dwelling", "permitDate": "11/15/2018", "permitYr": 2018, "nonmetro": 1 }, "geometry": { "type": "Point", "coordinates": [ -91.792911564083326, 41.721491633053944 ] } },
{ "type": "Feature", "properties": { "PPN": "0727230005", "TotalValue": 877300.0, "PropClass": "R", "pctLandVal": 0.29, "acreVal": 783303.57142857136, "SiteAddres": "3018 WOODLAND RIDGE DR NE", "credits": "HMST", "acres": 1.12, "permitNo": "BLD-17550", "permitType": "Dwelling", "permitDate": "10/23/2012", "permitYr": 2012, "nonmetro": 0 }, "geometry": { "type": "Point", "coordinates": [ -91.539348802865277, 41.713593731853329 ] } },
{ "type": "Feature", "properties": { "PPN": "0630479004", "TotalValue": 322900.0, "PropClass": "R", "pctLandVal": 0.35, "acreVal": 189941.17647058825, "SiteAddres": "3149 LINCOLNS LN NW", "credits": "NONE", "acres": 1.7, "permitNo": "BLD-24-32709", "permitType": "Dwelling", "permitDate": "8/22/2024", "permitYr": 2024, "nonmetro": 1 }, "geometry": { "type": "Point", "coordinates": [ -91.698549546006959, 41.705436431991565 ] } },
{ "type": "Feature", "properties": { "PPN": "0727230004", "TotalValue": 1380899.9999999998, "PropClass": "R", "pctLandVal": 0.18, "acreVal": 1232946.4285714284, "SiteAddres": "3014 WOODLAND RIDGE DR NE", "credits": "HMST", "acres": 1.12, "permitNo": "BLD-26063", "permitType": "Dwelling", "permitDate": "9/10/2015", "permitYr": 2015, "nonmetro": 0 }, "geometry": { "type": "Point", "coordinates": [ -91.5397340082108, 41.713940992373452 ] } },
{ "type": "Feature", "properties": { "PPN": "0727230006", "TotalValue": 1480400.0, "PropClass": "R", "pctLandVal": 0.19, "acreVal": 675981.73515981738, "SiteAddres": "3024 WOODLAND RIDGE DR NE", "credits": "HMST", "acres": 2.19, "permitNo": "BLD-25666", "permitType": "Dwelling", "permitDate": "4/8/2015", "permitYr": 2015, "nonmetro": 0 }, "geometry": { "type": "Point", "coordinates": [ -91.538586523672166, 41.712912900471736 ] } },
{ "type": "Feature", "properties": { "PPN": "0727230012", "TotalValue": 1065100.0, "PropClass": "R", "pctLandVal": 0.24, "acreVal": 934298.24561403517, "SiteAddres": "3013 WOODLAND RIDGE DR NE", "credits": "HMST", "acres": 1.14, "permitNo": "BLD-18-27656", "permitType": "Dwelling", "permitDate": "3/14/2018", "permitYr": 2018, "nonmetro": 0 }, "geometry": { "type": "Point", "coordinates": [ -91.54090796416088, 41.713444603609126 ] } },
{ "type": "Feature", "properties": { "PPN": "0727230013", "TotalValue": 1254700.0000000002, "PropClass": "R", "pctLandVal": 0.21, "acreVal": 883591.54929577466, "SiteAddres": "3009 WOODLAND RIDGE DR NE", "credits": "HMST", "acres": 1.42, "permitNo": "BLD-25941", "permitType": "Dwelling", "permitDate": "7/13/2015", "permitYr": 2015, "nonmetro": 0 }, "geometry": { "type": "Point", "coordinates": [ -91.541173612158772, 41.714092892089866 ] } },
{ "type": "Feature", "properties": { "PPN": "0727230001", "TotalValue": 1072500.0, "PropClass": "R", "pctLandVal": 0.24, "acreVal": 844488.18897637783, "SiteAddres": "3006 WOODLAND RIDGE DR NE", "credits": "NONE", "acres": 1.27, "permitNo": "BLD-25161", "permitType": "Dwelling", "permitDate": "5/28/2014", "permitYr": 2014, "nonmetro": 0 }, "geometry": { "type": "Point", "coordinates": [ -91.540722702397147, 41.714752426398199 ] } },
{ "type": "Feature", "properties": { "PPN": "0630479001", "TotalValue": 156000.0, "PropClass": "R", "pctLandVal": 0.71, "acreVal": 101960.78431372548, "SiteAddres": "3146 LINCOLNS LN NW", "credits": "NONE", "acres": 1.53, "permitNo": "BLD-24-32988", "permitType": "Dwelling", "permitDate": "12/4/2024", "permitYr": 2024, "nonmetro": 1 }, "geometry": { "type": "Point", "coordinates": [ -91.697092553224479, 41.705804637541277 ] } },
{ "type": "Feature", "properties": { "PPN": "0727230014", "TotalValue": 1392099.9999999998, "PropClass": "R", "pctLandVal": 0.18, "acreVal": 1325809.5238095238, "SiteAddres": "3010 WOODLAND RIDGE DR NE", "credits": "HMST", "acres": 1.05, "permitNo": "BLD-25162", "permitType": "Dwelling", "permitDate": "6/10/2014", "permitYr": 2014, "nonmetro": 0 }, "geometry": { "type": "Point", "coordinates": [ -91.540140598319951, 41.714294117246432 ] } },
{ "type": "Feature", "properties": { "PPN": "0306478004", "TotalValue": 242600.0, "PropClass": "R", "pctLandVal": 0.46, "acreVal": 449259.25925925921, "SiteAddres": "160 PLEASANT HILL DR NE", "credits": "NONE", "acres": 0.54, "permitNo": "BLD-24-32970", "permitType": "Dwelling", "permitDate": "10/24/2024", "permitYr": 2024, "nonmetro": 1 }, "geometry": { "type": "Point", "coordinates": [ -91.695575025644658, 41.849320231517559 ] } },
{ "type": "Feature", "properties": { "PPN": "0735379006", "TotalValue": 552900.0, "PropClass": "R", "pctLandVal": 0.15, "acreVal": 536796.11650485441, "SiteAddres": "1159 KYLE DR NE", "credits": "HMST", "acres": 1.03, "permitNo": "BLD-16223", "permitType": "Dwelling", "permitDate": "4/14/2010", "permitYr": 2010, "nonmetro": 0 }, "geometry": { "type": "Point", "coordinates": [ -91.516517048432831, 41.688172230624957 ] } },
{ "type": "Feature", "properties": { "PPN": "1405107005", "TotalValue": 331500.0, "PropClass": "R", "pctLandVal": 0.29, "acreVal": 120985.40145985402, "SiteAddres": "2581 HIGHWAY 1 SW", "credits": "HMST", "acres": 2.74, "permitNo": "BLD-26712", "permitType": "Dwelling", "permitDate": "8/23/2016", "permitYr": 2016, "nonmetro": 1 }, "geometry": { "type": "Point", "coordinates": [ -91.675322144670147, 41.598974481821351 ] } },
{ "type": "Feature", "properties": { "PPN": "0306479007", "TotalValue": 1300.0, "PropClass": "R", "pctLandVal": 1.0, "acreVal": 2407.4074074074074, "SiteAddres": "230 HOWARD AVE NW", "credits": "NONE", "acres": 0.54, "permitNo": "BLD-25-33157", "permitType": "Dwelling", "permitDate": "2/27/2025", "permitYr": 2025, "nonmetro": 1 }, "geometry": { "type": "Point", "coordinates": [ -91.697586343155521, 41.85000352860451 ] } },
{ "type": "Feature", "properties": { "PPN": "0322454001", "TotalValue": 243600.0, "PropClass": "R", "pctLandVal": 0.71, "acreVal": 140000.0, "SiteAddres": "1774 CURTIS BRIDGE RD NE", "credits": "NONE", "acres": 1.74, "permitNo": "BLD-24-32663", "permitType": "Dwelling", "permitDate": "10/1/2024", "permitYr": 2024, "nonmetro": 1 }, "geometry": { "type": "Point", "coordinates": [ -91.64413493791676, 41.806897470457791 ] } },
{ "type": "Feature", "properties": { "PPN": "0727230009", "TotalValue": 1282200.0, "PropClass": "R", "pctLandVal": 0.24, "acreVal": 379349.11242603557, "SiteAddres": "3025 WOODLAND RIDGE DR NE", "credits": "HMST", "acres": 3.38, "permitNo": "BLD-27060", "permitType": "Dwelling", "permitDate": "3/20/2017", "permitYr": 2017, "nonmetro": 0 }, "geometry": { "type": "Point", "coordinates": [ -91.539843998900992, 41.711906260540609 ] } },
{ "type": "Feature", "properties": { "PPN": "0226253001", "TotalValue": 726200.0, "PropClass": "R", "pctLandVal": 0.23, "acreVal": 172085.30805687205, "SiteAddres": "4287 BUFFALO CT NE", "credits": "NONE", "acres": 4.22, "permitNo": "BLD-16401", "permitType": "Dwelling", "permitDate": "8/19/2010", "permitYr": 2010, "nonmetro": 1 }, "geometry": { "type": "Point", "coordinates": [ -91.517114088472738, 41.796229048833247 ] } },
{ "type": "Feature", "properties": { "PPN": "0734426002", "TotalValue": 465400.0, "PropClass": "R", "pctLandVal": 0.29, "acreVal": 85082.266910420483, "SiteAddres": "878 LINDER RD NE", "credits": "NONE", "acres": 5.47, "permitNo": "BLD-26842", "permitType": "Dwelling", "permitDate": "10/19/2016", "permitYr": 2016, "nonmetro": 1 }, "geometry": { "type": "Point", "coordinates": [ -91.52712533551383, 41.690708209958331 ] } },
{ "type": "Feature", "properties": { "PPN": "0629356001", "TotalValue": 870100.0, "PropClass": "R", "pctLandVal": 0.08, "acreVal": 853039.21568627446, "SiteAddres": "3181 HALF MOON AVE NW", "credits": "NONE", "acres": 1.02, "permitNo": "BLD-26408", "permitType": "Dwelling", "permitDate": "4/12/2016", "permitYr": 2016, "nonmetro": 1 }, "geometry": { "type": "Point", "coordinates": [ -91.691480119057928, 41.704066809924853 ] } },
{ "type": "Feature", "properties": { "PPN": "0734408006", "TotalValue": 953700.0, "PropClass": "R", "pctLandVal": 0.12, "acreVal": 953700.0, "SiteAddres": "4196 PRAIRIE MEADOW CT NE", "credits": "HMST", "acres": 1.0, "permitNo": "BLD-20-29646", "permitType": "Dwelling", "permitDate": "12/11/2020", "permitYr": 2020, "nonmetro": 0 }, "geometry": { "type": "Point", "coordinates": [ -91.52212902310032, 41.690781388060223 ] } },
{ "type": "Feature", "properties": { "PPN": "0203226003", "TotalValue": 483900.0, "PropClass": "R", "pctLandVal": 0.21, "acreVal": 96780.0, "SiteAddres": "4007 SEVEN SISTERS RD NE", "credits": "HMST", "acres": 5.0, "permitNo": "BLD-23-31620", "permitType": "Dwelling", "permitDate": "3/30/2023", "permitYr": 2023, "nonmetro": 1 }, "geometry": { "type": "Point", "coordinates": [ -91.539230010486236, 41.85968081983652 ] } },
{ "type": "Feature", "properties": { "PPN": "0632378001", "TotalValue": 335600.0, "PropClass": "R", "pctLandVal": 0.26, "acreVal": 70356.394129979046, "SiteAddres": "3376 HALF MOON AVE SW", "credits": "HMST", "acres": 4.77, "permitNo": "BLD-20-29346", "permitType": "Dwelling", "permitDate": "9/28/2020", "permitYr": 2020, "nonmetro": 1 }, "geometry": { "type": "Point", "coordinates": [ -91.689259933403804, 41.689151055883514 ] } },
{ "type": "Feature", "properties": { "PPN": "0306478005", "TotalValue": 170700.0, "PropClass": "R", "pctLandVal": 0.66, "acreVal": 196206.89655172414, "SiteAddres": "150 PLEASANT HILL DR NE", "credits": "NONE", "acres": 0.87, "permitNo": "BLD-24-32961", "permitType": "Dwelling", "permitDate": "10/21/2024", "permitYr": 2024, "nonmetro": 1 }, "geometry": { "type": "Point", "coordinates": [ -91.695643971997228, 41.848911818175644 ] } },
{ "type": "Feature", "properties": { "PPN": "0229401027", "TotalValue": 1325500.0000000002, "PropClass": "R", "pctLandVal": 0.58, "acreVal": 3155952.3809523811, "SiteAddres": "3770 COTTAGE RESERVE RD NE", "credits": "NONE", "acres": 0.42, "permitNo": "BLD-16537", "permitType": "Dwelling", "permitDate": "12/3/2010", "permitYr": 2010, "nonmetro": 1 }, "geometry": { "type": "Point", "coordinates": [ -91.563731960331239, 41.79407321792619 ] } },
{ "type": "Feature", "properties": { "PPN": "0716302003", "TotalValue": 797400.0, "PropClass": "R", "pctLandVal": 0.12, "acreVal": 972439.02439024393, "SiteAddres": "3855 LOCUST RIDGE RD NE", "credits": "HMST", "acres": 0.82, "permitNo": "BLD-25138", "permitType": "Dwelling", "permitDate": "5/19/2014", "permitYr": 2014, "nonmetro": 1 }, "geometry": { "type": "Point", "coordinates": [ -91.555373215807791, 41.735354172017495 ] } },
{ "type": "Feature", "properties": { "PPN": "1518452001", "TotalValue": 492900.0, "PropClass": "R", "pctLandVal": 0.21, "acreVal": 123533.83458646615, "SiteAddres": "3539 BAYERTOWN RD SW", "credits": "HMST", "acres": 3.99, "permitNo": "BLD-26008", "permitType": "Dwelling", "permitDate": "8/18/2015", "permitYr": 2015, "nonmetro": 1 }, "geometry": { "type": "Point", "coordinates": [ -91.585376791002034, 41.55650301128685 ] } },
{ "type": "Feature", "properties": { "PPN": "0735379003", "TotalValue": 525800.0, "PropClass": "R", "pctLandVal": 0.16, "acreVal": 525800.0, "SiteAddres": "1171 KYLE DR NE", "credits": "HMST", "acres": 1.0, "permitNo": "BLD-16703", "permitType": "Dwelling", "permitDate": "5/11/2011", "permitYr": 2011, "nonmetro": 0 }, "geometry": { "type": "Point", "coordinates": [ -91.514858997959607, 41.688054900329362 ] } },
{ "type": "Feature", "properties": { "PPN": "0217226002", "TotalValue": 665000.0, "PropClass": "R", "pctLandVal": 0.14, "acreVal": 212460.06389776358, "SiteAddres": "3625 140TH ST NE", "credits": "HMST", "acres": 3.13, "permitNo": "BLD-22-30750", "permitType": "Dwelling", "permitDate": "5/6/2022", "permitYr": 2022, "nonmetro": 1 }, "geometry": { "type": "Point", "coordinates": [ -91.577029556515939, 41.831858566530407 ] } },
{ "type": "Feature", "properties": { "PPN": "1126303003", "TotalValue": 316100.0, "PropClass": "A, AD", "pctLandVal": 0.01, "acreVal": 215034.01360544219, "SiteAddres": "3081 HIGHWAY 1 SW", "credits": "HMST, AG", "acres": 1.47, "permitNo": "BLD-19-28465", "permitType": "Dwelling", "permitDate": "9/16/2019", "permitYr": 2019, "nonmetro": 1 }, "geometry": { "type": "Point", "coordinates": [ -91.631557970974868, 41.618494573947693 ] } },
{ "type": "Feature", "properties": { "PPN": "0930253002", "TotalValue": 584500.0, "PropClass": "R", "pctLandVal": 0.16, "acreVal": 204370.62937062938, "SiteAddres": "4300 SIOUX AVE SE", "credits": "HMST", "acres": 2.86, "permitNo": "BLD-16781", "permitType": "Dwelling", "permitDate": "7/20/2011", "permitYr": 2011, "nonmetro": 1 }, "geometry": { "type": "Point", "coordinates": [ -91.481630368574514, 41.620937720912529 ] } },
{ "type": "Feature", "properties": { "PPN": "1602477001", "TotalValue": 499200.0, "PropClass": "A, AD", "pctLandVal": 0.03, "acreVal": 101463.41463414635, "SiteAddres": "5552 480TH ST SE", "credits": "AG", "acres": 4.92, "permitNo": "BLD-21-30181", "permitType": "Dwelling", "permitDate": "8/30/2021", "permitYr": 2021, "nonmetro": 1 }, "geometry": { "type": "Point", "coordinates": [ -91.390601096234434, 41.585249268216344 ] } },
{ "type": "Feature", "properties": { "PPN": "0921201015", "TotalValue": 608700.0, "PropClass": "R", "pctLandVal": 0.2, "acreVal": 334450.54945054941, "SiteAddres": "2524 AARON DR SE", "credits": "HMST", "acres": 1.82, "permitNo": "BLD-26482", "permitType": "Dwelling", "permitDate": "5/4/2016", "permitYr": 2016, "nonmetro": 1 }, "geometry": { "type": "Point", "coordinates": [ -91.436722076197753, 41.640103897225941 ] } },
{ "type": "Feature", "properties": { "PPN": "0229427016", "TotalValue": 1374499.9999999998, "PropClass": "R", "pctLandVal": 0.35, "acreVal": 8085294.1176470583, "SiteAddres": "3732 JAMES LN NE", "credits": "NONE", "acres": 0.17, "permitNo": "BLD-18-27624", "permitType": "Dwelling", "permitDate": "7/26/2018", "permitYr": 2018, "nonmetro": 1 }, "geometry": { "type": "Point", "coordinates": [ -91.56783353569115, 41.794179106288148 ] } },
{ "type": "Feature", "properties": { "PPN": "0721382002", "TotalValue": 731600.0, "PropClass": "R", "pctLandVal": 0.22, "acreVal": 475064.93506493507, "SiteAddres": "2989 DUBUQUE ST NE", "credits": "HMST", "acres": 1.54, "permitNo": "BLD-16563", "permitType": "Dwelling", "permitDate": "1/4/2011", "permitYr": 2011, "nonmetro": 0 }, "geometry": { "type": "Point", "coordinates": [ -91.552715774561662, 41.716099992320103 ] } },
{ "type": "Feature", "properties": { "PPN": "0704103002", "TotalValue": 572500.0, "PropClass": "R", "pctLandVal": 0.17, "acreVal": 369354.83870967739, "SiteAddres": "2241 SUGAR BOTTOM RD NE", "credits": "HMST", "acres": 1.55, "permitNo": "BLD-25973", "permitType": "Dwelling", "permitDate": "7/29/2015", "permitYr": 2015, "nonmetro": 1 }, "geometry": { "type": "Point", "coordinates": [ -91.542997996469552, 41.77043899484849 ] } },
{ "type": "Feature", "properties": { "PPN": "1036178001", "TotalValue": 463300.0, "PropClass": "R", "pctLandVal": 0.12, "acreVal": 263238.63636363635, "SiteAddres": "4477 SIOUX AVE SE", "credits": "HMST", "acres": 1.76, "permitNo": "BLD-21-30351", "permitType": "Dwelling", "permitDate": "11/8/2021", "permitYr": 2021, "nonmetro": 1 }, "geometry": { "type": "Point", "coordinates": [ -91.483495672084999, 41.606736234317246 ] } },
{ "type": "Feature", "properties": { "PPN": "0708452004", "TotalValue": 1167800.0, "PropClass": "R", "pctLandVal": 0.16, "acreVal": 540648.14814814809, "SiteAddres": "3713 MAPLE CIR NE", "credits": "NONE", "acres": 2.16, "permitNo": "BLD-26862", "permitType": "Dwelling", "permitDate": "11/7/2016", "permitYr": 2016, "nonmetro": 1 }, "geometry": { "type": "Point", "coordinates": [ -91.570641090273767, 41.747272893682187 ] } },
{ "type": "Feature", "properties": { "PPN": "1328153001", "TotalValue": 407200.0, "PropClass": "R", "pctLandVal": 0.12, "acreVal": 607761.19402985065, "SiteAddres": "1495 HEIM STRASZE SW", "credits": "HMST", "acres": 0.67, "permitNo": "BLD-18-28133", "permitType": "Dwelling", "permitDate": "10/26/2018", "permitYr": 2018, "nonmetro": 1 }, "geometry": { "type": "Point", "coordinates": [ -91.78056490669303, 41.536397906362389 ] } },
{ "type": "Feature", "properties": { "PPN": "0809358001", "TotalValue": 313700.0, "PropClass": "R", "pctLandVal": 0.34, "acreVal": 74868.735083532199, "SiteAddres": "5023 MORSE RD NE", "credits": "HMST", "acres": 4.19, "permitNo": "BLD-25001", "permitType": "Dwelling", "permitDate": "1/21/2014", "permitYr": 2014, "nonmetro": 1 }, "geometry": { "type": "Point", "coordinates": [ -91.441564712282272, 41.744734580787437 ] } },
{ "type": "Feature", "properties": { "PPN": "0316353006", "TotalValue": 635900.0, "PropClass": "R", "pctLandVal": 0.17, "acreVal": 343729.7297297297, "SiteAddres": "2627 HUNTER CT NW", "credits": "NONE", "acres": 1.85, "permitNo": "BLD-25076", "permitType": "Dwelling", "permitDate": "4/25/2014", "permitYr": 2014, "nonmetro": 1 }, "geometry": { "type": "Point", "coordinates": [ -91.675267281264965, 41.820783638628967 ] } },
{ "type": "Feature", "properties": { "PPN": "0508453007", "TotalValue": 74300.0, "PropClass": "R", "pctLandVal": 1.0, "acreVal": 40162.162162162167, "SiteAddres": "1308 UPPER OLD HIGHWAY 6 RD NW", "credits": "NONE", "acres": 1.85, "permitNo": "BLD-25-33205", "permitType": "Dwelling", "permitDate": "3/24/2025", "permitYr": 2025, "nonmetro": 1 }, "geometry": { "type": "Point", "coordinates": [ -91.802555190964881, 41.746409157088976 ] } },
{ "type": "Feature", "properties": { "PPN": "0316353007", "TotalValue": 675300.0, "PropClass": "R", "pctLandVal": 0.16, "acreVal": 355421.05263157899, "SiteAddres": "1577 COURTNEY LN NW", "credits": "NONE", "acres": 1.9, "permitNo": "BLD-25739", "permitType": "Dwelling", "permitDate": "4/22/2015", "permitYr": 2015, "nonmetro": 1 }, "geometry": { "type": "Point", "coordinates": [ -91.674649921289557, 41.820387127538254 ] } },
{ "type": "Feature", "properties": { "PPN": "1313230016", "TotalValue": 468200.0, "PropClass": "R", "pctLandVal": 0.16, "acreVal": 463564.35643564363, "SiteAddres": "2015 REDTOP CT SW", "credits": "NONE", "acres": 1.01, "permitNo": "BLD-23-31936", "permitType": "Dwelling", "permitDate": "7/18/2023", "permitYr": 2023, "nonmetro": 1 }, "geometry": { "type": "Point", "coordinates": [ -91.731167351988219, 41.567100335378981 ] } },
{ "type": "Feature", "properties": { "PPN": "0307352004", "TotalValue": 505100.0, "PropClass": "R", "pctLandVal": 0.16, "acreVal": 348344.8275862069, "SiteAddres": "2246 CLAY STUDIO CT NW", "credits": "NONE", "acres": 1.45, "permitNo": "BLD-20-29164", "permitType": "Dwelling", "permitDate": "6/10/2020", "permitYr": 2020, "nonmetro": 1 }, "geometry": { "type": "Point", "coordinates": [ -91.710388564304253, 41.834274081238057 ] } },
{ "type": "Feature", "properties": { "PPN": "0307191011", "TotalValue": 54400.0, "PropClass": "R", "pctLandVal": 1.0, "acreVal": 92203.389830508473, "SiteAddres": null, "credits": "NONE", "acres": 0.59, "permitNo": "BLD-25-33315", "permitType": "Dwelling", "permitDate": "5/2/2025", "permitYr": 2025, "nonmetro": 1 }, "geometry": { "type": "Point", "coordinates": [ -91.697044535220854, 41.840997708522963 ] } },
{ "type": "Feature", "properties": { "PPN": "0229404011", "TotalValue": 1297000.0, "PropClass": "R", "pctLandVal": 0.43, "acreVal": 5404166.666666667, "SiteAddres": "3777 COTTAGE RESERVE RD NE", "credits": "NONE", "acres": 0.24, "permitNo": "BLD-21-29735", "permitType": "Dwelling", "permitDate": "3/30/2021", "permitYr": 2021, "nonmetro": 1 }, "geometry": { "type": "Point", "coordinates": [ -91.562362737894631, 41.79351535086473 ] } },
{ "type": "Feature", "properties": { "PPN": "0316354001", "TotalValue": 679600.0, "PropClass": "R", "pctLandVal": 0.15, "acreVal": 566333.33333333337, "SiteAddres": "2639 HUNTER CT NW", "credits": "HMST", "acres": 1.2, "permitNo": "BLD-25417", "permitType": "Dwelling", "permitDate": "10/3/2014", "permitYr": 2014, "nonmetro": 1 }, "geometry": { "type": "Point", "coordinates": [ -91.673093488723993, 41.820912679576985 ] } },
{ "type": "Feature", "properties": { "PPN": "0327131003", "TotalValue": 527100.0, "PropClass": "R", "pctLandVal": 0.15, "acreVal": 1550294.1176470588, "SiteAddres": "2913 WYATT DR NE", "credits": "HMST", "acres": 0.34, "permitNo": "BLD-16840", "permitType": "Dwelling", "permitDate": "8/17/2011", "permitYr": 2011, "nonmetro": 1 }, "geometry": { "type": "Point", "coordinates": [ -91.64360345939464, 41.800679617830468 ] } },
{ "type": "Feature", "properties": { "PPN": "0716303013", "TotalValue": 523700.0, "PropClass": "R", "pctLandVal": 0.33, "acreVal": 2276956.5217391304, "SiteAddres": "3883 LOCUST RIDGE RD NE", "credits": "NONE", "acres": 0.23, "permitNo": "BLD-25-33203", "permitType": "Dwelling", "permitDate": "4/14/2025", "permitYr": 2025, "nonmetro": 1 }, "geometry": { "type": "Point", "coordinates": [ -91.552665256356946, 41.735219522284019 ] } },
{ "type": "Feature", "properties": { "PPN": "1303253001", "TotalValue": 609500.0, "PropClass": "R", "pctLandVal": 0.18, "acreVal": 86947.21825962911, "SiteAddres": "4697 DERBY AVE SW", "credits": "HMST, MIL", "acres": 7.01, "permitNo": "BLD-26480", "permitType": "Dwelling", "permitDate": "5/28/2016", "permitYr": 2016, "nonmetro": 1 }, "geometry": { "type": "Point", "coordinates": [ -91.765723010538807, 41.59193211474782 ] } },
{ "type": "Feature", "properties": { "PPN": "0316354002", "TotalValue": 739900.0, "PropClass": "R", "pctLandVal": 0.14, "acreVal": 493266.66666666669, "SiteAddres": "1570 COURTNEY LN NW", "credits": "HMST", "acres": 1.5, "permitNo": "BLD-25756", "permitType": "Dwelling", "permitDate": "5/6/2015", "permitYr": 2015, "nonmetro": 1 }, "geometry": { "type": "Point", "coordinates": [ -91.673652159276813, 41.82050154933124 ] } },
{ "type": "Feature", "properties": { "PPN": "0727230010", "TotalValue": 2186700.0, "PropClass": "R", "pctLandVal": 0.17, "acreVal": 396860.25408348459, "SiteAddres": "3021 WOODLAND RIDGE DR NE", "credits": "NONE", "acres": 5.51, "permitNo": "BLD-19-28568", "permitType": "Dwelling", "permitDate": "8/15/2019", "permitYr": 2019, "nonmetro": 0 }, "geometry": { "type": "Point", "coordinates": [ -91.540700896617892, 41.711948497627368 ] } },
{ "type": "Feature", "properties": { "PPN": "0327131002", "TotalValue": 453900.0, "PropClass": "R", "pctLandVal": 0.18, "acreVal": 1335000.0, "SiteAddres": "2917 WYATT DR NE", "credits": "HMST, MIL", "acres": 0.34, "permitNo": "BLD-17771", "permitType": "Dwelling", "permitDate": "4/12/2013", "permitYr": 2013, "nonmetro": 1 }, "geometry": { "type": "Point", "coordinates": [ -91.643237350442959, 41.800695807995289 ] } },
{ "type": "Feature", "properties": { "PPN": "0727230011", "TotalValue": 1317500.0000000002, "PropClass": "R", "pctLandVal": 0.2, "acreVal": 872516.55629139068, "SiteAddres": "3017 WOODLAND RIDGE DR NE", "credits": "HMST", "acres": 1.51, "permitNo": "BLD-25085", "permitType": "Dwelling", "permitDate": "5/28/2014", "permitYr": 2014, "nonmetro": 0 }, "geometry": { "type": "Point", "coordinates": [ -91.540727892601723, 41.713036685392154 ] } },
{ "type": "Feature", "properties": { "PPN": "0310252009", "TotalValue": 561700.0, "PropClass": "R", "pctLandVal": 0.14, "acreVal": 272669.90291262133, "SiteAddres": "1279 HILLVIEW CT NE", "credits": "NONE", "acres": 2.06, "permitNo": "BLD-16305", "permitType": "Dwelling", "permitDate": "6/14/2010", "permitYr": 2010, "nonmetro": 0 }, "geometry": { "type": "Point", "coordinates": [ -91.653813253970981, 41.841821782772968 ] } },
{ "type": "Feature", "properties": { "PPN": "0327153011", "TotalValue": 468200.0, "PropClass": "R", "pctLandVal": 0.17, "acreVal": 1377058.8235294116, "SiteAddres": "1835 WENROSE DR NE", "credits": "HMST", "acres": 0.34, "permitNo": "BLD-26750", "permitType": "Dwelling", "permitDate": "9/1/2016", "permitYr": 2016, "nonmetro": 1 }, "geometry": { "type": "Point", "coordinates": [ -91.644673054716321, 41.800496932614514 ] } },
{ "type": "Feature", "properties": { "PPN": "0727230007", "TotalValue": 1649699.9999999998, "PropClass": "R", "pctLandVal": 0.18, "acreVal": 522056.96202531643, "SiteAddres": "3028 WOODLAND RIDGE DR NE", "credits": "HMST", "acres": 3.16, "permitNo": "BLD-24865", "permitType": "Dwelling", "permitDate": "10/24/2013", "permitYr": 2013, "nonmetro": 0 }, "geometry": { "type": "Point", "coordinates": [ -91.538766913467441, 41.712111011235187 ] } },
{ "type": "Feature", "properties": { "PPN": "0327129011", "TotalValue": 453800.0, "PropClass": "R", "pctLandVal": 0.18, "acreVal": 1296571.4285714286, "SiteAddres": "1827 WENROSE DR NE", "credits": "HMST", "acres": 0.35, "permitNo": "BLD-17747", "permitType": "Dwelling", "permitDate": "4/2/2013", "permitYr": 2013, "nonmetro": 1 }, "geometry": { "type": "Point", "coordinates": [ -91.64472100268722, 41.801047129427829 ] } },
{ "type": "Feature", "properties": { "PPN": "0229401007", "TotalValue": 1733699.9999999998, "PropClass": "R", "pctLandVal": 0.57, "acreVal": 2751904.7619047612, "SiteAddres": "3790 COTTAGE RESERVE RD NE", "credits": "HMST", "acres": 0.63, "permitNo": "BLD-17753", "permitType": "Dwelling", "permitDate": "4/8/2013", "permitYr": 2013, "nonmetro": 1 }, "geometry": { "type": "Point", "coordinates": [ -91.561568412152511, 41.79427641377071 ] } },
{ "type": "Feature", "properties": { "PPN": "0327131001", "TotalValue": 495300.0, "PropClass": "R", "pctLandVal": 0.18, "acreVal": 1270000.0, "SiteAddres": "2923 WYATT DR NE", "credits": "HMST", "acres": 0.39, "permitNo": "BLD-17543", "permitType": "Dwelling", "permitDate": "10/31/2012", "permitYr": 2012, "nonmetro": 1 }, "geometry": { "type": "Point", "coordinates": [ -91.642849597692816, 41.800712943688829 ] } },
{ "type": "Feature", "properties": { "PPN": "0327129012", "TotalValue": 419500.0, "PropClass": "R", "pctLandVal": 0.19, "acreVal": 1233823.5294117646, "SiteAddres": "1831 WENROSE DR NE", "credits": "HMST", "acres": 0.34, "permitNo": "BLD-17815", "permitType": "Dwelling", "permitDate": "5/21/2013", "permitYr": 2013, "nonmetro": 1 }, "geometry": { "type": "Point", "coordinates": [ -91.644696161680343, 41.800770809840358 ] } },
{ "type": "Feature", "properties": { "PPN": "0306479010", "TotalValue": 1400.0, "PropClass": "R", "pctLandVal": 1.0, "acreVal": 2499.9999999999995, "SiteAddres": "260 HOWARD AVE NW", "credits": "NONE", "acres": 0.56, "permitNo": "BLD-24-33054", "permitType": "Dwelling", "permitDate": "12/3/2024", "permitYr": 2024, "nonmetro": 1 }, "geometry": { "type": "Point", "coordinates": [ -91.698527468463283, 41.850623179664176 ] } },
{ "type": "Feature", "properties": { "PPN": "0327130008", "TotalValue": 486900.0, "PropClass": "R", "pctLandVal": 0.16, "acreVal": 1391142.8571428573, "SiteAddres": "1828 WENROSE DR NE", "credits": "HMST", "acres": 0.35, "permitNo": "BLD-17120", "permitType": "Dwelling", "permitDate": "3/19/2012", "permitYr": 2012, "nonmetro": 1 }, "geometry": { "type": "Point", "coordinates": [ -91.644001828103981, 41.801529931645476 ] } },
{ "type": "Feature", "properties": { "PPN": "0327129009", "TotalValue": 390000.0, "PropClass": "R", "pctLandVal": 0.21, "acreVal": 1147058.8235294116, "SiteAddres": "1823 WENROSE DR NE", "credits": "HMST", "acres": 0.34, "permitNo": "BLD-25745", "permitType": "Dwelling", "permitDate": "4/24/2015", "permitYr": 2015, "nonmetro": 1 }, "geometry": { "type": "Point", "coordinates": [ -91.644730770918059, 41.801603549914908 ] } },
{ "type": "Feature", "properties": { "PPN": "0516177001", "TotalValue": 1214300.0000000002, "PropClass": "R", "pctLandVal": 0.13, "acreVal": 25991.010273972603, "SiteAddres": "1560 UPPER OLD HIGHWAY 6 RD NW", "credits": "HMST", "acres": 46.72, "permitNo": "BLD-22-30967", "permitType": "Dwelling", "permitDate": "7/5/2022", "permitYr": 2022, "nonmetro": 1 }, "geometry": { "type": "Point", "coordinates": [ -91.777748617217625, 41.740680819190871 ] } },
{ "type": "Feature", "properties": { "PPN": "0306478003", "TotalValue": 1000.0, "PropClass": "R", "pctLandVal": 1.0, "acreVal": 2439.0243902439024, "SiteAddres": "170 PLEASANT HILL DR NW", "credits": "NONE", "acres": 0.41, "permitNo": "BLD-25-33302", "permitType": "Dwelling", "permitDate": "4/25/2025", "permitYr": 2025, "nonmetro": 1 }, "geometry": { "type": "Point", "coordinates": [ -91.695557866504743, 41.849662781521346 ] } },
{ "type": "Feature", "properties": { "PPN": "0327130010", "TotalValue": 610700.0, "PropClass": "R", "pctLandVal": 0.16, "acreVal": 1526750.0, "SiteAddres": "2912 WYATT DR NE", "credits": "HMST, MIL", "acres": 0.4, "permitNo": "BLD-17841", "permitType": "Dwelling", "permitDate": "6/4/2013", "permitYr": 2013, "nonmetro": 1 }, "geometry": { "type": "Point", "coordinates": [ -91.643837062917555, 41.801205362826295 ] } },
{ "type": "Feature", "properties": { "PPN": "0327129010", "TotalValue": 462300.0, "PropClass": "R", "pctLandVal": 0.17, "acreVal": 1320857.142857143, "SiteAddres": "1825 WENROSE DR NE", "credits": "NONE", "acres": 0.35, "permitNo": "BLD-17840", "permitType": "Dwelling", "permitDate": "6/3/2013", "permitYr": 2013, "nonmetro": 1 }, "geometry": { "type": "Point", "coordinates": [ -91.644733030355539, 41.801326123656523 ] } },
{ "type": "Feature", "properties": { "PPN": "0101327002", "TotalValue": 656900.0, "PropClass": "R", "pctLandVal": 0.16, "acreVal": 61335.200746965449, "SiteAddres": "1112 SUTLIFF RD NE", "credits": "HMST", "acres": 10.71, "permitNo": "BLD-19-28470", "permitType": "Dwelling", "permitDate": "6/19/2019", "permitYr": 2019, "nonmetro": 1 }, "geometry": { "type": "Point", "coordinates": [ -91.383268619385376, 41.852407098934023 ] } },
{ "type": "Feature", "properties": { "PPN": "0511352001", "TotalValue": 529600.0, "PropClass": "R", "pctLandVal": 0.22, "acreVal": 54262.295081967211, "SiteAddres": "2574 EAGLE AVE NW", "credits": "HMST", "acres": 9.76, "permitNo": "BLD-18-28070", "permitType": "Dwelling", "permitDate": "10/2/2018", "permitYr": 2018, "nonmetro": 1 }, "geometry": { "type": "Point", "coordinates": [ -91.75296063187659, 41.748403456639288 ] } },
{ "type": "Feature", "properties": { "PPN": "0614477007", "TotalValue": 435000.0, "PropClass": "R", "pctLandVal": 0.16, "acreVal": 162313.43283582089, "SiteAddres": "3129 W HAUER DR NE", "credits": "HMST, MIL", "acres": 2.68, "permitNo": "BLD-23-31583", "permitType": "Dwelling", "permitDate": "3/13/2023", "permitYr": 2023, "nonmetro": 0 }, "geometry": { "type": "Point", "coordinates": [ -91.621086433839181, 41.73128773534296 ] } },
{ "type": "Feature", "properties": { "PPN": "0327129007", "TotalValue": 522300.0, "PropClass": "R", "pctLandVal": 0.15, "acreVal": 1536176.4705882352, "SiteAddres": "1819 WENROSE DR NE", "credits": "HMST", "acres": 0.34, "permitNo": "BLD-25660", "permitType": "Dwelling", "permitDate": "3/31/2015", "permitYr": 2015, "nonmetro": 1 }, "geometry": { "type": "Point", "coordinates": [ -91.644728106821916, 41.802152391403602 ] } },
{ "type": "Feature", "properties": { "PPN": "0229401008", "TotalValue": 1325900.0000000002, "PropClass": "R", "pctLandVal": 0.54, "acreVal": 3489210.5263157892, "SiteAddres": "3786 COTTAGE RESERVE RD NE", "credits": "HMST", "acres": 0.38, "permitNo": "BLD-23-32022", "permitType": "Dwelling", "permitDate": "9/14/2023", "permitYr": 2023, "nonmetro": 1 }, "geometry": { "type": "Point", "coordinates": [ -91.561934424501175, 41.794229908815403 ] } },
{ "type": "Feature", "properties": { "PPN": "0327129008", "TotalValue": 453100.0, "PropClass": "R", "pctLandVal": 0.18, "acreVal": 1332647.0588235294, "SiteAddres": "1821 WENROSE DR NE", "credits": "NONE", "acres": 0.34, "permitNo": "BLD-25796", "permitType": "Dwelling", "permitDate": "5/14/2015", "permitYr": 2015, "nonmetro": 1 }, "geometry": { "type": "Point", "coordinates": [ -91.644729439093098, 41.801877970684487 ] } },
{ "type": "Feature", "properties": { "PPN": "0510476001", "TotalValue": 621200.0, "PropClass": "R", "pctLandVal": 0.18, "acreVal": 69407.821229050285, "SiteAddres": "2573 EAGLE AVE NW", "credits": "NONE", "acres": 8.95, "permitNo": "BLD-24861", "permitType": "Dwelling", "permitDate": "10/31/2013", "permitYr": 2013, "nonmetro": 1 }, "geometry": { "type": "Point", "coordinates": [ -91.755144780577311, 41.747946822981596 ] } },
{ "type": "Feature", "properties": { "PPN": "0327129006", "TotalValue": 513900.0, "PropClass": "R", "pctLandVal": 0.16, "acreVal": 1427500.0000000002, "SiteAddres": "1817 WENROSE DR NE", "credits": "HMST", "acres": 0.36, "permitNo": "BLD-17485", "permitType": "Dwelling", "permitDate": "9/27/2012", "permitYr": 2012, "nonmetro": 1 }, "geometry": { "type": "Point", "coordinates": [ -91.644746805829143, 41.802425653342134 ] } },
{ "type": "Feature", "properties": { "PPN": "0216477007", "TotalValue": 740900.0, "PropClass": "R", "pctLandVal": 0.16, "acreVal": 478000.0, "SiteAddres": "3967 MACBRIDE PL NE", "credits": "HMST", "acres": 1.55, "permitNo": "BLD-17734", "permitType": "Dwelling", "permitDate": "4/5/2013", "permitYr": 2013, "nonmetro": 1 }, "geometry": { "type": "Point", "coordinates": [ -91.541709354698014, 41.818591930540578 ] } },
{ "type": "Feature", "properties": { "PPN": "0327130001", "TotalValue": 514100.0, "PropClass": "R", "pctLandVal": 0.19, "acreVal": 1224047.6190476194, "SiteAddres": "2919 TWINMILL DR NE", "credits": "HMST", "acres": 0.42, "permitNo": "BLD-17541", "permitType": "Dwelling", "permitDate": "10/18/2012", "permitYr": 2012, "nonmetro": 1 }, "geometry": { "type": "Point", "coordinates": [ -91.643023962478992, 41.802582116027743 ] } },
{ "type": "Feature", "properties": { "PPN": "0216477012", "TotalValue": 623500.0, "PropClass": "R", "pctLandVal": 0.2, "acreVal": 360404.62427745666, "SiteAddres": "3971 MACBRIDE PL NE", "credits": "NONE", "acres": 1.73, "permitNo": "BLD-17412", "permitType": "Dwelling", "permitDate": "8/31/2012", "permitYr": 2012, "nonmetro": 1 }, "geometry": { "type": "Point", "coordinates": [ -91.541133529794578, 41.818994546854547 ] } },
{ "type": "Feature", "properties": { "PPN": "0216477011", "TotalValue": 711200.0, "PropClass": "R", "pctLandVal": 0.16, "acreVal": 683846.15384615399, "SiteAddres": "3955 MACBRIDE PL NE", "credits": "NONE", "acres": 1.04, "permitNo": "BLD-16856", "permitType": "Dwelling", "permitDate": "8/22/2011", "permitYr": 2011, "nonmetro": 1 }, "geometry": { "type": "Point", "coordinates": [ -91.543962665055219, 41.817953891563249 ] } },
{ "type": "Feature", "properties": { "PPN": "0216477008", "TotalValue": 1053600.0, "PropClass": "R", "pctLandVal": 0.13, "acreVal": 331320.75471698114, "SiteAddres": "1598 SPARTAN CIR NE", "credits": "HMST", "acres": 3.18, "permitNo": "BLD-16415", "permitType": "Dwelling", "permitDate": "9/2/2010", "permitYr": 2010, "nonmetro": 1 }, "geometry": { "type": "Point", "coordinates": [ -91.541077852553869, 41.818021107056794 ] } },
{ "type": "Feature", "properties": { "PPN": "0327130004", "TotalValue": 454200.0, "PropClass": "R", "pctLandVal": 0.19, "acreVal": 1032272.7272727273, "SiteAddres": "2907 TWINMILL DR NE", "credits": "HMST", "acres": 0.44, "permitNo": "BLD-26608", "permitType": "Dwelling", "permitDate": "7/6/2016", "permitYr": 2016, "nonmetro": 1 }, "geometry": { "type": "Point", "coordinates": [ -91.644198738950024, 41.802801951611642 ] } },
{ "type": "Feature", "properties": { "PPN": "0216477004", "TotalValue": 568400.0, "PropClass": "R", "pctLandVal": 0.21, "acreVal": 403120.56737588655, "SiteAddres": "3975 MACBRIDE PL NE", "credits": "HMST", "acres": 1.41, "permitNo": "BLD-16183", "permitType": "Dwelling", "permitDate": "3/2/2010", "permitYr": 2010, "nonmetro": 1 }, "geometry": { "type": "Point", "coordinates": [ -91.541102514183521, 41.819453661322896 ] } },
{ "type": "Feature", "properties": { "PPN": "0716303011", "TotalValue": 1039200.0, "PropClass": "R", "pctLandVal": 0.16, "acreVal": 5196000.0, "SiteAddres": "3887 LOCUST RIDGE RD NE", "credits": "NONE", "acres": 0.2, "permitNo": "BLD-19-28282", "permitType": "Dwelling", "permitDate": "3/28/2019", "permitYr": 2019, "nonmetro": 1 }, "geometry": { "type": "Point", "coordinates": [ -91.552210702300641, 41.735010737823771 ] } },
{ "type": "Feature", "properties": { "PPN": "0705251003", "TotalValue": 908400.0, "PropClass": "R", "pctLandVal": 0.19, "acreVal": 265614.03508771933, "SiteAddres": "2296 DEER RUN NE", "credits": "HMST", "acres": 3.42, "permitNo": "BLD-25720", "permitType": "Dwelling", "permitDate": "4/24/2015", "permitYr": 2015, "nonmetro": 1 }, "geometry": { "type": "Point", "coordinates": [ -91.578912150261544, 41.766884412408345 ] } },
{ "type": "Feature", "properties": { "PPN": "0216478004", "TotalValue": 1310700.0000000002, "PropClass": "R", "pctLandVal": 0.09, "acreVal": 1083223.1404958677, "SiteAddres": "3974 MACBRIDE PL NE", "credits": "HMST", "acres": 1.21, "permitNo": "BLD-21-30450", "permitType": "Dwelling", "permitDate": "11/1/2021", "permitYr": 2021, "nonmetro": 1 }, "geometry": { "type": "Point", "coordinates": [ -91.542780353434537, 41.819558851633822 ] } },
{ "type": "Feature", "properties": { "PPN": "0327130002", "TotalValue": 548700.0, "PropClass": "R", "pctLandVal": 0.15, "acreVal": 1371750.0, "SiteAddres": "2915 TWINMILL DR NE", "credits": "HMST", "acres": 0.4, "permitNo": "BLD-17772", "permitType": "Dwelling", "permitDate": "4/12/2013", "permitYr": 2013, "nonmetro": 1 }, "geometry": { "type": "Point", "coordinates": [ -91.643458960953822, 41.802646199975946 ] } },
{ "type": "Feature", "properties": { "PPN": "0216478005", "TotalValue": 728600.0, "PropClass": "R", "pctLandVal": 0.16, "acreVal": 556183.2061068702, "SiteAddres": "3964 MACBRIDE PL NE", "credits": "NONE", "acres": 1.31, "permitNo": "BLD-25037", "permitType": "Dwelling", "permitDate": "4/2/2014", "permitYr": 2014, "nonmetro": 1 }, "geometry": { "type": "Point", "coordinates": [ -91.542785778393167, 41.819030290796199 ] } },
{ "type": "Feature", "properties": { "PPN": "0327130003", "TotalValue": 538400.0, "PropClass": "R", "pctLandVal": 0.19, "acreVal": 1170434.7826086956, "SiteAddres": "2911 TWINMILL DR NE", "credits": "HMST", "acres": 0.46, "permitNo": "BLD-25066", "permitType": "Dwelling", "permitDate": "4/4/2014", "permitYr": 2014, "nonmetro": 1 }, "geometry": { "type": "Point", "coordinates": [ -91.643831050950681, 41.802771355727188 ] } },
{ "type": "Feature", "properties": { "PPN": "0315302001", "TotalValue": 510600.0, "PropClass": "R", "pctLandVal": 0.21, "acreVal": 103569.97971602435, "SiteAddres": "1531 CURTIS BRIDGE RD NE", "credits": "HMST", "acres": 4.93, "permitNo": "BLD-25846", "permitType": "Dwelling", "permitDate": "6/5/2015", "permitYr": 2015, "nonmetro": 1 }, "geometry": { "type": "Point", "coordinates": [ -91.647009081703416, 41.823799964003236 ] } },
{ "type": "Feature", "properties": { "PPN": "0327128003", "TotalValue": 462300.0, "PropClass": "R", "pctLandVal": 0.19, "acreVal": 1050681.8181818181, "SiteAddres": "2906 TWINMILL DR NE", "credits": "HMST", "acres": 0.44, "permitNo": "BLD-17270", "permitType": "Dwelling", "permitDate": "6/11/2012", "permitYr": 2012, "nonmetro": 1 }, "geometry": { "type": "Point", "coordinates": [ -91.64417982767759, 41.803425800437694 ] } },
{ "type": "Feature", "properties": { "PPN": "0327128002", "TotalValue": 592900.0, "PropClass": "R", "pctLandVal": 0.19, "acreVal": 790533.33333333337, "SiteAddres": "1804 WENROSE DR NE", "credits": "HMST", "acres": 0.75, "permitNo": "BLD-17114", "permitType": "Dwelling", "permitDate": "3/12/2012", "permitYr": 2012, "nonmetro": 1 }, "geometry": { "type": "Point", "coordinates": [ -91.643856352707857, 41.80393936877573 ] } },
{ "type": "Feature", "properties": { "PPN": "0327128005", "TotalValue": 485400.0, "PropClass": "R", "pctLandVal": 0.17, "acreVal": 1311891.8918918918, "SiteAddres": "2914 TWINMILL DR NE", "credits": "HMST", "acres": 0.37, "permitNo": "BLD-17383", "permitType": "Dwelling", "permitDate": "8/8/2012", "permitYr": 2012, "nonmetro": 1 }, "geometry": { "type": "Point", "coordinates": [ -91.64340522921195, 41.803266095995681 ] } },
{ "type": "Feature", "properties": { "PPN": "0307149011", "TotalValue": 282400.0, "PropClass": "R", "pctLandVal": 0.12, "acreVal": 371578.94736842113, "SiteAddres": "121 ALAN AVE SW", "credits": "NONE", "acres": 0.76, "permitNo": "BLD-18-27646", "permitType": "Dwelling", "permitDate": "3/7/2018", "permitYr": 2018, "nonmetro": 1 }, "geometry": { "type": "Point", "coordinates": [ -91.704653342641095, 41.846746872288136 ] } },
{ "type": "Feature", "properties": { "PPN": "0327128004", "TotalValue": 491700.0, "PropClass": "R", "pctLandVal": 0.18, "acreVal": 1170714.2857142857, "SiteAddres": "2910 TWINMILL DR NE", "credits": "HMST", "acres": 0.42, "permitNo": "BLD-17546", "permitType": "Dwelling", "permitDate": "10/31/2012", "permitYr": 2012, "nonmetro": 1 }, "geometry": { "type": "Point", "coordinates": [ -91.643780772721314, 41.803390955576234 ] } },
{ "type": "Feature", "properties": { "PPN": "0327153002", "TotalValue": 455900.0, "PropClass": "R", "pctLandVal": 0.17, "acreVal": 1340882.3529411764, "SiteAddres": "1836 WENROSE DR NE", "credits": "HMST", "acres": 0.34, "permitNo": "BLD-24971", "permitType": "Dwelling", "permitDate": "12/11/2013", "permitYr": 2013, "nonmetro": 1 }, "geometry": { "type": "Point", "coordinates": [ -91.643929985160071, 41.800346296973444 ] } },
{ "type": "Feature", "properties": { "PPN": "0327131004", "TotalValue": 526600.0, "PropClass": "R", "pctLandVal": 0.18, "acreVal": 1350256.4102564103, "SiteAddres": "2909 WYATT DR NE", "credits": "HMST", "acres": 0.39, "permitNo": "BLD-17371", "permitType": "Dwelling", "permitDate": "7/27/2012", "permitYr": 2012, "nonmetro": 1 }, "geometry": { "type": "Point", "coordinates": [ -91.644007906389945, 41.800675452894929 ] } },
{ "type": "Feature", "properties": { "PPN": "1233277001", "TotalValue": 555800.0, "PropClass": "R", "pctLandVal": 0.12, "acreVal": 475042.73504273506, "SiteAddres": "1492 BLACK DIAMOND RD SW", "credits": "HMST", "acres": 1.17, "permitNo": "BLD-16380", "permitType": "Dwelling", "permitDate": "8/9/2010", "permitYr": 2010, "nonmetro": 1 }, "geometry": { "type": "Point", "coordinates": [ -91.784701347045925, 41.610269208889385 ] } },
{ "type": "Feature", "properties": { "PPN": "1405127003", "TotalValue": 331000.0, "PropClass": "R", "pctLandVal": 0.32, "acreVal": 72270.742358078598, "SiteAddres": "2511 HIGHWAY 1 SW", "credits": "NONE", "acres": 4.58, "permitNo": "BLD-23-31729", "permitType": "Dwelling", "permitDate": "6/7/2023", "permitYr": 2023, "nonmetro": 1 }, "geometry": { "type": "Point", "coordinates": [ -91.683854201506236, 41.595785369463783 ] } },
{ "type": "Feature", "properties": { "PPN": "0307149013", "TotalValue": 240900.0, "PropClass": "R", "pctLandVal": 0.15, "acreVal": 316973.68421052635, "SiteAddres": "121 ALAN AVE SW", "credits": "HMST", "acres": 0.76, "permitNo": "BLD-17-27510", "permitType": "Dwelling", "permitDate": "11/8/2017", "permitYr": 2017, "nonmetro": 1 }, "geometry": { "type": "Point", "coordinates": [ -91.704653342641095, 41.846746872288136 ] } },
{ "type": "Feature", "properties": { "PPN": "1709137001", "TotalValue": 25600.0, "PropClass": "R", "pctLandVal": 1.0, "acreVal": 106666.66666666667, "SiteAddres": "408 MARNER DR", "credits": "NONE", "acres": 0.24, "permitNo": "BLD-25-33188", "permitType": "Dwelling", "permitDate": "4/2/2025", "permitYr": 2025, "nonmetro": 1 }, "geometry": { "type": "Point", "coordinates": [ -91.432136521784841, 41.493715247166719 ] } },
{ "type": "Feature", "properties": { "PPN": "0806202003", "TotalValue": 840900.0, "PropClass": "R", "pctLandVal": 0.13, "acreVal": 840900.0, "SiteAddres": "4604 ELYNN LN NE", "credits": "HMST", "acres": 1.0, "permitNo": "BLD-21-30048", "permitType": "Dwelling", "permitDate": "6/18/2021", "permitYr": 2021, "nonmetro": 1 }, "geometry": { "type": "Point", "coordinates": [ -91.477246787725051, 41.771802966600966 ] } },
{ "type": "Feature", "properties": { "PPN": "1709138002", "TotalValue": 441600.0, "PropClass": "R", "pctLandVal": 0.08, "acreVal": 1577142.857142857, "SiteAddres": "413 MARNER DR", "credits": "NONE", "acres": 0.28, "permitNo": "BLD-23-31890", "permitType": "Dwelling", "permitDate": "7/10/2023", "permitYr": 2023, "nonmetro": 1 }, "geometry": { "type": "Point", "coordinates": [ -91.432627381977127, 41.49324285503527 ] } },
{ "type": "Feature", "properties": { "PPN": "0229431023", "TotalValue": 1151900.0, "PropClass": "R", "pctLandVal": 0.1, "acreVal": 6062631.5789473681, "SiteAddres": "3747 COTTAGE RESERVE RD NE", "credits": "NONE", "acres": 0.19, "permitNo": "BLD-16529", "permitType": "Dwelling", "permitDate": "12/6/2010", "permitYr": 2010, "nonmetro": 1 }, "geometry": { "type": "Point", "coordinates": [ -91.566182904804478, 41.7939559119027 ] } },
{ "type": "Feature", "properties": { "PPN": "0216458015", "TotalValue": 474000.0, "PropClass": "R", "pctLandVal": 0.18, "acreVal": 1281081.0810810812, "SiteAddres": "1551 PALMER CT NE", "credits": "HMST", "acres": 0.37, "permitNo": "BLD-26614", "permitType": "Dwelling", "permitDate": "6/29/2016", "permitYr": 2016, "nonmetro": 1 }, "geometry": { "type": "Point", "coordinates": [ -91.54746989825216, 41.821788125414294 ] } },
{ "type": "Feature", "properties": { "PPN": "0307303001", "TotalValue": 491500.0, "PropClass": "R", "pctLandVal": 0.27, "acreVal": 104131.3559322034, "SiteAddres": "1316 GREENCASTLE AVE NW", "credits": "HMST", "acres": 4.72, "permitNo": "BLD-16339", "permitType": "Dwelling", "permitDate": "8/5/2010", "permitYr": 2010, "nonmetro": 1 }, "geometry": { "type": "Point", "coordinates": [ -91.708479176899559, 41.839862499495432 ] } },
{ "type": "Feature", "properties": { "PPN": "0806203001", "TotalValue": 822100.0, "PropClass": "R", "pctLandVal": 0.14, "acreVal": 662983.87096774194, "SiteAddres": "4615 ELYNN LN NE", "credits": "NONE", "acres": 1.24, "permitNo": "BLD-22-30866", "permitType": "Dwelling", "permitDate": "6/13/2022", "permitYr": 2022, "nonmetro": 1 }, "geometry": { "type": "Point", "coordinates": [ -91.477114940302798, 41.770413237434013 ] } },
{ "type": "Feature", "properties": { "PPN": "0216458006", "TotalValue": 491800.0, "PropClass": "R", "pctLandVal": 0.15, "acreVal": 1170952.3809523811, "SiteAddres": "1549 PALMER CT NE", "credits": "HMST", "acres": 0.42, "permitNo": "BLD-25966", "permitType": "Dwelling", "permitDate": "7/21/2015", "permitYr": 2015, "nonmetro": 1 }, "geometry": { "type": "Point", "coordinates": [ -91.547733922702065, 41.822267080537436 ] } },
{ "type": "Feature", "properties": { "PPN": "0230351012", "TotalValue": 494400.0, "PropClass": "R", "pctLandVal": 0.12, "acreVal": 1236000.0, "SiteAddres": "3423 FOREST DR NE", "credits": "HMST", "acres": 0.4, "permitNo": "BLD-24862", "permitType": "Dwelling", "permitDate": "10/21/2013", "permitYr": 2013, "nonmetro": 1 }, "geometry": { "type": "Point", "coordinates": [ -91.595996807166912, 41.79242901692907 ] } },
{ "type": "Feature", "properties": { "PPN": "0314202002", "TotalValue": 527700.0, "PropClass": "R", "pctLandVal": 0.17, "acreVal": 351800.0, "SiteAddres": "3077 DEERFIELD DR NE", "credits": "HMST", "acres": 1.5, "permitNo": "BLD-24767", "permitType": "Dwelling", "permitDate": "8/23/2013", "permitYr": 2013, "nonmetro": 1 }, "geometry": { "type": "Point", "coordinates": [ -91.628676066369877, 41.832091935523636 ] } },
{ "type": "Feature", "properties": { "PPN": "0721153002", "TotalValue": 1136600.0, "PropClass": "R", "pctLandVal": 0.19, "acreVal": 672544.3786982249, "SiteAddres": "3936 WEST OVERLOOK RD NE", "credits": "HMST", "acres": 1.69, "permitNo": "BLD-19-28566", "permitType": "Dwelling", "permitDate": "8/5/2019", "permitYr": 2019, "nonmetro": 1 }, "geometry": { "type": "Point", "coordinates": [ -91.547866127792531, 41.722488962358398 ] } },
{ "type": "Feature", "properties": { "PPN": "0307352008", "TotalValue": 351500.0, "PropClass": "R", "pctLandVal": 0.39, "acreVal": 67726.396917148362, "SiteAddres": "2231 CLAY STUDIO CT NW", "credits": "MIL", "acres": 5.19, "permitNo": "BLD-23-32124", "permitType": "Dwelling", "permitDate": "10/20/2023", "permitYr": 2023, "nonmetro": 1 }, "geometry": { "type": "Point", "coordinates": [ -91.711397258067663, 41.833406366887942 ] } },
{ "type": "Feature", "properties": { "PPN": "0422303003", "TotalValue": 391800.0, "PropClass": "R", "pctLandVal": 0.22, "acreVal": 142992.70072992699, "SiteAddres": "1704 DERBY AVE NW", "credits": "HMST", "acres": 2.74, "permitNo": "BLD-17793", "permitType": "Dwelling", "permitDate": "5/9/2013", "permitYr": 2013, "nonmetro": 1 }, "geometry": { "type": "Point", "coordinates": [ -91.76382626909971, 41.808879623587671 ] } },
{ "type": "Feature", "properties": { "PPN": "0806202002", "TotalValue": 761300.0, "PropClass": "R", "pctLandVal": 0.14, "acreVal": 761300.0, "SiteAddres": "4612 ELYNN LN NE", "credits": "HMST", "acres": 1.0, "permitNo": "BLD-22-30677", "permitType": "Dwelling", "permitDate": "3/14/2022", "permitYr": 2022, "nonmetro": 1 }, "geometry": { "type": "Point", "coordinates": [ -91.47675715401175, 41.771779440154219 ] } },
{ "type": "Feature", "properties": { "PPN": "0216459002", "TotalValue": 829400.0, "PropClass": "R", "pctLandVal": 0.09, "acreVal": 2369714.2857142859, "SiteAddres": "3975 HENDRICKS LN NE", "credits": "HMST", "acres": 0.35, "permitNo": "BLD-21-30032", "permitType": "Dwelling", "permitDate": "6/10/2021", "permitYr": 2021, "nonmetro": 1 }, "geometry": { "type": "Point", "coordinates": [ -91.545426302868876, 41.820736653141545 ] } },
{ "type": "Feature", "properties": { "PPN": "1019477002", "TotalValue": 87200.0, "PropClass": "R", "pctLandVal": 0.61, "acreVal": 49828.571428571428, "SiteAddres": "3586 HIGHWAY 1 SW", "credits": "NONE", "acres": 1.75, "permitNo": "BLD-24-33060", "permitType": "Dwelling", "permitDate": "12/23/2024", "permitYr": 2024, "nonmetro": 1 }, "geometry": { "type": "Point", "coordinates": [ -91.580423551731656, 41.629379722625863 ] } },
{ "type": "Feature", "properties": { "PPN": "0216459008", "TotalValue": 756800.0, "PropClass": "R", "pctLandVal": 0.1, "acreVal": 2162285.7142857146, "SiteAddres": "3951 HENDRICKS LN NE", "credits": "HMST", "acres": 0.35, "permitNo": "BLD-18-28078", "permitType": "Dwelling", "permitDate": "10/5/2018", "permitYr": 2018, "nonmetro": 1 }, "geometry": { "type": "Point", "coordinates": [ -91.547276467316379, 41.820131747756434 ] } },
{ "type": "Feature", "properties": { "PPN": "0216458009", "TotalValue": 525900.0, "PropClass": "R", "pctLandVal": 0.14, "acreVal": 1502571.4285714286, "SiteAddres": "1556 PALMER CT NE", "credits": "HMST", "acres": 0.35, "permitNo": "BLD-18-27812", "permitType": "Dwelling", "permitDate": "5/25/2018", "permitYr": 2018, "nonmetro": 1 }, "geometry": { "type": "Point", "coordinates": [ -91.546736405685394, 41.821998105713604 ] } },
{ "type": "Feature", "properties": { "PPN": "0230351007", "TotalValue": 401300.0, "PropClass": "R", "pctLandVal": 0.14, "acreVal": 1180294.1176470588, "SiteAddres": "3427 FOREST DR NE", "credits": "HMST", "acres": 0.34, "permitNo": "BLD-24840", "permitType": "Dwelling", "permitDate": "10/7/2013", "permitYr": 2013, "nonmetro": 1 }, "geometry": { "type": "Point", "coordinates": [ -91.595678145715254, 41.792586329475199 ] } },
{ "type": "Feature", "properties": { "PPN": "0721153001", "TotalValue": 1337500.0000000002, "PropClass": "R", "pctLandVal": 0.18, "acreVal": 427316.2939297125, "SiteAddres": "3952 WEST OVERLOOK RD NE", "credits": "HMST", "acres": 3.13, "permitNo": "BLD-25757", "permitType": "Dwelling", "permitDate": "5/15/2015", "permitYr": 2015, "nonmetro": 1 }, "geometry": { "type": "Point", "coordinates": [ -91.547271124655495, 41.723070981697454 ] } },
{ "type": "Feature", "properties": { "PPN": "0216459006", "TotalValue": 532800.0, "PropClass": "R", "pctLandVal": 0.16, "acreVal": 1567058.8235294116, "SiteAddres": "3959 HENDRICKS LN NE", "credits": "NONE", "acres": 0.34, "permitNo": "BLD-19-28342", "permitType": "Dwelling", "permitDate": "4/26/2019", "permitYr": 2019, "nonmetro": 1 }, "geometry": { "type": "Point", "coordinates": [ -91.546881060552536, 41.820565658429622 ] } },
{ "type": "Feature", "properties": { "PPN": "0230351006", "TotalValue": 373200.0, "PropClass": "R", "pctLandVal": 0.14, "acreVal": 1130909.0909090908, "SiteAddres": "3431 FOREST DR NE", "credits": "HMST", "acres": 0.33, "permitNo": "BLD-25624", "permitType": "Dwelling", "permitDate": "2/12/2015", "permitYr": 2015, "nonmetro": 1 }, "geometry": { "type": "Point", "coordinates": [ -91.595325697821238, 41.79267925716286 ] } },
{ "type": "Feature", "properties": { "PPN": "0708452005", "TotalValue": 773700.0, "PropClass": "R", "pctLandVal": 0.24, "acreVal": 447225.43352601153, "SiteAddres": "3714 MAPLE CIR NE", "credits": "HMST", "acres": 1.73, "permitNo": "BLD-17925", "permitType": "Dwelling", "permitDate": "7/31/2013", "permitYr": 2013, "nonmetro": 1 }, "geometry": { "type": "Point", "coordinates": [ -91.569565561442047, 41.746817833413829 ] } },
{ "type": "Feature", "properties": { "PPN": "1309452001", "TotalValue": 410100.0, "PropClass": "R", "pctLandVal": 0.21, "acreVal": 113287.29281767955, "SiteAddres": "1500 500TH ST SW", "credits": "HMST", "acres": 3.62, "permitNo": "BLD-22-31042", "permitType": "Dwelling", "permitDate": "8/10/2022", "permitYr": 2022, "nonmetro": 1 }, "geometry": { "type": "Point", "coordinates": [ -91.780158256617426, 41.570396243746458 ] } },
{ "type": "Feature", "properties": { "PPN": "1328276003", "TotalValue": 505100.0, "PropClass": "R", "pctLandVal": 0.09, "acreVal": 777076.92307692301, "SiteAddres": "1484 HEIM STRASZE SW", "credits": "HMST", "acres": 0.65, "permitNo": "BLD-16939", "permitType": "Dwelling", "permitDate": "10/7/2011", "permitYr": 2011, "nonmetro": 1 }, "geometry": { "type": "Point", "coordinates": [ -91.782577482560612, 41.536963420676805 ] } },
{ "type": "Feature", "properties": { "PPN": "0705333001", "TotalValue": 693400.0, "PropClass": "R", "pctLandVal": 0.17, "acreVal": 363036.6492146597, "SiteAddres": "2307 MEHAFFEY BRIDGE RD NE", "credits": "NONE", "acres": 1.91, "permitNo": "BLD-19-28298", "permitType": "Dwelling", "permitDate": "4/25/2019", "permitYr": 2019, "nonmetro": 1 }, "geometry": { "type": "Point", "coordinates": [ -91.576617788121212, 41.766434741890968 ] } },
{ "type": "Feature", "properties": { "PPN": "1405104001", "TotalValue": 648600.0, "PropClass": "R", "pctLandVal": 0.13, "acreVal": 502790.69767441857, "SiteAddres": "2563 HIGHWAY 1 SW", "credits": "HMST", "acres": 1.29, "permitNo": "BLD-20-29306", "permitType": "Dwelling", "permitDate": "7/28/2020", "permitYr": 2020, "nonmetro": 1 }, "geometry": { "type": "Point", "coordinates": [ -91.678533103541653, 41.597219272241091 ] } },
{ "type": "Feature", "properties": { "PPN": "0819303003", "TotalValue": 1841200.0, "PropClass": "R", "pctLandVal": 0.07, "acreVal": 613733.33333333337, "SiteAddres": "2926 TIMBERLAND PL NE", "credits": "NONE", "acres": 3.0, "permitNo": "BLD-20-29472", "permitType": "Dwelling", "permitDate": "10/16/2020", "permitYr": 2020, "nonmetro": 1 }, "geometry": { "type": "Point", "coordinates": [ -91.4734719357279, 41.72014494652705 ] } },
{ "type": "Feature", "properties": { "PPN": "1311452002", "TotalValue": 381000.0, "PropClass": "R", "pctLandVal": 0.18, "acreVal": 260958.90410958906, "SiteAddres": "1938 500TH ST SW", "credits": "HMST", "acres": 1.46, "permitNo": "BLD-27399", "permitType": "Dwelling", "permitDate": "9/8/2017", "permitYr": 2017, "nonmetro": 1 }, "geometry": { "type": "Point", "coordinates": [ -91.737806497493608, 41.570210272329355 ] } },
{ "type": "Feature", "properties": { "PPN": "0327153005", "TotalValue": 469200.0, "PropClass": "R", "pctLandVal": 0.18, "acreVal": 1091162.7906976745, "SiteAddres": "1848 WENROSE DR NE", "credits": "HMST, MIL", "acres": 0.43, "permitNo": "BLD-17544", "permitType": "Dwelling", "permitDate": "10/31/2012", "permitYr": 2012, "nonmetro": 1 }, "geometry": { "type": "Point", "coordinates": [ -91.643762438853457, 41.799485539078056 ] } },
{ "type": "Feature", "properties": { "PPN": "0918431001", "TotalValue": 871700.0, "PropClass": "R", "pctLandVal": 0.1, "acreVal": 449329.89690721652, "SiteAddres": "4747 AMERICAN LEGION RD SE", "credits": "NONE", "acres": 1.94, "permitNo": "BLD-21-30268", "permitType": "Dwelling", "permitDate": "9/2/2021", "permitYr": 2021, "nonmetro": 0 }, "geometry": { "type": "Point", "coordinates": [ -91.468473982632105, 41.646126665885355 ] } },
{ "type": "Feature", "properties": { "PPN": "0327153008", "TotalValue": 429600.0, "PropClass": "R", "pctLandVal": 0.2, "acreVal": 1074000.0, "SiteAddres": "1845 WENROSE DR NE", "credits": "HMST", "acres": 0.4, "permitNo": "BLD-24970", "permitType": "Dwelling", "permitDate": "12/11/2013", "permitYr": 2013, "nonmetro": 1 }, "geometry": { "type": "Point", "coordinates": [ -91.644691385482375, 41.799660448410719 ] } },
{ "type": "Feature", "properties": { "PPN": "0735305004", "TotalValue": 603600.0, "PropClass": "R", "pctLandVal": 0.14, "acreVal": 538928.57142857136, "SiteAddres": "2367 SUSSEX LN NE", "credits": "HMST", "acres": 1.12, "permitNo": "BLD-16979", "permitType": "Dwelling", "permitDate": "11/9/2011", "permitYr": 2011, "nonmetro": 0 }, "geometry": { "type": "Point", "coordinates": [ -91.516458821585545, 41.689652998309015 ] } },
{ "type": "Feature", "properties": { "PPN": "0327153006", "TotalValue": 446000.0, "PropClass": "R", "pctLandVal": 0.18, "acreVal": 929166.66666666674, "SiteAddres": "1849 WENROSE DR NE", "credits": "HMST", "acres": 0.48, "permitNo": "BLD-17263", "permitType": "Dwelling", "permitDate": "6/6/2012", "permitYr": 2012, "nonmetro": 1 }, "geometry": { "type": "Point", "coordinates": [ -91.644100395111764, 41.799248062500958 ] } },
{ "type": "Feature", "properties": { "PPN": "0327153007", "TotalValue": 492900.0, "PropClass": "R", "pctLandVal": 0.2, "acreVal": 985800.0, "SiteAddres": "1847 WENROSE DR NE", "credits": "NONE", "acres": 0.5, "permitNo": "BLD-26575", "permitType": "Dwelling", "permitDate": "6/16/2016", "permitYr": 2016, "nonmetro": 1 }, "geometry": { "type": "Point", "coordinates": [ -91.644567443295202, 41.799313362746538 ] } },
{ "type": "Feature", "properties": { "PPN": "0327153003", "TotalValue": 407100.0, "PropClass": "R", "pctLandVal": 0.2, "acreVal": 1197352.9411764706, "SiteAddres": "1840 WENROSE DR NE", "credits": "NONE", "acres": 0.34, "permitNo": "BLD-16680", "permitType": "Dwelling", "permitDate": "5/2/2011", "permitYr": 2011, "nonmetro": 1 }, "geometry": { "type": "Point", "coordinates": [ -91.643902529037376, 41.800075192753894 ] } },
{ "type": "Feature", "properties": { "PPN": "0327153010", "TotalValue": 465700.0, "PropClass": "R", "pctLandVal": 0.17, "acreVal": 1369705.882352941, "SiteAddres": "1839 WENROSE DR NE", "credits": "HMST", "acres": 0.34, "permitNo": "BLD-25795", "permitType": "Dwelling", "permitDate": "5/14/2015", "permitYr": 2015, "nonmetro": 1 }, "geometry": { "type": "Point", "coordinates": [ -91.644649948229016, 41.800223054841048 ] } },
{ "type": "Feature", "properties": { "PPN": "0327153004", "TotalValue": 395100.0, "PropClass": "R", "pctLandVal": 0.21, "acreVal": 1039736.8421052631, "SiteAddres": "1844 WENROSE DR NE", "credits": "NONE", "acres": 0.38, "permitNo": "BLD-16930", "permitType": "Dwelling", "permitDate": "10/4/2011", "permitYr": 2011, "nonmetro": 1 }, "geometry": { "type": "Point", "coordinates": [ -91.643825140598437, 41.799807245115332 ] } },
{ "type": "Feature", "properties": { "PPN": "0327153009", "TotalValue": 373900.0, "PropClass": "R", "pctLandVal": 0.21, "acreVal": 1099705.8823529412, "SiteAddres": "1843 WENROSE DR NE", "credits": "HMST", "acres": 0.34, "permitNo": "BLD-26015", "permitType": "Dwelling", "permitDate": "8/26/2015", "permitYr": 2015, "nonmetro": 1 }, "geometry": { "type": "Point", "coordinates": [ -91.644626842443756, 41.799949177291154 ] } },
{ "type": "Feature", "properties": { "PPN": "1533401002", "TotalValue": 504100.0, "PropClass": "R", "pctLandVal": 0.16, "acreVal": 276978.02197802195, "SiteAddres": "5709 OAK CREST HILL RD SE", "credits": "HMST, MIL", "acres": 1.82, "permitNo": "BLD-25012", "permitType": "Dwelling", "permitDate": "2/14/2014", "permitYr": 2014, "nonmetro": 1 }, "geometry": { "type": "Point", "coordinates": [ -91.541677436369554, 41.517716929990911 ] } },
{ "type": "Feature", "properties": { "PPN": "1734378003", "TotalValue": 543500.0, "PropClass": "R", "pctLandVal": 0.11, "acreVal": 343987.34177215182, "SiteAddres": "5241 GOLDEN POND LN SE", "credits": "HMST", "acres": 1.58, "permitNo": "BLD-26549", "permitType": "Dwelling", "permitDate": "6/2/2016", "permitYr": 2016, "nonmetro": 1 }, "geometry": { "type": "Point", "coordinates": [ -91.41844475641004, 41.423816928492883 ] } },
{ "type": "Feature", "properties": { "PPN": "0728177011", "TotalValue": 820800.0, "PropClass": "R", "pctLandVal": 0.15, "acreVal": 943448.27586206887, "SiteAddres": "5 BRICKWOOD KNL NE", "credits": "HMST", "acres": 0.87, "permitNo": "BLD-19-28430", "permitType": "Dwelling", "permitDate": "6/4/2019", "permitYr": 2019, "nonmetro": 0 }, "geometry": { "type": "Point", "coordinates": [ -91.543810872374678, 41.709527110119097 ] } },
{ "type": "Feature", "properties": { "PPN": "0303379003", "TotalValue": 25500.0, "PropClass": "R", "pctLandVal": 1.0, "acreVal": 102000.0, "SiteAddres": "MILL ST NE", "credits": "NONE", "acres": 0.25, "permitNo": "BLD-25-33187", "permitType": "Dwelling", "permitDate": "5/13/2025", "permitYr": 2025, "nonmetro": 0 }, "geometry": { "type": "Point", "coordinates": [ -91.648022072750564, 41.849733683979494 ] } },
{ "type": "Feature", "properties": { "PPN": "0323178002", "TotalValue": 2297600.0, "PropClass": "R", "pctLandVal": 0.13, "acreVal": 166492.75362318839, "SiteAddres": "3185 STILLWATER COVE NE", "credits": "HMST", "acres": 13.8, "permitNo": "BLD-16406", "permitType": "Dwelling", "permitDate": "8/26/2010", "permitYr": 2010, "nonmetro": 1 }, "geometry": { "type": "Point", "coordinates": [ -91.619079414410976, 41.812275360017139 ] } },
{ "type": "Feature", "properties": { "PPN": "1533179003", "TotalValue": 413700.0, "PropClass": "R", "pctLandVal": 0.12, "acreVal": 517124.99999999994, "SiteAddres": "5680 OAK CREST HILL RD SE", "credits": "NONE", "acres": 0.8, "permitNo": "BLD-27058", "permitType": "Dwelling", "permitDate": "3/24/2017", "permitYr": 2017, "nonmetro": 1 }, "geometry": { "type": "Point", "coordinates": [ -91.541196066715955, 41.519351516488676 ] } },
{ "type": "Feature", "properties": { "PPN": "0229404009", "TotalValue": 1454000.0, "PropClass": "R", "pctLandVal": 0.38, "acreVal": 8552941.176470587, "SiteAddres": "3781 COTTAGE RESERVE RD NE", "credits": "HMST", "acres": 0.17, "permitNo": "BLD-24875", "permitType": "Dwelling", "permitDate": "10/25/2013", "permitYr": 2013, "nonmetro": 1 }, "geometry": { "type": "Point", "coordinates": [ -91.561939163893953, 41.793617588888736 ] } },
{ "type": "Feature", "properties": { "PPN": "1313229006", "TotalValue": 352200.0, "PropClass": "R", "pctLandVal": 0.12, "acreVal": 1214482.7586206896, "SiteAddres": "5021 BLUESTEM ST SW", "credits": "NONE", "acres": 0.29, "permitNo": "BLD-24-32490", "permitType": "Dwelling", "permitDate": "4/26/2024", "permitYr": 2024, "nonmetro": 1 }, "geometry": { "type": "Point", "coordinates": [ -91.731383824628054, 41.568609581260986 ] } },
{ "type": "Feature", "properties": { "PPN": "1313229008", "TotalValue": 351600.0, "PropClass": "R", "pctLandVal": 0.12, "acreVal": 1255714.2857142857, "SiteAddres": "5029 BLUESTEM ST SW", "credits": "HMST", "acres": 0.28, "permitNo": "BLD-23-31734", "permitType": "Dwelling", "permitDate": "5/11/2023", "permitYr": 2023, "nonmetro": 1 }, "geometry": { "type": "Point", "coordinates": [ -91.73139595829899, 41.568266858475113 ] } },
{ "type": "Feature", "properties": { "PPN": "0323178001", "TotalValue": 3305100.0, "PropClass": "R", "pctLandVal": 0.09, "acreVal": 260039.33910306843, "SiteAddres": "3183 STILLWATER COVE NE", "credits": "HMST", "acres": 12.71, "permitNo": "BLD-16502", "permitType": "Dwelling", "permitDate": "11/8/2010", "permitYr": 2010, "nonmetro": 1 }, "geometry": { "type": "Point", "coordinates": [ -91.618687478767825, 41.813998551998566 ] } },
{ "type": "Feature", "properties": { "PPN": "0128152002", "TotalValue": 925200.0, "PropClass": "R", "pctLandVal": 0.09, "acreVal": 186156.94164989941, "SiteAddres": "1898 UTAH AVE NE", "credits": "NONE", "acres": 4.97, "permitNo": "BLD-22-31457", "permitType": "Dwelling", "permitDate": "1/5/2023", "permitYr": 2023, "nonmetro": 1 }, "geometry": { "type": "Point", "coordinates": [ -91.432107004519693, 41.794890810057112 ] } },
{ "type": "Feature", "properties": { "PPN": "0218202006", "TotalValue": 656800.0, "PropClass": "R", "pctLandVal": 0.21, "acreVal": 47663.280116110305, "SiteAddres": "3484 SANDY BEACH RD NE", "credits": "HMST", "acres": 13.78, "permitNo": "BLD-19-28522", "permitType": "Dwelling", "permitDate": "7/19/2019", "permitYr": 2019, "nonmetro": 1 }, "geometry": { "type": "Point", "coordinates": [ -91.592129516576975, 41.831834295965983 ] } },
{ "type": "Feature", "properties": { "PPN": "0308377002", "TotalValue": 682500.0, "PropClass": "R", "pctLandVal": 0.19, "acreVal": 143987.34177215188, "SiteAddres": "1382 COU FALLS RD NW", "credits": "HMST", "acres": 4.74, "permitNo": "BLD-16636", "permitType": "Dwelling", "permitDate": "4/18/2011", "permitYr": 2011, "nonmetro": 1 }, "geometry": { "type": "Point", "coordinates": [ -91.689840617092315, 41.833613979357679 ] } },
{ "type": "Feature", "properties": { "PPN": "1219102002", "TotalValue": 296200.0, "PropClass": "R", "pctLandVal": 0.19, "acreVal": 394933.33333333331, "SiteAddres": "1163 400TH ST SW", "credits": "NONE", "acres": 0.75, "permitNo": "BLD-25077", "permitType": "Dwelling", "permitDate": "5/5/2014", "permitYr": 2014, "nonmetro": 1 }, "geometry": { "type": "Point", "coordinates": [ -91.817689128268967, 41.643689192180339 ] } },
{ "type": "Feature", "properties": { "PPN": "0303357001", "TotalValue": 899400.0, "PropClass": "R", "pctLandVal": 0.14, "acreVal": 116653.69649805447, "SiteAddres": "2826 120TH ST NE", "credits": "HMST, MIL", "acres": 7.71, "permitNo": "BLD-25544", "permitType": "Dwelling", "permitDate": "11/25/2014", "permitYr": 2014, "nonmetro": 1 }, "geometry": { "type": "Point", "coordinates": [ -91.653632171581634, 41.849857791935548 ] } },
{ "type": "Feature", "properties": { "PPN": "0216478002", "TotalValue": 489800.0, "PropClass": "R", "pctLandVal": 0.25, "acreVal": 324370.86092715233, "SiteAddres": "3986 MACBRIDE PL NE", "credits": "HMST, MIL", "acres": 1.51, "permitNo": "BLD-17004", "permitType": "Dwelling", "permitDate": "11/23/2011", "permitYr": 2011, "nonmetro": 1 }, "geometry": { "type": "Point", "coordinates": [ -91.542608190469011, 41.820362380291925 ] } },
{ "type": "Feature", "properties": { "PPN": "0309480001", "TotalValue": 606300.0, "PropClass": "R", "pctLandVal": 0.16, "acreVal": 171756.37393767707, "SiteAddres": "1385 JAMES AVE NE", "credits": "NONE", "acres": 3.53, "permitNo": "BLD-22-31136", "permitType": "Dwelling", "permitDate": "9/16/2022", "permitYr": 2022, "nonmetro": 1 }, "geometry": { "type": "Point", "coordinates": [ -91.657137550997547, 41.833917601480152 ] } },
{ "type": "Feature", "properties": { "PPN": "0216477002", "TotalValue": 498600.0, "PropClass": "R", "pctLandVal": 0.24, "acreVal": 343862.06896551728, "SiteAddres": "3983 MACBRIDE PL NE", "credits": "HMST", "acres": 1.45, "permitNo": "BLD-17323", "permitType": "Dwelling", "permitDate": "7/5/2012", "permitYr": 2012, "nonmetro": 1 }, "geometry": { "type": "Point", "coordinates": [ -91.540950661328111, 41.820324094012093 ] } },
{ "type": "Feature", "properties": { "PPN": "1313228005", "TotalValue": 477700.0, "PropClass": "R", "pctLandVal": 0.16, "acreVal": 472970.29702970298, "SiteAddres": "2024 SILVERGRASS LN SW", "credits": "HMST", "acres": 1.01, "permitNo": "BLD-22-31357", "permitType": "Dwelling", "permitDate": "11/10/2022", "permitYr": 2022, "nonmetro": 1 }, "geometry": { "type": "Point", "coordinates": [ -91.729774570190528, 41.569170752460685 ] } },
{ "type": "Feature", "properties": { "PPN": "0216477003", "TotalValue": 649100.0, "PropClass": "R", "pctLandVal": 0.18, "acreVal": 503178.29457364342, "SiteAddres": "3979 MACBRIDE PL NE", "credits": "HMST", "acres": 1.29, "permitNo": "BLD-16351", "permitType": "Dwelling", "permitDate": "7/15/2010", "permitYr": 2010, "nonmetro": 1 }, "geometry": { "type": "Point", "coordinates": [ -91.541042208409365, 41.819864715003852 ] } },
{ "type": "Feature", "properties": { "PPN": "0818230001", "TotalValue": 863400.0, "PropClass": "R", "pctLandVal": 0.33, "acreVal": 313963.63636363635, "SiteAddres": "2605 QUINCY RD NE", "credits": "NONE", "acres": 2.75, "permitNo": "BLD-23-31990", "permitType": "Dwelling", "permitDate": "8/17/2023", "permitYr": 2023, "nonmetro": 1 }, "geometry": { "type": "Point", "coordinates": [ -91.48244589475469, 41.743416813130409 ] } },
{ "type": "Feature", "properties": { "PPN": "0216478003", "TotalValue": 785200.0, "PropClass": "R", "pctLandVal": 0.15, "acreVal": 534149.65986394556, "SiteAddres": "3978 MACBRIDE PL NE", "credits": "HMST", "acres": 1.47, "permitNo": "BLD-24894", "permitType": "Dwelling", "permitDate": "10/25/2013", "permitYr": 2013, "nonmetro": 1 }, "geometry": { "type": "Point", "coordinates": [ -91.542776982828556, 41.81998230494186 ] } },
{ "type": "Feature", "properties": { "PPN": "1336252001", "TotalValue": 482800.0, "PropClass": "R", "pctLandVal": 0.27, "acreVal": 50239.334027055156, "SiteAddres": "5660 COSGROVE RD SW", "credits": "HMST", "acres": 9.61, "permitNo": "BLD-17557", "permitType": "Dwelling", "permitDate": "11/2/2012", "permitYr": 2012, "nonmetro": 1 }, "geometry": { "type": "Point", "coordinates": [ -91.731257621755518, 41.521678603406841 ] } },
{ "type": "Feature", "properties": { "PPN": "0216477009", "TotalValue": 726000.0, "PropClass": "R", "pctLandVal": 0.17, "acreVal": 480794.70198675501, "SiteAddres": "1593 SPARTAN CIR NE", "credits": "HMST", "acres": 1.51, "permitNo": "BLD-17390", "permitType": "Dwelling", "permitDate": "8/15/2012", "permitYr": 2012, "nonmetro": 1 }, "geometry": { "type": "Point", "coordinates": [ -91.542530102378691, 41.817948341619491 ] } },
{ "type": "Feature", "properties": { "PPN": "1028377002", "TotalValue": 724700.0, "PropClass": "R", "pctLandVal": 0.23, "acreVal": 218942.59818731117, "SiteAddres": "3880 MEADOWVIEW LN SW", "credits": "NONE", "acres": 3.31, "permitNo": "BLD-26120", "permitType": "Dwelling", "permitDate": "9/30/2015", "permitYr": 2015, "nonmetro": 1 }, "geometry": { "type": "Point", "coordinates": [ -91.553076690528982, 41.616047811445171 ] } },
{ "type": "Feature", "properties": { "PPN": "1314109001", "TotalValue": 131100.0, "PropClass": "R", "pctLandVal": 0.5, "acreVal": 142500.0, "SiteAddres": "1991 500TH ST SW", "credits": "NONE", "acres": 0.92, "permitNo": "BLD-24-32922", "permitType": "Dwelling", "permitDate": "10/30/2024", "permitYr": 2024, "nonmetro": 1 }, "geometry": { "type": "Point", "coordinates": [ -91.7331654386076, 41.569320957920901 ] } },
{ "type": "Feature", "properties": { "PPN": "0216477010", "TotalValue": 653700.0, "PropClass": "R", "pctLandVal": 0.18, "acreVal": 622571.42857142852, "SiteAddres": "3959 MACBRIDE PL NE", "credits": "HMST", "acres": 1.05, "permitNo": "BLD-16271", "permitType": "Dwelling", "permitDate": "5/27/2010", "permitYr": 2010, "nonmetro": 1 }, "geometry": { "type": "Point", "coordinates": [ -91.543295209707594, 41.817945691555472 ] } },
{ "type": "Feature", "properties": { "PPN": "1028377003", "TotalValue": 563000.0, "PropClass": "R", "pctLandVal": 0.3, "acreVal": 169578.31325301205, "SiteAddres": "3877 MEADOWVIEW LN SW", "credits": "NONE", "acres": 3.32, "permitNo": "BLD-27195", "permitType": "Dwelling", "permitDate": "6/13/2017", "permitYr": 2017, "nonmetro": 1 }, "geometry": { "type": "Point", "coordinates": [ -91.55228417579508, 41.614954248334435 ] } },
{ "type": "Feature", "properties": { "PPN": "0818278002", "TotalValue": 1064200.0, "PropClass": "R", "pctLandVal": 0.12, "acreVal": 380071.42857142858, "SiteAddres": "2691 HIGHWAY 1 NE", "credits": "NONE", "acres": 2.8, "permitNo": "BLD-20-29026", "permitType": "Dwelling", "permitDate": "5/1/2020", "permitYr": 2020, "nonmetro": 1 }, "geometry": { "type": "Point", "coordinates": [ -91.474927859649242, 41.737031862475568 ] } },
{ "type": "Feature", "properties": { "PPN": "1533180007", "TotalValue": 632100.0, "PropClass": "R", "pctLandVal": 0.16, "acreVal": 140155.21064301554, "SiteAddres": "3987 WINDWOOD RD SE", "credits": "HMST", "acres": 4.51, "permitNo": "BLD-24956", "permitType": "Dwelling", "permitDate": "12/5/2013", "permitYr": 2013, "nonmetro": 1 }, "geometry": { "type": "Point", "coordinates": [ -91.544677267715471, 41.518823440578693 ] } },
{ "type": "Feature", "properties": { "PPN": "0216478001", "TotalValue": 600400.0, "PropClass": "R", "pctLandVal": 0.2, "acreVal": 431942.44604316552, "SiteAddres": "3990 MACBRIDE PL NE", "credits": "HMST", "acres": 1.39, "permitNo": "BLD-25454", "permitType": "Dwelling", "permitDate": "3/19/2015", "permitYr": 2015, "nonmetro": 1 }, "geometry": { "type": "Point", "coordinates": [ -91.542655934087918, 41.820737022337006 ] } },
{ "type": "Feature", "properties": { "PPN": "0216477001", "TotalValue": 731200.0, "PropClass": "R", "pctLandVal": 0.16, "acreVal": 566821.70542635652, "SiteAddres": "3987 MACBRIDE PL NE", "credits": "HMST", "acres": 1.29, "permitNo": "BLD-26908", "permitType": "Dwelling", "permitDate": "11/22/2016", "permitYr": 2016, "nonmetro": 1 }, "geometry": { "type": "Point", "coordinates": [ -91.54100133923059, 41.820812378008384 ] } },
{ "type": "Feature", "properties": { "PPN": "0327129002", "TotalValue": 440000.0, "PropClass": "R", "pctLandVal": 0.19, "acreVal": 1189189.1891891893, "SiteAddres": "1805 WENROSE DR NE", "credits": "HMST", "acres": 0.37, "permitNo": "BLD-25554", "permitType": "Dwelling", "permitDate": "11/26/2014", "permitYr": 2014, "nonmetro": 1 }, "geometry": { "type": "Point", "coordinates": [ -91.644832865909081, 41.803528815584819 ] } },
{ "type": "Feature", "properties": { "PPN": "0522155001", "TotalValue": 822800.0, "PropClass": "R", "pctLandVal": 0.09, "acreVal": 433052.63157894742, "SiteAddres": "1721 LOWER OLD HIGHWAY 6 RD NW", "credits": "HMST", "acres": 1.9, "permitNo": "BLD-23-32110", "permitType": "Dwelling", "permitDate": "9/28/2023", "permitYr": 2023, "nonmetro": 1 }, "geometry": { "type": "Point", "coordinates": [ -91.761941358764389, 41.725042219413723 ] } },
{ "type": "Feature", "properties": { "PPN": "0327129001", "TotalValue": 779900.0, "PropClass": "R", "pctLandVal": 0.16, "acreVal": 804020.618556701, "SiteAddres": "1801 WENROSE DR NE", "credits": "NONE", "acres": 0.97, "permitNo": "BLD-17240", "permitType": "Dwelling", "permitDate": "5/23/2012", "permitYr": 2012, "nonmetro": 1 }, "geometry": { "type": "Point", "coordinates": [ -91.644738573752008, 41.803949731895578 ] } },
{ "type": "Feature", "properties": { "PPN": "0705303006", "TotalValue": 974700.0, "PropClass": "R", "pctLandVal": 0.13, "acreVal": 425633.18777292571, "SiteAddres": "3665 DANIELLE CT NE", "credits": "NONE", "acres": 2.29, "permitNo": "BLD-16520", "permitType": "Dwelling", "permitDate": "11/10/2010", "permitYr": 2010, "nonmetro": 1 }, "geometry": { "type": "Point", "coordinates": [ -91.574348532292632, 41.764867375390487 ] } },
{ "type": "Feature", "properties": { "PPN": "1207402001", "TotalValue": 554500.0, "PropClass": "A, AD", "pctLandVal": 0.01, "acreVal": 113163.26530612244, "SiteAddres": "3703 BAXTER AVE SW", "credits": "HMST,AG,MI", "acres": 4.9, "permitNo": "BLD-19-28456", "permitType": "Dwelling", "permitDate": "7/2/2019", "permitYr": 2019, "nonmetro": 1 }, "geometry": { "type": "Point", "coordinates": [ -91.8153875016244, 41.665639754129444 ] } },
{ "type": "Feature", "properties": { "PPN": "0327129004", "TotalValue": 653600.0, "PropClass": "R", "pctLandVal": 0.12, "acreVal": 1867428.5714285716, "SiteAddres": "1813 WENROSE DR NE", "credits": "HMST", "acres": 0.35, "permitNo": "BLD-26797", "permitType": "Dwelling", "permitDate": "9/22/2016", "permitYr": 2016, "nonmetro": 1 }, "geometry": { "type": "Point", "coordinates": [ -91.6448873048938, 41.80297459899306 ] } },
{ "type": "Feature", "properties": { "PPN": "0327129003", "TotalValue": 541700.0, "PropClass": "R", "pctLandVal": 0.15, "acreVal": 1547714.2857142857, "SiteAddres": "1809 WENROSE DR NE", "credits": "HMST", "acres": 0.35, "permitNo": "BLD-17828", "permitType": "Dwelling", "permitDate": "5/31/2013", "permitYr": 2013, "nonmetro": 1 }, "geometry": { "type": "Point", "coordinates": [ -91.644886712229138, 41.803251882968709 ] } },
{ "type": "Feature", "properties": { "PPN": "1630126001", "TotalValue": 401700.0, "PropClass": "R", "pctLandVal": 0.2, "acreVal": 146072.72727272726, "SiteAddres": "4741 540TH ST SE", "credits": "HMST", "acres": 2.75, "permitNo": "BLD-22-31250", "permitType": "Dwelling", "permitDate": "9/27/2022", "permitYr": 2022, "nonmetro": 1 }, "geometry": { "type": "Point", "coordinates": [ -91.469738785816034, 41.539528743358943 ] } },
{ "type": "Feature", "properties": { "PPN": "0322453007", "TotalValue": 990900.0, "PropClass": "R", "pctLandVal": 0.13, "acreVal": 193157.89473684211, "SiteAddres": "1795 WENROSE DR NE", "credits": "HMST", "acres": 5.13, "permitNo": "BLD-17731", "permitType": "Dwelling", "permitDate": "3/27/2013", "permitYr": 2013, "nonmetro": 1 }, "geometry": { "type": "Point", "coordinates": [ -91.645295919763853, 41.804795306201271 ] } },
{ "type": "Feature", "properties": { "PPN": "1328152003", "TotalValue": 376500.0, "PropClass": "R", "pctLandVal": 0.1, "acreVal": 684545.45454545447, "SiteAddres": "1496 HEIM STRASZE SW", "credits": "NONE", "acres": 0.55, "permitNo": "BLD-25865", "permitType": "Dwelling", "permitDate": "6/8/2015", "permitYr": 2015, "nonmetro": 1 }, "geometry": { "type": "Point", "coordinates": [ -91.780477251354171, 41.536951465558786 ] } },
{ "type": "Feature", "properties": { "PPN": "0506301002", "TotalValue": 415900.0, "PropClass": "A, AD", "pctLandVal": 0.1, "acreVal": 10460.2615694165, "SiteAddres": "2324 ALPINE AVE NW", "credits": "HMST", "acres": 39.76, "permitNo": "BLD-23-31652", "permitType": "Dwelling", "permitDate": "5/18/2023", "permitYr": 2023, "nonmetro": 1 }, "geometry": { "type": "Point", "coordinates": [ -91.821999067573756, 41.763315133322322 ] } },
{ "type": "Feature", "properties": { "PPN": "1328152001", "TotalValue": 366300.0, "PropClass": "R", "pctLandVal": 0.11, "acreVal": 666000.0, "SiteAddres": "1504 HEIM STRASZE SW", "credits": "HMST", "acres": 0.55, "permitNo": "BLD-20-28951", "permitType": "Dwelling", "permitDate": "6/4/2020", "permitYr": 2020, "nonmetro": 1 }, "geometry": { "type": "Point", "coordinates": [ -91.779308431290289, 41.536944794580776 ] } },
{ "type": "Feature", "properties": { "PPN": "1328152002", "TotalValue": 440800.0, "PropClass": "R", "pctLandVal": 0.09, "acreVal": 801454.54545454541, "SiteAddres": "1500 HEIM STRASZE SW", "credits": "HMST", "acres": 0.55, "permitNo": "BLD-21-30291", "permitType": "Dwelling", "permitDate": "9/10/2021", "permitYr": 2021, "nonmetro": 1 }, "geometry": { "type": "Point", "coordinates": [ -91.779892843120464, 41.536948128676563 ] } },
{ "type": "Feature", "properties": { "PPN": "0307407003", "TotalValue": 565800.0, "PropClass": "R", "pctLandVal": 0.14, "acreVal": 479491.52542372886, "SiteAddres": "639 SWISHER VIEW DR NW", "credits": "HMST", "acres": 1.18, "permitNo": "BLD-20-28967", "permitType": "Dwelling", "permitDate": "3/17/2020", "permitYr": 2020, "nonmetro": 1 }, "geometry": { "type": "Point", "coordinates": [ -91.699766412372497, 41.839858005324452 ] } },
{ "type": "Feature", "properties": { "PPN": "0322453001", "TotalValue": 676400.0, "PropClass": "R", "pctLandVal": 0.14, "acreVal": 375777.77777777775, "SiteAddres": "1798 WENROSE DR NE", "credits": "NONE", "acres": 1.8, "permitNo": "BLD-26483", "permitType": "Dwelling", "permitDate": "5/19/2016", "permitYr": 2016, "nonmetro": 1 }, "geometry": { "type": "Point", "coordinates": [ -91.643728036407992, 41.804699801532657 ] } },
{ "type": "Feature", "properties": { "PPN": "1314227001", "TotalValue": 346400.0, "PropClass": "R", "pctLandVal": 0.2, "acreVal": 194606.74157303371, "SiteAddres": "1811 500TH ST SW", "credits": "HMST", "acres": 1.78, "permitNo": "BLD-17870", "permitType": "Dwelling", "permitDate": "7/16/2013", "permitYr": 2013, "nonmetro": 1 }, "geometry": { "type": "Point", "coordinates": [ -91.751140455271184, 41.569417583619604 ] } },
{ "type": "Feature", "properties": { "PPN": "0229435001", "TotalValue": 2019600.0, "PropClass": "R", "pctLandVal": 0.5, "acreVal": 3960000.0, "SiteAddres": "3721 COTTAGE RESERVE RD NE", "credits": "HMST", "acres": 0.51, "permitNo": "BLD-18-27893", "permitType": "Dwelling", "permitDate": "6/27/2018", "permitYr": 2018, "nonmetro": 1 }, "geometry": { "type": "Point", "coordinates": [ -91.566351531113497, 41.793058297043068 ] } },
{ "type": "Feature", "properties": { "PPN": "0536377001", "TotalValue": 546400.0, "PropClass": "R", "pctLandVal": 0.13, "acreVal": 341500.0, "SiteAddres": "2096 340TH ST SW", "credits": "HMST", "acres": 1.6, "permitNo": "BLD-19-28859", "permitType": "Dwelling", "permitDate": "3/2/2020", "permitYr": 2020, "nonmetro": 1 }, "geometry": { "type": "Point", "coordinates": [ -91.726494892292337, 41.687994639654924 ] } },
{ "type": "Feature", "properties": { "PPN": "0211177001", "TotalValue": 574900.0, "PropClass": "R", "pctLandVal": 0.17, "acreVal": 126629.95594713656, "SiteAddres": "1285 HIGHWAY 1 NE", "credits": "HMST", "acres": 4.54, "permitNo": "BLD-26937", "permitType": "Dwelling", "permitDate": "12/20/2016", "permitYr": 2016, "nonmetro": 1 }, "geometry": { "type": "Point", "coordinates": [ -91.502870746585288, 41.84069601026976 ] } },
{ "type": "Feature", "properties": { "PPN": "1028253006", "TotalValue": 716900.0, "PropClass": "R", "pctLandVal": 0.22, "acreVal": 716900.0, "SiteAddres": "3801 SIERRA TER SW", "credits": "HMST", "acres": 1.0, "permitNo": "BLD-19-28865", "permitType": "Dwelling", "permitDate": "1/2/2020", "permitYr": 2020, "nonmetro": 1 }, "geometry": { "type": "Point", "coordinates": [ -91.55991570258314, 41.622468255466451 ] } },
{ "type": "Feature", "properties": { "PPN": "0604227001", "TotalValue": 392000.0, "PropClass": "R", "pctLandVal": 0.22, "acreVal": 98989.898989898997, "SiteAddres": "2635 SWAN LAKE RD NW", "credits": "HMST", "acres": 3.96, "permitNo": "BLD-21-29766", "permitType": "Dwelling", "permitDate": "3/3/2021", "permitYr": 2021, "nonmetro": 1 }, "geometry": { "type": "Point", "coordinates": [ -91.673159859871447, 41.774545394481443 ] } },
{ "type": "Feature", "properties": { "PPN": "1028253001", "TotalValue": 128000.0, "PropClass": "R", "pctLandVal": 1.0, "acreVal": 128000.0, "SiteAddres": "3802 SIERRA TER SW", "credits": "NONE", "acres": 1.0, "permitNo": "BLD-25-33306", "permitType": "Dwelling", "permitDate": "5/2/2025", "permitYr": 2025, "nonmetro": 1 }, "geometry": { "type": "Point", "coordinates": [ -91.559848166416955, 41.623670442107567 ] } },
{ "type": "Feature", "properties": { "PPN": "1028254001", "TotalValue": 726400.0, "PropClass": "R", "pctLandVal": 0.22, "acreVal": 726400.0, "SiteAddres": "3835 PALISADE PL SW", "credits": "HMST", "acres": 1.0, "permitNo": "BLD-23-31570", "permitType": "Dwelling", "permitDate": "3/16/2023", "permitYr": 2023, "nonmetro": 1 }, "geometry": { "type": "Point", "coordinates": [ -91.556436151275634, 41.620726436732426 ] } },
{ "type": "Feature", "properties": { "PPN": "0310204003", "TotalValue": 497200.0, "PropClass": "R", "pctLandVal": 0.21, "acreVal": 528936.17021276604, "SiteAddres": "1227 CURTIS BRIDGE RD NE", "credits": "HMST", "acres": 0.94, "permitNo": "BLD-25711", "permitType": "Dwelling", "permitDate": "4/8/2015", "permitYr": 2015, "nonmetro": 0 }, "geometry": { "type": "Point", "coordinates": [ -91.646733812784689, 41.845539000999935 ] } },
{ "type": "Feature", "properties": { "PPN": "0316351010", "TotalValue": 645200.0, "PropClass": "R", "pctLandVal": 0.16, "acreVal": 508031.49606299214, "SiteAddres": "2649 HUNTER CT NW", "credits": "HMST", "acres": 1.27, "permitNo": "BLD-17225", "permitType": "Dwelling", "permitDate": "5/16/2012", "permitYr": 2012, "nonmetro": 1 }, "geometry": { "type": "Point", "coordinates": [ -91.671760289636808, 41.820539547710112 ] } },
{ "type": "Feature", "properties": { "PPN": "1028253003", "TotalValue": 759200.0, "PropClass": "R", "pctLandVal": 0.21, "acreVal": 709532.71028037381, "SiteAddres": "3806 SIERRA TER SW", "credits": "NONE", "acres": 1.07, "permitNo": "BLD-21-30385", "permitType": "Dwelling", "permitDate": "10/26/2021", "permitYr": 2021, "nonmetro": 1 }, "geometry": { "type": "Point", "coordinates": [ -91.558741447880919, 41.622956971383971 ] } },
{ "type": "Feature", "properties": { "PPN": "0712151001", "TotalValue": 2647399.9999999995, "PropClass": "R", "pctLandVal": 0.18, "acreVal": 101007.24914154902, "SiteAddres": "2465  QUINCY RD NE", "credits": "NONE", "acres": 26.21, "permitNo": "BLD-22-31388", "permitType": "Dwelling", "permitDate": "11/14/2022", "permitYr": 2022, "nonmetro": 1 }, "geometry": { "type": "Point", "coordinates": [ -91.490279643720797, 41.75366871015153 ] } },
{ "type": "Feature", "properties": { "PPN": "1501101001", "TotalValue": 425800.0, "PropClass": "R", "pctLandVal": 0.2, "acreVal": 137799.35275080908, "SiteAddres": "4611 SIOUX AVE SE", "credits": "HMST", "acres": 3.09, "permitNo": "BLD-26738", "permitType": "Dwelling", "permitDate": "9/2/2016", "permitYr": 2016, "nonmetro": 1 }, "geometry": { "type": "Point", "coordinates": [ -91.482705799271002, 41.597886795137846 ] } },
{ "type": "Feature", "properties": { "PPN": "1121327001", "TotalValue": 260500.0, "PropClass": "R", "pctLandVal": 0.34, "acreVal": 102964.42687747035, "SiteAddres": "4126 IVY AVE SW", "credits": "NONE", "acres": 2.53, "permitNo": "BLD-23-32217", "permitType": "Dwelling", "permitDate": "11/28/2023", "permitYr": 2023, "nonmetro": 1 }, "geometry": { "type": "Point", "coordinates": [ -91.67578271795665, 41.634341554786253 ] } },
{ "type": "Feature", "properties": { "PPN": "1312227001", "TotalValue": 263800.0, "PropClass": "R", "pctLandVal": 0.27, "acreVal": 141827.95698924729, "SiteAddres": "4824 COSGROVE RD SW", "credits": "HMST", "acres": 1.86, "permitNo": "BLD-25059", "permitType": "Dwelling", "permitDate": "4/7/2014", "permitYr": 2014, "nonmetro": 1 }, "geometry": { "type": "Point", "coordinates": [ -91.731082737789023, 41.58190584275372 ] } },
{ "type": "Feature", "properties": { "PPN": "1028254003", "TotalValue": 770600.0, "PropClass": "R", "pctLandVal": 0.21, "acreVal": 762970.29702970292, "SiteAddres": "3826 PALISADE PL SW", "credits": "HMST", "acres": 1.01, "permitNo": "BLD-21-30493", "permitType": "Dwelling", "permitDate": "11/16/2021", "permitYr": 2021, "nonmetro": 1 }, "geometry": { "type": "Point", "coordinates": [ -91.557696695224493, 41.621055743417841 ] } },
{ "type": "Feature", "properties": { "PPN": "1108428002", "TotalValue": 799700.0, "PropClass": "R", "pctLandVal": 0.19, "acreVal": 78478.900883218841, "SiteAddres": "3750 HALF MOON AVE SW", "credits": "HMST", "acres": 10.19, "permitNo": "BLD-17262", "permitType": "Dwelling", "permitDate": "7/6/2012", "permitYr": 2012, "nonmetro": 1 }, "geometry": { "type": "Point", "coordinates": [ -91.683549845024956, 41.661973540797057 ] } },
{ "type": "Feature", "properties": { "PPN": "1028254004", "TotalValue": 911200.0, "PropClass": "R", "pctLandVal": 0.18, "acreVal": 911200.0, "SiteAddres": "3818 PALISADE PL SW", "credits": "NONE", "acres": 1.0, "permitNo": "BLD-21-30545", "permitType": "Dwelling", "permitDate": "12/9/2021", "permitYr": 2021, "nonmetro": 1 }, "geometry": { "type": "Point", "coordinates": [ -91.558324998646953, 41.621061833161939 ] } },
{ "type": "Feature", "properties": { "PPN": "0210478001", "TotalValue": 561300.0, "PropClass": "A, AD", "pctLandVal": 0.01, "acreVal": 175406.25, "SiteAddres": "4192 140TH ST NE", "credits": "HMST,AG,MI", "acres": 3.2, "permitNo": "BLD-23-32086", "permitType": "Dwelling", "permitDate": "9/13/2023", "permitYr": 2023, "nonmetro": 1 }, "geometry": { "type": "Point", "coordinates": [ -91.521115968135661, 41.832744876048274 ] } },
{ "type": "Feature", "properties": { "PPN": "1028254005", "TotalValue": 1082400.0, "PropClass": "R", "pctLandVal": 0.15, "acreVal": 1082400.0, "SiteAddres": "3814 PALISADE PL SW", "credits": "HMST", "acres": 1.0, "permitNo": "BLD-19-28500", "permitType": "Dwelling", "permitDate": "7/30/2019", "permitYr": 2019, "nonmetro": 1 }, "geometry": { "type": "Point", "coordinates": [ -91.558881877311109, 41.621405767132167 ] } },
{ "type": "Feature", "properties": { "PPN": "0614452004", "TotalValue": 453400.0, "PropClass": "R", "pctLandVal": 0.15, "acreVal": 156344.8275862069, "SiteAddres": "3128 W HAUER DR NE", "credits": "HMST", "acres": 2.9, "permitNo": "BLD-27395", "permitType": "Dwelling", "permitDate": "9/6/2017", "permitYr": 2017, "nonmetro": 0 }, "geometry": { "type": "Point", "coordinates": [ -91.623633215281032, 41.731325366839258 ] } },
{ "type": "Feature", "properties": { "PPN": "0210477001", "TotalValue": 416400.0, "PropClass": "R", "pctLandVal": 0.24, "acreVal": 90521.739130434784, "SiteAddres": "4188 140TH ST NE", "credits": "HMST", "acres": 4.6, "permitNo": "BLD-20-29091", "permitType": "Dwelling", "permitDate": "5/21/2020", "permitYr": 2020, "nonmetro": 1 }, "geometry": { "type": "Point", "coordinates": [ -91.522213283206881, 41.832755518862207 ] } },
{ "type": "Feature", "properties": { "PPN": "0215428002", "TotalValue": 810600.0, "PropClass": "R", "pctLandVal": 0.1, "acreVal": 407336.68341708538, "SiteAddres": "4130  HIGHWAY 382 NE", "credits": "NONE", "acres": 1.99, "permitNo": "BLD-26027", "permitType": "Dwelling", "permitDate": "8/24/2015", "permitYr": 2015, "nonmetro": 1 }, "geometry": { "type": "Point", "coordinates": [ -91.529684159326507, 41.821026378494757 ] } },
{ "type": "Feature", "properties": { "PPN": "1719328001", "TotalValue": 195700.0, "PropClass": "A, AD", "pctLandVal": 0.01, "acreVal": 110564.97175141243, "SiteAddres": "6526 SIOUX AVE SE", "credits": "HMST, AG", "acres": 1.77, "permitNo": "BLD-24-32846", "permitType": "Dwelling", "permitDate": "9/30/2024", "permitYr": 2024, "nonmetro": 1 }, "geometry": { "type": "Point", "coordinates": [ -91.480975090483753, 41.458576693574138 ] } },
{ "type": "Feature", "properties": { "PPN": "0921155001", "TotalValue": 616700.0, "PropClass": "R", "pctLandVal": 0.26, "acreVal": 518235.29411764711, "SiteAddres": "4086 ROLLING PRAIRIE DR SE", "credits": "HMST", "acres": 1.19, "permitNo": "BLD-22-30882", "permitType": "Dwelling", "permitDate": "5/24/2022", "permitYr": 2022, "nonmetro": 1 }, "geometry": { "type": "Point", "coordinates": [ -91.432039237963338, 41.635446260599423 ] } },
{ "type": "Feature", "properties": { "PPN": "1225351002", "TotalValue": 2062300.0000000002, "PropClass": "R", "pctLandVal": 0.08, "acreVal": 120110.65812463599, "SiteAddres": "2006 KESTREL RDG SW", "credits": "HMST", "acres": 17.17, "permitNo": "BLD-18-27913", "permitType": "Dwelling", "permitDate": "7/30/2018", "permitYr": 2018, "nonmetro": 1 }, "geometry": { "type": "Point", "coordinates": [ -91.73342412155607, 41.617738954784464 ] } },
{ "type": "Feature", "properties": { "PPN": "0921155002", "TotalValue": 824300.0, "PropClass": "R", "pctLandVal": 0.2, "acreVal": 704529.91452991473, "SiteAddres": "4096 ROLLING PRAIRIE DR SE", "credits": "NONE", "acres": 1.17, "permitNo": "BLD-22-31106", "permitType": "Dwelling", "permitDate": "8/8/2022", "permitYr": 2022, "nonmetro": 1 }, "geometry": { "type": "Point", "coordinates": [ -91.432294739378335, 41.634989286089528 ] } },
{ "type": "Feature", "properties": { "PPN": "0313351007", "TotalValue": 618800.0, "PropClass": "R", "pctLandVal": 0.18, "acreVal": 121095.89041095889, "SiteAddres": "1558 BRAMBLEWOOD DR NE", "credits": "HMST", "acres": 5.11, "permitNo": "BLD-26316", "permitType": "Dwelling", "permitDate": "3/24/2016", "permitYr": 2016, "nonmetro": 1 }, "geometry": { "type": "Point", "coordinates": [ -91.612700530518183, 41.819566447497799 ] } },
{ "type": "Feature", "properties": { "PPN": "1028352010", "TotalValue": 661600.0, "PropClass": "R", "pctLandVal": 0.15, "acreVal": 642330.09708737861, "SiteAddres": "4390 WOODBINE CIR SW", "credits": "HMST", "acres": 1.03, "permitNo": "BLD-17243", "permitType": "Dwelling", "permitDate": "5/24/2012", "permitYr": 2012, "nonmetro": 1 }, "geometry": { "type": "Point", "coordinates": [ -91.558940133046235, 41.615250184100255 ] } },
{ "type": "Feature", "properties": { "PPN": "0421351002", "TotalValue": 533100.0, "PropClass": "R", "pctLandVal": 0.29, "acreVal": 60237.288135593219, "SiteAddres": "1428 AMANA RD NW", "credits": "NONE", "acres": 8.85, "permitNo": "BLD-22-30919", "permitType": "Dwelling", "permitDate": "6/3/2022", "permitYr": 2022, "nonmetro": 1 }, "geometry": { "type": "Point", "coordinates": [ -91.788616404264403, 41.807365793873011 ] } },
{ "type": "Feature", "properties": { "PPN": "0721307001", "TotalValue": 705400.0, "PropClass": "R", "pctLandVal": 0.22, "acreVal": 464078.94736842113, "SiteAddres": "3887 WEST OVERLOOK RD NE", "credits": "NONE", "acres": 1.52, "permitNo": "BLD-21-30070", "permitType": "Dwelling", "permitDate": "6/24/2021", "permitYr": 2021, "nonmetro": 0 }, "geometry": { "type": "Point", "coordinates": [ -91.553010113534313, 41.719414347094727 ] } },
{ "type": "Feature", "properties": { "PPN": "0315152004", "TotalValue": 670400.0, "PropClass": "R", "pctLandVal": 0.12, "acreVal": 338585.8585858586, "SiteAddres": "1495 CURTIS BRIDGE RD NE", "credits": "HMST", "acres": 1.98, "permitNo": "BLD-22-30765", "permitType": "Dwelling", "permitDate": "4/27/2022", "permitYr": 2022, "nonmetro": 1 }, "geometry": { "type": "Point", "coordinates": [ -91.642784797918196, 41.826516826980146 ] } },
{ "type": "Feature", "properties": { "PPN": "0721306001", "TotalValue": 1266600.0, "PropClass": "R", "pctLandVal": 0.21, "acreVal": 732138.72832369944, "SiteAddres": "3899 WOODS LN NE", "credits": "NONE", "acres": 1.73, "permitNo": "BLD-19-28471", "permitType": "Dwelling", "permitDate": "6/18/2019", "permitYr": 2019, "nonmetro": 0 }, "geometry": { "type": "Point", "coordinates": [ -91.55149344889368, 41.719198703663054 ] } },
{ "type": "Feature", "properties": { "PPN": "0703229002", "TotalValue": 1330400.0, "PropClass": "R", "pctLandVal": 0.19, "acreVal": 344663.21243523317, "SiteAddres": "4045 TOPHER DR NE", "credits": "HMST", "acres": 3.86, "permitNo": "BLD-19-28790", "permitType": "Dwelling", "permitDate": "11/8/2019", "permitYr": 2019, "nonmetro": 1 }, "geometry": { "type": "Point", "coordinates": [ -91.537492591502598, 41.771643775005025 ] } },
{ "type": "Feature", "properties": { "PPN": "0818230004", "TotalValue": 319600.0, "PropClass": "R", "pctLandVal": 0.82, "acreVal": 190238.09523809524, "SiteAddres": "2627 NEWPORT RD NE", "credits": "NONE", "acres": 1.68, "permitNo": "BLD-24-32957", "permitType": "Dwelling", "permitDate": "11/4/2024", "permitYr": 2024, "nonmetro": 1 }, "geometry": { "type": "Point", "coordinates": [ -91.481144634879442, 41.742188631025577 ] } },
{ "type": "Feature", "properties": { "PPN": "0703229004", "TotalValue": 1334899.9999999998, "PropClass": "R", "pctLandVal": 0.22, "acreVal": 234604.56942003514, "SiteAddres": "2229 ANDREW CT NE", "credits": "HMST", "acres": 5.69, "permitNo": "BLD-19-28822", "permitType": "Dwelling", "permitDate": "11/19/2019", "permitYr": 2019, "nonmetro": 1 }, "geometry": { "type": "Point", "coordinates": [ -91.539771745655784, 41.770881897535183 ] } },
{ "type": "Feature", "properties": { "PPN": "0818230002", "TotalValue": 1365400.0, "PropClass": "R", "pctLandVal": 0.2, "acreVal": 552793.52226720646, "SiteAddres": "2611 QUINCY RD NE", "credits": "HMST", "acres": 2.47, "permitNo": "BLD-23-31746", "permitType": "Dwelling", "permitDate": "5/17/2023", "permitYr": 2023, "nonmetro": 1 }, "geometry": { "type": "Point", "coordinates": [ -91.481745147810656, 41.742892293746777 ] } },
{ "type": "Feature", "properties": { "PPN": "0703228001", "TotalValue": 908200.0, "PropClass": "R", "pctLandVal": 0.29, "acreVal": 217793.76498800959, "SiteAddres": "4042  TOPHER DR NE", "credits": "HMST", "acres": 4.17, "permitNo": "BLD-20-29451", "permitType": "Dwelling", "permitDate": "10/12/2020", "permitYr": 2020, "nonmetro": 1 }, "geometry": { "type": "Point", "coordinates": [ -91.538167128503829, 41.773063381430205 ] } },
{ "type": "Feature", "properties": { "PPN": "0721430003", "TotalValue": 1723299.9999999998, "PropClass": "R", "pctLandVal": 0.17, "acreVal": 606795.77464788733, "SiteAddres": "3907 WOODS LN NE", "credits": "HMST", "acres": 2.84, "permitNo": "BLD-21-30460", "permitType": "Dwelling", "permitDate": "11/3/2021", "permitYr": 2021, "nonmetro": 0 }, "geometry": { "type": "Point", "coordinates": [ -91.550660820967536, 41.719378523469743 ] } },
{ "type": "Feature", "properties": { "PPN": "0703229003", "TotalValue": 1101300.0, "PropClass": "R", "pctLandVal": 0.23, "acreVal": 290580.47493403696, "SiteAddres": "4033 TOPHER DR NE", "credits": "HMST", "acres": 3.79, "permitNo": "BLD-19-28693", "permitType": "Dwelling", "permitDate": "9/23/2019", "permitYr": 2019, "nonmetro": 1 }, "geometry": { "type": "Point", "coordinates": [ -91.538497675709735, 41.771794016332926 ] } },
{ "type": "Feature", "properties": { "PPN": "0420476002", "TotalValue": 605500.0, "PropClass": "R", "pctLandVal": 0.28, "acreVal": 49753.492193919476, "SiteAddres": "1345 HANGING ROCK LN NW", "credits": "HMST", "acres": 12.17, "permitNo": "BLD-18-27683", "permitType": "Dwelling", "permitDate": "4/10/2018", "permitYr": 2018, "nonmetro": 1 }, "geometry": { "type": "Point", "coordinates": [ -91.795724335200845, 41.806683601088153 ] } },
{ "type": "Feature", "properties": { "PPN": "1314110007", "TotalValue": 701000.0, "PropClass": "M", "pctLandVal": 0.08, "acreVal": 761956.52173913037, "SiteAddres": "5041 3RD ST SW", "credits": "NONE", "acres": 0.92, "permitNo": "BLD-23-31537", "permitType": "Dwelling", "permitDate": "3/14/2023", "permitYr": 2023, "nonmetro": 1 }, "geometry": { "type": "Point", "coordinates": [ -91.735135801361707, 41.567593674012258 ] } },
{ "type": "Feature", "properties": { "PPN": "0703229005", "TotalValue": 721100.0, "PropClass": "R", "pctLandVal": 0.36, "acreVal": 188276.76240208876, "SiteAddres": "2219 ANDREW CT NE", "credits": "NONE", "acres": 3.83, "permitNo": "BLD-24-32764", "permitType": "Dwelling", "permitDate": "8/12/2024", "permitYr": 2024, "nonmetro": 1 }, "geometry": { "type": "Point", "coordinates": [ -91.539950994937499, 41.772256587401294 ] } },
{ "type": "Feature", "properties": { "PPN": "0336326001", "TotalValue": 1878000.0, "PropClass": "R", "pctLandVal": 0.17, "acreVal": 183398.4375, "SiteAddres": "2220 HENDERSHOT RD NE", "credits": "NONE", "acres": 10.24, "permitNo": "BLD-26683", "permitType": "Dwelling", "permitDate": "8/10/2016", "permitYr": 2016, "nonmetro": 1 }, "geometry": { "type": "Point", "coordinates": [ -91.614777003248278, 41.781837832858763 ] } },
{ "type": "Feature", "properties": { "PPN": "0818230007", "TotalValue": 481000.0, "PropClass": "R", "pctLandVal": 0.57, "acreVal": 223720.93023255814, "SiteAddres": "2633 NEWPORT RD NE", "credits": "NONE", "acres": 2.15, "permitNo": "BLD-24-32912", "permitType": "Dwelling", "permitDate": "10/9/2024", "permitYr": 2024, "nonmetro": 1 }, "geometry": { "type": "Point", "coordinates": [ -91.48251101633187, 41.741631261228243 ] } },
{ "type": "Feature", "properties": { "PPN": "0303379006", "TotalValue": 62800.0, "PropClass": "R", "pctLandVal": 1.0, "acreVal": 83733.333333333328, "SiteAddres": "1176 COUNCIL ST NE", "credits": "NONE", "acres": 0.75, "permitNo": "BLD-25-33347", "permitType": "Dwelling", "permitDate": "5/19/2025", "permitYr": 2025, "nonmetro": 0 }, "geometry": { "type": "Point", "coordinates": [ -91.648623991497374, 41.849613962189139 ] } },
{ "type": "Feature", "properties": { "PPN": "1402205001", "TotalValue": 250500.0, "PropClass": "R", "pctLandVal": 0.39, "acreVal": 83500.0, "SiteAddres": "4655 SHARON CENTER RD SW", "credits": "HMST", "acres": 3.0, "permitNo": "BLD-17792", "permitType": "Dwelling", "permitDate": "4/29/2013", "permitYr": 2013, "nonmetro": 1 }, "geometry": { "type": "Point", "coordinates": [ -91.630004433017362, 41.596421159262391 ] } },
{ "type": "Feature", "properties": { "PPN": "1314109010", "TotalValue": 396700.0, "PropClass": "R", "pctLandVal": 0.18, "acreVal": 431195.65217391303, "SiteAddres": "1982 YODER AVE SW", "credits": "HMST", "acres": 0.92, "permitNo": "BLD-26676", "permitType": "Dwelling", "permitDate": "8/17/2016", "permitYr": 2016, "nonmetro": 1 }, "geometry": { "type": "Point", "coordinates": [ -91.733209197248769, 41.567350632416669 ] } },
{ "type": "Feature", "properties": { "PPN": "0713305001", "TotalValue": 870200.0, "PropClass": "R", "pctLandVal": 0.17, "acreVal": 183200.0, "SiteAddres": "2718 NEWPORT RD NE", "credits": "HMST", "acres": 4.75, "permitNo": "BLD-21-29756", "permitType": "Dwelling", "permitDate": "3/1/2021", "permitYr": 2021, "nonmetro": 1 }, "geometry": { "type": "Point", "coordinates": [ -91.496525665585366, 41.734583111546904 ] } },
{ "type": "Feature", "properties": { "PPN": "1109477001", "TotalValue": 692800.0, "PropClass": "R", "pctLandVal": 0.15, "acreVal": 145852.63157894736, "SiteAddres": "3767 JAMES AVE SW", "credits": "NONE", "acres": 4.75, "permitNo": "BLD-19-28788", "permitType": "Dwelling", "permitDate": "12/4/2019", "permitYr": 2019, "nonmetro": 1 }, "geometry": { "type": "Point", "coordinates": [ -91.658150656390291, 41.65986613841617 ] } },
{ "type": "Feature", "properties": { "PPN": "0311328018", "TotalValue": 842900.0, "PropClass": "R", "pctLandVal": 0.18, "acreVal": 271028.93890675245, "SiteAddres": "3020 FOREST RIDGE DR NE", "credits": "NONE", "acres": 3.11, "permitNo": "BLD-24-32437", "permitType": "Dwelling", "permitDate": "3/18/2024", "permitYr": 2024, "nonmetro": 1 }, "geometry": { "type": "Point", "coordinates": [ -91.632227779493604, 41.83920914671539 ] } },
{ "type": "Feature", "properties": { "PPN": "0721430005", "TotalValue": 1584000.0, "PropClass": "R", "pctLandVal": 0.16, "acreVal": 1077551.0204081633, "SiteAddres": "3915 WOODS LN NE", "credits": "HMST", "acres": 1.47, "permitNo": "BLD-19-28801", "permitType": "Dwelling", "permitDate": "11/15/2019", "permitYr": 2019, "nonmetro": 0 }, "geometry": { "type": "Point", "coordinates": [ -91.549635040350751, 41.719125886645365 ] } },
{ "type": "Feature", "properties": { "PPN": "0706479001", "TotalValue": 613600.0, "PropClass": "R", "pctLandVal": 0.23, "acreVal": 203853.82059800666, "SiteAddres": "2357 MEHAFFEY BRIDGE RD NE", "credits": "HMST", "acres": 3.01, "permitNo": "BLD-20-29250", "permitType": "Dwelling", "permitDate": "7/1/2020", "permitYr": 2020, "nonmetro": 1 }, "geometry": { "type": "Point", "coordinates": [ -91.584848868249097, 41.762601863307687 ] } },
{ "type": "Feature", "properties": { "PPN": "1319452001", "TotalValue": 372600.0, "PropClass": "R", "pctLandVal": 0.18, "acreVal": 260559.44055944058, "SiteAddres": "5371 BLACK HAWK AVE SW", "credits": "HMST", "acres": 1.43, "permitNo": "BLD-16858", "permitType": "Dwelling", "permitDate": "8/29/2011", "permitYr": 2011, "nonmetro": 1 }, "geometry": { "type": "Point", "coordinates": [ -91.815004206601316, 41.542755884536106 ] } },
{ "type": "Feature", "properties": { "PPN": "0113177001", "TotalValue": 352400.0, "PropClass": "R", "pctLandVal": 0.19, "acreVal": 163148.14814814815, "SiteAddres": "5791 145TH ST NE", "credits": "HMST", "acres": 2.16, "permitNo": "BLD-19-28330", "permitType": "Dwelling", "permitDate": "5/2/2019", "permitYr": 2019, "nonmetro": 1 }, "geometry": { "type": "Point", "coordinates": [ -91.366925805304476, 41.826940615672939 ] } },
{ "type": "Feature", "properties": { "PPN": "0130101001", "TotalValue": 55200.0, "PropClass": "A", "pctLandVal": 0.95, "acreVal": 1367.0133729569093, "SiteAddres": "4779 180TH ST NE", "credits": "AG", "acres": 40.38, "permitNo": "BLD-25-33259", "permitType": "Dwelling", "permitDate": "4/11/2025", "permitYr": 2025, "nonmetro": 1 }, "geometry": { "type": "Point", "coordinates": [ -91.465769445490153, 41.799987223994414 ] } },
{ "type": "Feature", "properties": { "PPN": "0706177005", "TotalValue": 702400.0, "PropClass": "R", "pctLandVal": 0.25, "acreVal": 202420.7492795389, "SiteAddres": "3576 CAMPGROUND CT NE", "credits": "NONE", "acres": 3.47, "permitNo": "BLD-22-30675", "permitType": "Dwelling", "permitDate": "5/9/2022", "permitYr": 2022, "nonmetro": 1 }, "geometry": { "type": "Point", "coordinates": [ -91.583498159571292, 41.768220144875748 ] } },
{ "type": "Feature", "properties": { "PPN": "0314230001", "TotalValue": 517100.0, "PropClass": "R", "pctLandVal": 0.16, "acreVal": 511980.19801980199, "SiteAddres": "1408 PINE RIDGE LN NE", "credits": "HMST", "acres": 1.01, "permitNo": "BLD-16310", "permitType": "Dwelling", "permitDate": "6/18/2010", "permitYr": 2010, "nonmetro": 1 }, "geometry": { "type": "Point", "coordinates": [ -91.634241678949891, 41.832801911747552 ] } },
{ "type": "Feature", "properties": { "PPN": "1128401003", "TotalValue": 416900.0, "PropClass": "R", "pctLandVal": 0.19, "acreVal": 240982.65895953757, "SiteAddres": "2762 BLACK DIAMOND RD SW", "credits": "HMST", "acres": 1.73, "permitNo": "BLD-17-27474", "permitType": "Dwelling", "permitDate": "10/26/2017", "permitYr": 2017, "nonmetro": 1 }, "geometry": { "type": "Point", "coordinates": [ -91.661004931815739, 41.618986558000287 ] } },
{ "type": "Feature", "properties": { "PPN": "0616252002", "TotalValue": 409500.0, "PropClass": "R", "pctLandVal": 0.17, "acreVal": 317441.86046511628, "SiteAddres": "2656 IRELAND AVE NW", "credits": "HMST", "acres": 1.29, "permitNo": "BLD-17664", "permitType": "Dwelling", "permitDate": "1/22/2013", "permitYr": 2013, "nonmetro": 1 }, "geometry": { "type": "Point", "coordinates": [ -91.675541284890954, 41.741537029118021 ] } },
{ "type": "Feature", "properties": { "PPN": "0321126008", "TotalValue": 694900.0, "PropClass": "R", "pctLandVal": 0.14, "acreVal": 489366.19718309864, "SiteAddres": "2749 HOLLY CT NW", "credits": "HMST", "acres": 1.42, "permitNo": "BLD-26861", "permitType": "Dwelling", "permitDate": "10/24/2016", "permitYr": 2016, "nonmetro": 1 }, "geometry": { "type": "Point", "coordinates": [ -91.661311055688742, 41.816463685691602 ] } },
{ "type": "Feature", "properties": { "PPN": "1109478001", "TotalValue": 525800.0, "PropClass": "R", "pctLandVal": 0.2, "acreVal": 116844.44444444444, "SiteAddres": "2765 NEUZIL RD SW", "credits": "HMST", "acres": 4.5, "permitNo": "BLD-23-31784", "permitType": "Dwelling", "permitDate": "6/2/2023", "permitYr": 2023, "nonmetro": 1 }, "geometry": { "type": "Point", "coordinates": [ -91.660518778656538, 41.660748860560865 ] } },
{ "type": "Feature", "properties": { "PPN": "1709410006", "TotalValue": 213600.0, "PropClass": "R", "pctLandVal": 0.11, "acreVal": 1335000.0, "SiteAddres": "304 W LINN", "credits": "NONE", "acres": 0.16, "permitNo": "BLD-23-32044", "permitType": "Dwelling", "permitDate": "9/5/2023", "permitYr": 2023, "nonmetro": 1 }, "geometry": { "type": "Point", "coordinates": [ -91.430237710859728, 41.48552286743589 ] } },
{ "type": "Feature", "properties": { "PPN": "1336452001", "TotalValue": 580300.0, "PropClass": "R", "pctLandVal": 0.15, "acreVal": 157262.8726287263, "SiteAddres": "2108 JOHNSON WASHINGTON RD SW", "credits": "NONE", "acres": 3.69, "permitNo": "BLD-24-32675", "permitType": "Dwelling", "permitDate": "7/8/2024", "permitYr": 2024, "nonmetro": 1 }, "geometry": { "type": "Point", "coordinates": [ -91.722525147857596, 41.513601639203976 ] } },
{ "type": "Feature", "properties": { "PPN": "0726126008", "TotalValue": 849000.0, "PropClass": "R", "pctLandVal": 0.11, "acreVal": 558552.63157894742, "SiteAddres": "4311 OAKRIDGE TRL NE", "credits": "NONE", "acres": 1.52, "permitNo": "BLD-26156", "permitType": "Dwelling", "permitDate": "10/26/2015", "permitYr": 2015, "nonmetro": 1 }, "geometry": { "type": "Point", "coordinates": [ -91.511321486837687, 41.71338485452813 ] } },
{ "type": "Feature", "properties": { "PPN": "1026351008", "TotalValue": 248200.0, "PropClass": "R", "pctLandVal": 0.21, "acreVal": 517083.33333333337, "SiteAddres": "4210 ANDERSON AVE SE", "credits": "HMST", "acres": 0.48, "permitNo": "BLD-25466", "permitType": "Dwelling", "permitDate": "10/30/2014", "permitYr": 2014, "nonmetro": 1 }, "geometry": { "type": "Point", "coordinates": [ -91.520648730973178, 41.616606398344715 ] } },
{ "type": "Feature", "properties": { "PPN": "0706458001", "TotalValue": 2232400.0, "PropClass": "R", "pctLandVal": 0.17, "acreVal": 637828.57142857148, "SiteAddres": "2365 LAKERIDGE PL NE", "credits": "NONE", "acres": 3.5, "permitNo": "BLD-23-32120", "permitType": "Dwelling", "permitDate": "9/25/2023", "permitYr": 2023, "nonmetro": 1 }, "geometry": { "type": "Point", "coordinates": [ -91.588591284087855, 41.761372712650363 ] } },
{ "type": "Feature", "properties": { "PPN": "0227452002", "TotalValue": 464700.0, "PropClass": "R", "pctLandVal": 0.37, "acreVal": 50292.207792207788, "SiteAddres": "4128 200TH ST NE", "credits": "NONE", "acres": 9.24, "permitNo": "BLD-24-32592", "permitType": "Dwelling", "permitDate": "6/21/2024", "permitYr": 2024, "nonmetro": 1 }, "geometry": { "type": "Point", "coordinates": [ -91.527128134413687, 41.789277710460993 ] } },
{ "type": "Feature", "properties": { "PPN": "0706453007", "TotalValue": 1971100.0000000002, "PropClass": "R", "pctLandVal": 0.21, "acreVal": 408941.90871369292, "SiteAddres": "3515 LAKERIDGE CT NE", "credits": "HMST", "acres": 4.82, "permitNo": "BLD-16648", "permitType": "Dwelling", "permitDate": "9/15/2011", "permitYr": 2011, "nonmetro": 1 }, "geometry": { "type": "Point", "coordinates": [ -91.589345512894525, 41.762437672963578 ] } },
{ "type": "Feature", "properties": { "PPN": "0706426005", "TotalValue": 1943000.0, "PropClass": "R", "pctLandVal": 0.19, "acreVal": 639144.73684210528, "SiteAddres": "2342 LAKERIDGE PL NE", "credits": "HMST", "acres": 3.04, "permitNo": "BLD-24924", "permitType": "Dwelling", "permitDate": "11/20/2013", "permitYr": 2013, "nonmetro": 1 }, "geometry": { "type": "Point", "coordinates": [ -91.586059608703678, 41.763513985688505 ] } },
{ "type": "Feature", "properties": { "PPN": "0721430001", "TotalValue": 1040600.0, "PropClass": "R", "pctLandVal": 0.32, "acreVal": 210222.22222222222, "SiteAddres": "3923 WOODS LN NE", "credits": "HMST", "acres": 4.95, "permitNo": "BLD-21-30419", "permitType": "Dwelling", "permitDate": "10/20/2021", "permitYr": 2021, "nonmetro": 0 }, "geometry": { "type": "Point", "coordinates": [ -91.547835429271018, 41.719169681367696 ] } },
{ "type": "Feature", "properties": { "PPN": "0819402006", "TotalValue": 579000.0, "PropClass": "R", "pctLandVal": 0.21, "acreVal": 117444.21906693712, "SiteAddres": "4791 DINGLEBERRY RD NE", "credits": "HMST", "acres": 4.93, "permitNo": "BLD-17915", "permitType": "Dwelling", "permitDate": "7/31/2013", "permitYr": 2013, "nonmetro": 1 }, "geometry": { "type": "Point", "coordinates": [ -91.464038427294113, 41.719570706248348 ] } },
{ "type": "Feature", "properties": { "PPN": "1314109006", "TotalValue": 391800.0, "PropClass": "R", "pctLandVal": 0.16, "acreVal": 399795.91836734692, "SiteAddres": "1985 MILL VIEW CIR SW", "credits": "HMST", "acres": 0.98, "permitNo": "BLD-26410", "permitType": "Dwelling", "permitDate": "4/8/2016", "permitYr": 2016, "nonmetro": 1 }, "geometry": { "type": "Point", "coordinates": [ -91.733908093778894, 41.568278722635796 ] } },
{ "type": "Feature", "properties": { "PPN": "0706456001", "TotalValue": 1428899.9999999998, "PropClass": "R", "pctLandVal": 0.22, "acreVal": 433000.0, "SiteAddres": "2362 LAKERIDGE PL NE", "credits": "HMST", "acres": 3.3, "permitNo": "BLD-17933", "permitType": "Dwelling", "permitDate": "8/22/2013", "permitYr": 2013, "nonmetro": 1 }, "geometry": { "type": "Point", "coordinates": [ -91.586845292309533, 41.762149095983105 ] } },
{ "type": "Feature", "properties": { "PPN": "1031252001", "TotalValue": 1210899.9999999998, "PropClass": "R", "pctLandVal": 0.08, "acreVal": 379592.47648902819, "SiteAddres": "4461 MAIER AVE SW", "credits": "HMST", "acres": 3.19, "permitNo": "BLD-25053", "permitType": "Dwelling", "permitDate": "6/17/2014", "permitYr": 2014, "nonmetro": 1 }, "geometry": { "type": "Point", "coordinates": [ -91.59780168757618, 41.609408021948155 ] } },
{ "type": "Feature", "properties": { "PPN": "0706457001", "TotalValue": 2058899.9999999998, "PropClass": "R", "pctLandVal": 0.18, "acreVal": 629633.02752293576, "SiteAddres": "3528 LAKERIDGE CT NE", "credits": "HMST", "acres": 3.27, "permitNo": "BLD-20-29001", "permitType": "Dwelling", "permitDate": "4/14/2020", "permitYr": 2020, "nonmetro": 1 }, "geometry": { "type": "Point", "coordinates": [ -91.588086627598216, 41.762710900749674 ] } },
{ "type": "Feature", "properties": { "PPN": "0218202007", "TotalValue": 811500.0, "PropClass": "R", "pctLandVal": 0.16, "acreVal": 76992.409867172682, "SiteAddres": "3480 SANDY BEACH RD NE", "credits": "HMST", "acres": 10.54, "permitNo": "BLD-22-31034", "permitType": "Dwelling", "permitDate": "7/14/2022", "permitYr": 2022, "nonmetro": 1 }, "geometry": { "type": "Point", "coordinates": [ -91.592259281535533, 41.830227664971069 ] } },
{ "type": "Feature", "properties": { "PPN": "0315401003", "TotalValue": 676400.0, "PropClass": "R", "pctLandVal": 0.23, "acreVal": 138323.10838445809, "SiteAddres": "1510 RIDGE TOP DR NE", "credits": "NONE", "acres": 4.89, "permitNo": "BLD-18-27859", "permitType": "Dwelling", "permitDate": "6/14/2018", "permitYr": 2018, "nonmetro": 1 }, "geometry": { "type": "Point", "coordinates": [ -91.638719750933305, 41.823130600708851 ] } },
{ "type": "Feature", "properties": { "PPN": "0630403001", "TotalValue": 454700.0, "PropClass": "R", "pctLandVal": 0.17, "acreVal": 193489.36170212764, "SiteAddres": "2387 COPI RD NW", "credits": "HMST", "acres": 2.35, "permitNo": "BLD-21-30120", "permitType": "Dwelling", "permitDate": "7/16/2021", "permitYr": 2021, "nonmetro": 1 }, "geometry": { "type": "Point", "coordinates": [ -91.696497056494962, 41.706939276800398 ] } },
{ "type": "Feature", "properties": { "PPN": "0229405001", "TotalValue": 2527399.9999999995, "PropClass": "R", "pctLandVal": 0.44, "acreVal": 4357586.2068965519, "SiteAddres": "3701 COTTAGE RESERVE RD NE", "credits": "HMST", "acres": 0.58, "permitNo": "BLD-18-28218", "permitType": "Dwelling", "permitDate": "3/26/2019", "permitYr": 2019, "nonmetro": 1 }, "geometry": { "type": "Point", "coordinates": [ -91.563822621673495, 41.793188999482346 ] } },
{ "type": "Feature", "properties": { "PPN": "1232302001", "TotalValue": 231700.0, "PropClass": "R", "pctLandVal": 0.34, "acreVal": 81013.986013986025, "SiteAddres": "4506 BLACK HAWK AVE SW", "credits": "HMST", "acres": 2.86, "permitNo": "BLD-22-31233", "permitType": "Dwelling", "permitDate": "9/16/2022", "permitYr": 2022, "nonmetro": 1 }, "geometry": { "type": "Point", "coordinates": [ -91.807650840557443, 41.607141170440926 ] } },
{ "type": "Feature", "properties": { "PPN": "0112279001", "TotalValue": 344300.0, "PropClass": "R", "pctLandVal": 0.19, "acreVal": 167951.21951219512, "SiteAddres": "5690 130TH ST NE", "credits": "NONE", "acres": 2.05, "permitNo": "BLD-27148", "permitType": "Dwelling", "permitDate": "5/31/2017", "permitYr": 2017, "nonmetro": 1 }, "geometry": { "type": "Point", "coordinates": [ -91.376965828398255, 41.83896294454577 ] } },
{ "type": "Feature", "properties": { "PPN": "0317204005", "TotalValue": 157000.0, "PropClass": "R", "pctLandVal": 0.7, "acreVal": 47005.988023952101, "SiteAddres": "2473 140TH ST NW", "credits": "NONE", "acres": 3.34, "permitNo": "BLD-24-32949", "permitType": "Dwelling", "permitDate": "10/24/2024", "permitYr": 2024, "nonmetro": 1 }, "geometry": { "type": "Point", "coordinates": [ -91.686261583161837, 41.831675302720718 ] } },
{ "type": "Feature", "properties": { "PPN": "1710356007", "TotalValue": 273500.0, "PropClass": "R", "pctLandVal": 0.11, "acreVal": 1302380.9523809527, "SiteAddres": "510 S CENTER ST", "credits": "HMST", "acres": 0.21, "permitNo": "BLD-23-31571", "permitType": "Dwelling", "permitDate": "3/16/2023", "permitYr": 2023, "nonmetro": 1 }, "geometry": { "type": "Point", "coordinates": [ -91.42399070432657, 41.48235903735781 ] } },
{ "type": "Feature", "properties": { "PPN": "0709403001", "TotalValue": 1378499.9999999998, "PropClass": "R", "pctLandVal": 0.15, "acreVal": 137850.0, "SiteAddres": "3980 245TH ST EXT NE", "credits": "HMST", "acres": 10.0, "permitNo": "BLD-17604", "permitType": "Dwelling", "permitDate": "12/3/2012", "permitYr": 2012, "nonmetro": 1 }, "geometry": { "type": "Point", "coordinates": [ -91.54438503812419, 41.750937772200004 ] } },
{ "type": "Feature", "properties": { "PPN": "1034103001", "TotalValue": 669900.0, "PropClass": "R", "pctLandVal": 0.08, "acreVal": 429423.07692307699, "SiteAddres": "4445 SAND RD SE", "credits": "HMST", "acres": 1.56, "permitNo": "BLD-24864", "permitType": "Dwelling", "permitDate": "10/25/2013", "permitYr": 2013, "nonmetro": 1 }, "geometry": { "type": "Point", "coordinates": [ -91.522267785452243, 41.609765671814117 ] } },
{ "type": "Feature", "properties": { "PPN": "0830328002", "TotalValue": 760300.0, "PropClass": "R", "pctLandVal": 0.1, "acreVal": 539219.85815602844, "SiteAddres": "3116 HIGHWAY 1 NE", "credits": "HMST", "acres": 1.41, "permitNo": "BLD-27036", "permitType": "Dwelling", "permitDate": "3/6/2017", "permitYr": 2017, "nonmetro": 1 }, "geometry": { "type": "Point", "coordinates": [ -91.483083690682861, 41.706619569760065 ] } },
{ "type": "Feature", "properties": { "PPN": "0226352002", "TotalValue": 917000.0, "PropClass": "A, AD", "pctLandVal": 0.01, "acreVal": 183400.0, "SiteAddres": "1951 JORDAN CREEK RD NE", "credits": "HMST", "acres": 5.0, "permitNo": "BLD-18-27755", "permitType": "Dwelling", "permitDate": "5/8/2018", "permitYr": 2018, "nonmetro": 1 }, "geometry": { "type": "Point", "coordinates": [ -91.519340769363708, 41.791151389318657 ] } },
{ "type": "Feature", "properties": { "PPN": "1216127001", "TotalValue": 549200.0, "PropClass": "R", "pctLandVal": 0.13, "acreVal": 241938.32599118943, "SiteAddres": "1553 IWV RD SW", "credits": "HMST", "acres": 2.27, "permitNo": "BLD-23-31724", "permitType": "Dwelling", "permitDate": "6/9/2023", "permitYr": 2023, "nonmetro": 1 }, "geometry": { "type": "Point", "coordinates": [ -91.780518961956062, 41.657772822113827 ] } },
{ "type": "Feature", "properties": { "PPN": "0716251008", "TotalValue": 191000.0, "PropClass": "R", "pctLandVal": 1.0, "acreVal": 72900.763358778626, "SiteAddres": "2661 WOODFIELD LN NE", "credits": "NONE", "acres": 2.62, "permitNo": "BLD-24-33058", "permitType": "Dwelling", "permitDate": "12/19/2024", "permitYr": 2024, "nonmetro": 1 }, "geometry": { "type": "Point", "coordinates": [ -91.558657626973272, 41.739444606110361 ] } },
{ "type": "Feature", "properties": { "PPN": "0230360003", "TotalValue": 816900.0, "PropClass": "R", "pctLandVal": 0.2, "acreVal": 294909.74729241879, "SiteAddres": "1999 SCALES BEND RD NE", "credits": "HMST", "acres": 2.77, "permitNo": "BLD-20-28910", "permitType": "Dwelling", "permitDate": "2/21/2020", "permitYr": 2020, "nonmetro": 1 }, "geometry": { "type": "Point", "coordinates": [ -91.596883522209509, 41.789736393921011 ] } },
{ "type": "Feature", "properties": { "PPN": "0234404003", "TotalValue": 892800.0, "PropClass": "R", "pctLandVal": 0.14, "acreVal": 209086.65105386419, "SiteAddres": "2103 POPLAR AVE NE", "credits": "HMST", "acres": 4.27, "permitNo": "BLD-25231", "permitType": "Dwelling", "permitDate": "7/3/2014", "permitYr": 2014, "nonmetro": 1 }, "geometry": { "type": "Point", "coordinates": [ -91.52495043788393, 41.778337717249244 ] } },
{ "type": "Feature", "properties": { "PPN": "0230360002", "TotalValue": 1205699.9999999998, "PropClass": "R", "pctLandVal": 0.13, "acreVal": 430607.1428571429, "SiteAddres": "1995 SCALES BEND RD NE", "credits": "HMST", "acres": 2.8, "permitNo": "BLD-19-28803", "permitType": "Dwelling", "permitDate": "11/19/2019", "permitYr": 2019, "nonmetro": 1 }, "geometry": { "type": "Point", "coordinates": [ -91.596717824946822, 41.79026845967568 ] } },
{ "type": "Feature", "properties": { "PPN": "0304477018", "TotalValue": 561700.0, "PropClass": "R", "pctLandVal": 0.18, "acreVal": 711012.65822784812, "SiteAddres": "2795 JEFFERSON CT NE", "credits": "HMST", "acres": 0.79, "permitNo": "BLD-17434", "permitType": "Dwelling", "permitDate": "9/4/2012", "permitYr": 2012, "nonmetro": 0 }, "geometry": { "type": "Point", "coordinates": [ -91.656259307218917, 41.848244537680863 ] } },
{ "type": "Feature", "properties": { "PPN": "0325228003", "TotalValue": 504600.0, "PropClass": "R", "pctLandVal": 0.32, "acreVal": 48519.230769230766, "SiteAddres": "1823 LAKE MANOR RD NE", "credits": "HMST", "acres": 10.4, "permitNo": "BLD-17154", "permitType": "Dwelling", "permitDate": "4/2/2012", "permitYr": 2012, "nonmetro": 1 }, "geometry": { "type": "Point", "coordinates": [ -91.615860035105314, 41.802321042339422 ] } },
{ "type": "Feature", "properties": { "PPN": "0310404011", "TotalValue": 748500.0, "PropClass": "R", "pctLandVal": 0.23, "acreVal": 184359.60591133006, "SiteAddres": "1378 SPRING RIDGE CT NE", "credits": "NONE", "acres": 4.06, "permitNo": "BLD-17709", "permitType": "Dwelling", "permitDate": "3/22/2013", "permitYr": 2013, "nonmetro": 0 }, "geometry": { "type": "Point", "coordinates": [ -91.640478808045756, 41.83448980318763 ] } },
{ "type": "Feature", "properties": { "PPN": "1026355001", "TotalValue": 755200.0, "PropClass": "R", "pctLandVal": 0.21, "acreVal": 613983.7398373984, "SiteAddres": "4242 PLEASANT VALLEY DR SE", "credits": "NONE", "acres": 1.23, "permitNo": "BLD-22-30760", "permitType": "Dwelling", "permitDate": "5/10/2022", "permitYr": 2022, "nonmetro": 1 }, "geometry": { "type": "Point", "coordinates": [ -91.517300475341258, 41.614583501944082 ] } },
{ "type": "Feature", "properties": { "PPN": "0310404013", "TotalValue": 799900.0, "PropClass": "R", "pctLandVal": 0.14, "acreVal": 620077.51937984477, "SiteAddres": "1369 SPRING RIDGE CT NE", "credits": "HMST", "acres": 1.29, "permitNo": "BLD-25675", "permitType": "Dwelling", "permitDate": "3/23/2015", "permitYr": 2015, "nonmetro": 0 }, "geometry": { "type": "Point", "coordinates": [ -91.639678258595936, 41.835775935342042 ] } },
{ "type": "Feature", "properties": { "PPN": "0310404009", "TotalValue": 613200.0, "PropClass": "R", "pctLandVal": 0.18, "acreVal": 601176.4705882353, "SiteAddres": "1368 SPRING RIDGE CT NE", "credits": "HMST", "acres": 1.02, "permitNo": "BLD-17236", "permitType": "Dwelling", "permitDate": "5/17/2012", "permitYr": 2012, "nonmetro": 0 }, "geometry": { "type": "Point", "coordinates": [ -91.64097233001074, 41.835821349679485 ] } },
{ "type": "Feature", "properties": { "PPN": "1508151002", "TotalValue": 538400.0, "PropClass": "R", "pctLandVal": 0.32, "acreVal": 27055.276381909549, "SiteAddres": "4880 NO WHERE AVE SW", "credits": "NONE", "acres": 19.9, "permitNo": "BLD-20-29459", "permitType": "Dwelling", "permitDate": "11/5/2020", "permitYr": 2020, "nonmetro": 1 }, "geometry": { "type": "Point", "coordinates": [ -91.568800935363043, 41.578368130767373 ] } },
{ "type": "Feature", "properties": { "PPN": "0310404010", "TotalValue": 948600.0, "PropClass": "R", "pctLandVal": 0.13, "acreVal": 585555.5555555555, "SiteAddres": "1374 SPRING RIDGE CT NE", "credits": "HMST", "acres": 1.62, "permitNo": "BLD-25126", "permitType": "Dwelling", "permitDate": "5/12/2014", "permitYr": 2014, "nonmetro": 0 }, "geometry": { "type": "Point", "coordinates": [ -91.641164003869065, 41.835075168129109 ] } },
{ "type": "Feature", "properties": { "PPN": "1026355005", "TotalValue": 5000.0, "PropClass": "R", "pctLandVal": 1.0, "acreVal": 5000.0, "SiteAddres": "4218 PLEASANT VALLEY DR SE", "credits": "NONE", "acres": 1.0, "permitNo": "BLD-25-33174", "permitType": "Dwelling", "permitDate": "3/11/2025", "permitYr": 2025, "nonmetro": 1 }, "geometry": { "type": "Point", "coordinates": [ -91.520332460816093, 41.614487046840971 ] } },
{ "type": "Feature", "properties": { "PPN": "0310404012", "TotalValue": 833300.0, "PropClass": "R", "pctLandVal": 0.19, "acreVal": 234732.3943661972, "SiteAddres": "1375 SPRING RIDGE CT NE", "credits": "HMST", "acres": 3.55, "permitNo": "BLD-17146", "permitType": "Dwelling", "permitDate": "3/26/2012", "permitYr": 2012, "nonmetro": 0 }, "geometry": { "type": "Point", "coordinates": [ -91.639458964715743, 41.834893193595242 ] } },
{ "type": "Feature", "properties": { "PPN": "0304403002", "TotalValue": 568800.0, "PropClass": "R", "pctLandVal": 0.14, "acreVal": 768648.64864864864, "SiteAddres": "2778 PRAIRIE VIEW DR NE", "credits": "NONE", "acres": 0.74, "permitNo": "BLD-17339", "permitType": "Dwelling", "permitDate": "7/10/2012", "permitYr": 2012, "nonmetro": 1 }, "geometry": { "type": "Point", "coordinates": [ -91.658054117494927, 41.854392195490746 ] } },
{ "type": "Feature", "properties": { "PPN": "0717151003", "TotalValue": 790000.0, "PropClass": "R", "pctLandVal": 0.23, "acreVal": 473053.89221556886, "SiteAddres": "2651 WILLOW CT NE", "credits": "HMST", "acres": 1.67, "permitNo": "BLD-27331", "permitType": "Dwelling", "permitDate": "8/8/2017", "permitYr": 2017, "nonmetro": 1 }, "geometry": { "type": "Point", "coordinates": [ -91.567892892505668, 41.740730266074401 ] } },
{ "type": "Feature", "properties": { "PPN": "0310404007", "TotalValue": 827000.0, "PropClass": "R", "pctLandVal": 0.13, "acreVal": 765740.74074074067, "SiteAddres": "1354 SPRING RIDGE CT NE", "credits": "HMST", "acres": 1.08, "permitNo": "BLD-24863", "permitType": "Dwelling", "permitDate": "10/16/2013", "permitYr": 2013, "nonmetro": 0 }, "geometry": { "type": "Point", "coordinates": [ -91.640891636486955, 41.836705526698033 ] } },
{ "type": "Feature", "properties": { "PPN": "0315431002", "TotalValue": 680800.0, "PropClass": "R", "pctLandVal": 0.16, "acreVal": 230779.66101694913, "SiteAddres": "1540 CURTIS BRIDGE RD NE", "credits": "NONE", "acres": 2.95, "permitNo": "BLD-19-28269", "permitType": "Dwelling", "permitDate": "3/15/2019", "permitYr": 2019, "nonmetro": 1 }, "geometry": { "type": "Point", "coordinates": [ -91.644068318437164, 41.822669153832983 ] } },
{ "type": "Feature", "properties": { "PPN": "0310404015", "TotalValue": 639100.0, "PropClass": "R", "pctLandVal": 0.17, "acreVal": 591759.25925925921, "SiteAddres": "1353 SPRING RIDGE CT NE", "credits": "NONE", "acres": 1.08, "permitNo": "BLD-17369", "permitType": "Dwelling", "permitDate": "7/23/2012", "permitYr": 2012, "nonmetro": 0 }, "geometry": { "type": "Point", "coordinates": [ -91.639612414283775, 41.836616463478094 ] } },
{ "type": "Feature", "properties": { "PPN": "1028378002", "TotalValue": 492800.0, "PropClass": "R", "pctLandVal": 0.25, "acreVal": 278418.07909604517, "SiteAddres": "4371 NUTWOOD DR SW", "credits": "HMST", "acres": 1.77, "permitNo": "BLD-17760", "permitType": "Dwelling", "permitDate": "4/17/2013", "permitYr": 2013, "nonmetro": 1 }, "geometry": { "type": "Point", "coordinates": [ -91.55490159759124, 41.615625437309262 ] } },
{ "type": "Feature", "properties": { "PPN": "0310404014", "TotalValue": 862400.0, "PropClass": "R", "pctLandVal": 0.13, "acreVal": 695483.87096774194, "SiteAddres": "1361 SPRING RIDGE CT NE", "credits": "HMST", "acres": 1.24, "permitNo": "BLD-17789", "permitType": "Dwelling", "permitDate": "4/25/2013", "permitYr": 2013, "nonmetro": 0 }, "geometry": { "type": "Point", "coordinates": [ -91.639638727531391, 41.836198806167609 ] } },
{ "type": "Feature", "properties": { "PPN": "0310404008", "TotalValue": 769600.0, "PropClass": "R", "pctLandVal": 0.14, "acreVal": 761980.19801980199, "SiteAddres": "1360 SPRING RIDGE CT NE", "credits": "NONE", "acres": 1.01, "permitNo": "BLD-17246", "permitType": "Dwelling", "permitDate": "5/23/2012", "permitYr": 2012, "nonmetro": 0 }, "geometry": { "type": "Point", "coordinates": [ -91.640961080323976, 41.836274012548941 ] } },
{ "type": "Feature", "properties": { "PPN": "0310404017", "TotalValue": 652700.0, "PropClass": "R", "pctLandVal": 0.18, "acreVal": 476423.35766423354, "SiteAddres": "1337 SPRING RIDGE CT NE", "credits": "NONE", "acres": 1.37, "permitNo": "BLD-25702", "permitType": "Dwelling", "permitDate": "4/7/2015", "permitYr": 2015, "nonmetro": 0 }, "geometry": { "type": "Point", "coordinates": [ -91.639134712463701, 41.837354948891189 ] } },
{ "type": "Feature", "properties": { "PPN": "1435202001", "TotalValue": 536300.0, "PropClass": "R", "pctLandVal": 0.17, "acreVal": 239419.64285714284, "SiteAddres": "3084 560TH ST SW", "credits": "HMST", "acres": 2.24, "permitNo": "BLD-19-28281", "permitType": "Dwelling", "permitDate": "4/19/2019", "permitYr": 2019, "nonmetro": 1 }, "geometry": { "type": "Point", "coordinates": [ -91.629144535586349, 41.521909612890674 ] } },
{ "type": "Feature", "properties": { "PPN": "0310404018", "TotalValue": 616000.0, "PropClass": "R", "pctLandVal": 0.2, "acreVal": 400000.0, "SiteAddres": "1335 SPRING RIDGE CT NE", "credits": "HMST", "acres": 1.54, "permitNo": "BLD-17210", "permitType": "Dwelling", "permitDate": "4/26/2012", "permitYr": 2012, "nonmetro": 0 }, "geometry": { "type": "Point", "coordinates": [ -91.638640503701907, 41.837576523953551 ] } },
{ "type": "Feature", "properties": { "PPN": "0310404006", "TotalValue": 808200.0, "PropClass": "R", "pctLandVal": 0.14, "acreVal": 636377.95275590545, "SiteAddres": "1350 SPRING RIDGE CT NE", "credits": "HMST", "acres": 1.27, "permitNo": "BLD-17867", "permitType": "Dwelling", "permitDate": "6/28/2013", "permitYr": 2013, "nonmetro": 0 }, "geometry": { "type": "Point", "coordinates": [ -91.640845870868205, 41.837152015297846 ] } },
{ "type": "Feature", "properties": { "PPN": "0310404016", "TotalValue": 870600.0, "PropClass": "R", "pctLandVal": 0.13, "acreVal": 659545.45454545447, "SiteAddres": "1347 SPRING RIDGE CT NE", "credits": "HMST, MIL", "acres": 1.32, "permitNo": "BLD-24838", "permitType": "Dwelling", "permitDate": "10/4/2013", "permitYr": 2013, "nonmetro": 0 }, "geometry": { "type": "Point", "coordinates": [ -91.639413797550816, 41.837008025705892 ] } },
{ "type": "Feature", "properties": { "PPN": "0819354001", "TotalValue": 525200.0, "PropClass": "R", "pctLandVal": 0.2, "acreVal": 121856.14849187934, "SiteAddres": "4660 PENNY LN NE", "credits": "HMST, MIL", "acres": 4.31, "permitNo": "BLD-17941", "permitType": "Dwelling", "permitDate": "8/28/2013", "permitYr": 2013, "nonmetro": 1 }, "geometry": { "type": "Point", "coordinates": [ -91.479137017168171, 41.717735128920317 ] } },
{ "type": "Feature", "properties": { "PPN": "0310404003", "TotalValue": 752700.0, "PropClass": "R", "pctLandVal": 0.17, "acreVal": 430114.28571428574, "SiteAddres": "1334 SPRING RIDGE CT NE", "credits": "HMST", "acres": 1.75, "permitNo": "BLD-16803", "permitType": "Dwelling", "permitDate": "7/21/2011", "permitYr": 2011, "nonmetro": 0 }, "geometry": { "type": "Point", "coordinates": [ -91.639772734952373, 41.83848378889698 ] } },
{ "type": "Feature", "properties": { "PPN": "0321126005", "TotalValue": 383700.0, "PropClass": "R", "pctLandVal": 0.26, "acreVal": 188088.23529411765, "SiteAddres": "2725 HOLLY CT NW", "credits": "HMST", "acres": 2.04, "permitNo": "BLD-25883", "permitType": "Dwelling", "permitDate": "6/22/2015", "permitYr": 2015, "nonmetro": 1 }, "geometry": { "type": "Point", "coordinates": [ -91.663141935309923, 41.817901743266511 ] } },
{ "type": "Feature", "properties": { "PPN": "0310404002", "TotalValue": 538800.0, "PropClass": "R", "pctLandVal": 0.19, "acreVal": 301005.58659217879, "SiteAddres": "1309 CURTIS BRIDGE RD NE", "credits": "HMST", "acres": 1.79, "permitNo": "BLD-24760", "permitType": "Dwelling", "permitDate": "8/22/2013", "permitYr": 2013, "nonmetro": 0 }, "geometry": { "type": "Point", "coordinates": [ -91.640775562873984, 41.838832574545442 ] } },
{ "type": "Feature", "properties": { "PPN": "0310404005", "TotalValue": 725600.0, "PropClass": "R", "pctLandVal": 0.18, "acreVal": 388021.3903743315, "SiteAddres": "1344 SPRING RIDGE CT NE", "credits": "HMST", "acres": 1.87, "permitNo": "BLD-16389", "permitType": "Dwelling", "permitDate": "8/17/2010", "permitYr": 2010, "nonmetro": 0 }, "geometry": { "type": "Point", "coordinates": [ -91.640815354670622, 41.837703887259913 ] } },
{ "type": "Feature", "properties": { "PPN": "0310404004", "TotalValue": 716500.0, "PropClass": "R", "pctLandVal": 0.18, "acreVal": 393681.31868131866, "SiteAddres": "1336 SPRING RIDGE CT NE", "credits": "HMST", "acres": 1.82, "permitNo": "BLD-24885", "permitType": "Dwelling", "permitDate": "10/22/2013", "permitYr": 2013, "nonmetro": 0 }, "geometry": { "type": "Point", "coordinates": [ -91.640378392728209, 41.838150079509774 ] } },
{ "type": "Feature", "properties": { "PPN": "0735378002", "TotalValue": 528800.0, "PropClass": "R", "pctLandVal": 0.16, "acreVal": 518431.37254901958, "SiteAddres": "1160 KYLE DR NE", "credits": "HMST", "acres": 1.02, "permitNo": "BLD-16558", "permitType": "Dwelling", "permitDate": "12/21/2010", "permitYr": 2010, "nonmetro": 0 }, "geometry": { "type": "Point", "coordinates": [ -91.516353410857391, 41.6890115590408 ] } },
{ "type": "Feature", "properties": { "PPN": "0310404001", "TotalValue": 704000.0, "PropClass": "R", "pctLandVal": 0.14, "acreVal": 429268.29268292687, "SiteAddres": "1305 CURTIS BRIDGE RD NE", "credits": "HMST", "acres": 1.64, "permitNo": "BLD-17631", "permitType": "Dwelling", "permitDate": "12/7/2012", "permitYr": 2012, "nonmetro": 0 }, "geometry": { "type": "Point", "coordinates": [ -91.641022269099665, 41.839466690262874 ] } },
{ "type": "Feature", "properties": { "PPN": "0735354003", "TotalValue": 903000.0, "PropClass": "R", "pctLandVal": 0.1, "acreVal": 820909.09090909082, "SiteAddres": "1151 KYLE DR NE", "credits": "HMST", "acres": 1.1, "permitNo": "BLD-19-28751", "permitType": "Dwelling", "permitDate": "10/30/2019", "permitYr": 2019, "nonmetro": 0 }, "geometry": { "type": "Point", "coordinates": [ -91.517662432822164, 41.688983018902775 ] } },
{ "type": "Feature", "properties": { "PPN": "0806254001", "TotalValue": 1211800.0, "PropClass": "R", "pctLandVal": 0.11, "acreVal": 296283.61858190713, "SiteAddres": "2273 DILLONS FURROW RD NE", "credits": "HMST", "acres": 4.09, "permitNo": "BLD-19-28769", "permitType": "Dwelling", "permitDate": "11/6/2019", "permitYr": 2019, "nonmetro": 1 }, "geometry": { "type": "Point", "coordinates": [ -91.479778494821772, 41.767157911282389 ] } },
{ "type": "Feature", "properties": { "PPN": "0336326003", "TotalValue": 868800.0, "PropClass": "R", "pctLandVal": 0.33, "acreVal": 72039.800995024867, "SiteAddres": "2236 HENDERSHOT RD NE", "credits": "HMST", "acres": 12.06, "permitNo": "BLD-25552", "permitType": "Dwelling", "permitDate": "1/12/2015", "permitYr": 2015, "nonmetro": 1 }, "geometry": { "type": "Point", "coordinates": [ -91.614783908075793, 41.780199021690933 ] } },
{ "type": "Feature", "properties": { "PPN": "0304477016", "TotalValue": 543900.0, "PropClass": "R", "pctLandVal": 0.22, "acreVal": 494454.54545454541, "SiteAddres": "2787 JEFFERSON CT NE", "credits": "HMST", "acres": 1.1, "permitNo": "BLD-16710", "permitType": "Dwelling", "permitDate": "5/25/2011", "permitYr": 2011, "nonmetro": 0 }, "geometry": { "type": "Point", "coordinates": [ -91.657435880697662, 41.848195685243667 ] } },
{ "type": "Feature", "properties": { "PPN": "1213377001", "TotalValue": 415300.0, "PropClass": "R", "pctLandVal": 0.19, "acreVal": 145209.79020979023, "SiteAddres": "2118 400TH ST SW", "credits": "HMST", "acres": 2.86, "permitNo": "BLD-16701", "permitType": "Dwelling", "permitDate": "5/11/2011", "permitYr": 2011, "nonmetro": 1 }, "geometry": { "type": "Point", "coordinates": [ -91.72704946786375, 41.64414739034887 ] } },
{ "type": "Feature", "properties": { "PPN": "1709139001", "TotalValue": 111500.0, "PropClass": "R", "pctLandVal": 0.2, "acreVal": 66766.467065868273, "SiteAddres": "743 N PERKINS ST", "credits": "HMST", "acres": 1.67, "permitNo": "BLD-21-30521", "permitType": "Dwelling", "permitDate": "2/4/2022", "permitYr": 2022, "nonmetro": 1 }, "geometry": { "type": "Point", "coordinates": [ -91.432148288618109, 41.495171373900661 ] } },
{ "type": "Feature", "properties": { "PPN": "1812290001", "TotalValue": 453100.0, "PropClass": "R", "pctLandVal": 0.12, "acreVal": 390603.44827586209, "SiteAddres": "6071 OTTER CREEK RD SE", "credits": "NONE", "acres": 1.16, "permitNo": "BLD-22-30991", "permitType": "Dwelling", "permitDate": "9/7/2022", "permitYr": 2022, "nonmetro": 1 }, "geometry": { "type": "Point", "coordinates": [ -91.497100423493677, 41.491178699738668 ] } },
{ "type": "Feature", "properties": { "PPN": "0712402002", "TotalValue": 884900.0, "PropClass": "A, AD", "pctLandVal": 0.03, "acreVal": 47371.520342612421, "SiteAddres": "2545 QUINCY RD NE", "credits": "HMST", "acres": 18.68, "permitNo": "BLD-22-30884", "permitType": "Dwelling", "permitDate": "6/13/2022", "permitYr": 2022, "nonmetro": 1 }, "geometry": { "type": "Point", "coordinates": [ -91.486014571075017, 41.748169191707206 ] } },
{ "type": "Feature", "properties": { "PPN": "0133403002", "TotalValue": 242600.0, "PropClass": "R", "pctLandVal": 0.26, "acreVal": 169650.3496503497, "SiteAddres": "5169 210TH ST NE", "credits": "NONE", "acres": 1.43, "permitNo": "BLD-24-32614", "permitType": "Dwelling", "permitDate": "6/25/2024", "permitYr": 2024, "nonmetro": 1 }, "geometry": { "type": "Point", "coordinates": [ -91.427479119336965, 41.777303044232298 ] } },
{ "type": "Feature", "properties": { "PPN": "0304477012", "TotalValue": 713600.0, "PropClass": "R", "pctLandVal": 0.14, "acreVal": 964324.32432432438, "SiteAddres": "2793 SUNSET CT NE", "credits": "HMST", "acres": 0.74, "permitNo": "BLD-17826", "permitType": "Dwelling", "permitDate": "5/23/2013", "permitYr": 2013, "nonmetro": 0 }, "geometry": { "type": "Point", "coordinates": [ -91.656227683644431, 41.850342456787089 ] } },
{ "type": "Feature", "properties": { "PPN": "0618277001", "TotalValue": 449300.0, "PropClass": "R", "pctLandVal": 0.18, "acreVal": 142634.92063492065, "SiteAddres": "2675 GREENCASTLE AVE NW", "credits": "HMST", "acres": 3.15, "permitNo": "BLD-17613", "permitType": "Dwelling", "permitDate": "11/27/2012", "permitYr": 2012, "nonmetro": 1 }, "geometry": { "type": "Point", "coordinates": [ -91.705878728658263, 41.740348952834466 ] } },
{ "type": "Feature", "properties": { "PPN": "0717151001", "TotalValue": 670300.0, "PropClass": "R", "pctLandVal": 0.31, "acreVal": 162300.24213075062, "SiteAddres": "2663 WILLOW CT NE", "credits": "HMST", "acres": 4.13, "permitNo": "BLD-18-27795", "permitType": "Dwelling", "permitDate": "5/23/2018", "permitYr": 2018, "nonmetro": 1 }, "geometry": { "type": "Point", "coordinates": [ -91.566832361075029, 41.739678015469593 ] } },
{ "type": "Feature", "properties": { "PPN": "1734377006", "TotalValue": 338700.0, "PropClass": "R", "pctLandVal": 0.17, "acreVal": 266692.91338582675, "SiteAddres": "5270 GOLDEN POND LN SE", "credits": "HMST", "acres": 1.27, "permitNo": "BLD-17286", "permitType": "Dwelling", "permitDate": "6/14/2012", "permitYr": 2012, "nonmetro": 1 }, "geometry": { "type": "Point", "coordinates": [ -91.418208955608208, 41.425014002231705 ] } },
{ "type": "Feature", "properties": { "PPN": "0316352002", "TotalValue": 228800.0, "PropClass": "R", "pctLandVal": 0.33, "acreVal": 222135.92233009709, "SiteAddres": "1598 COU FALLS RD NW", "credits": "HMST", "acres": 1.03, "permitNo": "BLD-25-33290", "permitType": "Dwelling", "permitDate": "4/25/2025", "permitYr": 2025, "nonmetro": 1 }, "geometry": { "type": "Point", "coordinates": [ -91.674885482999372, 41.819058925180535 ] } },
{ "type": "Feature", "properties": { "PPN": "0216429001", "TotalValue": 684900.0, "PropClass": "R", "pctLandVal": 0.19, "acreVal": 304400.0, "SiteAddres": "3939 JOCELYN CT NE", "credits": "HMST", "acres": 2.25, "permitNo": "BLD-27042", "permitType": "Dwelling", "permitDate": "4/7/2017", "permitYr": 2017, "nonmetro": 1 }, "geometry": { "type": "Point", "coordinates": [ -91.547695488789088, 41.823506678437198 ] } },
{ "type": "Feature", "properties": { "PPN": "1116402001", "TotalValue": 1447800.0, "PropClass": "A, AD", "pctLandVal": 0.0, "acreVal": 306737.28813559323, "SiteAddres": "3913 JAMES AVE SW", "credits": "HMST, AG", "acres": 4.72, "permitNo": "BLD-17549", "permitType": "Dwelling", "permitDate": "10/22/2012", "permitYr": 2012, "nonmetro": 1 }, "geometry": { "type": "Point", "coordinates": [ -91.658091279584639, 41.649758302244514 ] } },
{ "type": "Feature", "properties": { "PPN": "0310155002", "TotalValue": 415000.0, "PropClass": "R", "pctLandVal": 0.17, "acreVal": 415000.0, "SiteAddres": "1296 DRAPER LN NE", "credits": "NONE", "acres": 1.0, "permitNo": "BLD-21-30359", "permitType": "Dwelling", "permitDate": "10/7/2021", "permitYr": 2021, "nonmetro": 0 }, "geometry": { "type": "Point", "coordinates": [ -91.641490101405168, 41.842082936257469 ] } },
{ "type": "Feature", "properties": { "PPN": "1505477002", "TotalValue": 191400.0, "PropClass": "A, AD", "pctLandVal": 0.03, "acreVal": 60761.904761904771, "SiteAddres": "3765 475TH ST SW", "credits": "HMST, AG", "acres": 3.15, "permitNo": "BLD-22-31460", "permitType": "Dwelling", "permitDate": "1/19/2023", "permitYr": 2023, "nonmetro": 1 }, "geometry": { "type": "Point", "coordinates": [ -91.56487819781043, 41.586638650918282 ] } },
{ "type": "Feature", "properties": { "PPN": "0829354002", "TotalValue": 393900.0, "PropClass": "R", "pctLandVal": 0.22, "acreVal": 203041.23711340205, "SiteAddres": "4813 RAPID CREEK RD NE", "credits": "NONE", "acres": 1.94, "permitNo": "BLD-23-31549", "permitType": "Dwelling", "permitDate": "9/20/2023", "permitYr": 2023, "nonmetro": 1 }, "geometry": { "type": "Point", "coordinates": [ -91.462598475782059, 41.702076959756013 ] } },
{ "type": "Feature", "properties": { "PPN": "1207176002", "TotalValue": 119800.0, "PropClass": "A, AD", "pctLandVal": 0.41, "acreVal": 3256.319652079369, "SiteAddres": "3681 BAXTER AVE SW", "credits": "AG", "acres": 36.79, "permitNo": "BLD-23-31838", "permitType": "Dwelling", "permitDate": "6/13/2023", "permitYr": 2023, "nonmetro": 1 }, "geometry": { "type": "Point", "coordinates": [ -91.816266793997741, 41.667618498175209 ] } },
{ "type": "Feature", "properties": { "PPN": "0427201003", "TotalValue": 421600.0, "PropClass": "R", "pctLandVal": 0.23, "acreVal": 119772.72727272728, "SiteAddres": "1684 AMANA RD NW", "credits": "NONE", "acres": 3.52, "permitNo": "BLD-20-29375", "permitType": "Dwelling", "permitDate": "8/26/2020", "permitYr": 2020, "nonmetro": 1 }, "geometry": { "type": "Point", "coordinates": [ -91.763962120461869, 41.803173655754492 ] } },
{ "type": "Feature", "properties": { "PPN": "0315229002", "TotalValue": 1125800.0, "PropClass": "R", "pctLandVal": 0.09, "acreVal": 296263.15789473685, "SiteAddres": "1440 JAMES CT NE", "credits": "HMST", "acres": 3.8, "permitNo": "BLD-20-29324", "permitType": "Dwelling", "permitDate": "8/18/2020", "permitYr": 2020, "nonmetro": 1 }, "geometry": { "type": "Point", "coordinates": [ -91.653136534914239, 41.830680535692728 ] } },
{ "type": "Feature", "properties": { "PPN": "0316254006", "TotalValue": 585400.0, "PropClass": "R", "pctLandVal": 0.2, "acreVal": 294170.85427135677, "SiteAddres": "2635 HIDDEN RIDGE CT NW", "credits": "HMST", "acres": 1.99, "permitNo": "BLD-23-32090", "permitType": "Dwelling", "permitDate": "9/28/2023", "permitYr": 2023, "nonmetro": 1 }, "geometry": { "type": "Point", "coordinates": [ -91.672150109013288, 41.827925827603586 ] } },
{ "type": "Feature", "properties": { "PPN": "1614376001", "TotalValue": 257900.0, "PropClass": "R", "pctLandVal": 0.34, "acreVal": 70272.479564032692, "SiteAddres": "5480 520TH ST SE", "credits": "HMST", "acres": 3.67, "permitNo": "BLD-27089", "permitType": "Dwelling", "permitDate": "4/6/2017", "permitYr": 2017, "nonmetro": 1 }, "geometry": { "type": "Point", "coordinates": [ -91.397850678315862, 41.555014044244125 ] } },
{ "type": "Feature", "properties": { "PPN": "1319376002", "TotalValue": 812100.0, "PropClass": "R", "pctLandVal": 0.19, "acreVal": 49397.810218978098, "SiteAddres": "1036 540TH ST SW", "credits": "NONE", "acres": 16.44, "permitNo": "BLD-17254", "permitType": "Dwelling", "permitDate": "6/6/2012", "permitYr": 2012, "nonmetro": 1 }, "geometry": { "type": "Point", "coordinates": [ -91.824217857518605, 41.541673876235222 ] } },
{ "type": "Feature", "properties": { "PPN": "0227229001", "TotalValue": 556800.0, "PropClass": "R", "pctLandVal": 0.16, "acreVal": 515555.5555555555, "SiteAddres": "1812 MEHAFFEY BRIDGE RD NE", "credits": "NONE", "acres": 1.08, "permitNo": "BLD-20-29245", "permitType": "Dwelling", "permitDate": "7/1/2020", "permitYr": 2020, "nonmetro": 1 }, "geometry": { "type": "Point", "coordinates": [ -91.537500248942379, 41.80266328135211 ] } },
{ "type": "Feature", "properties": { "PPN": "1419353003", "TotalValue": 277500.0, "PropClass": "R", "pctLandVal": 0.15, "acreVal": 660714.28571428568, "SiteAddres": "2228 540TH ST SW", "credits": "HMST", "acres": 0.42, "permitNo": "BLD-18-28134", "permitType": "Dwelling", "permitDate": "10/26/2018", "permitYr": 2018, "nonmetro": 1 }, "geometry": { "type": "Point", "coordinates": [ -91.711263479852491, 41.540747667416809 ] } },
{ "type": "Feature", "properties": { "PPN": "0717178002", "TotalValue": 1114100.0, "PropClass": "R", "pctLandVal": 0.2, "acreVal": 232104.16666666669, "SiteAddres": "2699 ZACKARY LN NE", "credits": "HMST", "acres": 4.8, "permitNo": "BLD-19-28650", "permitType": "Dwelling", "permitDate": "9/25/2019", "permitYr": 2019, "nonmetro": 0 }, "geometry": { "type": "Point", "coordinates": [ -91.563891013775603, 41.73742173613546 ] } },
{ "type": "Feature", "properties": { "PPN": "0717178001", "TotalValue": 735900.0, "PropClass": "R", "pctLandVal": 0.31, "acreVal": 153953.97489539749, "SiteAddres": "2697  ZACKARY LN NE", "credits": "HMST", "acres": 4.78, "permitNo": "BLD-18-28195", "permitType": "Dwelling", "permitDate": "12/14/2018", "permitYr": 2018, "nonmetro": 0 }, "geometry": { "type": "Point", "coordinates": [ -91.563916179926906, 41.737879696975348 ] } },
{ "type": "Feature", "properties": { "PPN": "1026355006", "TotalValue": 778000.0, "PropClass": "R", "pctLandVal": 0.21, "acreVal": 720370.37037037022, "SiteAddres": "4212 PLEASANT VALLEY DR SE", "credits": "NONE", "acres": 1.08, "permitNo": "BLD-24-32551", "permitType": "Dwelling", "permitDate": "5/20/2024", "permitYr": 2024, "nonmetro": 1 }, "geometry": { "type": "Point", "coordinates": [ -91.520764839705961, 41.614429331966804 ] } },
{ "type": "Feature", "properties": { "PPN": "0325230002", "TotalValue": 714400.0, "PropClass": "R", "pctLandVal": 0.13, "acreVal": 237342.19269102992, "SiteAddres": "1853 LAKE MANOR RD NE", "credits": "HMST", "acres": 3.01, "permitNo": "BLD-26943", "permitType": "Dwelling", "permitDate": "1/11/2017", "permitYr": 2017, "nonmetro": 1 }, "geometry": { "type": "Point", "coordinates": [ -91.615708068695767, 41.8009224120864 ] } },
{ "type": "Feature", "properties": { "PPN": "0307149021", "TotalValue": 281900.0, "PropClass": "R", "pctLandVal": 0.12, "acreVal": 397042.25352112675, "SiteAddres": "320 AMY ST SW", "credits": "HMST", "acres": 0.71, "permitNo": "BLD-18-27652", "permitType": "Dwelling", "permitDate": "3/9/2018", "permitYr": 2018, "nonmetro": 1 }, "geometry": { "type": "Point", "coordinates": [ -91.704548148366214, 41.846340519692752 ] } },
{ "type": "Feature", "properties": { "PPN": "0312303001", "TotalValue": 676400.0, "PropClass": "R", "pctLandVal": 0.19, "acreVal": 96628.571428571435, "SiteAddres": "1262 HICKORY LN NE", "credits": "HMST, MIL", "acres": 7.0, "permitNo": "BLD-26327", "permitType": "Dwelling", "permitDate": "2/26/2016", "permitYr": 2016, "nonmetro": 1 }, "geometry": { "type": "Point", "coordinates": [ -91.60693939685008, 41.840004216937942 ] } },
{ "type": "Feature", "properties": { "PPN": "0216454003", "TotalValue": 1154800.0, "PropClass": "R", "pctLandVal": 0.11, "acreVal": 477190.08264462813, "SiteAddres": "3939 MACBRIDE PL NE", "credits": "NONE", "acres": 2.42, "permitNo": "BLD-25379", "permitType": "Dwelling", "permitDate": "9/24/2014", "permitYr": 2014, "nonmetro": 1 }, "geometry": { "type": "Point", "coordinates": [ -91.547701035310183, 41.81803714601417 ] } },
{ "type": "Feature", "properties": { "PPN": "0307145001", "TotalValue": 277800.0, "PropClass": "R", "pctLandVal": 0.13, "acreVal": 617333.33333333337, "SiteAddres": "120 ALAN AVE SW", "credits": "NONE", "acres": 0.45, "permitNo": "BLD-26546", "permitType": "Dwelling", "permitDate": "5/27/2016", "permitYr": 2016, "nonmetro": 1 }, "geometry": { "type": "Point", "coordinates": [ -91.703824538377432, 41.846795403718247 ] } },
{ "type": "Feature", "properties": { "PPN": "0216454004", "TotalValue": 852800.0, "PropClass": "R", "pctLandVal": 0.16, "acreVal": 242272.72727272724, "SiteAddres": "3935 MACBRIDE PL NE", "credits": "HMST", "acres": 3.52, "permitNo": "BLD-25659", "permitType": "Dwelling", "permitDate": "3/26/2015", "permitYr": 2015, "nonmetro": 1 }, "geometry": { "type": "Point", "coordinates": [ -91.548686592514642, 41.818260362820368 ] } },
{ "type": "Feature", "properties": { "PPN": "0216481001", "TotalValue": 978200.0, "PropClass": "R", "pctLandVal": 0.12, "acreVal": 940576.92307692301, "SiteAddres": "3951 MACBRIDE PL NE", "credits": "HMST", "acres": 1.04, "permitNo": "BLD-17229", "permitType": "Dwelling", "permitDate": "5/16/2012", "permitYr": 2012, "nonmetro": 1 }, "geometry": { "type": "Point", "coordinates": [ -91.544630179785514, 41.817964215960473 ] } },
{ "type": "Feature", "properties": { "PPN": "0216454002", "TotalValue": 657100.0, "PropClass": "R", "pctLandVal": 0.18, "acreVal": 521507.93650793651, "SiteAddres": "3943 MACBRIDE PL NE", "credits": "HMST", "acres": 1.26, "permitNo": "BLD-24757", "permitType": "Dwelling", "permitDate": "8/23/2013", "permitYr": 2013, "nonmetro": 1 }, "geometry": { "type": "Point", "coordinates": [ -91.546645628654105, 41.817976869710101 ] } },
{ "type": "Feature", "properties": { "PPN": "0521255003", "TotalValue": 334900.0, "PropClass": "R", "pctLandVal": 0.1, "acreVal": 1456086.956521739, "SiteAddres": "126 E STATE ST", "credits": "HMST", "acres": 0.23, "permitNo": "BLD-19-28549", "permitType": "Dwelling", "permitDate": "7/17/2019", "permitYr": 2019, "nonmetro": 1 }, "geometry": { "type": "Point", "coordinates": [ -91.789592654034749, 41.7256824601671 ] } },
{ "type": "Feature", "properties": { "PPN": "0216453004", "TotalValue": 580700.0, "PropClass": "R", "pctLandVal": 0.21, "acreVal": 384569.53642384108, "SiteAddres": "1587 HAWK CT NE", "credits": "NONE", "acres": 1.51, "permitNo": "BLD-17498", "permitType": "Dwelling", "permitDate": "10/8/2012", "permitYr": 2012, "nonmetro": 1 }, "geometry": { "type": "Point", "coordinates": [ -91.545289334540371, 41.81912915413799 ] } },
{ "type": "Feature", "properties": { "PPN": "0721228007", "TotalValue": 921900.0, "PropClass": "R", "pctLandVal": 0.18, "acreVal": 569074.07407407404, "SiteAddres": "3828 STONEY POINTE LN NE", "credits": "HMST", "acres": 1.62, "permitNo": "BLD-19-28521", "permitType": "Dwelling", "permitDate": "9/24/2019", "permitYr": 2019, "nonmetro": 1 }, "geometry": { "type": "Point", "coordinates": [ -91.557184154748967, 41.726409667736995 ] } },
{ "type": "Feature", "properties": { "PPN": "0216453002", "TotalValue": 574100.0, "PropClass": "R", "pctLandVal": 0.21, "acreVal": 377697.36842105264, "SiteAddres": "3938 MACBRIDE PL NE", "credits": "HMST", "acres": 1.52, "permitNo": "BLD-16787", "permitType": "Dwelling", "permitDate": "7/29/2011", "permitYr": 2011, "nonmetro": 1 }, "geometry": { "type": "Point", "coordinates": [ -91.546727679539927, 41.819128418320652 ] } },
{ "type": "Feature", "properties": { "PPN": "0216453003", "TotalValue": 603200.0, "PropClass": "R", "pctLandVal": 0.19, "acreVal": 506890.75630252104, "SiteAddres": "3942 MACBRIDE PL NE", "credits": "HMST", "acres": 1.19, "permitNo": "BLD-17444", "permitType": "Dwelling", "permitDate": "9/7/2012", "permitYr": 2012, "nonmetro": 1 }, "geometry": { "type": "Point", "coordinates": [ -91.546243851201098, 41.818730697119186 ] } },
{ "type": "Feature", "properties": { "PPN": "0223352001", "TotalValue": 791900.0, "PropClass": "R", "pctLandVal": 0.17, "acreVal": 142172.35188509873, "SiteAddres": "4212 180TH ST NE", "credits": "HMST", "acres": 5.57, "permitNo": "BLD-25644", "permitType": "Dwelling", "permitDate": "3/12/2015", "permitYr": 2015, "nonmetro": 1 }, "geometry": { "type": "Point", "coordinates": [ -91.519483233617365, 41.805415167377021 ] } },
{ "type": "Feature", "properties": { "PPN": "1702102001", "TotalValue": 6300.0, "PropClass": "A", "pctLandVal": 1.0, "acreVal": 2751.0917030567684, "SiteAddres": "5559 580TH ST SE", "credits": "AG", "acres": 2.29, "permitNo": "BLD-25-33313", "permitType": "Dwelling", "permitDate": "5/12/2025", "permitYr": 2025, "nonmetro": 1 }, "geometry": { "type": "Point", "coordinates": [ -91.389302877178622, 41.509462188908799 ] } },
{ "type": "Feature", "properties": { "PPN": "0216479004", "TotalValue": 910600.0, "PropClass": "R", "pctLandVal": 0.13, "acreVal": 669558.82352941169, "SiteAddres": "3960 MACBRIDE PL NE", "credits": "HMST, MIL", "acres": 1.36, "permitNo": "BLD-26568", "permitType": "Dwelling", "permitDate": "6/24/2016", "permitYr": 2016, "nonmetro": 1 }, "geometry": { "type": "Point", "coordinates": [ -91.543571044664162, 41.818713927977342 ] } },
{ "type": "Feature", "properties": { "PPN": "0216453001", "TotalValue": 632400.0, "PropClass": "R", "pctLandVal": 0.2, "acreVal": 322653.06122448982, "SiteAddres": "1583 HAWK CT NE", "credits": "HMST", "acres": 1.96, "permitNo": "BLD-16991", "permitType": "Dwelling", "permitDate": "11/23/2011", "permitYr": 2011, "nonmetro": 1 }, "geometry": { "type": "Point", "coordinates": [ -91.545494977346024, 41.81966968994697 ] } },
{ "type": "Feature", "properties": { "PPN": "0216479001", "TotalValue": 704000.0, "PropClass": "R", "pctLandVal": 0.18, "acreVal": 357360.40609137062, "SiteAddres": "1580 HAWK CT NE", "credits": "HMST", "acres": 1.97, "permitNo": "BLD-17751", "permitType": "Dwelling", "permitDate": "4/5/2013", "permitYr": 2013, "nonmetro": 1 }, "geometry": { "type": "Point", "coordinates": [ -91.54425419166671, 41.82016120868321 ] } },
{ "type": "Feature", "properties": { "PPN": "1311404007", "TotalValue": 883700.0, "PropClass": "R", "pctLandVal": 0.07, "acreVal": 782035.39823008853, "SiteAddres": "4928 WALNUT RD SW", "credits": "NONE", "acres": 1.13, "permitNo": "BLD-23-31933", "permitType": "Dwelling", "permitDate": "7/17/2023", "permitYr": 2023, "nonmetro": 1 }, "geometry": { "type": "Point", "coordinates": [ -91.733553953725291, 41.574413941398106 ] } },
{ "type": "Feature", "properties": { "PPN": "0216479003", "TotalValue": 563700.0, "PropClass": "R", "pctLandVal": 0.21, "acreVal": 498849.55752212391, "SiteAddres": "1588 HAWK CT NE", "credits": "HMST", "acres": 1.13, "permitNo": "BLD-17836", "permitType": "Dwelling", "permitDate": "6/3/2013", "permitYr": 2013, "nonmetro": 1 }, "geometry": { "type": "Point", "coordinates": [ -91.543783112815504, 41.819186935069069 ] } },
{ "type": "Feature", "properties": { "PPN": "0323130004", "TotalValue": 362400.0, "PropClass": "R", "pctLandVal": 0.19, "acreVal": 696923.07692307688, "SiteAddres": "1611 OAK VIEW DR NE", "credits": "HMST", "acres": 0.52, "permitNo": "BLD-25960", "permitType": "Dwelling", "permitDate": "7/21/2015", "permitYr": 2015, "nonmetro": 1 }, "geometry": { "type": "Point", "coordinates": [ -91.625596346341652, 41.817337109154003 ] } },
{ "type": "Feature", "properties": { "PPN": "0216479002", "TotalValue": 860000.0, "PropClass": "R", "pctLandVal": 0.14, "acreVal": 646616.54135338345, "SiteAddres": "1584 HAWK CT NE", "credits": "NONE", "acres": 1.33, "permitNo": "BLD-26798", "permitType": "Dwelling", "permitDate": "9/27/2016", "permitYr": 2016, "nonmetro": 1 }, "geometry": { "type": "Point", "coordinates": [ -91.543947039506065, 41.819656897457683 ] } },
{ "type": "Feature", "properties": { "PPN": "0216480001", "TotalValue": 718200.0, "PropClass": "R", "pctLandVal": 0.16, "acreVal": 613846.15384615399, "SiteAddres": "1591 HAWK CT NE", "credits": "HMST", "acres": 1.17, "permitNo": "BLD-26197", "permitType": "Dwelling", "permitDate": "2/25/2016", "permitYr": 2016, "nonmetro": 1 }, "geometry": { "type": "Point", "coordinates": [ -91.544956808353803, 41.818718838435487 ] } },
{ "type": "Feature", "properties": { "PPN": "0307191006", "TotalValue": 278200.0, "PropClass": "R", "pctLandVal": 0.12, "acreVal": 843030.30303030298, "SiteAddres": "201 MAPLE ST SW", "credits": "NONE", "acres": 0.33, "permitNo": "BLD-17601", "permitType": "Dwelling", "permitDate": "11/19/2012", "permitYr": 2012, "nonmetro": 1 }, "geometry": { "type": "Point", "coordinates": [ -91.697463591186917, 41.841150371823943 ] } },
{ "type": "Feature", "properties": { "PPN": "0828276001", "TotalValue": 875600.0, "PropClass": "R", "pctLandVal": 0.21, "acreVal": 46748.531767218366, "SiteAddres": "3015 WAPSI AVE NE", "credits": "NONE", "acres": 18.73, "permitNo": "BLD-20-29643", "permitType": "Dwelling", "permitDate": "12/9/2020", "permitYr": 2020, "nonmetro": 1 }, "geometry": { "type": "Point", "coordinates": [ -91.435580871607499, 41.70930138049944 ] } },
{ "type": "Feature", "properties": { "PPN": "0735354002", "TotalValue": 709100.0, "PropClass": "R", "pctLandVal": 0.12, "acreVal": 656574.07407407404, "SiteAddres": "1155 KYLE DR NE", "credits": "HMST", "acres": 1.08, "permitNo": "BLD-17379", "permitType": "Dwelling", "permitDate": "8/15/2012", "permitYr": 2012, "nonmetro": 0 }, "geometry": { "type": "Point", "coordinates": [ -91.517112876546705, 41.688478437691458 ] } },
{ "type": "Feature", "properties": { "PPN": "0629330003", "TotalValue": 382300.0, "PropClass": "R", "pctLandVal": 0.18, "acreVal": 382300.0, "SiteAddres": "3151 HALF MOON AVE NW", "credits": "HMST", "acres": 1.0, "permitNo": "BLD-25668", "permitType": "Dwelling", "permitDate": "3/31/2015", "permitYr": 2015, "nonmetro": 1 }, "geometry": { "type": "Point", "coordinates": [ -91.691352308231572, 41.705872106011789 ] } },
{ "type": "Feature", "properties": { "PPN": "0123428001", "TotalValue": 479500.0, "PropClass": "R", "pctLandVal": 0.19, "acreVal": 62844.036697247706, "SiteAddres": "5505 180TH ST NE", "credits": "HMST", "acres": 7.63, "permitNo": "BLD-22-30656", "permitType": "Dwelling", "permitDate": "4/29/2022", "permitYr": 2022, "nonmetro": 1 }, "geometry": { "type": "Point", "coordinates": [ -91.394779068421343, 41.806577160075697 ] } },
{ "type": "Feature", "properties": { "PPN": "0208452001", "TotalValue": 513600.0, "PropClass": "R", "pctLandVal": 0.17, "acreVal": 194545.45454545453, "SiteAddres": "3748 140TH ST NE", "credits": "HMST", "acres": 2.64, "permitNo": "BLD-16926", "permitType": "Dwelling", "permitDate": "10/7/2011", "permitYr": 2011, "nonmetro": 1 }, "geometry": { "type": "Point", "coordinates": [ -91.565377929453319, 41.833156360753691 ] } },
{ "type": "Feature", "properties": { "PPN": "0833177001", "TotalValue": 341800.0, "PropClass": "R", "pctLandVal": 0.26, "acreVal": 145446.80851063828, "SiteAddres": "3281 WAPSI AVE NE", "credits": "HMST", "acres": 2.35, "permitNo": "BLD-25625", "permitType": "Dwelling", "permitDate": "2/23/2015", "permitYr": 2015, "nonmetro": 1 }, "geometry": { "type": "Point", "coordinates": [ -91.425854474777168, 41.695364605156001 ] } },
{ "type": "Feature", "properties": { "PPN": "1030327001", "TotalValue": 402600.0, "PropClass": "R", "pctLandVal": 0.21, "acreVal": 201300.0, "SiteAddres": "4337 MAIER AVE SW", "credits": "HMST", "acres": 2.0, "permitNo": "BLD-16341", "permitType": "Dwelling", "permitDate": "6/30/2010", "permitYr": 2010, "nonmetro": 1 }, "geometry": { "type": "Point", "coordinates": [ -91.595266017936652, 41.617543745514311 ] } },
{ "type": "Feature", "properties": { "PPN": "0201227002", "TotalValue": 680400.0, "PropClass": "R", "pctLandVal": 0.14, "acreVal": 154636.36363636362, "SiteAddres": "1063 HIGHWAY 1 NE", "credits": "HMST", "acres": 4.4, "permitNo": "BLD-17507", "permitType": "Dwelling", "permitDate": "10/1/2012", "permitYr": 2012, "nonmetro": 1 }, "geometry": { "type": "Point", "coordinates": [ -91.49856596556117, 41.856891711497951 ] } },
{ "type": "Feature", "properties": { "PPN": "0316252004", "TotalValue": 599800.0, "PropClass": "R", "pctLandVal": 0.11, "acreVal": 299900.0, "SiteAddres": "1457 HIGHWAY 965 NW", "credits": "HMST", "acres": 2.0, "permitNo": "BLD-22-30630", "permitType": "Dwelling", "permitDate": "1/27/2022", "permitYr": 2022, "nonmetro": 1 }, "geometry": { "type": "Point", "coordinates": [ -91.674723263697103, 41.826281343604961 ] } },
{ "type": "Feature", "properties": { "PPN": "0531327001", "TotalValue": 368500.0, "PropClass": "R", "pctLandVal": 0.19, "acreVal": 364851.48514851485, "SiteAddres": "1003 330TH ST NW", "credits": "HMST", "acres": 1.01, "permitNo": "BLD-16776", "permitType": "Dwelling", "permitDate": "7/8/2011", "permitYr": 2011, "nonmetro": 1 }, "geometry": { "type": "Point", "coordinates": [ -91.833505223539831, 41.693561589008624 ] } },
{ "type": "Feature", "properties": { "PPN": "0211377001", "TotalValue": 568200.0, "PropClass": "R", "pctLandVal": 0.16, "acreVal": 217701.14942528735, "SiteAddres": "4298 140TH ST NE", "credits": "HMST", "acres": 2.61, "permitNo": "BLD-16440", "permitType": "Dwelling", "permitDate": "9/22/2010", "permitYr": 2010, "nonmetro": 1 }, "geometry": { "type": "Point", "coordinates": [ -91.511413886504968, 41.832506628390298 ] } },
{ "type": "Feature", "properties": { "PPN": "1812289001", "TotalValue": 418600.0, "PropClass": "R", "pctLandVal": 0.11, "acreVal": 634242.4242424242, "SiteAddres": "6055 OTTER CREEK RD SE", "credits": "NONE", "acres": 0.66, "permitNo": "BLD-20-29543", "permitType": "Dwelling", "permitDate": "11/12/2020", "permitYr": 2020, "nonmetro": 1 }, "geometry": { "type": "Point", "coordinates": [ -91.497424765349109, 41.492368233737579 ] } },
{ "type": "Feature", "properties": { "PPN": "0522151001", "TotalValue": 656800.0, "PropClass": "R", "pctLandVal": 0.19, "acreVal": 49719.909159727475, "SiteAddres": "1716 LOWER OLD HIGHWAY 6 RD NW", "credits": "HMST", "acres": 13.21, "permitNo": "BLD-16477", "permitType": "Dwelling", "permitDate": "10/13/2010", "permitYr": 2010, "nonmetro": 1 }, "geometry": { "type": "Point", "coordinates": [ -91.761086461326315, 41.726590906493477 ] } },
{ "type": "Feature", "properties": { "PPN": "0314428001", "TotalValue": 70400.0, "PropClass": "R", "pctLandVal": 1.0, "acreVal": 67692.307692307688, "SiteAddres": "3139 RYANS RD NE", "credits": "NONE", "acres": 1.04, "permitNo": "BLD-24-33063", "permitType": "Dwelling", "permitDate": "12/10/2024", "permitYr": 2024, "nonmetro": 1 }, "geometry": { "type": "Point", "coordinates": [ -91.624801217325796, 41.824396280288731 ] } },
{ "type": "Feature", "properties": { "PPN": "0221326013", "TotalValue": 1114400.0, "PropClass": "R", "pctLandVal": 0.19, "acreVal": 2143076.923076923, "SiteAddres": "3867 LAKE VISTA DR NE", "credits": "NONE", "acres": 0.52, "permitNo": "BLD-20-28940", "permitType": "Dwelling", "permitDate": "3/3/2020", "permitYr": 2020, "nonmetro": 1 }, "geometry": { "type": "Point", "coordinates": [ -91.55858080988223, 41.808746313644477 ] } },
{ "type": "Feature", "properties": { "PPN": "0310102003", "TotalValue": 1151600.0, "PropClass": "R", "pctLandVal": 0.16, "acreVal": 85812.220566318923, "SiteAddres": "2961 120TH ST NE", "credits": "HMST", "acres": 13.42, "permitNo": "BLD-24-32389", "permitType": "Dwelling", "permitDate": "3/6/2024", "permitYr": 2024, "nonmetro": 0 }, "geometry": { "type": "Point", "coordinates": [ -91.640396920715148, 41.845725326813358 ] } },
{ "type": "Feature", "properties": { "PPN": "0316254005", "TotalValue": 636000.0, "PropClass": "R", "pctLandVal": 0.18, "acreVal": 347540.98360655736, "SiteAddres": "2630 HIDDEN RIDGE CT NW", "credits": "NONE", "acres": 1.83, "permitNo": "BLD-23-32089", "permitType": "Dwelling", "permitDate": "9/28/2023", "permitYr": 2023, "nonmetro": 1 }, "geometry": { "type": "Point", "coordinates": [ -91.671440866036818, 41.82861828220549 ] } },
{ "type": "Feature", "properties": { "PPN": "0316254004", "TotalValue": 2046400.0, "PropClass": "R", "pctLandVal": 0.06, "acreVal": 1044081.6326530613, "SiteAddres": "2626 HIDDEN RIDGE CT NW", "credits": "HMST", "acres": 1.96, "permitNo": "BLD-23-32088", "permitType": "Dwelling", "permitDate": "9/28/2023", "permitYr": 2023, "nonmetro": 1 }, "geometry": { "type": "Point", "coordinates": [ -91.672307092442182, 41.829043334748242 ] } },
{ "type": "Feature", "properties": { "PPN": "0728108001", "TotalValue": 1390499.9999999998, "PropClass": "R", "pctLandVal": 0.09, "acreVal": 1463684.210526316, "SiteAddres": "3954 STEWART RD NE", "credits": "NONE", "acres": 0.95, "permitNo": "BLD-18-28003", "permitType": "Dwelling", "permitDate": "8/30/2018", "permitYr": 2018, "nonmetro": 0 }, "geometry": { "type": "Point", "coordinates": [ -91.545966977402998, 41.71492974054658 ] } },
{ "type": "Feature", "properties": { "PPN": "0721177002", "TotalValue": 466100.0, "PropClass": "R", "pctLandVal": 0.3, "acreVal": 260391.06145251397, "SiteAddres": "16 WILDBERRY LN NE", "credits": "HMST", "acres": 1.79, "permitNo": "BLD-16708", "permitType": "Dwelling", "permitDate": "5/18/2011", "permitYr": 2011, "nonmetro": 0 }, "geometry": { "type": "Point", "coordinates": [ -91.544437751018663, 41.7230106367318 ] } },
{ "type": "Feature", "properties": { "PPN": "0515352007", "TotalValue": 516800.0, "PropClass": "R", "pctLandVal": 0.15, "acreVal": 220854.70085470087, "SiteAddres": "2783 MILLERS POND CT NW", "credits": "NONE", "acres": 2.34, "permitNo": "BLD-24-32410", "permitType": "Dwelling", "permitDate": "3/6/2024", "permitYr": 2024, "nonmetro": 1 }, "geometry": { "type": "Point", "coordinates": [ -91.771293526020457, 41.732951404934781 ] } },
{ "type": "Feature", "properties": { "PPN": "1622477001", "TotalValue": 411400.0, "PropClass": "R", "pctLandVal": 0.23, "acreVal": 85708.333333333343, "SiteAddres": "5370 540TH ST SE", "credits": "HMST", "acres": 4.8, "permitNo": "BLD-18-27814", "permitType": "Dwelling", "permitDate": "5/25/2018", "permitYr": 2018, "nonmetro": 1 }, "geometry": { "type": "Point", "coordinates": [ -91.408752358856063, 41.541031860950056 ] } },
{ "type": "Feature", "properties": { "PPN": "0711404002", "TotalValue": 710200.0, "PropClass": "R", "pctLandVal": 0.26, "acreVal": 94693.333333333328, "SiteAddres": "4390 AMENDT CT NE", "credits": "HMST", "acres": 7.5, "permitNo": "BLD-25769", "permitType": "Dwelling", "permitDate": "5/1/2015", "permitYr": 2015, "nonmetro": 1 }, "geometry": { "type": "Point", "coordinates": [ -91.504742723406451, 41.748312431277085 ] } },
{ "type": "Feature", "properties": { "PPN": "1225303001", "TotalValue": 469500.0, "PropClass": "A, AD", "pctLandVal": 0.01, "acreVal": 94088.176352705414, "SiteAddres": "2066 KESTREL RDG SW", "credits": "HMST, AG", "acres": 4.99, "permitNo": "BLD-26119", "permitType": "Dwelling", "permitDate": "10/19/2015", "permitYr": 2015, "nonmetro": 1 }, "geometry": { "type": "Point", "coordinates": [ -91.728965748722914, 41.619312488265329 ] } },
{ "type": "Feature", "properties": { "PPN": "0807378004", "TotalValue": 1194600.0, "PropClass": "R", "pctLandVal": 0.13, "acreVal": 847234.04255319154, "SiteAddres": "4629 TIMBERLAND CT NE", "credits": "NONE", "acres": 1.41, "permitNo": "BLD-26661", "permitType": "Dwelling", "permitDate": "7/29/2016", "permitYr": 2016, "nonmetro": 1 }, "geometry": { "type": "Point", "coordinates": [ -91.475928848839075, 41.746420534176004 ] } },
{ "type": "Feature", "properties": { "PPN": "0721276008", "TotalValue": 608600.0, "PropClass": "R", "pctLandVal": 0.19, "acreVal": 338111.11111111112, "SiteAddres": "2877 MEADOW LARK LN NE", "credits": "HMST", "acres": 1.8, "permitNo": "BLD-17940", "permitType": "Dwelling", "permitDate": "8/22/2013", "permitYr": 2013, "nonmetro": 1 }, "geometry": { "type": "Point", "coordinates": [ -91.554011941992158, 41.724202189684163 ] } },
{ "type": "Feature", "properties": { "PPN": "0521232003", "TotalValue": 218100.0, "PropClass": "R", "pctLandVal": 0.37, "acreVal": 256588.23529411765, "SiteAddres": "512 N AUGUSTA AVE", "credits": "HMST", "acres": 0.85, "permitNo": "BLD-19-28636", "permitType": "Dwelling", "permitDate": "8/16/2019", "permitYr": 2019, "nonmetro": 1 }, "geometry": { "type": "Point", "coordinates": [ -91.79013408981956, 41.72766304979249 ] } },
{ "type": "Feature", "properties": { "PPN": "1402228001", "TotalValue": 303300.0, "PropClass": "R", "pctLandVal": 0.28, "acreVal": 180535.71428571429, "SiteAddres": "4673 MURPHY LN SW", "credits": "HMST", "acres": 1.68, "permitNo": "BLD-22-31000", "permitType": "Dwelling", "permitDate": "7/7/2022", "permitYr": 2022, "nonmetro": 1 }, "geometry": { "type": "Point", "coordinates": [ -91.632606738703672, 41.59569770209874 ] } },
{ "type": "Feature", "properties": { "PPN": "1311404006", "TotalValue": 494800.0, "PropClass": "R", "pctLandVal": 0.13, "acreVal": 449818.18181818177, "SiteAddres": "4924 WALNUT RD SW", "credits": "HMST", "acres": 1.1, "permitNo": "BLD-25375", "permitType": "Dwelling", "permitDate": "9/18/2014", "permitYr": 2014, "nonmetro": 1 }, "geometry": { "type": "Point", "coordinates": [ -91.733588128488535, 41.575042977818086 ] } },
{ "type": "Feature", "properties": { "PPN": "1204302001", "TotalValue": 410300.0, "PropClass": "R", "pctLandVal": 0.27, "acreVal": 58281.25, "SiteAddres": "3539 CHAMBERS AVE SW", "credits": "HMST", "acres": 7.04, "permitNo": "BLD-24983", "permitType": "Dwelling", "permitDate": "1/2/2014", "permitYr": 2014, "nonmetro": 1 }, "geometry": { "type": "Point", "coordinates": [ -91.78550167019425, 41.678248453200766 ] } },
{ "type": "Feature", "properties": { "PPN": "1709401005", "TotalValue": 274700.0, "PropClass": "R", "pctLandVal": 0.09, "acreVal": 1526111.1111111112, "SiteAddres": "201 N DEVOE ST", "credits": "NONE", "acres": 0.18, "permitNo": "BLD-21-30008", "permitType": "Dwelling", "permitDate": "5/19/2021", "permitYr": 2021, "nonmetro": 1 }, "geometry": { "type": "Point", "coordinates": [ -91.426138034924293, 41.488450473776794 ] } },
{ "type": "Feature", "properties": { "PPN": "1311404003", "TotalValue": 625800.0, "PropClass": "R", "pctLandVal": 0.1, "acreVal": 607572.81553398061, "SiteAddres": "4917 COSGROVE RD SW", "credits": "NONE", "acres": 1.03, "permitNo": "BLD-23-31957", "permitType": "Dwelling", "permitDate": "8/1/2023", "permitYr": 2023, "nonmetro": 1 }, "geometry": { "type": "Point", "coordinates": [ -91.732815856168529, 41.576207318584103 ] } },
{ "type": "Feature", "properties": { "PPN": "1718452001", "TotalValue": 298000.0, "PropClass": "R", "pctLandVal": 0.21, "acreVal": 138604.65116279072, "SiteAddres": "4720 640TH ST SE", "credits": "HMST", "acres": 2.15, "permitNo": "BLD-16603", "permitType": "Dwelling", "permitDate": "3/4/2011", "permitYr": 2011, "nonmetro": 1 }, "geometry": { "type": "Point", "coordinates": [ -91.472458415491673, 41.468493839305182 ] } },
{ "type": "Feature", "properties": { "PPN": "0808203001", "TotalValue": 698400.0, "PropClass": "R", "pctLandVal": 0.15, "acreVal": 160183.48623853209, "SiteAddres": "2434 TURNER AVE NE", "credits": "HMST", "acres": 4.36, "permitNo": "BLD-24755", "permitType": "Dwelling", "permitDate": "11/4/2013", "permitYr": 2013, "nonmetro": 1 }, "geometry": { "type": "Point", "coordinates": [ -91.455118578640835, 41.756721801937864 ] } },
{ "type": "Feature", "properties": { "PPN": "0216459005", "TotalValue": 664800.0, "PropClass": "R", "pctLandVal": 0.11, "acreVal": 1899428.5714285716, "SiteAddres": "3963 HENDRICKS LN NE", "credits": "HMST", "acres": 0.35, "permitNo": "BLD-19-28382", "permitType": "Dwelling", "permitDate": "5/16/2019", "permitYr": 2019, "nonmetro": 1 }, "geometry": { "type": "Point", "coordinates": [ -91.546511247486947, 41.820598369951647 ] } },
{ "type": "Feature", "properties": { "PPN": "1311401002", "TotalValue": 448500.0, "PropClass": "R", "pctLandVal": 0.15, "acreVal": 307191.78082191781, "SiteAddres": "4950 WALNUT RD SW", "credits": "HMST", "acres": 1.46, "permitNo": "BLD-25842", "permitType": "Dwelling", "permitDate": "6/4/2015", "permitYr": 2015, "nonmetro": 1 }, "geometry": { "type": "Point", "coordinates": [ -91.73278861379643, 41.573949282253302 ] } },
{ "type": "Feature", "properties": { "PPN": "0216428005", "TotalValue": 607100.0, "PropClass": "R", "pctLandVal": 0.19, "acreVal": 518888.88888888893, "SiteAddres": "3946 JOCELYN CT NE", "credits": "NONE", "acres": 1.17, "permitNo": "BLD-25486", "permitType": "Dwelling", "permitDate": "11/18/2014", "permitYr": 2014, "nonmetro": 1 }, "geometry": { "type": "Point", "coordinates": [ -91.547956010201545, 41.824671963048949 ] } },
{ "type": "Feature", "properties": { "PPN": "0216459007", "TotalValue": 493200.0, "PropClass": "R", "pctLandVal": 0.14, "acreVal": 1494545.4545454546, "SiteAddres": "3955 HENDRICKS LN NE", "credits": "NONE", "acres": 0.33, "permitNo": "BLD-20-29187", "permitType": "Dwelling", "permitDate": "6/15/2020", "permitYr": 2020, "nonmetro": 1 }, "geometry": { "type": "Point", "coordinates": [ -91.547166384221939, 41.82039318516378 ] } },
{ "type": "Feature", "properties": { "PPN": "0310102001", "TotalValue": 650800.0, "PropClass": "R", "pctLandVal": 0.21, "acreVal": 88184.28184281844, "SiteAddres": "2977 120TH ST NE", "credits": "HMST", "acres": 7.38, "permitNo": "BLD-25590", "permitType": "Dwelling", "permitDate": "12/23/2014", "permitYr": 2014, "nonmetro": 1 }, "geometry": { "type": "Point", "coordinates": [ -91.638914538649203, 41.845330379485866 ] } },
{ "type": "Feature", "properties": { "PPN": "0213228001", "TotalValue": 831200.0, "PropClass": "R", "pctLandVal": 0.11, "acreVal": 204226.04422604421, "SiteAddres": "1426 HIGHWAY 1 NE", "credits": "HMST", "acres": 4.07, "permitNo": "BLD-18-28189", "permitType": "Dwelling", "permitDate": "12/6/2018", "permitYr": 2018, "nonmetro": 1 }, "geometry": { "type": "Point", "coordinates": [ -91.497001720061917, 41.82847524706213 ] } },
{ "type": "Feature", "properties": { "PPN": "0216458014", "TotalValue": 525200.0, "PropClass": "R", "pctLandVal": 0.14, "acreVal": 1500571.4285714286, "SiteAddres": "1555 PALMER CT NE", "credits": "HMST", "acres": 0.35, "permitNo": "BLD-17-27492", "permitType": "Dwelling", "permitDate": "11/3/2017", "permitYr": 2017, "nonmetro": 1 }, "geometry": { "type": "Point", "coordinates": [ -91.547226852416017, 41.821569388494396 ] } },
{ "type": "Feature", "properties": { "PPN": "0216428014", "TotalValue": 610900.0, "PropClass": "R", "pctLandVal": 0.19, "acreVal": 610900.0, "SiteAddres": "3959 JOCELYN CT NE", "credits": "HMST", "acres": 1.0, "permitNo": "BLD-25483", "permitType": "Dwelling", "permitDate": "12/4/2014", "permitYr": 2014, "nonmetro": 1 }, "geometry": { "type": "Point", "coordinates": [ -91.545608963028187, 41.823819738623591 ] } },
{ "type": "Feature", "properties": { "PPN": "0216458010", "TotalValue": 487100.0, "PropClass": "R", "pctLandVal": 0.15, "acreVal": 1391714.2857142857, "SiteAddres": "1560 PALMER CT NE", "credits": "HMST", "acres": 0.35, "permitNo": "BLD-27403", "permitType": "Dwelling", "permitDate": "9/14/2017", "permitYr": 2017, "nonmetro": 1 }, "geometry": { "type": "Point", "coordinates": [ -91.546508055874597, 41.821783323782704 ] } },
{ "type": "Feature", "properties": { "PPN": "0216428018", "TotalValue": 978000.0, "PropClass": "R", "pctLandVal": 0.13, "acreVal": 369056.60377358494, "SiteAddres": "3931 JOCELYN CT NE", "credits": "NONE", "acres": 2.65, "permitNo": "BLD-26028", "permitType": "Dwelling", "permitDate": "9/11/2015", "permitYr": 2015, "nonmetro": 1 }, "geometry": { "type": "Point", "coordinates": [ -91.549222692368659, 41.823515476780578 ] } },
{ "type": "Feature", "properties": { "PPN": "0819252001", "TotalValue": 422600.0, "PropClass": "A, AD", "pctLandVal": 0.01, "acreVal": 162538.4615384615, "SiteAddres": "2881 HIGHWAY 1 NE", "credits": "HMST, AG", "acres": 2.6, "permitNo": "BLD-18-28010", "permitType": "Dwelling", "permitDate": "9/7/2018", "permitYr": 2018, "nonmetro": 1 }, "geometry": { "type": "Point", "coordinates": [ -91.479279537478476, 41.72348239522389 ] } },
{ "type": "Feature", "properties": { "PPN": "0706453006", "TotalValue": 1532499.9999999998, "PropClass": "R", "pctLandVal": 0.24, "acreVal": 478906.25, "SiteAddres": "2369 LAKERIDGE PL NE", "credits": "NONE", "acres": 3.2, "permitNo": "BLD-23-31619", "permitType": "Dwelling", "permitDate": "4/24/2023", "permitYr": 2023, "nonmetro": 1 }, "geometry": { "type": "Point", "coordinates": [ -91.587986717247972, 41.760507066488984 ] } },
{ "type": "Feature", "properties": { "PPN": "0216428012", "TotalValue": 729500.0, "PropClass": "R", "pctLandVal": 0.16, "acreVal": 639912.2807017545, "SiteAddres": "3951 JOCELYN CT NE", "credits": "NONE", "acres": 1.14, "permitNo": "BLD-26866", "permitType": "Dwelling", "permitDate": "11/8/2016", "permitYr": 2016, "nonmetro": 1 }, "geometry": { "type": "Point", "coordinates": [ -91.546550248125328, 41.823654032853355 ] } },
{ "type": "Feature", "properties": { "PPN": "0216428003", "TotalValue": 772400.0, "PropClass": "R", "pctLandVal": 0.15, "acreVal": 757254.90196078434, "SiteAddres": "3962 JOCELYN CT NE", "credits": "HMST", "acres": 1.02, "permitNo": "BLD-27043", "permitType": "Dwelling", "permitDate": "4/19/2017", "permitYr": 2017, "nonmetro": 1 }, "geometry": { "type": "Point", "coordinates": [ -91.546709896182918, 41.824771222432339 ] } },
{ "type": "Feature", "properties": { "PPN": "0216428004", "TotalValue": 882400.0, "PropClass": "R", "pctLandVal": 0.13, "acreVal": 848461.53846153826, "SiteAddres": "3950 JOCELYN CT NE", "credits": "NONE", "acres": 1.04, "permitNo": "BLD-26315", "permitType": "Dwelling", "permitDate": "2/26/2016", "permitYr": 2016, "nonmetro": 1 }, "geometry": { "type": "Point", "coordinates": [ -91.547171700572108, 41.824310284374207 ] } },
{ "type": "Feature", "properties": { "PPN": "0216428006", "TotalValue": 746400.0, "PropClass": "R", "pctLandVal": 0.16, "acreVal": 569770.99236641219, "SiteAddres": "3942 JOCELYN CT NE", "credits": "HMST", "acres": 1.31, "permitNo": "BLD-25793", "permitType": "Dwelling", "permitDate": "6/2/2015", "permitYr": 2015, "nonmetro": 1 }, "geometry": { "type": "Point", "coordinates": [ -91.548837275981597, 41.824645941131337 ] } },
{ "type": "Feature", "properties": { "PPN": "0216428013", "TotalValue": 658200.0, "PropClass": "R", "pctLandVal": 0.18, "acreVal": 543966.94214876031, "SiteAddres": "3955 JOCELYN CT NE", "credits": "NONE", "acres": 1.21, "permitNo": "BLD-25873", "permitType": "Dwelling", "permitDate": "6/30/2015", "permitYr": 2015, "nonmetro": 1 }, "geometry": { "type": "Point", "coordinates": [ -91.545765936693769, 41.823379882391137 ] } },
{ "type": "Feature", "properties": { "PPN": "1129477001", "TotalValue": 654100.0, "PropClass": "R", "pctLandVal": 0.13, "acreVal": 294639.63963963959, "SiteAddres": "2556 BLACK DIAMOND RD SW", "credits": "HMST", "acres": 2.22, "permitNo": "BLD-26133", "permitType": "Dwelling", "permitDate": "10/12/2015", "permitYr": 2015, "nonmetro": 1 }, "geometry": { "type": "Point", "coordinates": [ -91.680595890924195, 41.614644512699527 ] } },
{ "type": "Feature", "properties": { "PPN": "0413377001", "TotalValue": 334300.0, "PropClass": "R", "pctLandVal": 0.32, "acreVal": 70976.645435244165, "SiteAddres": "2064 160TH ST NW", "credits": "NONE", "acres": 4.71, "permitNo": "BLD-25456", "permitType": "Dwelling", "permitDate": "10/30/2014", "permitYr": 2014, "nonmetro": 1 }, "geometry": { "type": "Point", "coordinates": [ -91.7287930125744, 41.819263381084298 ] } },
{ "type": "Feature", "properties": { "PPN": "0325276003", "TotalValue": 586100.0, "PropClass": "R", "pctLandVal": 0.1, "acreVal": 1776060.606060606, "SiteAddres": "1890 SUNSET DR NE", "credits": "HMST", "acres": 0.33, "permitNo": "BLD-26893", "permitType": "Dwelling", "permitDate": "11/28/2016", "permitYr": 2016, "nonmetro": 1 }, "geometry": { "type": "Point", "coordinates": [ -91.612091507174085, 41.797334480075953 ] } },
{ "type": "Feature", "properties": { "PPN": "0728482003", "TotalValue": 626400.0, "PropClass": "R", "pctLandVal": 0.28, "acreVal": 272347.82608695654, "SiteAddres": "3154 DUBUQUE ST NE", "credits": "HMST", "acres": 2.3, "permitNo": "BLD-25736", "permitType": "Dwelling", "permitDate": "4/27/2015", "permitYr": 2015, "nonmetro": 0 }, "geometry": { "type": "Point", "coordinates": [ -91.54461192070643, 41.703882420133056 ] } },
{ "type": "Feature", "properties": { "PPN": "0310477004", "TotalValue": 834500.0, "PropClass": "R", "pctLandVal": 0.16, "acreVal": 397380.95238095237, "SiteAddres": "2987 SPRING VALLEY CT", "credits": "NONE", "acres": 2.1, "permitNo": "BLD-25489", "permitType": "Dwelling", "permitDate": "11/5/2014", "permitYr": 2014, "nonmetro": 0 }, "geometry": { "type": "Point", "coordinates": [ -91.638442180551891, 41.835253520599217 ] } },
{ "type": "Feature", "properties": { "PPN": "1035276002", "TotalValue": 15000.0, "PropClass": "C", "pctLandVal": 1.0, "acreVal": 5000.0, "SiteAddres": "4296  NURSERY LN SE", "credits": "NONE", "acres": 3.0, "permitNo": "BLD-25-33178", "permitType": "Dwelling", "permitDate": "3/21/2025", "permitYr": 2025, "nonmetro": 1 }, "geometry": { "type": "Point", "coordinates": [ -91.512175723765637, 41.607608317006452 ] } },
{ "type": "Feature", "properties": { "PPN": "1311202001", "TotalValue": 335600.0, "PropClass": "R", "pctLandVal": 0.27, "acreVal": 85177.664974619285, "SiteAddres": "1909 480TH ST SW", "credits": "NONE", "acres": 3.94, "permitNo": "BLD-26444", "permitType": "Dwelling", "permitDate": "6/10/2016", "permitYr": 2016, "nonmetro": 1 }, "geometry": { "type": "Point", "coordinates": [ -91.742398540659892, 41.583442659517246 ] } },
{ "type": "Feature", "properties": { "PPN": "0310477005", "TotalValue": 577400.0, "PropClass": "R", "pctLandVal": 0.21, "acreVal": 374935.06493506493, "SiteAddres": "2991 SPRING VALLEY CT", "credits": "HMST", "acres": 1.54, "permitNo": "BLD-25845", "permitType": "Dwelling", "permitDate": "5/28/2015", "permitYr": 2015, "nonmetro": 0 }, "geometry": { "type": "Point", "coordinates": [ -91.637614752689032, 41.83527118920729 ] } },
{ "type": "Feature", "properties": { "PPN": "0216458021", "TotalValue": 583700.0, "PropClass": "R", "pctLandVal": 0.14, "acreVal": 1536052.6315789474, "SiteAddres": "3952 HENDRICKS LN NE", "credits": "HMST", "acres": 0.38, "permitNo": "BLD-26423", "permitType": "Dwelling", "permitDate": "4/18/2016", "permitYr": 2016, "nonmetro": 1 }, "geometry": { "type": "Point", "coordinates": [ -91.547855840918089, 41.820561870197089 ] } },
{ "type": "Feature", "properties": { "PPN": "1315203001", "TotalValue": 550000.0, "PropClass": "R", "pctLandVal": 0.12, "acreVal": 423076.92307692301, "SiteAddres": "1675 500TH ST SW", "credits": "HMST", "acres": 1.3, "permitNo": "BLD-23-31755", "permitType": "Dwelling", "permitDate": "6/7/2023", "permitYr": 2023, "nonmetro": 1 }, "geometry": { "type": "Point", "coordinates": [ -91.764281160230738, 41.56929126615028 ] } },
{ "type": "Feature", "properties": { "PPN": "0216458018", "TotalValue": 647800.0, "PropClass": "R", "pctLandVal": 0.13, "acreVal": 1542380.9523809527, "SiteAddres": "3956 HENDRICKS LN NE", "credits": "HMST", "acres": 0.42, "permitNo": "BLD-26333", "permitType": "Dwelling", "permitDate": "3/8/2016", "permitYr": 2016, "nonmetro": 1 }, "geometry": { "type": "Point", "coordinates": [ -91.547632380079435, 41.820827304697957 ] } },
{ "type": "Feature", "properties": { "PPN": "0310477002", "TotalValue": 576200.0, "PropClass": "R", "pctLandVal": 0.2, "acreVal": 439847.32824427477, "SiteAddres": "2988 SPRING VALLEY CT", "credits": "NONE", "acres": 1.31, "permitNo": "BLD-25887", "permitType": "Dwelling", "permitDate": "6/19/2015", "permitYr": 2015, "nonmetro": 0 }, "geometry": { "type": "Point", "coordinates": [ -91.638095684646387, 41.836433123835107 ] } },
{ "type": "Feature", "properties": { "PPN": "0216458013", "TotalValue": 441000.0, "PropClass": "R", "pctLandVal": 0.17, "acreVal": 1260000.0, "SiteAddres": "1559 PALMER CT NE", "credits": "HMST", "acres": 0.35, "permitNo": "BLD-26604", "permitType": "Dwelling", "permitDate": "6/24/2016", "permitYr": 2016, "nonmetro": 1 }, "geometry": { "type": "Point", "coordinates": [ -91.546993772017515, 41.821357934604315 ] } },
{ "type": "Feature", "properties": { "PPN": "0310477001", "TotalValue": 582700.0, "PropClass": "R", "pctLandVal": 0.21, "acreVal": 346845.23809523816, "SiteAddres": "2992 SPRING VALLEY CT", "credits": "HMST", "acres": 1.68, "permitNo": "BLD-26600", "permitType": "Dwelling", "permitDate": "6/23/2016", "permitYr": 2016, "nonmetro": 0 }, "geometry": { "type": "Point", "coordinates": [ -91.637626391431041, 41.836667456534812 ] } },
{ "type": "Feature", "properties": { "PPN": "0216458026", "TotalValue": 522800.0, "PropClass": "R", "pctLandVal": 0.15, "acreVal": 1244761.9047619049, "SiteAddres": "3936 HENDRICKS LN NE", "credits": "NONE", "acres": 0.42, "permitNo": "BLD-26155", "permitType": "Dwelling", "permitDate": "11/16/2016", "permitYr": 2016, "nonmetro": 1 }, "geometry": { "type": "Point", "coordinates": [ -91.548188195450166, 41.819353763137762 ] } },
{ "type": "Feature", "properties": { "PPN": "0310477006", "TotalValue": 775100.0, "PropClass": "R", "pctLandVal": 0.16, "acreVal": 506601.30718954245, "SiteAddres": "2995 SPRING VALLEY CT", "credits": "NONE", "acres": 1.53, "permitNo": "BLD-26870", "permitType": "Dwelling", "permitDate": "10/31/2016", "permitYr": 2016, "nonmetro": 0 }, "geometry": { "type": "Point", "coordinates": [ -91.637029511850741, 41.83541034761901 ] } },
{ "type": "Feature", "properties": { "PPN": "0216458025", "TotalValue": 420900.0, "PropClass": "R", "pctLandVal": 0.2, "acreVal": 1026585.3658536586, "SiteAddres": "3940 HENDRICKS LN NE", "credits": "HMST", "acres": 0.41, "permitNo": "BLD-26491", "permitType": "Dwelling", "permitDate": "5/13/2016", "permitYr": 2016, "nonmetro": 1 }, "geometry": { "type": "Point", "coordinates": [ -91.548228790939419, 41.819723044179618 ] } },
{ "type": "Feature", "properties": { "PPN": "0226252006", "TotalValue": 816800.0, "PropClass": "R", "pctLandVal": 0.16, "acreVal": 326720.0, "SiteAddres": "4283 BUFFALO CT NE", "credits": "HMST", "acres": 2.5, "permitNo": "BLD-17563", "permitType": "Dwelling", "permitDate": "11/6/2012", "permitYr": 2012, "nonmetro": 1 }, "geometry": { "type": "Point", "coordinates": [ -91.518226449213927, 41.7969985026416 ] } },
{ "type": "Feature", "properties": { "PPN": "0310477003", "TotalValue": 726600.0, "PropClass": "R", "pctLandVal": 0.17, "acreVal": 435089.82035928144, "SiteAddres": "2984 SPRING VALLEY CT", "credits": "NONE", "acres": 1.67, "permitNo": "BLD-19-28567", "permitType": "Dwelling", "permitDate": "8/15/2019", "permitYr": 2019, "nonmetro": 0 }, "geometry": { "type": "Point", "coordinates": [ -91.638568990134132, 41.836107505840339 ] } },
{ "type": "Feature", "properties": { "PPN": "0216458017", "TotalValue": 810500.0, "PropClass": "R", "pctLandVal": 0.1, "acreVal": 1884883.7209302327, "SiteAddres": "3960 HENDRICKS LN NE", "credits": "HMST", "acres": 0.43, "permitNo": "BLD-18-27890", "permitType": "Dwelling", "permitDate": "6/28/2018", "permitYr": 2018, "nonmetro": 1 }, "geometry": { "type": "Point", "coordinates": [ -91.547299009526128, 41.821031555258671 ] } },
{ "type": "Feature", "properties": { "PPN": "0226252001", "TotalValue": 754400.0, "PropClass": "R", "pctLandVal": 0.15, "acreVal": 410000.0, "SiteAddres": "4294 BUFFALO CT NE", "credits": "NONE", "acres": 1.84, "permitNo": "BLD-17749", "permitType": "Dwelling", "permitDate": "4/1/2013", "permitYr": 2013, "nonmetro": 1 }, "geometry": { "type": "Point", "coordinates": [ -91.516750796722988, 41.797321267137399 ] } },
{ "type": "Feature", "properties": { "PPN": "0706453004", "TotalValue": 1368700.0000000002, "PropClass": "R", "pctLandVal": 0.26, "acreVal": 445830.61889250815, "SiteAddres": "2377 MEHAFFEY BRIDGE RD NE", "credits": "NONE", "acres": 3.07, "permitNo": "BLD-18-27794", "permitType": "Dwelling", "permitDate": "5/29/2018", "permitYr": 2018, "nonmetro": 1 }, "geometry": { "type": "Point", "coordinates": [ -91.589961743960245, 41.760887863296702 ] } },
{ "type": "Feature", "properties": { "PPN": "0216458022", "TotalValue": 436700.0, "PropClass": "R", "pctLandVal": 0.17, "acreVal": 1284411.7647058822, "SiteAddres": "3948 HENDRICKS LN NE", "credits": "HMST", "acres": 0.34, "permitNo": "BLD-19-28317", "permitType": "Dwelling", "permitDate": "4/9/2019", "permitYr": 2019, "nonmetro": 1 }, "geometry": { "type": "Point", "coordinates": [ -91.547986004122166, 41.820285387011218 ] } },
{ "type": "Feature", "properties": { "PPN": "0226252004", "TotalValue": 690000.0, "PropClass": "R", "pctLandVal": 0.19, "acreVal": 276000.0, "SiteAddres": "4273 BUFFALO CT NE", "credits": "HMST", "acres": 2.5, "permitNo": "BLD-16156", "permitType": "Dwelling", "permitDate": "4/30/2010", "permitYr": 2010, "nonmetro": 1 }, "geometry": { "type": "Point", "coordinates": [ -91.519320564411814, 41.798310248472553 ] } },
{ "type": "Feature", "properties": { "PPN": "0216458008", "TotalValue": 495500.0, "PropClass": "R", "pctLandVal": 0.16, "acreVal": 1303947.3684210526, "SiteAddres": "1552 PALMER CT NE", "credits": "HMST", "acres": 0.38, "permitNo": "BLD-27271", "permitType": "Dwelling", "permitDate": "7/25/2017", "permitYr": 2017, "nonmetro": 1 }, "geometry": { "type": "Point", "coordinates": [ -91.546933810615599, 41.822253308566033 ] } },
{ "type": "Feature", "properties": { "PPN": "0226252005", "TotalValue": 620400.0, "PropClass": "R", "pctLandVal": 0.21, "acreVal": 248160.0, "SiteAddres": "4277 BUFFALO CT NE", "credits": "HMST", "acres": 2.5, "permitNo": "BLD-17322", "permitType": "Dwelling", "permitDate": "7/10/2012", "permitYr": 2012, "nonmetro": 1 }, "geometry": { "type": "Point", "coordinates": [ -91.519069555754712, 41.79757440304283 ] } },
{ "type": "Feature", "properties": { "PPN": "0226252002", "TotalValue": 676000.0, "PropClass": "R", "pctLandVal": 0.18, "acreVal": 301785.71428571426, "SiteAddres": "4286 BUFFALO CT NE", "credits": "HMST", "acres": 2.24, "permitNo": "BLD-16208", "permitType": "Dwelling", "permitDate": "4/5/2010", "permitYr": 2010, "nonmetro": 1 }, "geometry": { "type": "Point", "coordinates": [ -91.517317764211057, 41.797964708858096 ] } },
{ "type": "Feature", "properties": { "PPN": "0706102008", "TotalValue": 16400.0, "PropClass": "R", "pctLandVal": 1.0, "acreVal": 25625.0, "SiteAddres": "3594 CREEK RD NE", "credits": "NONE", "acres": 0.64, "permitNo": "BLD-27105", "permitType": "Dwelling", "permitDate": "3/18/2019", "permitYr": 2019, "nonmetro": 1 }, "geometry": { "type": "Point", "coordinates": [ -91.580941094021881, 41.772004510968195 ] } },
{ "type": "Feature", "properties": { "PPN": "0921178004", "TotalValue": 686000.0, "PropClass": "R", "pctLandVal": 0.11, "acreVal": 562295.08196721307, "SiteAddres": "5172  AMERICAN LEGION RD SE", "credits": "NONE", "acres": 1.22, "permitNo": "BLD-20-29297", "permitType": "Dwelling", "permitDate": "7/21/2020", "permitYr": 2020, "nonmetro": 1 }, "geometry": { "type": "Point", "coordinates": [ -91.428157793232529, 41.63538815509164 ] } },
{ "type": "Feature", "properties": { "PPN": "1223102008", "TotalValue": 560300.0, "PropClass": "R", "pctLandVal": 0.14, "acreVal": 309558.01104972378, "SiteAddres": "1989 LUCAS CT SW", "credits": "HMST", "acres": 1.81, "permitNo": "BLD-25712", "permitType": "Dwelling", "permitDate": "4/9/2015", "permitYr": 2015, "nonmetro": 1 }, "geometry": { "type": "Point", "coordinates": [ -91.737376946166393, 41.641347584764169 ] } },
{ "type": "Feature", "properties": { "PPN": "0216458011", "TotalValue": 679000.0, "PropClass": "R", "pctLandVal": 0.12, "acreVal": 1741025.6410256412, "SiteAddres": "1564 PALMER CT NE", "credits": "HMST", "acres": 0.39, "permitNo": "BLD-25963", "permitType": "Dwelling", "permitDate": "7/29/2015", "permitYr": 2015, "nonmetro": 1 }, "geometry": { "type": "Point", "coordinates": [ -91.546260400144192, 41.821554160039909 ] } },
{ "type": "Feature", "properties": { "PPN": "1406102008", "TotalValue": 505600.0, "PropClass": "R", "pctLandVal": 0.16, "acreVal": 407741.93548387097, "SiteAddres": "2357 OAK LANE CT SW", "credits": "NONE", "acres": 1.24, "permitNo": "BLD-17-27518", "permitType": "Dwelling", "permitDate": "11/20/2017", "permitYr": 2017, "nonmetro": 1 }, "geometry": { "type": "Point", "coordinates": [ -91.698576994346766, 41.598043290539231 ] } },
{ "type": "Feature", "properties": { "PPN": "0216458023", "TotalValue": 508700.0, "PropClass": "R", "pctLandVal": 0.15, "acreVal": 1374864.8648648649, "SiteAddres": "3944 HENDRICKS LN NE", "credits": "HMST", "acres": 0.37, "permitNo": "BLD-27327", "permitType": "Dwelling", "permitDate": "8/16/2017", "permitYr": 2017, "nonmetro": 1 }, "geometry": { "type": "Point", "coordinates": [ -91.548127881671206, 41.820022882548066 ] } },
{ "type": "Feature", "properties": { "PPN": "0216458012", "TotalValue": 551700.0, "PropClass": "R", "pctLandVal": 0.17, "acreVal": 1345609.756097561, "SiteAddres": "1563 PALMER CT NE", "credits": "NONE", "acres": 0.41, "permitNo": "BLD-20-28965", "permitType": "Dwelling", "permitDate": "5/15/2020", "permitYr": 2020, "nonmetro": 1 }, "geometry": { "type": "Point", "coordinates": [ -91.546794978278172, 41.821094588101211 ] } },
{ "type": "Feature", "properties": { "PPN": "1223106002", "TotalValue": 683400.0, "PropClass": "R", "pctLandVal": 0.1, "acreVal": 663495.14563106792, "SiteAddres": "1994 ALEX WAY SW", "credits": "HMST", "acres": 1.03, "permitNo": "BLD-21-30226", "permitType": "Dwelling", "permitDate": "8/23/2021", "permitYr": 2021, "nonmetro": 1 }, "geometry": { "type": "Point", "coordinates": [ -91.737487064588805, 41.643377279298953 ] } },
{ "type": "Feature", "properties": { "PPN": "0216458032", "TotalValue": 673200.0, "PropClass": "R", "pctLandVal": 0.12, "acreVal": 1346400.0, "SiteAddres": "1548 PALMER CT NE", "credits": "HMST", "acres": 0.5, "permitNo": "BLD-18-27677", "permitType": "Dwelling", "permitDate": "4/16/2018", "permitYr": 2018, "nonmetro": 1 }, "geometry": { "type": "Point", "coordinates": [ -91.547312594216436, 41.82246341094428 ] } },
{ "type": "Feature", "properties": { "PPN": "1531178001", "TotalValue": 741400.0, "PropClass": "R", "pctLandVal": 0.12, "acreVal": 278721.80451127817, "SiteAddres": "5695 NAPLES AVE SW", "credits": "HMST", "acres": 2.66, "permitNo": "BLD-21-30005", "permitType": "Dwelling", "permitDate": "7/12/2021", "permitYr": 2021, "nonmetro": 1 }, "geometry": { "type": "Point", "coordinates": [ -91.581569798074199, 41.51864744560104 ] } },
{ "type": "Feature", "properties": { "PPN": "0111181005", "TotalValue": 392100.0, "PropClass": "R", "pctLandVal": 0.13, "acreVal": 324049.58677685953, "SiteAddres": "1287 WHITE OAK CT NE", "credits": "HMST, MIL", "acres": 1.21, "permitNo": "BLD-20-28987", "permitType": "Dwelling", "permitDate": "4/6/2020", "permitYr": 2020, "nonmetro": 1 }, "geometry": { "type": "Point", "coordinates": [ -91.387875304154292, 41.839654622706853 ] } },
{ "type": "Feature", "properties": { "PPN": "1730177001", "TotalValue": 333000.0, "PropClass": "A, AD", "pctLandVal": 0.02, "acreVal": 76376.146788990824, "SiteAddres": "4760 670TH ST SE", "credits": "HMST", "acres": 4.36, "permitNo": "BLD-18-27644", "permitType": "Dwelling", "permitDate": "3/26/2018", "permitYr": 2018, "nonmetro": 1 }, "geometry": { "type": "Point", "coordinates": [ -91.468842695100491, 41.446228997977151 ] } },
{ "type": "Feature", "properties": { "PPN": "1223106003", "TotalValue": 630400.0, "PropClass": "R", "pctLandVal": 0.11, "acreVal": 529747.89915966394, "SiteAddres": "1988 ALEX WAY SW", "credits": "HMST", "acres": 1.19, "permitNo": "BLD-20-28992", "permitType": "Dwelling", "permitDate": "4/22/2020", "permitYr": 2020, "nonmetro": 1 }, "geometry": { "type": "Point", "coordinates": [ -91.738250877801519, 41.643292905131581 ] } },
{ "type": "Feature", "properties": { "PPN": "1223127002", "TotalValue": 744500.0, "PropClass": "R", "pctLandVal": 0.1, "acreVal": 653070.17543859652, "SiteAddres": "4012 ERICA BLVD SW", "credits": "NONE", "acres": 1.14, "permitNo": "BLD-22-30654", "permitType": "Dwelling", "permitDate": "2/24/2022", "permitYr": 2022, "nonmetro": 1 }, "geometry": { "type": "Point", "coordinates": [ -91.741241857620352, 41.642412220630447 ] } },
{ "type": "Feature", "properties": { "PPN": "0225477001", "TotalValue": 1496700.0000000002, "PropClass": "R", "pctLandVal": 0.08, "acreVal": 325369.56521739135, "SiteAddres": "4560 200TH ST NE", "credits": "HMST", "acres": 4.6, "permitNo": "BLD-25783", "permitType": "Dwelling", "permitDate": "5/27/2015", "permitYr": 2015, "nonmetro": 1 }, "geometry": { "type": "Point", "coordinates": [ -91.484757308107419, 41.788109583202207 ] } },
{ "type": "Feature", "properties": { "PPN": "1223130001", "TotalValue": 499900.0, "PropClass": "R", "pctLandVal": 0.14, "acreVal": 446339.28571428568, "SiteAddres": "4006 ERICA BLVD SW", "credits": "HMST", "acres": 1.12, "permitNo": "BLD-25844", "permitType": "Dwelling", "permitDate": "6/4/2015", "permitYr": 2015, "nonmetro": 1 }, "geometry": { "type": "Point", "coordinates": [ -91.741235010572083, 41.643223583229364 ] } },
{ "type": "Feature", "properties": { "PPN": "0602177001", "TotalValue": 508500.0, "PropClass": "R", "pctLandVal": 0.17, "acreVal": 86186.440677966093, "SiteAddres": "2273 HIGHWAY 965 NE", "credits": "HMST", "acres": 5.9, "permitNo": "BLD-18-28091", "permitType": "Dwelling", "permitDate": "10/12/2018", "permitYr": 2018, "nonmetro": 1 }, "geometry": { "type": "Point", "coordinates": [ -91.621311448331824, 41.769412160380909 ] } },
{ "type": "Feature", "properties": { "PPN": "0728454001", "TotalValue": 708100.0, "PropClass": "R", "pctLandVal": 0.26, "acreVal": 70951.903807615221, "SiteAddres": "3185 DUBUQUE ST NE", "credits": "NONE", "acres": 9.98, "permitNo": "BLD-23-32291", "permitType": "Dwelling", "permitDate": "12/7/2023", "permitYr": 2023, "nonmetro": 0 }, "geometry": { "type": "Point", "coordinates": [ -91.548220437518964, 41.701427064223473 ] } },
{ "type": "Feature", "properties": { "PPN": "1813402001", "TotalValue": 486600.0, "PropClass": "R", "pctLandVal": 0.12, "acreVal": 284561.40350877191, "SiteAddres": "6319 SIOUX AVE SE", "credits": "HMST", "acres": 1.71, "permitNo": "BLD-26987", "permitType": "Dwelling", "permitDate": "1/24/2017", "permitYr": 2017, "nonmetro": 1 }, "geometry": { "type": "Point", "coordinates": [ -91.484976805389977, 41.473697214595695 ] } },
{ "type": "Feature", "properties": { "PPN": "1813401002", "TotalValue": 194200.0, "PropClass": "A, AD", "pctLandVal": 0.37, "acreVal": 5255.7510148849797, "SiteAddres": "6305 SIOUX AVE SE", "credits": "AG", "acres": 36.95, "permitNo": "BLD-25-33280", "permitType": "Dwelling", "permitDate": "4/23/2025", "permitYr": 2025, "nonmetro": 1 }, "geometry": { "type": "Point", "coordinates": [ -91.486218310107773, 41.472763975903177 ] } },
{ "type": "Feature", "properties": { "PPN": "0521278006", "TotalValue": 307500.0, "PropClass": "R", "pctLandVal": 0.1, "acreVal": 1464285.7142857143, "SiteAddres": "208 E STATE ST", "credits": "HMST", "acres": 0.21, "permitNo": "BLD-20-29361", "permitType": "Dwelling", "permitDate": "8/18/2020", "permitYr": 2020, "nonmetro": 1 }, "geometry": { "type": "Point", "coordinates": [ -91.788416658002163, 41.725701255222589 ] } },
{ "type": "Feature", "properties": { "PPN": "0233429003", "TotalValue": 619500.0, "PropClass": "R", "pctLandVal": 0.23, "acreVal": 102396.69421487604, "SiteAddres": "2114 MEHAFFEY BRIDGE RD NE", "credits": "HMST", "acres": 6.05, "permitNo": "BLD-25962", "permitType": "Dwelling", "permitDate": "7/23/2015", "permitYr": 2015, "nonmetro": 1 }, "geometry": { "type": "Point", "coordinates": [ -91.549396485856249, 41.780120237493271 ] } },
{ "type": "Feature", "properties": { "PPN": "0615302001", "TotalValue": 560300.0, "PropClass": "R", "pctLandVal": 0.13, "acreVal": 280150.0, "SiteAddres": "2855 270TH ST NW", "credits": "HMST", "acres": 2.0, "permitNo": "BLD-18-27751", "permitType": "Dwelling", "permitDate": "5/3/2018", "permitYr": 2018, "nonmetro": 1 }, "geometry": { "type": "Point", "coordinates": [ -91.651294551219706, 41.737295005790422 ] } },
{ "type": "Feature", "properties": { "PPN": "0121477001", "TotalValue": 452300.0, "PropClass": "R", "pctLandVal": 0.17, "acreVal": 97268.817204301071, "SiteAddres": "5128 180TH ST NE", "credits": "HMST", "acres": 4.65, "permitNo": "BLD-26186", "permitType": "Dwelling", "permitDate": "11/6/2015", "permitYr": 2015, "nonmetro": 1 }, "geometry": { "type": "Point", "coordinates": [ -91.426092836981923, 41.802522064422462 ] } },
{ "type": "Feature", "properties": { "PPN": "0521331008", "TotalValue": 300800.0, "PropClass": "R", "pctLandVal": 0.13, "acreVal": 1156923.076923077, "SiteAddres": "131 W MAIN ST", "credits": "NONE", "acres": 0.26, "permitNo": "BLD-23-31568", "permitType": "Dwelling", "permitDate": "2/24/2023", "permitYr": 2023, "nonmetro": 1 }, "geometry": { "type": "Point", "coordinates": [ -91.791957789053598, 41.723013677087387 ] } },
{ "type": "Feature", "properties": { "PPN": "0220376002", "TotalValue": 482500.0, "PropClass": "R", "pctLandVal": 0.12, "acreVal": 1930000.0, "SiteAddres": "1730 PARKSIDE DR NE", "credits": "NONE", "acres": 0.25, "permitNo": "BLD-19-28502", "permitType": "Dwelling", "permitDate": "7/12/2019", "permitYr": 2019, "nonmetro": 1 }, "geometry": { "type": "Point", "coordinates": [ -91.569909889259037, 41.806796178992663 ] } },
{ "type": "Feature", "properties": { "PPN": "0702329004", "TotalValue": 972100.0, "PropClass": "R", "pctLandVal": 0.16, "acreVal": 900092.59259259258, "SiteAddres": "2343 STERLING CT NE", "credits": "HMST", "acres": 1.08, "permitNo": "BLD-21-29845", "permitType": "Dwelling", "permitDate": "4/15/2021", "permitYr": 2021, "nonmetro": 1 }, "geometry": { "type": "Point", "coordinates": [ -91.522069258561004, 41.762818148919365 ] } },
{ "type": "Feature", "properties": { "PPN": "0702402002", "TotalValue": 1037000.0, "PropClass": "R", "pctLandVal": 0.15, "acreVal": 951376.14678899071, "SiteAddres": "4194 JASMINE LN NE", "credits": "NONE", "acres": 1.09, "permitNo": "BLD-20-29145", "permitType": "Dwelling", "permitDate": "5/20/2020", "permitYr": 2020, "nonmetro": 1 }, "geometry": { "type": "Point", "coordinates": [ -91.523089378630772, 41.763033144528926 ] } },
{ "type": "Feature", "properties": { "PPN": "1122401003", "TotalValue": 856600.0, "PropClass": "R", "pctLandVal": 0.18, "acreVal": 70560.131795716632, "SiteAddres": "4107 KANSAS AVE SW", "credits": "HMST", "acres": 12.14, "permitNo": "BLD-17155", "permitType": "Dwelling", "permitDate": "4/11/2012", "permitYr": 2012, "nonmetro": 1 }, "geometry": { "type": "Point", "coordinates": [ -91.638973557165016, 41.633742478176721 ] } },
{ "type": "Feature", "properties": { "PPN": "0702329002", "TotalValue": 825000.0, "PropClass": "R", "pctLandVal": 0.15, "acreVal": 1422413.7931034483, "SiteAddres": "2342 STERLING CT NE", "credits": "HMST", "acres": 0.58, "permitNo": "BLD-21-30014", "permitType": "Dwelling", "permitDate": "6/17/2021", "permitYr": 2021, "nonmetro": 1 }, "geometry": { "type": "Point", "coordinates": [ -91.52110847898976, 41.763026454197941 ] } },
{ "type": "Feature", "properties": { "PPN": "0821202001", "TotalValue": 404700.0, "PropClass": "R", "pctLandVal": 0.27, "acreVal": 86289.978678038387, "SiteAddres": "5081 280TH ST NE", "credits": "HMST", "acres": 4.69, "permitNo": "BLD-26157", "permitType": "Dwelling", "permitDate": "10/26/2015", "permitYr": 2015, "nonmetro": 1 }, "geometry": { "type": "Point", "coordinates": [ -91.43585005888491, 41.728480865112054 ] } },
{ "type": "Feature", "properties": { "PPN": "0316352001", "TotalValue": 361700.0, "PropClass": "R", "pctLandVal": 0.19, "acreVal": 388924.73118279566, "SiteAddres": "1594 COU FALLS RD NW", "credits": "HMST", "acres": 0.93, "permitNo": "BLD-18-27767", "permitType": "Dwelling", "permitDate": "5/18/2018", "permitYr": 2018, "nonmetro": 1 }, "geometry": { "type": "Point", "coordinates": [ -91.675445106793646, 41.819552983588856 ] } },
{ "type": "Feature", "properties": { "PPN": "1533179001", "TotalValue": 422600.0, "PropClass": "R", "pctLandVal": 0.13, "acreVal": 497176.4705882353, "SiteAddres": "5670 OAK CREST HILL RD SE", "credits": "HMST", "acres": 0.85, "permitNo": "BLD-17673", "permitType": "Dwelling", "permitDate": "1/25/2013", "permitYr": 2013, "nonmetro": 1 }, "geometry": { "type": "Point", "coordinates": [ -91.541401900661512, 41.519857500474792 ] } },
{ "type": "Feature", "properties": { "PPN": "1509102002", "TotalValue": 731500.0, "PropClass": "R", "pctLandVal": 0.11, "acreVal": 468910.25641025644, "SiteAddres": "4853 OAK CREST HILL RD SE", "credits": "HMST", "acres": 1.56, "permitNo": "BLD-18-27870", "permitType": "Dwelling", "permitDate": "7/2/2018", "permitYr": 2018, "nonmetro": 1 }, "geometry": { "type": "Point", "coordinates": [ -91.542144681628471, 41.580220548740016 ] } },
{ "type": "Feature", "properties": { "PPN": "0220451003", "TotalValue": 931600.0, "PropClass": "R", "pctLandVal": 0.08, "acreVal": 1863200.0, "SiteAddres": "1758 NEWBERRY AVE NE", "credits": "HMST", "acres": 0.5, "permitNo": "BLD-18-27975", "permitType": "Dwelling", "permitDate": "9/10/2018", "permitYr": 2018, "nonmetro": 1 }, "geometry": { "type": "Point", "coordinates": [ -91.568945976014334, 41.806578935286076 ] } },
{ "type": "Feature", "properties": { "PPN": "0308403002", "TotalValue": 180000.0, "PropClass": "R", "pctLandVal": 0.68, "acreVal": 43269.230769230766, "SiteAddres": "1326 MARAK RD NW", "credits": "NONE", "acres": 4.16, "permitNo": "BLD-24-33009", "permitType": "Dwelling", "permitDate": "11/25/2024", "permitYr": 2024, "nonmetro": 1 }, "geometry": { "type": "Point", "coordinates": [ -91.679466422098031, 41.838144761132583 ] } },
{ "type": "Feature", "properties": { "PPN": "0318426004", "TotalValue": 542400.0, "PropClass": "R", "pctLandVal": 0.33, "acreVal": 67800.0, "SiteAddres": "1536 BLAIN CEMETERY RD NW", "credits": "HMST, MIL", "acres": 8.0, "permitNo": "BLD-27075", "permitType": "Dwelling", "permitDate": "3/24/2017", "permitYr": 2017, "nonmetro": 1 }, "geometry": { "type": "Point", "coordinates": [ -91.703011180425506, 41.822530579074531 ] } },
{ "type": "Feature", "properties": { "PPN": "0706453005", "TotalValue": 553800.0, "PropClass": "R", "pctLandVal": 0.6, "acreVal": 166306.3063063063, "SiteAddres": "2373 MEHAFFEY BRIDGE RD NE", "credits": "NONE", "acres": 3.33, "permitNo": "BLD-24-32751", "permitType": "Dwelling", "permitDate": "8/5/2024", "permitYr": 2024, "nonmetro": 1 }, "geometry": { "type": "Point", "coordinates": [ -91.589344151971773, 41.760183630349509 ] } },
{ "type": "Feature", "properties": { "PPN": "0310407005", "TotalValue": 689400.0, "PropClass": "R", "pctLandVal": 0.15, "acreVal": 36945.337620578779, "SiteAddres": "1335 FOREST RIDGE CT NE", "credits": "HMST", "acres": 18.66, "permitNo": "BLD-19-28389", "permitType": "Dwelling", "permitDate": "5/20/2019", "permitYr": 2019, "nonmetro": 1 }, "geometry": { "type": "Point", "coordinates": [ -91.637568426990129, 41.839431805696471 ] } },
{ "type": "Feature", "properties": { "PPN": "0501477001", "TotalValue": 451700.0, "PropClass": "R", "pctLandVal": 0.15, "acreVal": 265705.8823529412, "SiteAddres": "2389 GREENCASTLE AVE NW", "credits": "HMST", "acres": 1.7, "permitNo": "BLD-17764", "permitType": "Dwelling", "permitDate": "4/12/2013", "permitYr": 2013, "nonmetro": 1 }, "geometry": { "type": "Point", "coordinates": [ -91.715980368757229, 41.761539585865584 ] } },
{ "type": "Feature", "properties": { "PPN": "0316452003", "TotalValue": 1018100.0, "PropClass": "R", "pctLandVal": 0.14, "acreVal": 535842.10526315786, "SiteAddres": "2780 DEER VALLEY DR NW", "credits": "NONE", "acres": 1.9, "permitNo": "BLD-18-27685", "permitType": "Dwelling", "permitDate": "4/19/2018", "permitYr": 2018, "nonmetro": 1 }, "geometry": { "type": "Point", "coordinates": [ -91.662965317694187, 41.821985521804891 ] } },
{ "type": "Feature", "properties": { "PPN": "0310407004", "TotalValue": 546300.0, "PropClass": "R", "pctLandVal": 0.18, "acreVal": 29276.527331189711, "SiteAddres": "1337 FOREST RIDGE CT NE", "credits": "HMST", "acres": 18.66, "permitNo": "BLD-22-30653", "permitType": "Dwelling", "permitDate": "3/3/2022", "permitYr": 2022, "nonmetro": 1 }, "geometry": { "type": "Point", "coordinates": [ -91.637568426990129, 41.839431805696471 ] } },
{ "type": "Feature", "properties": { "PPN": "0310407007", "TotalValue": 582700.0, "PropClass": "R", "pctLandVal": 0.17, "acreVal": 31227.224008574489, "SiteAddres": "1320 FOREST RIDGE CT NE", "credits": "HMST", "acres": 18.66, "permitNo": "BLD-18-27783", "permitType": "Dwelling", "permitDate": "5/21/2018", "permitYr": 2018, "nonmetro": 1 }, "geometry": { "type": "Point", "coordinates": [ -91.637568426990129, 41.839431805696471 ] } },
{ "type": "Feature", "properties": { "PPN": "0716331001", "TotalValue": 1289600.0, "PropClass": "R", "pctLandVal": 0.15, "acreVal": 454084.50704225356, "SiteAddres": "2700 TERESITA CT NE", "credits": "HMST", "acres": 2.84, "permitNo": "BLD-25318", "permitType": "Dwelling", "permitDate": "8/22/2014", "permitYr": 2014, "nonmetro": 1 }, "geometry": { "type": "Point", "coordinates": [ -91.558689681149346, 41.736928582753812 ] } },
{ "type": "Feature", "properties": { "PPN": "0716331003", "TotalValue": 938200.0, "PropClass": "R", "pctLandVal": 0.2, "acreVal": 301672.0257234727, "SiteAddres": "2722 TERESITA CT NE", "credits": "NONE", "acres": 3.11, "permitNo": "BLD-24907", "permitType": "Dwelling", "permitDate": "11/4/2013", "permitYr": 2013, "nonmetro": 1 }, "geometry": { "type": "Point", "coordinates": [ -91.558305035807862, 41.735932941501211 ] } },
{ "type": "Feature", "properties": { "PPN": "0716331002", "TotalValue": 1037300.0, "PropClass": "R", "pctLandVal": 0.18, "acreVal": 382767.52767527674, "SiteAddres": "2692 TERESITA CT NE", "credits": "HMST", "acres": 2.71, "permitNo": "BLD-26265", "permitType": "Dwelling", "permitDate": "1/21/2016", "permitYr": 2016, "nonmetro": 1 }, "geometry": { "type": "Point", "coordinates": [ -91.559447272055749, 41.736217914390792 ] } },
{ "type": "Feature", "properties": { "PPN": "0521278002", "TotalValue": 81900.0, "PropClass": "R", "pctLandVal": 0.77, "acreVal": 199756.09756097561, "SiteAddres": "217 NORTH ST", "credits": "NONE", "acres": 0.41, "permitNo": "BLD-24-32844", "permitType": "Dwelling", "permitDate": "9/6/2024", "permitYr": 2024, "nonmetro": 1 }, "geometry": { "type": "Point", "coordinates": [ -91.788084851331163, 41.726170603352045 ] } },
{ "type": "Feature", "properties": { "PPN": "0317477001", "TotalValue": 717500.0, "PropClass": "R", "pctLandVal": 0.3, "acreVal": 80257.270693512313, "SiteAddres": "1548 COU FALLS RD NW", "credits": "HMST, MIL", "acres": 8.94, "permitNo": "BLD-26344", "permitType": "Dwelling", "permitDate": "3/24/2016", "permitYr": 2016, "nonmetro": 1 }, "geometry": { "type": "Point", "coordinates": [ -91.678019396609145, 41.821559924825578 ] } },
{ "type": "Feature", "properties": { "PPN": "0704105002", "TotalValue": 833100.0, "PropClass": "R", "pctLandVal": 0.19, "acreVal": 136573.7704918033, "SiteAddres": "2225 SUGAR BOTTOM RD NE", "credits": "HMST", "acres": 6.1, "permitNo": "BLD-26305", "permitType": "Dwelling", "permitDate": "2/11/2016", "permitYr": 2016, "nonmetro": 1 }, "geometry": { "type": "Point", "coordinates": [ -91.543575497929595, 41.772378918473684 ] } },
{ "type": "Feature", "properties": { "PPN": "1312403001", "TotalValue": 463000.0, "PropClass": "R", "pctLandVal": 0.2, "acreVal": 103811.65919282511, "SiteAddres": "4903 HIGHWAY 1 SW", "credits": "HMST", "acres": 4.46, "permitNo": "BLD-25038", "permitType": "Dwelling", "permitDate": "4/8/2014", "permitYr": 2014, "nonmetro": 1 }, "geometry": { "type": "Point", "coordinates": [ -91.715394363339669, 41.576500864531639 ] } },
{ "type": "Feature", "properties": { "PPN": "1133352001", "TotalValue": 462800.0, "PropClass": "A, AD", "pctLandVal": 0.02, "acreVal": 84145.454545454544, "SiteAddres": "2625 HIGHWAY 1 SW", "credits": "HMST", "acres": 5.5, "permitNo": "BLD-19-28658", "permitType": "Dwelling", "permitDate": "9/10/2019", "permitYr": 2019, "nonmetro": 1 }, "geometry": { "type": "Point", "coordinates": [ -91.673432295922254, 41.600410016751525 ] } },
{ "type": "Feature", "properties": { "PPN": "1402128001", "TotalValue": 343400.0, "PropClass": "R", "pctLandVal": 0.45, "acreVal": 35329.218106995882, "SiteAddres": "4625 SHARON CENTER RD SW", "credits": "HMST, MIL", "acres": 9.72, "permitNo": "BLD-25-33291", "permitType": "Dwelling", "permitDate": "6/3/2025", "permitYr": 2025, "nonmetro": 1 }, "geometry": { "type": "Point", "coordinates": [ -91.626283475645792, 41.596867990101018 ] } },
{ "type": "Feature", "properties": { "PPN": "0310278002", "TotalValue": 487800.0, "PropClass": "R", "pctLandVal": 0.23, "acreVal": 431681.41592920356, "SiteAddres": "1265 WINCHESTER DR NE", "credits": "HMST, MIL", "acres": 1.13, "permitNo": "BLD-25236", "permitType": "Dwelling", "permitDate": "7/1/2014", "permitYr": 2014, "nonmetro": 0 }, "geometry": { "type": "Point", "coordinates": [ -91.648461291208136, 41.841782099850619 ] } },
{ "type": "Feature", "properties": { "PPN": "0310278001", "TotalValue": 515300.0, "PropClass": "R", "pctLandVal": 0.22, "acreVal": 412240.0, "SiteAddres": "1263 WINCHESTER DR NE", "credits": "HMST", "acres": 1.25, "permitNo": "BLD-25826", "permitType": "Dwelling", "permitDate": "6/2/2015", "permitYr": 2015, "nonmetro": 0 }, "geometry": { "type": "Point", "coordinates": [ -91.647840067674665, 41.841756583552495 ] } },
{ "type": "Feature", "properties": { "PPN": "0703227001", "TotalValue": 408300.0, "PropClass": "R", "pctLandVal": 0.28, "acreVal": 158871.59533073931, "SiteAddres": "2236 SUGAR BOTTOM RD NE", "credits": "HMST", "acres": 2.57, "permitNo": "BLD-27405", "permitType": "Dwelling", "permitDate": "9/14/2017", "permitYr": 2017, "nonmetro": 1 }, "geometry": { "type": "Point", "coordinates": [ -91.541140398045641, 41.77173504708243 ] } },
{ "type": "Feature", "properties": { "PPN": "1521401003", "TotalValue": 300400.0, "PropClass": "R", "pctLandVal": 0.33, "acreVal": 69216.589861751156, "SiteAddres": "5324 OAK CREST HILL RD SE", "credits": "HMST, MIL", "acres": 4.34, "permitNo": "BLD-25532", "permitType": "Dwelling", "permitDate": "5/26/2015", "permitYr": 2015, "nonmetro": 1 }, "geometry": { "type": "Point", "coordinates": [ -91.541871309450073, 41.544855074118281 ] } },
{ "type": "Feature", "properties": { "PPN": "1302302001", "TotalValue": 488100.0, "PropClass": "R", "pctLandVal": 0.26, "acreVal": 54173.140954495007, "SiteAddres": "1862 PIN OAK DR SW", "credits": "HMST", "acres": 9.01, "permitNo": "BLD-17891", "permitType": "Dwelling", "permitDate": "7/23/2013", "permitYr": 2013, "nonmetro": 1 }, "geometry": { "type": "Point", "coordinates": [ -91.742823169183183, 41.589036194778721 ] } },
{ "type": "Feature", "properties": { "PPN": "1302152001", "TotalValue": 393600.0, "PropClass": "R", "pctLandVal": 0.18, "acreVal": 238545.45454545456, "SiteAddres": "4677 COSGROVE RD SW", "credits": "NONE", "acres": 1.65, "permitNo": "BLD-26331", "permitType": "Dwelling", "permitDate": "3/1/2016", "permitYr": 2016, "nonmetro": 1 }, "geometry": { "type": "Point", "coordinates": [ -91.737031497135902, 41.594010546712951 ] } },
{ "type": "Feature", "properties": { "PPN": "1524354003", "TotalValue": 293600.0, "PropClass": "R", "pctLandVal": 0.21, "acreVal": 497627.11864406784, "SiteAddres": "5395 SAND RD SE", "credits": "HMST", "acres": 0.59, "permitNo": "BLD-25646", "permitType": "Dwelling", "permitDate": "4/16/2015", "permitYr": 2015, "nonmetro": 1 }, "geometry": { "type": "Point", "coordinates": [ -91.501973155330248, 41.540387277841603 ] } },
{ "type": "Feature", "properties": { "PPN": "0307105005", "TotalValue": 277100.0, "PropClass": "R", "pctLandVal": 0.11, "acreVal": 1319523.8095238095, "SiteAddres": "335 1ST ST SW", "credits": "MIL", "acres": 0.21, "permitNo": "BLD-16199", "permitType": "Dwelling", "permitDate": "3/24/2010", "permitYr": 2010, "nonmetro": 1 }, "geometry": { "type": "Point", "coordinates": [ -91.699726426489761, 41.846172207784399 ] } },
{ "type": "Feature", "properties": { "PPN": "0503376002", "TotalValue": 427500.0, "PropClass": "R", "pctLandVal": 0.26, "acreVal": 45334.040296924708, "SiteAddres": "1668 250TH ST NW", "credits": "HMST", "acres": 9.43, "permitNo": "BLD-26609", "permitType": "Dwelling", "permitDate": "6/29/2016", "permitYr": 2016, "nonmetro": 1 }, "geometry": { "type": "Point", "coordinates": [ -91.767490425333818, 41.761160580601285 ] } },
{ "type": "Feature", "properties": { "PPN": "1225302001", "TotalValue": 746400.0, "PropClass": "R", "pctLandVal": 0.23, "acreVal": 37042.183622828787, "SiteAddres": "2080 REDWING HOLW SW", "credits": "HMST", "acres": 20.15, "permitNo": "BLD-26246", "permitType": "Dwelling", "permitDate": "12/14/2015", "permitYr": 2015, "nonmetro": 1 }, "geometry": { "type": "Point", "coordinates": [ -91.728344712608603, 41.621699772564007 ] } },
{ "type": "Feature", "properties": { "PPN": "0229427023", "TotalValue": 3289900.0, "PropClass": "R", "pctLandVal": 0.36, "acreVal": 8024146.341463415, "SiteAddres": "1940 BURESH POINT RD NE", "credits": "NONE", "acres": 0.41, "permitNo": "BLD-20-29312", "permitType": "Dwelling", "permitDate": "9/17/2020", "permitYr": 2020, "nonmetro": 1 }, "geometry": { "type": "Point", "coordinates": [ -91.566230068369364, 41.795704182552441 ] } },
{ "type": "Feature", "properties": { "PPN": "0933276003", "TotalValue": 533000.0, "PropClass": "R", "pctLandVal": 0.26, "acreVal": 65721.331689272512, "SiteAddres": "5050 HIGHWAY 6 SE", "credits": "NONE", "acres": 8.11, "permitNo": "BLD-17634", "permitType": "Dwelling", "permitDate": "12/11/2012", "permitYr": 2012, "nonmetro": 1 }, "geometry": { "type": "Point", "coordinates": [ -91.438309249159431, 41.606874036885777 ] } },
{ "type": "Feature", "properties": { "PPN": "0705280001", "TotalValue": 854700.0, "PropClass": "R", "pctLandVal": 0.19, "acreVal": 198767.44186046513, "SiteAddres": "2296 MEHAFFEY BRIDGE RD NE", "credits": "NONE", "acres": 4.3, "permitNo": "BLD-20-29360", "permitType": "Dwelling", "permitDate": "8/18/2020", "permitYr": 2020, "nonmetro": 1 }, "geometry": { "type": "Point", "coordinates": [ -91.573955696928422, 41.766819704570104 ] } },
{ "type": "Feature", "properties": { "PPN": "0307191010", "TotalValue": 443500.0, "PropClass": "R", "pctLandVal": 0.14, "acreVal": 615972.22222222225, "SiteAddres": "219 MAPLE ST SW", "credits": "HMST, MIL", "acres": 0.72, "permitNo": "BLD-17207", "permitType": "Dwelling", "permitDate": "4/24/2012", "permitYr": 2012, "nonmetro": 1 }, "geometry": { "type": "Point", "coordinates": [ -91.697833710435916, 41.841320074227987 ] } },
{ "type": "Feature", "properties": { "PPN": "0710327002", "TotalValue": 545800.0, "PropClass": "R", "pctLandVal": 0.23, "acreVal": 154617.56373937678, "SiteAddres": "2540 OVERVIEW DR NE", "credits": "HMST", "acres": 3.53, "permitNo": "BLD-17149", "permitType": "Dwelling", "permitDate": "3/26/2012", "permitYr": 2012, "nonmetro": 1 }, "geometry": { "type": "Point", "coordinates": [ -91.538500475998603, 41.748627855043324 ] } },
{ "type": "Feature", "properties": { "PPN": "0726257004", "TotalValue": 1150200.0, "PropClass": "R", "pctLandVal": 0.1, "acreVal": 723396.22641509445, "SiteAddres": "4233 WESTCOTT DR NE", "credits": "HMST", "acres": 1.59, "permitNo": "BLD-18-27915", "permitType": "Dwelling", "permitDate": "8/6/2018", "permitYr": 2018, "nonmetro": 1 }, "geometry": { "type": "Point", "coordinates": [ -91.519418841600654, 41.710209959446203 ] } },
{ "type": "Feature", "properties": { "PPN": "0316351012", "TotalValue": 696200.0, "PropClass": "R", "pctLandVal": 0.18, "acreVal": 204164.22287390029, "SiteAddres": "1581 COURTNEY LN NW", "credits": "NONE", "acres": 3.41, "permitNo": "BLD-23-31786", "permitType": "Dwelling", "permitDate": "6/26/2023", "permitYr": 2023, "nonmetro": 1 }, "geometry": { "type": "Point", "coordinates": [ -91.673628622520141, 41.819330956938067 ] } },
{ "type": "Feature", "properties": { "PPN": "0702355001", "TotalValue": 975200.0, "PropClass": "R", "pctLandVal": 0.19, "acreVal": 136966.29213483146, "SiteAddres": "2383 SUGAR BOTTOM RD NE", "credits": "HMST", "acres": 7.12, "permitNo": "BLD-17290", "permitType": "Dwelling", "permitDate": "6/26/2012", "permitYr": 2012, "nonmetro": 1 }, "geometry": { "type": "Point", "coordinates": [ -91.519445560409565, 41.761322915961365 ] } }
]
}
