{
"type": "FeatureCollection",
"name": "residentialGrowthAreas_2018FLU_250918",
"crs": { "type": "name", "properties": { "name": "urn:ogc:def:crs:OGC:1.3:CRS84" } },
"features": [
{ "type": "Feature", "properties": { "OBJECTID": 1, "LAND_USE": "Residential", "TOTAL_AREA": 2204, "Shape_Length": 68943.40117671185, "Shape_Area": 96002471.166471675, "acreage": 2203.97 }, "geometry": { "type": "MultiPolygon", "coordinates": [ [ [ [ -91.458722411258648, 41.725588187302577 ], [ -91.458718605543439, 41.721932897076357 ], [ -91.457241206765644, 41.721934897872849 ], [ -91.457208100637544, 41.720329967441181 ], [ -91.457199565840583, 41.719878845668035 ], [ -91.45719218268701, 41.719558199954285 ], [ -91.457089342693862, 41.714573940661502 ], [ -91.453809274896898, 41.714552014589138 ], [ -91.44897024151517, 41.71463872239385 ], [ -91.439238800675639, 41.714738813262741 ], [ -91.439214297587242, 41.7138669588618 ], [ -91.439205895760296, 41.713568153225211 ], [ -91.439187717978243, 41.712921682511933 ], [ -91.439150499257337, 41.711092941069282 ], [ -91.443977819157311, 41.711066126737514 ], [ -91.443837418519848, 41.707399938751799 ], [ -91.448795323787294, 41.707426966523194 ], [ -91.450969820655445, 41.707388026139938 ], [ -91.452928867697921, 41.70736481983247 ], [ -91.453732327881966, 41.707356570110839 ], [ -91.45368734380483, 41.704583247258434 ], [ -91.453673682267095, 41.703740870084616 ], [ -91.455047024803036, 41.703740638580634 ], [ -91.458539906637853, 41.703684005913622 ], [ -91.458510942845308, 41.701312674944504 ], [ -91.460341505174597, 41.701330849833859 ], [ -91.461786086897277, 41.701346079823075 ], [ -91.461772746174702, 41.700107497997656 ], [ -91.463348902774186, 41.700117100894026 ], [ -91.46818791315215, 41.700169691562373 ], [ -91.468152961612319, 41.696506195896461 ], [ -91.472971441738792, 41.696552493615364 ], [ -91.477837205686484, 41.696579044276255 ], [ -91.477824309559807, 41.692938318551668 ], [ -91.478534484762164, 41.692944195459795 ], [ -91.478656241486078, 41.692945202580589 ], [ -91.479251441131893, 41.692950127579515 ], [ -91.479821929645212, 41.692954844437644 ], [ -91.481841296219713, 41.692971510630564 ], [ -91.482177779555727, 41.692974283559117 ], [ -91.482537716425341, 41.69297542522952 ], [ -91.483553277140373, 41.692977349625025 ], [ -91.484193839795594, 41.69297655861611 ], [ -91.484998432738706, 41.692980195145623 ], [ -91.48569155654674, 41.692979877254189 ], [ -91.485698926587872, 41.693314641086204 ], [ -91.485713541603957, 41.6939788132429 ], [ -91.485724654647413, 41.694483702167091 ], [ -91.485738363616051, 41.695106441126136 ], [ -91.48575195098293, 41.695723830027156 ], [ -91.485764885320577, 41.696311419832895 ], [ -91.485771694713264, 41.696620798907816 ], [ -91.487834755095733, 41.696618012974277 ], [ -91.491229600835894, 41.696618838843015 ], [ -91.491844346037894, 41.696618977403823 ], [ -91.492693821153182, 41.696619163110306 ], [ -91.492717184621924, 41.69843833775974 ], [ -91.492740550623409, 41.700257510445624 ], [ -91.492791122585146, 41.703897920950219 ], [ -91.492822158071036, 41.705718132557493 ], [ -91.492853195290337, 41.707538343068357 ], [ -91.492914793643706, 41.711150524886108 ], [ -91.492963613929618, 41.714656540843812 ], [ -91.492965065267256, 41.714760756520398 ], [ -91.492964982294964, 41.714837674551724 ], [ -91.492961142106566, 41.718406978486115 ], [ -91.490532432568386, 41.718404434153442 ], [ -91.488103743673221, 41.718401838466896 ], [ -91.485926338264392, 41.718403347002194 ], [ -91.485915987722549, 41.720282274741699 ], [ -91.485696214204083, 41.720281392726058 ], [ -91.485672564489676, 41.722041042678313 ], [ -91.483268196825819, 41.722030899862546 ], [ -91.483227059361298, 41.724785097116609 ], [ -91.478142840424468, 41.724797968013711 ], [ -91.477516760924999, 41.724790443882888 ], [ -91.473216333832752, 41.72474858955092 ], [ -91.468395185578956, 41.724714753845952 ], [ -91.468383952532093, 41.725600642836632 ], [ -91.465939344794236, 41.725581424714612 ], [ -91.463468242964908, 41.725561946089904 ], [ -91.458722411258648, 41.725588187302577 ] ], [ [ -91.468257256561373, 41.703786567674157 ], [ -91.468286158257357, 41.705327579443527 ], [ -91.4666095033689, 41.705311274909683 ], [ -91.466243104642231, 41.705307709455688 ], [ -91.465358631469499, 41.705299095771643 ], [ -91.463451499714338, 41.705277117727661 ], [ -91.463515592081876, 41.70736061903267 ], [ -91.463588955203477, 41.710989112851614 ], [ -91.460177855864814, 41.710979023889742 ], [ -91.458667115460912, 41.710974523758111 ], [ -91.458710185189901, 41.714584741705721 ], [ -91.460220960623957, 41.714594789070091 ], [ -91.463662325320698, 41.714617601357673 ], [ -91.465092908305323, 41.714632253853978 ], [ -91.468455243561422, 41.714666625160618 ], [ -91.468448088706467, 41.714267426378456 ], [ -91.468482309381884, 41.714122406117227 ], [ -91.468511869107715, 41.713710805475117 ], [ -91.468514890494575, 41.713635557653198 ], [ -91.468659526657277, 41.713608578872702 ], [ -91.46874784127678, 41.713566718787682 ], [ -91.468825324696951, 41.713490355040967 ], [ -91.468814353230428, 41.713430972404964 ], [ -91.468752015634635, 41.713315275544232 ], [ -91.468571867531708, 41.712983059517654 ], [ -91.46856581962416, 41.712765750466815 ], [ -91.46860801276631, 41.712646220864869 ], [ -91.468798274725557, 41.712360118735099 ], [ -91.468949964092999, 41.712136134397589 ], [ -91.468988975631092, 41.712001108051403 ], [ -91.469084477958916, 41.71166976948269 ], [ -91.469043087364255, 41.711440347483766 ], [ -91.469069474091967, 41.711269586487788 ], [ -91.469109340527581, 41.711039536548412 ], [ -91.473192968843577, 41.711077591355227 ], [ -91.47318561105277, 41.710475051105497 ], [ -91.473181247200642, 41.710192404794455 ], [ -91.473168369614925, 41.709358190194671 ], [ -91.473155958538456, 41.708554160178778 ], [ -91.473145369492244, 41.707868192779443 ], [ -91.473138848959678, 41.707445689108198 ], [ -91.473127069632923, 41.706682656300863 ], [ -91.473115125493081, 41.705908817614926 ], [ -91.473083298589458, 41.703846717910928 ], [ -91.468257256561373, 41.703786567674157 ] ] ] ] } },
{ "type": "Feature", "properties": { "OBJECTID": 2, "LAND_USE": "Residential", "TOTAL_AREA": 523, "Shape_Length": 27269.53167645909, "Shape_Area": 22770674.262567379, "acreage": 522.76 }, "geometry": { "type": "MultiPolygon", "coordinates": [ [ [ [ -91.517861757183624, 41.693011931647 ], [ -91.516897026248373, 41.693015865699287 ], [ -91.516115372629159, 41.693011975301111 ], [ -91.515466748025943, 41.693008743801009 ], [ -91.515057795434316, 41.693006704561938 ], [ -91.514996395275375, 41.693006397166698 ], [ -91.513739713390962, 41.693000120754661 ], [ -91.513245432833273, 41.692997648307468 ], [ -91.512037139723063, 41.69299272415217 ], [ -91.511932299009359, 41.687496923772088 ], [ -91.513538912252088, 41.687600260126437 ], [ -91.513889170610014, 41.687618866845362 ], [ -91.514574059295185, 41.687655247687722 ], [ -91.515167358947878, 41.687686759635241 ], [ -91.515715921599622, 41.68771589313986 ], [ -91.516262949362613, 41.687744941961533 ], [ -91.516433486416531, 41.687749966005363 ], [ -91.517312998543034, 41.687775868725609 ], [ -91.518373953076562, 41.68780710732343 ], [ -91.519409255009364, 41.687837581280284 ], [ -91.520323833007723, 41.687864493831178 ], [ -91.520653080945536, 41.687874180255093 ], [ -91.520985362607291, 41.687791930830542 ], [ -91.521565941049488, 41.68764821761981 ], [ -91.524353784667184, 41.687756444751038 ], [ -91.524836835650717, 41.687811564525674 ], [ -91.52619810516407, 41.687841788982439 ], [ -91.527034683704329, 41.688022386233499 ], [ -91.527654684751298, 41.687917698564469 ], [ -91.528359403552258, 41.687933264502895 ], [ -91.529293620986962, 41.687954898621278 ], [ -91.530558958684949, 41.687985222816529 ], [ -91.530877736655057, 41.687988758505327 ], [ -91.531294174634837, 41.687996112835364 ], [ -91.531718893737718, 41.688001777037869 ], [ -91.53232379382645, 41.687999059790599 ], [ -91.533274774903475, 41.687969138218669 ], [ -91.53367641683073, 41.687947052852806 ], [ -91.534502055982472, 41.687883893792524 ], [ -91.534901366018389, 41.687844709145999 ], [ -91.536030679391018, 41.687942768736036 ], [ -91.537973142009051, 41.688102884653631 ], [ -91.538972344067261, 41.688374941483282 ], [ -91.540381808467444, 41.688562556594512 ], [ -91.540704812738255, 41.688627714990673 ], [ -91.54087353156045, 41.688680910159441 ], [ -91.540990857716352, 41.688726755250322 ], [ -91.541103679910108, 41.688778564513903 ], [ -91.541211459387142, 41.688836090552741 ], [ -91.541313681468722, 41.688899058670223 ], [ -91.541409858009416, 41.688967168182074 ], [ -91.542029337967961, 41.68955704305214 ], [ -91.542277852076722, 41.689763922271197 ], [ -91.542317001050932, 41.689998748891057 ], [ -91.542498275693703, 41.690149870769758 ], [ -91.542681515983247, 41.690299655096261 ], [ -91.54274146863898, 41.690336323455035 ], [ -91.542805746908712, 41.690368613615831 ], [ -91.542873783657555, 41.690396240675781 ], [ -91.542944978586334, 41.690418960875256 ], [ -91.543018703528418, 41.690436573748734 ], [ -91.543094307992462, 41.69044892389357 ], [ -91.543171124902287, 41.690455902341462 ], [ -91.543252177611635, 41.690457384751966 ], [ -91.543333032168704, 41.69045288783424 ], [ -91.543412905360114, 41.690442455148599 ], [ -91.543491023479419, 41.690426187753161 ], [ -91.543566629822436, 41.690404243225039 ], [ -91.543638992017691, 41.690376834133694 ], [ -91.543692126785388, 41.69018384058689 ], [ -91.543787172070552, 41.690158443152924 ], [ -91.543878940001107, 41.690126994578748 ], [ -91.543966746365953, 41.690089729342851 ], [ -91.544049936494403, 41.690046925292059 ], [ -91.544127890137517, 41.689998901569481 ], [ -91.544200026092923, 41.689946016235012 ], [ -91.544265806538178, 41.689888663595248 ], [ -91.544569976693467, 41.689838824197665 ], [ -91.544620169480595, 41.689862767709542 ], [ -91.545098428748133, 41.690111091555217 ], [ -91.545229891297353, 41.690186207944912 ], [ -91.545374753548685, 41.690268217582144 ], [ -91.545514351779886, 41.690355205552407 ], [ -91.545648381738388, 41.690446982279632 ], [ -91.545776551303149, 41.690543347750619 ], [ -91.545898581121193, 41.690644091950865 ], [ -91.546014205216551, 41.690748995322046 ], [ -91.546123171569974, 41.690857829240443 ], [ -91.546211927055353, 41.690958986153653 ], [ -91.546293999848416, 41.691063265145054 ], [ -91.546369194859594, 41.69117041838124 ], [ -91.546437333342567, 41.691280191196583 ], [ -91.546498253319399, 41.691392322698277 ], [ -91.546551809965806, 41.691506546386449 ], [ -91.546599209484867, 41.691626288360531 ], [ -91.546638517106047, 41.691747665150622 ], [ -91.546669633358377, 41.691870369743533 ], [ -91.546692479488883, 41.691994091765842 ], [ -91.546706997662227, 41.692118518268821 ], [ -91.546713151107483, 41.692243334520064 ], [ -91.546710924211609, 41.692368224799587 ], [ -91.546664793549411, 41.693237768148613 ], [ -91.546536660441561, 41.693339934159951 ], [ -91.546260518522388, 41.69335827431469 ], [ -91.545237183834075, 41.693226262547377 ], [ -91.543874342674457, 41.693088518574292 ], [ -91.543033658980789, 41.69303333954015 ], [ -91.54247228647526, 41.693037252108127 ], [ -91.541638311356692, 41.693002591731087 ], [ -91.54042456005061, 41.692910781555021 ], [ -91.539897967395248, 41.692935461306227 ], [ -91.5397425184252, 41.692898350461611 ], [ -91.539644612879684, 41.692652732784929 ], [ -91.539490976194585, 41.692433622638774 ], [ -91.539253177374107, 41.692404094099011 ], [ -91.539189651428501, 41.692528209880081 ], [ -91.539196868634804, 41.692744845278497 ], [ -91.539318431013669, 41.692843147197252 ], [ -91.539335878477743, 41.693005702569181 ], [ -91.539078142903691, 41.693069669117868 ], [ -91.538993353799057, 41.693161811779738 ], [ -91.538057127569843, 41.693163092901131 ], [ -91.536899825728469, 41.693164665546362 ], [ -91.535984468975286, 41.693165901177629 ], [ -91.531296064249517, 41.693127458188918 ], [ -91.531360948017507, 41.696772147887174 ], [ -91.531423943225178, 41.700342058750628 ], [ -91.531183551653413, 41.700175648845963 ], [ -91.530857825426665, 41.699833684317795 ], [ -91.530320798807878, 41.699454163690653 ], [ -91.529917641978457, 41.699280903043814 ], [ -91.529517930824028, 41.699175466712838 ], [ -91.529296355218733, 41.699144596898407 ], [ -91.52868099376073, 41.699266592067794 ], [ -91.528280260614224, 41.699376619175361 ], [ -91.528048003592033, 41.699486934104662 ], [ -91.527826621611808, 41.699479912610983 ], [ -91.527631422228666, 41.699333852941145 ], [ -91.527502405608516, 41.698937406148573 ], [ -91.527347725630932, 41.698662846601785 ], [ -91.527086243034802, 41.698468137243879 ], [ -91.526628486793825, 41.698314352220223 ], [ -91.526044769668076, 41.698298590945747 ], [ -91.52570572596089, 41.698397477054236 ], [ -91.525383355216675, 41.698459760089257 ], [ -91.525152963820133, 41.698387555997485 ], [ -91.525054261989368, 41.698325685577728 ], [ -91.524943688471907, 41.698253091314086 ], [ -91.524807475367524, 41.698034258071068 ], [ -91.524709645539886, 41.69784816096066 ], [ -91.524524411877493, 41.697706040738545 ], [ -91.524248004244456, 41.697671825764189 ], [ -91.524026285770873, 41.697676113508273 ], [ -91.523777033764915, 41.697682506731944 ], [ -91.523586888773863, 41.697671923898618 ], [ -91.523073428260346, 41.697574273791659 ], [ -91.522827592842575, 41.697588785344948 ], [ -91.52257660913979, 41.697622081610056 ], [ -91.5221361669701, 41.697592271848038 ], [ -91.521966917140503, 41.697527108627582 ], [ -91.521823762760988, 41.697537364042425 ], [ -91.521814328999881, 41.69685440359234 ], [ -91.521856266153449, 41.696679153008894 ], [ -91.521269940668944, 41.696677412864076 ], [ -91.520909300853702, 41.696683849272773 ], [ -91.520734441132234, 41.696562316291264 ], [ -91.520644955457428, 41.696463683562854 ], [ -91.520542177331293, 41.696320390185193 ], [ -91.520477410465432, 41.696282227412894 ], [ -91.520327254492244, 41.696101065865079 ], [ -91.520177993148152, 41.695998478746198 ], [ -91.520115191954119, 41.695955314940143 ], [ -91.520003350571358, 41.695878445985166 ], [ -91.519868036973406, 41.695785443775996 ], [ -91.519605608949945, 41.695674601537696 ], [ -91.519381669271255, 41.695580014961379 ], [ -91.519222091553999, 41.695468003988701 ], [ -91.519087938476261, 41.695393142527038 ], [ -91.519020742105326, 41.694711911863273 ], [ -91.519083241440583, 41.694643837910235 ], [ -91.519122971617264, 41.694571772816005 ], [ -91.51928768716445, 41.694394098778197 ], [ -91.519308699353303, 41.694305243904004 ], [ -91.519258185224643, 41.694219971861926 ], [ -91.519132698188002, 41.694131189118586 ], [ -91.51892291943841, 41.693742958999323 ], [ -91.518739773503171, 41.693683558719904 ], [ -91.518592511318474, 41.693678642200481 ], [ -91.518460326138623, 41.693629547289824 ], [ -91.518294519737822, 41.693511767308891 ], [ -91.518115076685021, 41.69333061836835 ], [ -91.517861757183624, 41.693011931647 ] ] ] ] } },
{ "type": "Feature", "properties": { "OBJECTID": 3, "LAND_USE": "Residential", "TOTAL_AREA": 1347, "Shape_Length": 40091.969980240647, "Shape_Area": 58678182.629125342, "acreage": 1347.1 }, "geometry": { "type": "MultiPolygon", "coordinates": [ [ [ [ -91.519589739004815, 41.700429473727205 ], [ -91.52038179411214, 41.700304815608085 ], [ -91.520309182475259, 41.700464504057862 ], [ -91.520572066638422, 41.700672978702826 ], [ -91.520715218018466, 41.700874091649986 ], [ -91.520801631246314, 41.701074065601489 ], [ -91.520770892786047, 41.701332431988064 ], [ -91.520881760197099, 41.701481010567548 ], [ -91.521311122741096, 41.701755973162776 ], [ -91.52150606869624, 41.701759296985145 ], [ -91.521797512505103, 41.701509835605172 ], [ -91.521887487295842, 41.701260712958472 ], [ -91.521998113407037, 41.70114576398484 ], [ -91.522281824562299, 41.701150942636602 ], [ -91.522390889145512, 41.70114782552308 ], [ -91.522620564507733, 41.701213674399497 ], [ -91.522807271520406, 41.701247050936011 ], [ -91.523083740010406, 41.701340116985115 ], [ -91.524225096210841, 41.701780573822496 ], [ -91.524425859685962, 41.702014916762366 ], [ -91.524741531737021, 41.702295136484587 ], [ -91.52533060058748, 41.702407413616008 ], [ -91.525920219735895, 41.702652830566734 ], [ -91.526329837770234, 41.70279447577979 ], [ -91.526495535686848, 41.702917046115061 ], [ -91.526384549659838, 41.703013807348853 ], [ -91.526353616646247, 41.703097862642032 ], [ -91.526488391031521, 41.703152996293952 ], [ -91.526690238980805, 41.703170496929516 ], [ -91.526730698825929, 41.703172897839444 ], [ -91.526756993645648, 41.704050521654224 ], [ -91.526865606015804, 41.707675229358777 ], [ -91.526897869627589, 41.709484052407284 ], [ -91.527046105528981, 41.714984635460034 ], [ -91.525032215672212, 41.714957321652207 ], [ -91.522254929163651, 41.714919596590434 ], [ -91.522260707030441, 41.716742921791337 ], [ -91.52226811739429, 41.717658566437862 ], [ -91.522275529195113, 41.718574209925841 ], [ -91.522276533707043, 41.718698376530774 ], [ -91.522304738924092, 41.722182986624894 ], [ -91.517452282702763, 41.7221745633341 ], [ -91.517464148621357, 41.723057925556965 ], [ -91.513421918337059, 41.723081544191736 ], [ -91.512514580179385, 41.723079233102268 ], [ -91.512543403631099, 41.725801052876534 ], [ -91.507582963127717, 41.725758587388917 ], [ -91.507589210146548, 41.727595235272879 ], [ -91.507595426661851, 41.729423338466177 ], [ -91.504155580485346, 41.729399122519126 ], [ -91.502629337333971, 41.729388343976552 ], [ -91.499018794300085, 41.729398681121474 ], [ -91.497770461790083, 41.72943027951068 ], [ -91.497771480872117, 41.729193239529472 ], [ -91.497782619421685, 41.726458115165471 ], [ -91.497785534852355, 41.725742172020631 ], [ -91.497800379319742, 41.722097275766302 ], [ -91.497931400679633, 41.722097971207027 ], [ -91.502713535456579, 41.722068807744222 ], [ -91.502677146375916, 41.718443447054156 ], [ -91.502643886252443, 41.714810991306251 ], [ -91.502627453451097, 41.712963569288355 ], [ -91.502611632496183, 41.711184835523724 ], [ -91.502598133852231, 41.709667039278919 ], [ -91.502593510571742, 41.709147228439221 ], [ -91.502585213743345, 41.708214183756432 ], [ -91.502579077669708, 41.707524031221951 ], [ -91.502506372797527, 41.703892873564719 ], [ -91.50351793069477, 41.703906030483346 ], [ -91.507298993513032, 41.70393000608928 ], [ -91.507319165882976, 41.700272370192309 ], [ -91.509349459454313, 41.700279683057133 ], [ -91.509514834340564, 41.698287507930694 ], [ -91.50967989071961, 41.69828771834316 ], [ -91.509649648161783, 41.695903180041277 ], [ -91.511563853779421, 41.695920758431264 ], [ -91.511560642351029, 41.695750776800288 ], [ -91.511696544221991, 41.695798232092891 ], [ -91.512064452093725, 41.696224355139449 ], [ -91.512287020295361, 41.696372283243562 ], [ -91.51252053338132, 41.696461550312698 ], [ -91.513200847007241, 41.696551949372633 ], [ -91.513421335991168, 41.696618002826305 ], [ -91.513773089340049, 41.696853577874329 ], [ -91.514105179860266, 41.697013326853856 ], [ -91.51470816566642, 41.697177710799345 ], [ -91.515025566366319, 41.697248678421666 ], [ -91.515315630000629, 41.697345427426505 ], [ -91.515534525099881, 41.697463947348986 ], [ -91.515803510281728, 41.697681631173047 ], [ -91.516148208483756, 41.697999086773997 ], [ -91.51654629372689, 41.698307502169868 ], [ -91.516897355748966, 41.698536364891943 ], [ -91.517199163129774, 41.698698847293798 ], [ -91.517343632683975, 41.698826043513442 ], [ -91.517388450469468, 41.698948104805588 ], [ -91.517354443992744, 41.699042571341664 ], [ -91.517138483230852, 41.699248704972931 ], [ -91.517032828764428, 41.699410743066203 ], [ -91.517011546765616, 41.699538367293208 ], [ -91.517108128524356, 41.699644500817293 ], [ -91.517202826838798, 41.699752316812599 ], [ -91.517409398296508, 41.69976459649569 ], [ -91.517546547932454, 41.699801423587623 ], [ -91.517520783378515, 41.699895858937943 ], [ -91.517259391678095, 41.700150456032176 ], [ -91.516937459201017, 41.700498721484053 ], [ -91.51693115672191, 41.70070586343946 ], [ -91.517147533131677, 41.70078727992459 ], [ -91.517540564878644, 41.700750759884556 ], [ -91.518548900898466, 41.700534997292038 ], [ -91.518876842040939, 41.700540596405759 ], [ -91.519113593771564, 41.700544638017554 ], [ -91.519445297908518, 41.700507236699181 ], [ -91.519589739004815, 41.700429473727205 ] ] ] ] } },
{ "type": "Feature", "properties": { "OBJECTID": 4, "LAND_USE": "Residential", "TOTAL_AREA": 1964, "Shape_Length": 69321.082067603595, "Shape_Area": 78668143.854347542, "acreage": 1805.95 }, "geometry": { "type": "MultiPolygon", "coordinates": [ [ [ [ -91.530465295108783, 41.810076297214977 ], [ -91.534014092358078, 41.810151629622993 ], [ -91.534236413336856, 41.810720223616009 ], [ -91.534406633545771, 41.810302662106977 ], [ -91.536648956177231, 41.810544211724462 ], [ -91.537247107490387, 41.810196372148596 ], [ -91.537905053126195, 41.809813755050293 ], [ -91.537896168545217, 41.810225332634701 ], [ -91.540332259465842, 41.810275961192438 ], [ -91.54395572438348, 41.810337971922245 ], [ -91.544617885363564, 41.811541259012678 ], [ -91.544326214786551, 41.811982143640762 ], [ -91.543991453507374, 41.81248815316539 ], [ -91.543949652884123, 41.813832454064425 ], [ -91.544169116674652, 41.813844893685847 ], [ -91.545145707015394, 41.812545006054613 ], [ -91.545192608454812, 41.812386411172653 ], [ -91.545434928533538, 41.811567016587965 ], [ -91.547008271610721, 41.811588740959493 ], [ -91.547479835326129, 41.811595247639296 ], [ -91.548084782145935, 41.81141581956814 ], [ -91.548892857020178, 41.81119585517223 ], [ -91.550073863904203, 41.811218407308679 ], [ -91.554901122383569, 41.811338371807615 ], [ -91.554976242366251, 41.811340236600564 ], [ -91.556043091830162, 41.810531115280035 ], [ -91.5581640444681, 41.810565940174115 ], [ -91.558177060129651, 41.810148294959355 ], [ -91.557119461858534, 41.809534116248237 ], [ -91.557131005383354, 41.808930449742675 ], [ -91.558245040590492, 41.808613050310285 ], [ -91.559109962671741, 41.808200400652659 ], [ -91.559769954450772, 41.809087607045207 ], [ -91.560356265462559, 41.80878208179945 ], [ -91.560377454544934, 41.808504819950443 ], [ -91.561181635376911, 41.808488306698266 ], [ -91.56370781604582, 41.8084747324259 ], [ -91.564703351203377, 41.808467445585343 ], [ -91.564707533381096, 41.80791279282834 ], [ -91.565242517190867, 41.808026354773311 ], [ -91.566105624562468, 41.808209562506022 ], [ -91.566797578295066, 41.808356433899085 ], [ -91.566798860366958, 41.807833606458715 ], [ -91.566801073604481, 41.806931225623515 ], [ -91.568465353959752, 41.80700734254399 ], [ -91.568293966723886, 41.804807289644394 ], [ -91.569575777025406, 41.804817612492798 ], [ -91.571644501234758, 41.804865569375963 ], [ -91.572898285674299, 41.804893949240096 ], [ -91.574364700911204, 41.804927125227422 ], [ -91.574361929376693, 41.805405987772211 ], [ -91.575287959572705, 41.805414829494197 ], [ -91.575273988347803, 41.807665586862321 ], [ -91.575271211255355, 41.808109294765465 ], [ -91.576615907525351, 41.808073150716886 ], [ -91.576599632104077, 41.810356519433597 ], [ -91.576561883455682, 41.810927078948787 ], [ -91.57652128960801, 41.811275811483924 ], [ -91.576514205185305, 41.811385480529957 ], [ -91.576488112690384, 41.811789368588123 ], [ -91.575508207887779, 41.811691761209865 ], [ -91.576119566646767, 41.812322458013206 ], [ -91.576427490104521, 41.813091947912 ], [ -91.576588335001176, 41.813202275558467 ], [ -91.5769049435944, 41.813419445606954 ], [ -91.576949566083854, 41.813383035138941 ], [ -91.577130716593572, 41.813507290809689 ], [ -91.577086095376657, 41.813543699565244 ], [ -91.577760986049029, 41.814006612305896 ], [ -91.577082033440476, 41.814443758105099 ], [ -91.576488503949037, 41.814166840280677 ], [ -91.576171867028592, 41.8140191075112 ], [ -91.576060090287982, 41.813995205903247 ], [ -91.57569488347157, 41.813950217839768 ], [ -91.57554880161895, 41.813932221944874 ], [ -91.574283759759837, 41.813776373518472 ], [ -91.573549639799168, 41.813515569956373 ], [ -91.570584887275501, 41.812462242600866 ], [ -91.569506277690124, 41.81247743642502 ], [ -91.569505256700339, 41.810890065538985 ], [ -91.568520907903817, 41.810867732910737 ], [ -91.567837263718943, 41.811177309485416 ], [ -91.55995293111215, 41.814294036306229 ], [ -91.559913525344427, 41.81787122951738 ], [ -91.559792502457043, 41.817869026159464 ], [ -91.559803652355697, 41.821506134755573 ], [ -91.550039716039464, 41.821340051026695 ], [ -91.550043840676224, 41.823157994469604 ], [ -91.5500479639784, 41.824975587266863 ], [ -91.545235669341295, 41.82486097113005 ], [ -91.544666325530642, 41.824878277656403 ], [ -91.544238182468291, 41.824870610323053 ], [ -91.544725071838783, 41.825276990124074 ], [ -91.544805887740239, 41.826559303012644 ], [ -91.545210292974602, 41.827154679336665 ], [ -91.54621239667992, 41.828528942348939 ], [ -91.546420678023551, 41.828800033981736 ], [ -91.548078748317195, 41.829618236357973 ], [ -91.548119606147495, 41.832054439719016 ], [ -91.548444742673439, 41.832060230894612 ], [ -91.548442820988512, 41.832120586022135 ], [ -91.549625845457115, 41.832141648095636 ], [ -91.549840364525593, 41.83261125223023 ], [ -91.549644678108081, 41.833783762785224 ], [ -91.547934394554318, 41.834506322400436 ], [ -91.549309149700335, 41.835842337692291 ], [ -91.545904087703434, 41.83578233960661 ], [ -91.545266079249913, 41.835771086713386 ], [ -91.54040058900199, 41.835684977713875 ], [ -91.535460934134207, 41.83565298164428 ], [ -91.53040830671371, 41.835619782741801 ], [ -91.530494433573637, 41.831945932038458 ], [ -91.530431495291651, 41.828288352561813 ], [ -91.535436678324089, 41.828350888487371 ], [ -91.536358803920606, 41.828362419236974 ], [ -91.538021797366795, 41.828408213142978 ], [ -91.54036754184051, 41.828412579539084 ], [ -91.540378811592944, 41.824801669433221 ], [ -91.538961037874088, 41.824780491819887 ], [ -91.535450664578477, 41.82472798051348 ], [ -91.530563536075221, 41.824654698102542 ], [ -91.530416771963985, 41.824652634431992 ], [ -91.52556490584206, 41.824587529824122 ], [ -91.520626835650731, 41.824521063118127 ], [ -91.520637596876369, 41.822713150869113 ], [ -91.520648357476645, 41.820905238328365 ], [ -91.515791000855572, 41.820798232171072 ], [ -91.51578389937886, 41.817166438605589 ], [ -91.518469716204748, 41.817234060285536 ], [ -91.519720901036351, 41.817265541162996 ], [ -91.520669878113878, 41.817289408799041 ], [ -91.520747758604173, 41.813625786617465 ], [ -91.52075285516726, 41.813303611049783 ], [ -91.52075868347832, 41.812935061642605 ], [ -91.520778358917795, 41.810546787720597 ], [ -91.520783332005323, 41.809943071422751 ], [ -91.521058420849954, 41.80994686781829 ], [ -91.523167163643222, 41.809975948756275 ], [ -91.524404353874033, 41.809992991294834 ], [ -91.52700907610253, 41.810028831322015 ], [ -91.527119097221458, 41.810030344717099 ], [ -91.528319874059562, 41.810046845519295 ], [ -91.529209213577019, 41.810059059284889 ], [ -91.530465295108783, 41.810076297214977 ] ] ] ] } },
{ "type": "Feature", "properties": { "OBJECTID": 5, "LAND_USE": "Residential", "TOTAL_AREA": 546, "Shape_Length": 24039.059215721012, "Shape_Area": 23801346.925970022, "acreage": 546.4 }, "geometry": { "type": "MultiPolygon", "coordinates": [ [ [ [ -91.670010057028691, 41.818733908352428 ], [ -91.674006681536937, 41.829698947265904 ], [ -91.674204021706771, 41.830220544171546 ], [ -91.674473288710303, 41.830927162985468 ], [ -91.674781738880014, 41.831735550790555 ], [ -91.674848255748188, 41.831911870830218 ], [ -91.675045277893972, 41.831936818665163 ], [ -91.675173106491755, 41.832508759331375 ], [ -91.675165103623826, 41.832590792947101 ], [ -91.6751056723581, 41.833193417657675 ], [ -91.674215931589899, 41.833200072890662 ], [ -91.674069034691797, 41.833196802905789 ], [ -91.673302058467584, 41.833199543297802 ], [ -91.672755983326155, 41.833201393109974 ], [ -91.672196609928605, 41.833203286189367 ], [ -91.671636719887118, 41.833205178361766 ], [ -91.67087053761044, 41.833207194786382 ], [ -91.670688908114585, 41.833202818588362 ], [ -91.66958908004122, 41.83319400337146 ], [ -91.668303363426816, 41.833183685363814 ], [ -91.668301309470678, 41.833229042127449 ], [ -91.666417254014462, 41.833214500209067 ], [ -91.666233798874629, 41.833213081607234 ], [ -91.663393226660915, 41.83321222653089 ], [ -91.66282094570073, 41.83191387565315 ], [ -91.662061004549074, 41.830682809618871 ], [ -91.661784711962184, 41.830693508145636 ], [ -91.661151040508557, 41.829653856934172 ], [ -91.660568544896947, 41.828391299406753 ], [ -91.65978645143322, 41.827082143294078 ], [ -91.659819406055789, 41.826433690265247 ], [ -91.659275635776325, 41.826027591032542 ], [ -91.658073783615691, 41.824137843869686 ], [ -91.658130626841412, 41.823629360785475 ], [ -91.658118763493277, 41.823571864960904 ], [ -91.658075826306643, 41.823571616129435 ], [ -91.658051909678377, 41.82325877510403 ], [ -91.657122850203891, 41.822364853338364 ], [ -91.656292609677493, 41.820953458854056 ], [ -91.656286383696838, 41.818728177440022 ], [ -91.656286590255903, 41.81840565174295 ], [ -91.656286907499151, 41.817908921702255 ], [ -91.656287345925719, 41.817224405567067 ], [ -91.656287747555169, 41.816596750082184 ], [ -91.656287930021236, 41.816311818275011 ], [ -91.656289075085297, 41.814521525460869 ], [ -91.65629008756332, 41.812939511055426 ], [ -91.656290971117471, 41.811557660764869 ], [ -91.656291196667638, 41.811206511061592 ], [ -91.655708139341982, 41.811209113325006 ], [ -91.655708273427223, 41.811063438754545 ], [ -91.655708680851461, 41.810622622929593 ], [ -91.65628996777842, 41.810845901550003 ], [ -91.656291537484307, 41.810983106595778 ], [ -91.656747196321462, 41.811074763841212 ], [ -91.657043693759164, 41.811134403630604 ], [ -91.657737980393108, 41.811274056004528 ], [ -91.658289337152809, 41.811384955171775 ], [ -91.65882403193396, 41.81111725662646 ], [ -91.659558841106744, 41.811364609661496 ], [ -91.660298031004601, 41.811608138767831 ], [ -91.661135695076382, 41.81185362062552 ], [ -91.661416901196489, 41.811998944167044 ], [ -91.661557775896753, 41.812026684394731 ], [ -91.66170074600987, 41.812047580294717 ], [ -91.661845218045443, 41.812061545124848 ], [ -91.661726894293295, 41.813279430678151 ], [ -91.661675005075878, 41.813813495543712 ], [ -91.662785725812284, 41.813809001892629 ], [ -91.66283155296037, 41.816861196659502 ], [ -91.663229772842669, 41.817288583149299 ], [ -91.663616500583046, 41.817703631247561 ], [ -91.663630553203632, 41.818531602449156 ], [ -91.663633669402486, 41.81871539579268 ], [ -91.664334663601906, 41.818714261884857 ], [ -91.665827281087502, 41.818711834374646 ], [ -91.667901025770206, 41.818722016450771 ], [ -91.668350109017041, 41.818724551886049 ], [ -91.669092812502129, 41.818728740846467 ], [ -91.670010057028691, 41.818733908352428 ] ] ] ] } },
{ "type": "Feature", "properties": { "OBJECTID": 6, "LAND_USE": "Residential", "TOTAL_AREA": 346, "Shape_Length": 21498.513971194152, "Shape_Area": 15076653.621139674, "acreage": 346.1 }, "geometry": { "type": "MultiPolygon", "coordinates": [ [ [ [ -91.675606644037131, 41.831086337210245 ], [ -91.675045277893972, 41.831936818665163 ], [ -91.674848255748188, 41.831911870830218 ], [ -91.670423946371855, 41.81986962341368 ], [ -91.670162655705212, 41.819224319102929 ], [ -91.670894034272763, 41.819206149925463 ], [ -91.670875579761841, 41.818738777217092 ], [ -91.670857012957484, 41.816680545746621 ], [ -91.67085414001528, 41.816327626444945 ], [ -91.670844835768747, 41.815184841686431 ], [ -91.67108201730484, 41.815135001618074 ], [ -91.672113925089135, 41.815126214977887 ], [ -91.672528574689579, 41.815890824248683 ], [ -91.673262198830884, 41.815884854801993 ], [ -91.673277636070452, 41.816946121689845 ], [ -91.67415804411641, 41.816943554893967 ], [ -91.673992872879879, 41.817378286062116 ], [ -91.673783152124727, 41.817558872590403 ], [ -91.674256521931454, 41.817897735771616 ], [ -91.675270411773056, 41.818705462748156 ], [ -91.675734079905908, 41.818381979853989 ], [ -91.675734362347484, 41.818782764855747 ], [ -91.6757325355874, 41.819062699285276 ], [ -91.679816828101622, 41.822274952963554 ], [ -91.679963775620223, 41.822359403720391 ], [ -91.680248308527752, 41.822616550956788 ], [ -91.680462520981209, 41.822796771908372 ], [ -91.680592472321564, 41.82290653885569 ], [ -91.680779897592998, 41.823093373103127 ], [ -91.680939513599469, 41.823192110376993 ], [ -91.681213786750604, 41.823258674126336 ], [ -91.681465609176271, 41.82330790218991 ], [ -91.681784941920327, 41.823403474597924 ], [ -91.682101464619905, 41.823566764827717 ], [ -91.682287884404289, 41.823691308633805 ], [ -91.682315616414868, 41.82371661645108 ], [ -91.682483046812408, 41.823864193840471 ], [ -91.682681376091537, 41.82408790693659 ], [ -91.68287081664046, 41.82433429821495 ], [ -91.683024482713719, 41.824514939393104 ], [ -91.683158036774287, 41.824627333278691 ], [ -91.683478390128812, 41.824785189805034 ], [ -91.683615849389042, 41.824889237755613 ], [ -91.683725532024141, 41.825035224879898 ], [ -91.683815476067792, 41.825461044675443 ], [ -91.683865977330797, 41.825558073298701 ], [ -91.684020286579738, 41.825682969848323 ], [ -91.684065137116235, 41.825719524638288 ], [ -91.684363160688505, 41.825901368245802 ], [ -91.684418608844013, 41.825940167678546 ], [ -91.684703003688909, 41.826071897791188 ], [ -91.684968723816027, 41.826149641108877 ], [ -91.685134043946931, 41.826208832933752 ], [ -91.68521117656698, 41.826272137753257 ], [ -91.685242341602546, 41.826371779809378 ], [ -91.685258088129842, 41.826629522808318 ], [ -91.68520245442204, 41.82671631589163 ], [ -91.685165366694122, 41.826828959742528 ], [ -91.685190386816444, 41.826885790496348 ], [ -91.685302840223514, 41.826998345843577 ], [ -91.685506993438665, 41.827203700856863 ], [ -91.685823293783841, 41.827515305438531 ], [ -91.686001910659229, 41.827755859613852 ], [ -91.686087694613335, 41.827860818205096 ], [ -91.686210398330942, 41.828010946468098 ], [ -91.686279532177068, 41.828130909026669 ], [ -91.686337891137029, 41.828277358921973 ], [ -91.686355400120831, 41.82834506038369 ], [ -91.686076975731211, 41.828535480488014 ], [ -91.686344307826403, 41.828746909987977 ], [ -91.686545911810896, 41.8288885609376 ], [ -91.686743217758533, 41.829033558141958 ], [ -91.68693612638512, 41.829181828659443 ], [ -91.687124540616509, 41.829333297901229 ], [ -91.68730836563752, 41.829487889668805 ], [ -91.687464437493134, 41.829636218482747 ], [ -91.687613822737674, 41.829788350070949 ], [ -91.687756355815665, 41.829944115881965 ], [ -91.687891878759928, 41.830103343336766 ], [ -91.688020241366743, 41.830265856019821 ], [ -91.688141301362378, 41.830431473874341 ], [ -91.688254924560965, 41.830600013401906 ], [ -91.688360985013333, 41.830771287865488 ], [ -91.688459365146741, 41.830945107496426 ], [ -91.688549955895454, 41.831121279704554 ], [ -91.688632656821696, 41.831299609291527 ], [ -91.688685853693769, 41.831426599007457 ], [ -91.688913294791817, 41.831990287507452 ], [ -91.68894080507917, 41.832065853544094 ], [ -91.689004020756428, 41.832219405309104 ], [ -91.689076241377094, 41.832370719510912 ], [ -91.689157326100045, 41.832519500933827 ], [ -91.689247116787016, 41.832665459301701 ], [ -91.688534320910051, 41.832669330982654 ], [ -91.686451790528807, 41.832949275184419 ], [ -91.685508866902566, 41.833075577906158 ], [ -91.684721813106265, 41.833099574823706 ], [ -91.68402480252341, 41.833110673204878 ], [ -91.6830173250016, 41.833120824246585 ], [ -91.680658292340297, 41.833159774125527 ], [ -91.680660597973585, 41.83288014334866 ], [ -91.680655168492535, 41.832824963893707 ], [ -91.680640853380311, 41.832770680911835 ], [ -91.680617862924848, 41.832718091733177 ], [ -91.680586534838795, 41.832667968806717 ], [ -91.680547329297994, 41.832621048354611 ], [ -91.680500822181315, 41.832578019558397 ], [ -91.68044769661131, 41.832539514436647 ], [ -91.680388732919937, 41.832506098561872 ], [ -91.680324797186728, 41.83247826275376 ], [ -91.680256828517741, 41.83245641587019 ], [ -91.679892004506286, 41.832376745564403 ], [ -91.67933171343428, 41.832284432364965 ], [ -91.6793478131992, 41.830475964685427 ], [ -91.679355366750642, 41.829627478053197 ], [ -91.675630447349107, 41.829692893097047 ], [ -91.675606644037131, 41.831086337210245 ] ] ] ] } },
{ "type": "Feature", "properties": { "OBJECTID": 7, "LAND_USE": "Residential", "TOTAL_AREA": 3220, "Shape_Length": 98949.801609667295, "Shape_Area": 140282712.19453371, "acreage": 3220.41 }, "geometry": { "type": "MultiPolygon", "coordinates": [ [ [ [ -91.64644286588441, 41.833148683773352 ], [ -91.641509882895647, 41.833057500233039 ], [ -91.636576886498332, 41.832968319632251 ], [ -91.636519687500737, 41.836455366033043 ], [ -91.635076512450354, 41.836455272913668 ], [ -91.631662367448357, 41.836455378232628 ], [ -91.630089719982095, 41.836431323240966 ], [ -91.629530894772145, 41.836430487202946 ], [ -91.6293107251919, 41.836430156202837 ], [ -91.627714499866116, 41.836427749232051 ], [ -91.626722383300361, 41.836426243038389 ], [ -91.626720310382694, 41.836589105110825 ], [ -91.621827836441028, 41.83659032970121 ], [ -91.621847837763013, 41.835279162637768 ], [ -91.621873306658927, 41.832979760414744 ], [ -91.616950215666776, 41.832970771304922 ], [ -91.616918695551902, 41.836636920325638 ], [ -91.612065217298266, 41.836586063559501 ], [ -91.610646477417518, 41.836577907892313 ], [ -91.610416187459208, 41.836576629269068 ], [ -91.609652073602504, 41.836572107116993 ], [ -91.607268249986788, 41.836581786417632 ], [ -91.607267597982968, 41.832972123214077 ], [ -91.607311856926643, 41.829290010248293 ], [ -91.604301959768165, 41.829297863092101 ], [ -91.604246116878471, 41.82565368853809 ], [ -91.602418973485214, 41.825653373256287 ], [ -91.600006500923513, 41.825653442292179 ], [ -91.59757378327059, 41.825653462342324 ], [ -91.597589339285349, 41.822061081139097 ], [ -91.597586822455938, 41.818439591108998 ], [ -91.597622788097084, 41.81471840073263 ], [ -91.601269493552678, 41.814726361852443 ], [ -91.601322853555089, 41.812231920987863 ], [ -91.601345829313857, 41.811131862325418 ], [ -91.60253126807639, 41.811114509806494 ], [ -91.602453911147038, 41.814819489239966 ], [ -91.604903903176748, 41.814809840273746 ], [ -91.604969351408997, 41.811160131931942 ], [ -91.605565405948596, 41.811162235668967 ], [ -91.605602976913872, 41.807574939246592 ], [ -91.606483251912138, 41.807571569915801 ], [ -91.606487712782908, 41.806338020097961 ], [ -91.608904965816421, 41.806380573010117 ], [ -91.610364637340297, 41.807893691863278 ], [ -91.611631652257245, 41.808419413438507 ], [ -91.610907298322971, 41.807554552287485 ], [ -91.609706041900225, 41.805785504807808 ], [ -91.608359506305973, 41.805161311107589 ], [ -91.608988994431002, 41.804853208727529 ], [ -91.609978078379655, 41.805058842579413 ], [ -91.612301711458869, 41.805804052463941 ], [ -91.613708375601703, 41.806251794047427 ], [ -91.614462399030714, 41.80473589904399 ], [ -91.613998263226023, 41.80392472313693 ], [ -91.613206869670876, 41.803245725773905 ], [ -91.61161608311788, 41.803287097054408 ], [ -91.611500832439546, 41.800961317567193 ], [ -91.61281078148393, 41.800282846762357 ], [ -91.61287316573295, 41.798262845717431 ], [ -91.61052782815986, 41.796208268487618 ], [ -91.610101259016943, 41.795358567252123 ], [ -91.610495441771363, 41.794972663108361 ], [ -91.611877477195208, 41.796089951310833 ], [ -91.611527724740071, 41.794870362912256 ], [ -91.611533377017096, 41.793912552171079 ], [ -91.612411323387235, 41.79394184437507 ], [ -91.612425775065546, 41.791491833022405 ], [ -91.611707644903234, 41.79148478008203 ], [ -91.610677192763077, 41.791939583586824 ], [ -91.610089537659277, 41.793382568043469 ], [ -91.609213108156126, 41.79352473047031 ], [ -91.608809122216599, 41.792453683111766 ], [ -91.607448816300035, 41.792449753786642 ], [ -91.608003164047474, 41.791155419026808 ], [ -91.605544056913615, 41.79099153932593 ], [ -91.606144715371016, 41.789325985262721 ], [ -91.606413341851209, 41.788563911825236 ], [ -91.609169230617411, 41.788523987722208 ], [ -91.609196188133978, 41.788142036764413 ], [ -91.607121379029621, 41.787565946008989 ], [ -91.607130449129912, 41.787154091866768 ], [ -91.609294270502701, 41.78675629262095 ], [ -91.609326991195033, 41.786760424511485 ], [ -91.610592450692522, 41.786920214458867 ], [ -91.613149164652185, 41.787918132528723 ], [ -91.61317941885153, 41.789466465189413 ], [ -91.613233077477602, 41.789466325089379 ], [ -91.613193146122725, 41.789642179243899 ], [ -91.615374834387893, 41.790606430143377 ], [ -91.61534310099826, 41.791627613224641 ], [ -91.615333736727536, 41.791928931941101 ], [ -91.616119334335082, 41.792757688513518 ], [ -91.617813193038359, 41.793321119030786 ], [ -91.619064459067744, 41.793737307767479 ], [ -91.61987292716357, 41.794006204799892 ], [ -91.619896699587898, 41.793129548687496 ], [ -91.620903100902794, 41.793134529205801 ], [ -91.621489816270199, 41.793137428694436 ], [ -91.622094867360673, 41.793140416181735 ], [ -91.622061119294145, 41.796732472501787 ], [ -91.622095587172367, 41.799439028932326 ], [ -91.622099751067125, 41.8003476454234 ], [ -91.624624934463853, 41.800371962594042 ], [ -91.624560653001382, 41.801264748937427 ], [ -91.62698090869209, 41.801285238260853 ], [ -91.626929579768969, 41.802446724523506 ], [ -91.632844928362331, 41.80249456121139 ], [ -91.631128465014626, 41.803581349383087 ], [ -91.631003197845558, 41.804159915475267 ], [ -91.630792102452176, 41.805177478618347 ], [ -91.63062682459487, 41.805878138142702 ], [ -91.630384708259399, 41.806771840601222 ], [ -91.630121976685231, 41.807660340633419 ], [ -91.62936437907149, 41.807654700105331 ], [ -91.629358813216058, 41.811262706029893 ], [ -91.629356380278324, 41.812137833003135 ], [ -91.628228081657539, 41.812134296209706 ], [ -91.628576405397467, 41.812996383060955 ], [ -91.62962454359112, 41.813132154010205 ], [ -91.630394411208655, 41.813231872130629 ], [ -91.631306510608098, 41.813630652139132 ], [ -91.63196446390748, 41.813918309560137 ], [ -91.631503302756173, 41.815231672926238 ], [ -91.63277957904738, 41.81424028731093 ], [ -91.634097529313038, 41.816457738438011 ], [ -91.634254524563289, 41.818422090917359 ], [ -91.634244463412358, 41.822097263013788 ], [ -91.63670057926646, 41.822103461089647 ], [ -91.636701179250849, 41.820684510415852 ], [ -91.637104587072614, 41.820692432776575 ], [ -91.637105494469054, 41.818409579147186 ], [ -91.642773074346849, 41.818520690037047 ], [ -91.64426659023998, 41.818549924708321 ], [ -91.644920457921373, 41.818556529702171 ], [ -91.644552282418232, 41.817008360601626 ], [ -91.64534405813194, 41.817023742739401 ], [ -91.645292217766297, 41.817295409341277 ], [ -91.6450431374831, 41.818557768488787 ], [ -91.646588637559717, 41.818604496791544 ], [ -91.647413998134681, 41.818617645169439 ], [ -91.648239206198681, 41.818630786154905 ], [ -91.648557371964856, 41.820249512881468 ], [ -91.648618743425089, 41.820561736751024 ], [ -91.648680113118886, 41.820873958714103 ], [ -91.648874930001298, 41.821865062486658 ], [ -91.648955008576081, 41.822272437713984 ], [ -91.64909881892514, 41.823128250246334 ], [ -91.648675550082942, 41.823524550736174 ], [ -91.647739093595092, 41.824401321995452 ], [ -91.64712264714197, 41.824978463042747 ], [ -91.646751789071843, 41.825838999837693 ], [ -91.651308124956458, 41.825920484441518 ], [ -91.651322931654875, 41.829585123444105 ], [ -91.656236720554759, 41.829636685910067 ], [ -91.656203014389149, 41.833169369572111 ], [ -91.656320312007452, 41.833374018907989 ], [ -91.657593788530704, 41.833373959900577 ], [ -91.657594110623592, 41.833840857273913 ], [ -91.65822654178254, 41.834022132807853 ], [ -91.658692092636528, 41.835195266296175 ], [ -91.658275590055851, 41.835463950768975 ], [ -91.657859084034527, 41.835732633723673 ], [ -91.657858598239571, 41.83600041169327 ], [ -91.657356725378008, 41.835999901808819 ], [ -91.65734524387679, 41.836718326585924 ], [ -91.65709314180242, 41.836821581727925 ], [ -91.656807803296275, 41.836822443936093 ], [ -91.656242628584167, 41.836824150826672 ], [ -91.656233258393343, 41.836913498298166 ], [ -91.65621680348363, 41.837827514699285 ], [ -91.657326047286205, 41.837838302717991 ], [ -91.65732127868317, 41.838112699050967 ], [ -91.656211865249773, 41.838101910173762 ], [ -91.656207901829433, 41.838283003267712 ], [ -91.657318130976876, 41.838293799654423 ], [ -91.657299052470719, 41.839391383675206 ], [ -91.656187581497022, 41.839380573122995 ], [ -91.656183377576568, 41.839561648812179 ], [ -91.657295904640648, 41.83957248419253 ], [ -91.657281604043035, 41.840395669971528 ], [ -91.656168639866323, 41.840384846661912 ], [ -91.656165549717883, 41.840537124965657 ], [ -91.656038899827379, 41.840539947429264 ], [ -91.654975697647842, 41.840522108561935 ], [ -91.651020028039895, 41.840455144196184 ], [ -91.649871175398758, 41.84040784013898 ], [ -91.648857532329998, 41.840390602184478 ], [ -91.6488414134257, 41.839220453165652 ], [ -91.648883455084288, 41.837248950893603 ], [ -91.648986446643335, 41.833178611219864 ], [ -91.64644286588441, 41.833148683773352 ] ] ] ] } },
{ "type": "Feature", "properties": { "OBJECTID": 12, "LAND_USE": "Residential", "TOTAL_AREA": 148, "Shape_Length": 18079.965956190012, "Shape_Area": 6439384.8091680761, "acreage": 147.83 }, "geometry": { "type": "MultiPolygon", "coordinates": [ [ [ [ -91.637381871454565, 41.807847019436259 ], [ -91.641682726982964, 41.807791096145763 ], [ -91.641742292553133, 41.805042463300168 ], [ -91.641745884773187, 41.804876759384314 ], [ -91.64175103705297, 41.804638976021991 ], [ -91.641758253037651, 41.804305953970761 ], [ -91.641759739680111, 41.80423733052065 ], [ -91.64166801747858, 41.804238169519557 ], [ -91.641658622779346, 41.804671699258691 ], [ -91.64165357632146, 41.804904543052857 ], [ -91.641619410644637, 41.806481001732024 ], [ -91.641610016434115, 41.806914449187268 ], [ -91.641592479692918, 41.807723640305717 ], [ -91.640108755129617, 41.807742952109606 ], [ -91.6398934093869, 41.807745752484124 ], [ -91.637751289643859, 41.807773595350326 ], [ -91.636778559588478, 41.807786224333441 ], [ -91.636786193533453, 41.806202762207143 ], [ -91.637923379684267, 41.805300988819255 ], [ -91.638641081617976, 41.804731841903276 ], [ -91.638856911701339, 41.804264646906667 ], [ -91.63969837533962, 41.802384769364522 ], [ -91.639851464544051, 41.801616009148624 ], [ -91.640021596766672, 41.800761642130567 ], [ -91.641329347535148, 41.800536466096155 ], [ -91.640066951426704, 41.799955543497404 ], [ -91.640078052106489, 41.799378493110595 ], [ -91.642137485535883, 41.799424428459069 ], [ -91.642536238811218, 41.799356755689544 ], [ -91.64248944874285, 41.798768937192058 ], [ -91.64240365641983, 41.798106954283064 ], [ -91.642219764543043, 41.796468071467451 ], [ -91.642369653273647, 41.796394551641754 ], [ -91.643788580428364, 41.798014395318106 ], [ -91.644440329001313, 41.798758396463306 ], [ -91.644554689658079, 41.798986070543499 ], [ -91.645914549444768, 41.800440229744787 ], [ -91.64578424054109, 41.802079697550049 ], [ -91.64607168893906, 41.804197609593615 ], [ -91.646381757559325, 41.80549709182398 ], [ -91.646543172897765, 41.806226666332385 ], [ -91.644928452692128, 41.805983850554512 ], [ -91.644568292651542, 41.806187442169232 ], [ -91.644606431598064, 41.807276084508558 ], [ -91.643971312160573, 41.807290653338335 ], [ -91.643618880912413, 41.807382242206074 ], [ -91.64235897494008, 41.807713655937583 ], [ -91.642337576045705, 41.808674465363715 ], [ -91.64136264145931, 41.8090181732559 ], [ -91.64035239349667, 41.809374315541071 ], [ -91.639171821577733, 41.808716763141476 ], [ -91.638315050806114, 41.808239542919878 ], [ -91.637381871454565, 41.807847019436259 ] ] ] ] } },
{ "type": "Feature", "properties": { "OBJECTID": 13, "LAND_USE": "Residential", "TOTAL_AREA": 1119, "Shape_Length": 70425.778303131156, "Shape_Area": 48742534.249785058, "acreage": 1118.97 }, "geometry": { "type": "MultiPolygon", "coordinates": [ [ [ [ -91.581819758513731, 41.789142847831535 ], [ -91.583931553223778, 41.789172209026489 ], [ -91.583938512818705, 41.788330140551956 ], [ -91.585081382783088, 41.787363731591654 ], [ -91.588820725599632, 41.787436672174799 ], [ -91.588818488118207, 41.787527216965238 ], [ -91.592337211365432, 41.787484584483821 ], [ -91.592359663750216, 41.78680065932776 ], [ -91.592388715180974, 41.785795886771304 ], [ -91.592442872094367, 41.785307223437847 ], [ -91.592578065655729, 41.784082965566348 ], [ -91.592698443642746, 41.78298897175361 ], [ -91.592793064474563, 41.782135096291164 ], [ -91.593781549556439, 41.782145310280484 ], [ -91.593891533070476, 41.782146446339183 ], [ -91.593908343641445, 41.781336991401183 ], [ -91.593919170814218, 41.780815648049419 ], [ -91.593934271811989, 41.780088510803765 ], [ -91.59295303451438, 41.780066302245757 ], [ -91.59141062581412, 41.780062079115339 ], [ -91.591432515224994, 41.779262260899685 ], [ -91.591435940000437, 41.777442886396315 ], [ -91.59142702704473, 41.776899702713408 ], [ -91.591410774256332, 41.775909103879286 ], [ -91.591395376731697, 41.774970640454406 ], [ -91.591393349762058, 41.774847158385114 ], [ -91.59200397595076, 41.774090917725822 ], [ -91.591981742008684, 41.773785252761471 ], [ -91.591939886440429, 41.773308231973054 ], [ -91.593125220224152, 41.772940538863885 ], [ -91.596885609203028, 41.770229043709669 ], [ -91.59780463973371, 41.770242167300502 ], [ -91.597794775630803, 41.769334938139643 ], [ -91.597784680423814, 41.768406559739233 ], [ -91.597770084862788, 41.76706412035319 ], [ -91.600272967437576, 41.76709587511187 ], [ -91.600273407254093, 41.766632823073223 ], [ -91.603533257971279, 41.766687937023335 ], [ -91.605283853683233, 41.766717492742501 ], [ -91.606808197279435, 41.766743208924375 ], [ -91.607725389114734, 41.766758336675615 ], [ -91.607752068865594, 41.768569804549053 ], [ -91.60774319877757, 41.768676335559199 ], [ -91.607726509966582, 41.768782339592747 ], [ -91.607702052989751, 41.768887495279593 ], [ -91.607669901955717, 41.768991483820173 ], [ -91.607630154300381, 41.769093989951742 ], [ -91.607582930492057, 41.769194702904336 ], [ -91.607528373666554, 41.769293317343134 ], [ -91.607466649193611, 41.769389534294007 ], [ -91.607397944175915, 41.769483062050156 ], [ -91.607322466882181, 41.76957361705653 ], [ -91.608113603381682, 41.769981151469096 ], [ -91.608095643174849, 41.770377166532022 ], [ -91.60946828477681, 41.770402394825346 ], [ -91.611508551608665, 41.770439664720783 ], [ -91.611507001088526, 41.771899705744424 ], [ -91.612387087162503, 41.771909605761458 ], [ -91.616692512736947, 41.771950117198919 ], [ -91.617316621274469, 41.771955975872572 ], [ -91.620210366024722, 41.771983099309523 ], [ -91.620244899094217, 41.770650137428788 ], [ -91.620429822552069, 41.770898464434239 ], [ -91.620622727607198, 41.771143365242366 ], [ -91.620823501135192, 41.771384696124521 ], [ -91.621032025389738, 41.771622315445569 ], [ -91.62124817807171, 41.771856083747252 ], [ -91.621368968541816, 41.771993458796793 ], [ -91.622030668486104, 41.772649362399974 ], [ -91.62218507366525, 41.77288392820514 ], [ -91.622604159494642, 41.772842339698464 ], [ -91.622766182127833, 41.772924891031053 ], [ -91.622931598406225, 41.773003580653437 ], [ -91.623100244142478, 41.773078330455213 ], [ -91.623271951941774, 41.773149066236527 ], [ -91.626934651108087, 41.774602049933563 ], [ -91.628375519776341, 41.775186232310325 ], [ -91.62856885926854, 41.775277113407803 ], [ -91.628757320223983, 41.775373566180605 ], [ -91.628940616241977, 41.775475444062103 ], [ -91.629118468766492, 41.775582592241086 ], [ -91.629290607509262, 41.775694847896993 ], [ -91.629456770860571, 41.775812040447228 ], [ -91.629616706286754, 41.775933991806134 ], [ -91.629770170714025, 41.776060516655612 ], [ -91.629916930897849, 41.77619142272664 ], [ -91.630056763777517, 41.77632651109117 ], [ -91.630186129667081, 41.7764623965179 ], [ -91.630308415387404, 41.77660190718521 ], [ -91.63042343980004, 41.776744836491879 ], [ -91.630531032516458, 41.776890972772733 ], [ -91.630631034150468, 41.777040099611909 ], [ -91.630723296554493, 41.77719199616336 ], [ -91.630794826041097, 41.777316976240826 ], [ -91.63083599113267, 41.777391673645923 ], [ -91.630891444695408, 41.777492542147463 ], [ -91.631217922906657, 41.778148180115949 ], [ -91.631716883965041, 41.77916725075081 ], [ -91.632187056542037, 41.779996697282378 ], [ -91.632350265426439, 41.780304577257048 ], [ -91.633179382418575, 41.781761118959253 ], [ -91.633550762944438, 41.782351337417552 ], [ -91.631776233595673, 41.782367360754662 ], [ -91.631792242358273, 41.783465048077097 ], [ -91.634216972251124, 41.783444682700264 ], [ -91.634718980801821, 41.78426265423294 ], [ -91.635227706304732, 41.785091544719776 ], [ -91.636599370674048, 41.787326335270947 ], [ -91.63669995180571, 41.78749148272972 ], [ -91.636701792044136, 41.78799376284325 ], [ -91.636705447661484, 41.788992468857408 ], [ -91.63670723271882, 41.789480202211102 ], [ -91.63670774769021, 41.789619165497577 ], [ -91.636712879986845, 41.790541495983319 ], [ -91.636714179975115, 41.790775439661779 ], [ -91.6367154811755, 41.791009383340146 ], [ -91.636718912047357, 41.791626007959437 ], [ -91.636719109837244, 41.79217406628922 ], [ -91.636341591908035, 41.792070333483331 ], [ -91.635997362663474, 41.791975747976451 ], [ -91.635653134444979, 41.791881160546836 ], [ -91.635308907252735, 41.791786571194471 ], [ -91.634885510421626, 41.791670226430426 ], [ -91.634541286611423, 41.791575636617118 ], [ -91.634197062624636, 41.791481044861818 ], [ -91.633336507610068, 41.791244561909366 ], [ -91.632639518962392, 41.791054788883635 ], [ -91.631720708199239, 41.790801708855568 ], [ -91.631138452563974, 41.790641327824346 ], [ -91.631142203547071, 41.790053518784092 ], [ -91.631144604249187, 41.789677013741326 ], [ -91.631145043541679, 41.789608407272496 ], [ -91.630998371328175, 41.789607883731534 ], [ -91.630851697914267, 41.789607359986107 ], [ -91.630056733809056, 41.789604513691557 ], [ -91.629671721024579, 41.789603132947839 ], [ -91.629672984420338, 41.7893616419354 ], [ -91.629674019729237, 41.789164058799876 ], [ -91.629675169684248, 41.788944521259921 ], [ -91.629677310896227, 41.788535632616018 ], [ -91.629677885249293, 41.788425864264127 ], [ -91.629219542407526, 41.788424319272906 ], [ -91.628646428920376, 41.788422384089451 ], [ -91.628645030356736, 41.788616673569699 ], [ -91.628643647972893, 41.788808767763008 ], [ -91.628642225711744, 41.78900635013639 ], [ -91.628640092905158, 41.789302723680194 ], [ -91.628637960105081, 41.789599096292768 ], [ -91.628223611621351, 41.789597425655295 ], [ -91.628040271026009, 41.789596685986531 ], [ -91.627623357419949, 41.789595002506744 ], [ -91.627627896116408, 41.789199847039527 ], [ -91.627631678573692, 41.788870548977435 ], [ -91.627632436012348, 41.788804689735954 ], [ -91.627535457647113, 41.788684136905836 ], [ -91.627351438966997, 41.788479117568457 ], [ -91.627126531932063, 41.788228536711806 ], [ -91.626964599294467, 41.788048117192787 ], [ -91.626961731833774, 41.787865639780968 ], [ -91.626967377834063, 41.78775996683148 ], [ -91.626962759617058, 41.787485497215918 ], [ -91.62695359567077, 41.786943911146629 ], [ -91.626936081259174, 41.78590892124253 ], [ -91.626938849374497, 41.78230753479663 ], [ -91.624518830646281, 41.782300759488912 ], [ -91.622098822044606, 41.782293933942448 ], [ -91.62209537575599, 41.781346296932497 ], [ -91.622089151166477, 41.779634947919881 ], [ -91.621999008271814, 41.779634934548653 ], [ -91.61721299615418, 41.779659334222913 ], [ -91.613600006391238, 41.779653977194748 ], [ -91.612346341485946, 41.779652092405179 ], [ -91.612337108271561, 41.778645954270068 ], [ -91.612330216512902, 41.776821248802236 ], [ -91.612327309076022, 41.776051833257803 ], [ -91.612323598502272, 41.775069141270556 ], [ -91.60749699973762, 41.77500608741876 ], [ -91.604294248073785, 41.77498339607731 ], [ -91.602685521221616, 41.774971956229784 ], [ -91.602666255664147, 41.77589289644316 ], [ -91.600272551403393, 41.775871249443099 ], [ -91.600244655291817, 41.778563746936733 ], [ -91.597854642580273, 41.778547350644388 ], [ -91.597852445731931, 41.782187288037122 ], [ -91.597819295103065, 41.783988712873963 ], [ -91.597785180526301, 41.78584245116658 ], [ -91.597784228779176, 41.78592364404507 ], [ -91.597774197959922, 41.786779813962937 ], [ -91.59774842694479, 41.788979351261744 ], [ -91.597743425338464, 41.789406166241058 ], [ -91.597733675234323, 41.790757299313526 ], [ -91.597730975254507, 41.791131418894729 ], [ -91.597727213997103, 41.7916526831741 ], [ -91.597724005790553, 41.792097423802666 ], [ -91.598594882924942, 41.792103136799348 ], [ -91.598588033982324, 41.793054000396843 ], [ -91.597717142924296, 41.793048287331011 ], [ -91.597669323540003, 41.795572807665202 ], [ -91.597434033676663, 41.795715931592405 ], [ -91.597501418663327, 41.795990889858658 ], [ -91.597532838672933, 41.796265580824326 ], [ -91.597531320051758, 41.796402788358563 ], [ -91.597527970733708, 41.796645640264188 ], [ -91.597527346338509, 41.796690917889386 ], [ -91.595217100741991, 41.796673010360898 ], [ -91.594777053564044, 41.796669595088858 ], [ -91.594336641908384, 41.796666173975012 ], [ -91.593552992213745, 41.79666008416654 ], [ -91.593552876871243, 41.79660527464042 ], [ -91.593551560069969, 41.795974102441491 ], [ -91.593130177768373, 41.795967575734394 ], [ -91.592946489817436, 41.795964730141733 ], [ -91.592524044228469, 41.795958186489365 ], [ -91.592509078269615, 41.795683991690126 ], [ -91.592494114868884, 41.795409796001579 ], [ -91.592482362915831, 41.795194499651899 ], [ -91.592479149135798, 41.795135602045107 ], [ -91.592331423768542, 41.794884429124323 ], [ -91.592183699515004, 41.794633256893491 ], [ -91.592035977604297, 41.79438208447224 ], [ -91.591888255630849, 41.794130911821078 ], [ -91.591665109060756, 41.793751489016984 ], [ -91.591584055530504, 41.79361367006836 ], [ -91.591431802555149, 41.793354785606148 ], [ -91.59194995284922, 41.793347983579181 ], [ -91.592316932494569, 41.793343165505391 ], [ -91.592683693015331, 41.79333834808093 ], [ -91.593050452252584, 41.793333530379499 ], [ -91.5934172126384, 41.793328711540589 ], [ -91.594150732070574, 41.793319069471067 ], [ -91.594517491116974, 41.793314246240477 ], [ -91.594878530563051, 41.793309498296352 ], [ -91.594877924113931, 41.793021353574595 ], [ -91.594845909057327, 41.793016468261946 ], [ -91.594550017835743, 41.792971312032911 ], [ -91.594257721157319, 41.792926702088565 ], [ -91.593552220588478, 41.792819027269289 ], [ -91.593551951685981, 41.792690049132268 ], [ -91.593550861277976, 41.792167822497483 ], [ -91.593550718076401, 41.792099215937888 ], [ -91.59355008781192, 41.79179729572116 ], [ -91.593549458756087, 41.791495375491813 ], [ -91.593548828529705, 41.791193454310275 ], [ -91.593548541670884, 41.791056215918758 ], [ -91.593547796699085, 41.790699383295809 ], [ -91.593554435002474, 41.789626671270838 ], [ -91.593556040743721, 41.789352021155288 ], [ -91.592803087515279, 41.789336414242804 ], [ -91.59236323650218, 41.789327295314735 ], [ -91.592372616678873, 41.789056311910173 ], [ -91.59201066938671, 41.789047584290721 ], [ -91.592057279866808, 41.78986319450587 ], [ -91.592067769758728, 41.790046753074158 ], [ -91.591977688970175, 41.790714378345825 ], [ -91.591546834937546, 41.791106520375884 ], [ -91.590694774931578, 41.791882000430775 ], [ -91.589986672041675, 41.791991337868282 ], [ -91.590452346227082, 41.790332814109348 ], [ -91.589206617464313, 41.790306438130074 ], [ -91.588860397889874, 41.789459740920613 ], [ -91.588775802640242, 41.789252856261704 ], [ -91.588244339838099, 41.789121827724074 ], [ -91.587429701059165, 41.788920979395819 ], [ -91.586594451288562, 41.788715040856957 ], [ -91.586499311991446, 41.788778146878307 ], [ -91.58568451075439, 41.789318592175384 ], [ -91.585057457371917, 41.789734498031805 ], [ -91.584487833247408, 41.790112304477333 ], [ -91.583920673056554, 41.79048847017738 ], [ -91.583921160906513, 41.790429470136445 ], [ -91.582815015855104, 41.79041392375256 ], [ -91.581703335879865, 41.79039828807425 ], [ -91.579004353889758, 41.790360283419858 ], [ -91.579011068189814, 41.789659809755946 ], [ -91.579016397813845, 41.789103812126903 ], [ -91.581819758513731, 41.789142847831535 ] ] ] ] } },
{ "type": "Feature", "properties": { "OBJECTID": 14, "LAND_USE": "Conservation Development", "TOTAL_AREA": 356, "Shape_Length": 33266.935541633975, "Shape_Area": 15503160.452584164, "acreage": 355.9 }, "geometry": { "type": "MultiPolygon", "coordinates": [ [ [ [ -91.597774197959922, 41.786779813962937 ], [ -91.597784228779176, 41.78592364404507 ], [ -91.597785180526301, 41.78584245116658 ], [ -91.597819295103065, 41.783988712873963 ], [ -91.597852445731931, 41.782187288037122 ], [ -91.597854642580273, 41.778547350644388 ], [ -91.600244655291817, 41.778563746936733 ], [ -91.600272551403393, 41.775871249443099 ], [ -91.602666255664147, 41.77589289644316 ], [ -91.602685521221616, 41.774971956229784 ], [ -91.604294248073785, 41.77498339607731 ], [ -91.60749699973762, 41.77500608741876 ], [ -91.612323598502272, 41.775069141270556 ], [ -91.612330216512902, 41.776821248802236 ], [ -91.612337108271561, 41.778645954270068 ], [ -91.612346341485946, 41.779652092405179 ], [ -91.61721299615418, 41.779659334222913 ], [ -91.621999008271814, 41.779634934548653 ], [ -91.622089151166477, 41.779634947919881 ], [ -91.62209537575599, 41.781346296932497 ], [ -91.622098822044606, 41.782293933942448 ], [ -91.624518830646281, 41.782300759488912 ], [ -91.626938849374497, 41.78230753479663 ], [ -91.626936081259174, 41.78590892124253 ], [ -91.626108735456071, 41.785910381002644 ], [ -91.625502039335629, 41.78513097305607 ], [ -91.626701829296934, 41.784600793780172 ], [ -91.625933395487237, 41.784336159183788 ], [ -91.624519347487464, 41.78457449329305 ], [ -91.624519651584393, 41.785913167455554 ], [ -91.622103222772949, 41.785917364346091 ], [ -91.619686792449144, 41.785921510975115 ], [ -91.618782103144738, 41.785477770402892 ], [ -91.617270521877344, 41.785478704422282 ], [ -91.61725875350983, 41.782280129010253 ], [ -91.617229869014992, 41.782280702922257 ], [ -91.612370807905762, 41.782318144115891 ], [ -91.612371348854808, 41.78237716163602 ], [ -91.611089994061871, 41.782797497044974 ], [ -91.609229488201692, 41.782657402211214 ], [ -91.607520046556161, 41.782970580448328 ], [ -91.607511604514457, 41.781872900843339 ], [ -91.607496284510901, 41.78078626395255 ], [ -91.607480965018738, 41.779699626644714 ], [ -91.607465647240431, 41.778612988939848 ], [ -91.607496374816492, 41.776761893253088 ], [ -91.607483818583802, 41.776344230644163 ], [ -91.605759662276512, 41.777380936400263 ], [ -91.605862405230894, 41.778602094552674 ], [ -91.60588950461424, 41.779054155021818 ], [ -91.606813769666559, 41.77954644537126 ], [ -91.6063497635717, 41.780978313037174 ], [ -91.603622967386841, 41.781067437525017 ], [ -91.604165060142478, 41.781682987708223 ], [ -91.602643735597681, 41.782240956253759 ], [ -91.600143111323447, 41.782212970757207 ], [ -91.600158381676678, 41.783191539004712 ], [ -91.600681068453738, 41.783485419416692 ], [ -91.600600496379883, 41.785083597917286 ], [ -91.600440992348496, 41.785950207699344 ], [ -91.600500647747467, 41.786797675147753 ], [ -91.597774197959922, 41.786779813962937 ] ] ] ] } },
{ "type": "Feature", "properties": { "OBJECTID": 15, "LAND_USE": "Conservation Development", "TOTAL_AREA": 926, "Shape_Length": 54457.807158803203, "Shape_Area": 40355016.831006952, "acreage": 926.41 }, "geometry": { "type": "MultiPolygon", "coordinates": [ [ [ [ -91.605116280338692, 41.847258964552971 ], [ -91.605106467214128, 41.845392759182644 ], [ -91.603822273147642, 41.845371830389652 ], [ -91.603683581769744, 41.845281406938909 ], [ -91.602504906581345, 41.845187586294706 ], [ -91.602524113934123, 41.843802251034163 ], [ -91.602468480295286, 41.840796671859749 ], [ -91.602465771361267, 41.840190539723814 ], [ -91.602442197841526, 41.836567512692497 ], [ -91.597624285678137, 41.836548347660518 ], [ -91.593772515573946, 41.8365219885222 ], [ -91.593782653347958, 41.837426838401512 ], [ -91.593792793784928, 41.838331688917506 ], [ -91.593813071946983, 41.840141387180552 ], [ -91.589067354692034, 41.840116276035971 ], [ -91.584180039978236, 41.840123740925172 ], [ -91.584154833605055, 41.83650098619249 ], [ -91.584142230829698, 41.834689608349471 ], [ -91.584130287402559, 41.832972619753185 ], [ -91.588907617521272, 41.832994893489719 ], [ -91.589028692004575, 41.83299404738505 ], [ -91.589230644709104, 41.832994940775308 ], [ -91.589629775228886, 41.832909175744646 ], [ -91.589703029653649, 41.832337729123921 ], [ -91.589772423712759, 41.831766074856951 ], [ -91.58987082886118, 41.830947270389807 ], [ -91.589938390975675, 41.83038508731179 ], [ -91.590007041476085, 41.829813846306337 ], [ -91.590068638035191, 41.829242132683397 ], [ -91.589879521532211, 41.825618106668294 ], [ -91.589690529683978, 41.821996082765388 ], [ -91.590793126417623, 41.822008512921109 ], [ -91.591697638211315, 41.823488875189142 ], [ -91.591621493973449, 41.824086224414131 ], [ -91.592374155900444, 41.824809017316483 ], [ -91.592883011914097, 41.824816857748857 ], [ -91.593664912212546, 41.825647283238887 ], [ -91.593697810755543, 41.829204306690322 ], [ -91.593808630205302, 41.829287978173504 ], [ -91.59756348762221, 41.829333884374108 ], [ -91.602495313150484, 41.829326352701599 ], [ -91.604166823539074, 41.829282388669768 ], [ -91.607311163963416, 41.829313825427356 ], [ -91.607266904964305, 41.832995938360725 ], [ -91.607258545602392, 41.834769811454265 ], [ -91.607268249986788, 41.836581786417632 ], [ -91.612065217298266, 41.836586063559501 ], [ -91.616918695551902, 41.836636920325638 ], [ -91.616972145721959, 41.832992875249502 ], [ -91.621873306658927, 41.832979760414744 ], [ -91.621827148714473, 41.836614144902569 ], [ -91.626719624447361, 41.836612920341068 ], [ -91.6267216973675, 41.836450058270081 ], [ -91.63166168332377, 41.836479193493162 ], [ -91.631872106217727, 41.836478815949356 ], [ -91.631809890831661, 41.840251790019089 ], [ -91.631580191391322, 41.840255604167929 ], [ -91.626693368209033, 41.840257314141198 ], [ -91.625206588872516, 41.840257794283886 ], [ -91.621796886541603, 41.840258824028957 ], [ -91.621797046084225, 41.843895728091269 ], [ -91.62179715852092, 41.846166249887489 ], [ -91.621797170027961, 41.846416168763405 ], [ -91.621797214963692, 41.847381105185946 ], [ -91.62117274485648, 41.847378560824566 ], [ -91.618143450286681, 41.847348068894838 ], [ -91.617174738381337, 41.847347478587132 ], [ -91.617493164141763, 41.846944259082022 ], [ -91.61693460546924, 41.846796830310943 ], [ -91.616927111969503, 41.843890288876104 ], [ -91.61691566465538, 41.842263229126338 ], [ -91.616914367264457, 41.842082114641251 ], [ -91.616901671915471, 41.840273964296458 ], [ -91.612092444682077, 41.840227755048744 ], [ -91.612139712961238, 41.840381080935394 ], [ -91.612171208354852, 41.840546054923422 ], [ -91.612177624158477, 41.840604691979372 ], [ -91.612187873005126, 41.842067404505286 ], [ -91.612213561713787, 41.842067485573338 ], [ -91.612214005502381, 41.842248597275301 ], [ -91.612189340993197, 41.843879082444609 ], [ -91.611947124329589, 41.843878461092658 ], [ -91.607300168982164, 41.843835038841817 ], [ -91.60730320998735, 41.844408803222734 ], [ -91.606600667345703, 41.844406453172326 ], [ -91.606590023701557, 41.846258676911873 ], [ -91.606428231542736, 41.846221492263133 ], [ -91.60622816088329, 41.846533983566992 ], [ -91.60600493164597, 41.846536303116117 ], [ -91.605964808640692, 41.847315979918491 ], [ -91.605116280338692, 41.847258964552971 ] ] ] ] } },
{ "type": "Feature", "properties": { "OBJECTID": 16, "LAND_USE": "Conservation Development", "TOTAL_AREA": 1141, "Shape_Length": 59860.384032748814, "Shape_Area": 48008740.701838948, "acreage": 1102.14 }, "geometry": { "type": "MultiPolygon", "coordinates": [ [ [ [ -91.575639579301324, 41.74997359973527 ], [ -91.574976231780852, 41.749856195560469 ], [ -91.574858593634929, 41.750248236616429 ], [ -91.574202443056492, 41.75017167481117 ], [ -91.574081035730984, 41.750292146204231 ], [ -91.573965507710398, 41.750415817381359 ], [ -91.573856009267175, 41.7505425275139 ], [ -91.573752682835092, 41.75067211182018 ], [ -91.573655662823882, 41.750804401779817 ], [ -91.573867941266414, 41.751204500075296 ], [ -91.574636305751014, 41.751890167352009 ], [ -91.577298004271441, 41.75189992128719 ], [ -91.577386356239799, 41.751791822339101 ], [ -91.578770436108158, 41.751990398261064 ], [ -91.580646803575647, 41.752002483863031 ], [ -91.582801481422919, 41.752020450385182 ], [ -91.583043337449965, 41.752022464079637 ], [ -91.583836276632582, 41.752029537155479 ], [ -91.585551825308258, 41.752044822103365 ], [ -91.585551478754311, 41.752072688985699 ], [ -91.587383777915846, 41.752084716460061 ], [ -91.587384302500681, 41.752061121209842 ], [ -91.590256122954742, 41.752086605637636 ], [ -91.590424750451717, 41.752088099538526 ], [ -91.5903933383576, 41.755604203809504 ], [ -91.590360107854423, 41.759216154457384 ], [ -91.595808490462559, 41.759312360967456 ], [ -91.595773884089013, 41.760875901641548 ], [ -91.594765914995463, 41.760857200732012 ], [ -91.593828241476345, 41.760839795968558 ], [ -91.593802418856441, 41.762017282526337 ], [ -91.592182075561041, 41.761993650771522 ], [ -91.5921043323589, 41.766569262145957 ], [ -91.590321698579984, 41.766556667159918 ], [ -91.587170190908466, 41.766530147111254 ], [ -91.587114289323239, 41.767078485720063 ], [ -91.585436205444068, 41.767068103091461 ], [ -91.585275155473838, 41.767066254695017 ], [ -91.585119382604972, 41.767021789220983 ], [ -91.584663615984226, 41.767061962184542 ], [ -91.584659896903716, 41.767180618617353 ], [ -91.584621275331699, 41.768412725810727 ], [ -91.584610675884463, 41.768750862163706 ], [ -91.583649641560029, 41.76873208958731 ], [ -91.583628266156566, 41.770814644714299 ], [ -91.582843688175942, 41.770805464213439 ], [ -91.582831908554041, 41.771151772328139 ], [ -91.582821731402987, 41.771453544284093 ], [ -91.582811554157672, 41.771755316207482 ], [ -91.58280137561556, 41.772057088078355 ], [ -91.582799062400667, 41.772125672796257 ], [ -91.582789347833341, 41.772413727708916 ], [ -91.582779631977587, 41.772701782571936 ], [ -91.58204668558264, 41.772687926859973 ], [ -91.581955066978097, 41.772686195466036 ], [ -91.581845125925142, 41.772684115557531 ], [ -91.581839571249446, 41.77284871878809 ], [ -91.581830323195391, 41.773122792880422 ], [ -91.581821058319733, 41.773397394399112 ], [ -91.581738721447337, 41.773507692102093 ], [ -91.581693229431167, 41.773568631304748 ], [ -91.581487891620313, 41.773843698229207 ], [ -91.581309059703742, 41.774083256581356 ], [ -91.581032028060761, 41.774454357102883 ], [ -91.580939167240302, 41.774562593738324 ], [ -91.580496415170941, 41.774549666337386 ], [ -91.580130423032429, 41.774541698029559 ], [ -91.57976398628962, 41.774535141406552 ], [ -91.579397440143509, 41.774528583619336 ], [ -91.579312915298942, 41.774527071017914 ], [ -91.579030931400709, 41.774522023491905 ], [ -91.578539826295298, 41.7745132323181 ], [ -91.57844820245262, 41.774511591773077 ], [ -91.577957098707031, 41.774502798156313 ], [ -91.577465995094173, 41.774494002463896 ], [ -91.576945505860948, 41.774484678671783 ], [ -91.576875877849673, 41.774483429784055 ], [ -91.576949358390067, 41.773967712694876 ], [ -91.577019289341393, 41.773968909826607 ], [ -91.577182961054831, 41.772818072250175 ], [ -91.577328043577097, 41.771792112967042 ], [ -91.577478815476681, 41.770725894868185 ], [ -91.577574923714494, 41.770046220774056 ], [ -91.577742621760052, 41.768858734455144 ], [ -91.577967103476965, 41.767272970866749 ], [ -91.578082742275257, 41.766456057436429 ], [ -91.576810137672226, 41.76645159851671 ], [ -91.576385950693805, 41.767044215162201 ], [ -91.575695398650211, 41.766957827677466 ], [ -91.575548458816087, 41.766941577031012 ], [ -91.575350933680099, 41.766673535418185 ], [ -91.575313447161903, 41.766698453491124 ], [ -91.57515083517545, 41.766766314021638 ], [ -91.574997678982243, 41.766840762866536 ], [ -91.574896851097151, 41.766898215073802 ], [ -91.574775034431994, 41.766964340323369 ], [ -91.57471003681097, 41.766998213179534 ], [ -91.574572098517535, 41.767083328737684 ], [ -91.574248994068327, 41.767197323190921 ], [ -91.57392243637436, 41.767322734521585 ], [ -91.573595875071163, 41.767448143088814 ], [ -91.573348286253136, 41.767585558376993 ], [ -91.573170698490742, 41.767619188536273 ], [ -91.573077268811133, 41.767736976483462 ], [ -91.573040290543915, 41.767761863544543 ], [ -91.572850398046299, 41.767915972229048 ], [ -91.572710528353412, 41.768025831767851 ], [ -91.572551447867269, 41.768119907873881 ], [ -91.572495927483345, 41.768161606885045 ], [ -91.572441285322014, 41.76820395083891 ], [ -91.572414297575762, 41.768225361584172 ], [ -91.572296615390158, 41.768343727209519 ], [ -91.572117654435004, 41.768418849122128 ], [ -91.57198511852215, 41.768525154302345 ], [ -91.571920341759963, 41.768659681106193 ], [ -91.571758443931657, 41.768862197928243 ], [ -91.571731155899599, 41.768896330338571 ], [ -91.571497830534156, 41.769108431052025 ], [ -91.571264504877817, 41.769320530401082 ], [ -91.570886849543854, 41.76970106381156 ], [ -91.570648999542414, 41.769800291782005 ], [ -91.570292657668034, 41.770148732564671 ], [ -91.570213567859113, 41.770226066157683 ], [ -91.570190112159779, 41.770249002092093 ], [ -91.56990834971036, 41.77029931881264 ], [ -91.569551777144127, 41.770362994439829 ], [ -91.569415415144761, 41.770573547586196 ], [ -91.569366987862409, 41.770624791038877 ], [ -91.5688016280521, 41.770827100252085 ], [ -91.56857928895316, 41.770913195890088 ], [ -91.568408671305249, 41.770988679664789 ], [ -91.568179274683132, 41.771104523595604 ], [ -91.568146257836204, 41.771122673927437 ], [ -91.566720711184303, 41.771116437086533 ], [ -91.566474849829817, 41.771115359581486 ], [ -91.566011839959131, 41.771113328885093 ], [ -91.565990567858194, 41.771113235923238 ], [ -91.566057911066963, 41.770843481736996 ], [ -91.566192595890797, 41.770303970471119 ], [ -91.566559030873179, 41.770311563616815 ], [ -91.566925468345758, 41.770319155646895 ], [ -91.567291904701392, 41.770326746501361 ], [ -91.567658341142462, 41.770334336200115 ], [ -91.56837148896669, 41.770206995470055 ], [ -91.568728061806112, 41.770143324361662 ], [ -91.569084633974924, 41.770079651257447 ], [ -91.569441203041677, 41.770015977017586 ], [ -91.569797775018159, 41.769952301742023 ], [ -91.569904746101102, 41.769933199389804 ], [ -91.570011717121261, 41.769914096938919 ], [ -91.56988909184102, 41.76985391099106 ], [ -91.56967449965569, 41.769748585067781 ], [ -91.569367940228759, 41.769598119534763 ], [ -91.569061382271883, 41.769447651384787 ], [ -91.568678184961144, 41.769259566819038 ], [ -91.568141715565858, 41.768996246515258 ], [ -91.568808403123072, 41.768767921873575 ], [ -91.56901734169287, 41.768696364310692 ], [ -91.569558421477453, 41.768511052402502 ], [ -91.569625089321804, 41.768488219562563 ], [ -91.569707985984437, 41.768414911196906 ], [ -91.570134308096243, 41.768037899758951 ], [ -91.570300098915155, 41.767891283117152 ], [ -91.570394835652621, 41.767807502832433 ], [ -91.570340112517655, 41.76781150733575 ], [ -91.570212425114363, 41.767820853176815 ], [ -91.569847600153025, 41.767847554746616 ], [ -91.569482777350601, 41.767874253410305 ], [ -91.568935540729143, 41.767914301027751 ], [ -91.568297097750161, 41.767961020149855 ], [ -91.567749859670457, 41.768001062181597 ], [ -91.568145601230853, 41.767382266388459 ], [ -91.568303895498005, 41.767134748012637 ], [ -91.568462189790836, 41.766887228519714 ], [ -91.568683798299048, 41.766540702067715 ], [ -91.569222432525336, 41.766623359270532 ], [ -91.569581523561865, 41.766678462997135 ], [ -91.569940614003755, 41.76673356559288 ], [ -91.570299706255668, 41.766788667097693 ], [ -91.570235073191796, 41.766705696720862 ], [ -91.570124274368951, 41.766563462091398 ], [ -91.56993961394592, 41.766326404178486 ], [ -91.569570293552943, 41.765852286453672 ], [ -91.569385634785291, 41.765615226661708 ], [ -91.56950183830331, 41.765326166343016 ], [ -91.569607476328756, 41.765063383607192 ], [ -91.569713113474975, 41.764800601651551 ], [ -91.569924386465473, 41.764275035600086 ], [ -91.570422333134758, 41.764274166476078 ], [ -91.570675137185816, 41.764273724043676 ], [ -91.571798222911852, 41.764271343673073 ], [ -91.571811136662589, 41.763502308182737 ], [ -91.57181738260023, 41.763130251174957 ], [ -91.571823143575145, 41.762787242006027 ], [ -91.572206828065305, 41.762789481234854 ], [ -91.57223461319343, 41.76249587350118 ], [ -91.571903951543646, 41.762464168914391 ], [ -91.571573291391431, 41.762432464306258 ], [ -91.570911970903992, 41.762369050445344 ], [ -91.570916215419018, 41.762108364874599 ], [ -91.570921809636474, 41.761764807938277 ], [ -91.570928064420329, 41.761380640869376 ], [ -91.570931639106519, 41.761161115401066 ], [ -91.570935213741933, 41.760941590816081 ], [ -91.571759744731835, 41.760953253304791 ], [ -91.572254465652762, 41.760960247304808 ], [ -91.572544729853618, 41.760962895671213 ], [ -91.572974435148083, 41.760973370011925 ], [ -91.573359898308127, 41.760980580140618 ], [ -91.573725927481576, 41.760994837858206 ], [ -91.574286780911777, 41.761016680572759 ], [ -91.574842643619832, 41.761034963465512 ], [ -91.575075610028094, 41.759831668440903 ], [ -91.575791131663038, 41.759727185922202 ], [ -91.575798697416531, 41.759168482426269 ], [ -91.575805085269309, 41.758244596693672 ], [ -91.570977577396818, 41.758246787201806 ], [ -91.570117650182411, 41.757377143458775 ], [ -91.573413058737145, 41.75551657289553 ], [ -91.571012519294555, 41.75551446436674 ], [ -91.568494665432993, 41.75551991580722 ], [ -91.569013740395945, 41.754293520385716 ], [ -91.570809950344852, 41.753076812730463 ], [ -91.568792735935233, 41.753225783263439 ], [ -91.569001113027809, 41.751774062088025 ], [ -91.5690330132621, 41.751551814281918 ], [ -91.568061502058896, 41.750462256572263 ], [ -91.567526638190316, 41.75170215077722 ], [ -91.567517780135859, 41.751755631589504 ], [ -91.567116972670533, 41.754175824285603 ], [ -91.566095880533226, 41.753609634943949 ], [ -91.564799445268193, 41.752888334973392 ], [ -91.564799556549005, 41.751809853638072 ], [ -91.56479965722383, 41.750837887075292 ], [ -91.563870926734822, 41.749126942885106 ], [ -91.561454469683028, 41.750005296279198 ], [ -91.561459265229971, 41.749698494690847 ], [ -91.561478856562914, 41.74844508271137 ], [ -91.561481150548559, 41.748298356972654 ], [ -91.56149464539844, 41.747211443708096 ], [ -91.5615161216882, 41.745372432901007 ], [ -91.56282019066208, 41.745443009866761 ], [ -91.563440382471157, 41.74547733900949 ], [ -91.563963953557419, 41.744617626851756 ], [ -91.564259200536128, 41.744428611638845 ], [ -91.565180582341455, 41.74383873596561 ], [ -91.564671257181743, 41.742469013588753 ], [ -91.566262944869791, 41.741866392517579 ], [ -91.566230187168628, 41.740769167611411 ], [ -91.566215350014488, 41.738996453268058 ], [ -91.567739811936761, 41.739027879018963 ], [ -91.569389548663722, 41.739061864818844 ], [ -91.571019099184412, 41.739095410759248 ], [ -91.571031873516461, 41.739777051674032 ], [ -91.571043002496808, 41.740370850887352 ], [ -91.571063559735848, 41.74231131753308 ], [ -91.571105809942395, 41.744539547041747 ], [ -91.574058688400541, 41.744572014508918 ], [ -91.574058407325154, 41.744756875051166 ], [ -91.574049708669861, 41.745309119022522 ], [ -91.574394224389792, 41.745793456213711 ], [ -91.57441471860507, 41.746050934829604 ], [ -91.575615396192319, 41.74696138679024 ], [ -91.575636433945206, 41.748222419320008 ], [ -91.575651228819055, 41.7491092071716 ], [ -91.575656442313615, 41.74922911654695 ], [ -91.575668072536757, 41.749348772910245 ], [ -91.575686100814409, 41.749467983772313 ], [ -91.57571049817966, 41.74958655735967 ], [ -91.575741225419108, 41.749704302923014 ], [ -91.575839251135875, 41.749976854083599 ], [ -91.575756434570366, 41.74997550444359 ], [ -91.575639579301324, 41.74997359973527 ] ] ] ] } },
{ "type": "Feature", "properties": { "OBJECTID": 17, "LAND_USE": "Conservation Development", "TOTAL_AREA": 222, "Shape_Length": 13285.774090947141, "Shape_Area": 9636330.1504236441, "acreage": 221.21 }, "geometry": { "type": "MultiPolygon", "coordinates": [ [ [ [ -91.690972284758018, 41.702894140397746 ], [ -91.691321838634579, 41.702895763166708 ], [ -91.691761184533433, 41.702904048425232 ], [ -91.692200198927637, 41.702919287050705 ], [ -91.692638685935364, 41.702941472243779 ], [ -91.693076449909597, 41.702970594105579 ], [ -91.693513295525207, 41.70300663964219 ], [ -91.693949027865955, 41.703049592770306 ], [ -91.694383452511303, 41.7030994343245 ], [ -91.694816375622906, 41.703156142065744 ], [ -91.695247604030968, 41.703219690691263 ], [ -91.695676945320258, 41.703290051845833 ], [ -91.696092355535654, 41.7033674306346 ], [ -91.696505667996902, 41.703450881471312 ], [ -91.696916724711869, 41.703540372457383 ], [ -91.697325368548775, 41.703635869385266 ], [ -91.697731443296135, 41.703737335751526 ], [ -91.69813479372236, 41.70384473277079 ], [ -91.698535265635016, 41.703958019390456 ], [ -91.698932705939598, 41.704077152306425 ], [ -91.699326962697995, 41.704202085979581 ], [ -91.699717885186416, 41.704332772653252 ], [ -91.700105323953011, 41.704469162371254 ], [ -91.700489130874828, 41.704611202997064 ], [ -91.70063537553817, 41.704667182464853 ], [ -91.700510413510798, 41.705635852939743 ], [ -91.700509247196479, 41.707457332638739 ], [ -91.700508081539212, 41.709277871077056 ], [ -91.699282470907008, 41.709273025368375 ], [ -91.698073926433352, 41.709267025906506 ], [ -91.697297529070283, 41.709263166358056 ], [ -91.696510145196342, 41.709259246169871 ], [ -91.695656945044661, 41.709254991797565 ], [ -91.695654761513893, 41.710015960907697 ], [ -91.696256697896359, 41.710014839062985 ], [ -91.69625567631266, 41.710596258574007 ], [ -91.696256587210058, 41.711402866003262 ], [ -91.695430843479627, 41.711362087257378 ], [ -91.694673698473039, 41.711260830993908 ], [ -91.694672895497817, 41.711191031663709 ], [ -91.693441573376674, 41.711026351036672 ], [ -91.693235736257634, 41.710995448271127 ], [ -91.693031824020963, 41.710958061108315 ], [ -91.69283020033356, 41.710914256226765 ], [ -91.692631224778737, 41.710864111750574 ], [ -91.692435252214608, 41.710807717109972 ], [ -91.692242632141046, 41.710745172881936 ], [ -91.691399476187513, 41.710455405100042 ], [ -91.691124430987713, 41.710360879382776 ], [ -91.690626579957907, 41.710133792967291 ], [ -91.690078150547549, 41.709947754661286 ], [ -91.689867084910233, 41.709852658401026 ], [ -91.689807581113485, 41.70982584742795 ], [ -91.689110409669865, 41.709589345159344 ], [ -91.688523756568259, 41.70937646787187 ], [ -91.688455045005398, 41.70948871631667 ], [ -91.688072228365598, 41.709357137001447 ], [ -91.687655059734666, 41.709168460391858 ], [ -91.687700867378751, 41.70909362779549 ], [ -91.687514492275483, 41.709033275555093 ], [ -91.687324732187122, 41.708979169718297 ], [ -91.68713195972569, 41.708931416525154 ], [ -91.68693655341545, 41.708890109741631 ], [ -91.686738896950061, 41.708855330475771 ], [ -91.686539378439377, 41.708827147018248 ], [ -91.686338389647844, 41.708805614708595 ], [ -91.686021618419019, 41.708777028147637 ], [ -91.685920118748086, 41.708785843193304 ], [ -91.685924277321689, 41.705572560471566 ], [ -91.685927587262412, 41.703009134819936 ], [ -91.689382525514574, 41.702921596012416 ], [ -91.689831035351943, 41.702907890607932 ], [ -91.690279768515964, 41.702899215123288 ], [ -91.690728624605569, 41.702895571499589 ], [ -91.690972284758018, 41.702894140397746 ] ] ] ] } },
{ "type": "Feature", "properties": { "OBJECTID": 20, "LAND_USE": "Residential", "TOTAL_AREA": 636, "Shape_Length": 36926.097884299415, "Shape_Area": 27722965.229131471, "acreage": 636.43 }, "geometry": { "type": "MultiPolygon", "coordinates": [ [ [ [ -91.511123989349741, 41.805233127812286 ], [ -91.506292642923952, 41.805134293789187 ], [ -91.506331156229436, 41.802550641937593 ], [ -91.506333793229032, 41.802399947791834 ], [ -91.5066042358267, 41.802368737295915 ], [ -91.506914394591135, 41.802363247601804 ], [ -91.507115153872164, 41.802336324562411 ], [ -91.507440517782726, 41.802283571954838 ], [ -91.507732973896736, 41.802167293679467 ], [ -91.507884665608756, 41.802035562764125 ], [ -91.507955947999875, 41.801894047621843 ], [ -91.507985655776807, 41.801762455645921 ], [ -91.508024529810299, 41.801631021654693 ], [ -91.508126520549453, 41.801504957852487 ], [ -91.508248396942861, 41.801418350132828 ], [ -91.508391679260583, 41.801351495678425 ], [ -91.508581243877757, 41.801300703228748 ], [ -91.508749916974438, 41.801273226761921 ], [ -91.508959371573766, 41.80126171784547 ], [ -91.509174838444537, 41.801293544333561 ], [ -91.509573774877012, 41.801413777640889 ], [ -91.509971564440562, 41.801451640848178 ], [ -91.510489290885801, 41.801766222478612 ], [ -91.510780502986748, 41.801900390939771 ], [ -91.511049436513261, 41.801953372860176 ], [ -91.511174163218783, 41.801953448455208 ], [ -91.511303117227456, 41.801935239027308 ], [ -91.511437959108207, 41.801874412556224 ], [ -91.511637182295942, 41.801747608385725 ], [ -91.51183725730742, 41.801622876254697 ], [ -91.511878207688838, 41.801603332817528 ], [ -91.512029893594573, 41.801531470928488 ], [ -91.512148623274811, 41.801487695031589 ], [ -91.512255451043245, 41.801473223543098 ], [ -91.512486009449177, 41.801491406154412 ], [ -91.512717066666468, 41.801493298322278 ], [ -91.512928873260691, 41.801494860918183 ], [ -91.513114903569019, 41.801469562479355 ], [ -91.51324686723413, 41.801412802147858 ], [ -91.513383430202751, 41.801325582864287 ], [ -91.513499265538542, 41.801256365473002 ], [ -91.51359796851979, 41.80123763649199 ], [ -91.513672608587754, 41.801226045672038 ], [ -91.513762432954735, 41.801197729548981 ], [ -91.513862993627953, 41.8011181292675 ], [ -91.513988960197608, 41.801077563238138 ], [ -91.514197364854709, 41.801040293192408 ], [ -91.514272495471175, 41.80098256068387 ], [ -91.514409749776206, 41.800842512009666 ], [ -91.514575333492914, 41.800765908636194 ], [ -91.514694042000741, 41.800692621755374 ], [ -91.514756338983034, 41.800634669725149 ], [ -91.514851320872722, 41.800467306466871 ], [ -91.514867443777817, 41.800359671085857 ], [ -91.515003132927148, 41.800180650755479 ], [ -91.515326026660816, 41.799877530706006 ], [ -91.515722558501409, 41.799535351201477 ], [ -91.515990840192941, 41.799398909191652 ], [ -91.516145649678137, 41.799344594331757 ], [ -91.516338953201469, 41.799321130573119 ], [ -91.516583083032188, 41.799345197793329 ], [ -91.516652191465937, 41.799364562337878 ], [ -91.516829537488036, 41.799443417432371 ], [ -91.517321484274603, 41.799551143408323 ], [ -91.517430709981625, 41.799578225280854 ], [ -91.517600621315722, 41.799660384415034 ], [ -91.517784422180497, 41.799738146748865 ], [ -91.517882581086454, 41.799767270151847 ], [ -91.518122047793639, 41.799763805226391 ], [ -91.51831719387593, 41.799710004204286 ], [ -91.518486767815403, 41.799712895381425 ], [ -91.518691562527863, 41.799733713677583 ], [ -91.518841721758704, 41.799741763236646 ], [ -91.519036747045362, 41.799752121790533 ], [ -91.519349845660912, 41.799739958925144 ], [ -91.519687749680273, 41.799666113748323 ], [ -91.519953996897755, 41.799566170443775 ], [ -91.520199765125042, 41.799445976930073 ], [ -91.520437044411182, 41.799303335737918 ], [ -91.520636981480251, 41.799182361603066 ], [ -91.520834869954115, 41.799053257034622 ], [ -91.520836825093781, 41.798945994771906 ], [ -91.521424167020854, 41.798278400889771 ], [ -91.52286171576344, 41.798059791517559 ], [ -91.523739582077525, 41.797688312631358 ], [ -91.525790412406693, 41.797491108104175 ], [ -91.52641513296274, 41.797437129608191 ], [ -91.53071022997571, 41.796257276076382 ], [ -91.53087100768532, 41.796210871640938 ], [ -91.531159435990617, 41.797343047435255 ], [ -91.531783231778221, 41.795618046859296 ], [ -91.536737116711578, 41.795699369614645 ], [ -91.536715686759408, 41.797080255822586 ], [ -91.536695649487925, 41.798371465895507 ], [ -91.536666822697512, 41.800228716427505 ], [ -91.536656250653891, 41.800909787858203 ], [ -91.53674425382161, 41.80091107536925 ], [ -91.536741125926383, 41.801130443230342 ], [ -91.536814147653359, 41.801131488431182 ], [ -91.536874572065571, 41.797504158514812 ], [ -91.537981253086983, 41.7975227978351 ], [ -91.537988404187374, 41.796618484428762 ], [ -91.540417022045986, 41.796660258409403 ], [ -91.540422419005907, 41.795726743563847 ], [ -91.541965035859874, 41.795751583734514 ], [ -91.544271464712082, 41.795788683019573 ], [ -91.544217796601117, 41.796364985674131 ], [ -91.543665611525029, 41.796785076477548 ], [ -91.542709964343672, 41.797602419555993 ], [ -91.541745742602544, 41.798349872595452 ], [ -91.541309174521786, 41.798792826836944 ], [ -91.540830895541831, 41.799208938398777 ], [ -91.540402510837254, 41.799363703590338 ], [ -91.541381438339201, 41.799382272258235 ], [ -91.545273072548994, 41.79943880019475 ], [ -91.545273204212606, 41.800354560297237 ], [ -91.545273595048286, 41.803065076006455 ], [ -91.54525944070744, 41.804436971221051 ], [ -91.544310110261264, 41.80452434884775 ], [ -91.544023405611128, 41.805060996126912 ], [ -91.544520762105464, 41.80594645687453 ], [ -91.543306282231057, 41.805734637211607 ], [ -91.542064395164772, 41.805819374381194 ], [ -91.541241285160098, 41.805064531606547 ], [ -91.54036744126698, 41.80518424842289 ], [ -91.539960533489207, 41.805239991974894 ], [ -91.540291531055956, 41.804144706718603 ], [ -91.5399248564663, 41.804138523977571 ], [ -91.539645731166672, 41.804601258188029 ], [ -91.538514398838302, 41.804993730226236 ], [ -91.535470284569413, 41.804915797062009 ], [ -91.535454675601642, 41.806203470946301 ], [ -91.535154439581419, 41.806173357867934 ], [ -91.534639771093012, 41.805353713171556 ], [ -91.53346837691133, 41.805297249724354 ], [ -91.532854402096788, 41.805267593008814 ], [ -91.532883166608229, 41.805143764171419 ], [ -91.532303598663376, 41.805074598190174 ], [ -91.532189159355369, 41.805013173177691 ], [ -91.532265014308265, 41.804604362946982 ], [ -91.530590129633936, 41.804568519301512 ], [ -91.53058695045118, 41.804896225007937 ], [ -91.529434654510027, 41.804852855731141 ], [ -91.528077640365467, 41.804402453471432 ], [ -91.526832776380317, 41.804477024321926 ], [ -91.525688857075181, 41.804645561305882 ], [ -91.524579019013885, 41.804812405023242 ], [ -91.523556696894559, 41.804965731949459 ], [ -91.522608057415965, 41.80510800083556 ], [ -91.521719002983502, 41.805241324914711 ], [ -91.521677790447015, 41.805247504714025 ], [ -91.520899035498431, 41.805910726301079 ], [ -91.520831179571502, 41.805968513907978 ], [ -91.520777262929712, 41.805945340153656 ], [ -91.520163049546269, 41.805681345252552 ], [ -91.519979262762504, 41.805603151545093 ], [ -91.520003062222159, 41.806234071597366 ], [ -91.518925343649471, 41.806728539035781 ], [ -91.517448053131289, 41.807410538150499 ], [ -91.516679345209639, 41.807374087384886 ], [ -91.516142641721103, 41.807464629564016 ], [ -91.515921691480173, 41.807461858021135 ], [ -91.51482239830608, 41.807448063802852 ], [ -91.51482488668033, 41.808067931648111 ], [ -91.514815768249989, 41.808474939432543 ], [ -91.514047553076622, 41.808460375375972 ], [ -91.513561176966746, 41.808128000043155 ], [ -91.513536587409817, 41.808110947247329 ], [ -91.513464951902705, 41.808062464845662 ], [ -91.513275403107826, 41.80794036183233 ], [ -91.513080046811297, 41.807823495212325 ], [ -91.512879141310307, 41.80771201948744 ], [ -91.512672952234169, 41.807606082031604 ], [ -91.51246175219309, 41.807505822896445 ], [ -91.512245820417931, 41.807411374626028 ], [ -91.512025442391106, 41.80732286208184 ], [ -91.511800909469343, 41.807240402277849 ], [ -91.511572518498639, 41.807164104225784 ], [ -91.511340571422025, 41.807094068791237 ], [ -91.511105374880557, 41.807030388560321 ], [ -91.511114640827131, 41.806135692658017 ], [ -91.511123989349741, 41.805233127812286 ] ] ] ] } },
{ "type": "Feature", "properties": { "OBJECTID": 21, "LAND_USE": "Conservation Development", "TOTAL_AREA": 86, "Shape_Length": 9118.5741635607155, "Shape_Area": 3761529.9923194391, "acreage": 86.35 }, "geometry": { "type": "MultiPolygon", "coordinates": [ [ [ [ -91.545273595048286, 41.803065076006455 ], [ -91.545273072548994, 41.79943880019475 ], [ -91.541381438339201, 41.799382272258235 ], [ -91.541923675115939, 41.798826341928851 ], [ -91.542162809870078, 41.79861828411498 ], [ -91.542360236833773, 41.79838338534433 ], [ -91.543272824503191, 41.797591830052447 ], [ -91.543235666469386, 41.797591203547547 ], [ -91.543324906007456, 41.797516796560764 ], [ -91.543407513432768, 41.797448697975412 ], [ -91.543549654708173, 41.797333234944489 ], [ -91.543763575067501, 41.797163425065932 ], [ -91.543909406882165, 41.797050299448891 ], [ -91.544216024662205, 41.796819117485903 ], [ -91.545004824112965, 41.796235533026525 ], [ -91.545280579133347, 41.79613463516035 ], [ -91.545953494082113, 41.79600816938845 ], [ -91.545943999759004, 41.796684264634983 ], [ -91.55010130603327, 41.797109519998777 ], [ -91.550101057948069, 41.797155074390822 ], [ -91.550098777264935, 41.797574736022192 ], [ -91.550159124387662, 41.79760479250946 ], [ -91.550148672089151, 41.799528129304285 ], [ -91.550151846837352, 41.803145451010266 ], [ -91.54674901466467, 41.803089406688983 ], [ -91.545273595048286, 41.803065076006455 ] ] ] ] } },
{ "type": "Feature", "properties": { "OBJECTID": 24, "LAND_USE": "Residential", "TOTAL_AREA": 31, "Shape_Length": 7203.4534280666203, "Shape_Area": 1359939.9429679394, "acreage": 31.22 }, "geometry": { "type": "MultiPolygon", "coordinates": [ [ [ [ -91.560043584992187, 41.794882254471801 ], [ -91.559889922594465, 41.79443879991446 ], [ -91.559889041492909, 41.794340951852632 ], [ -91.55988828168482, 41.794256434116761 ], [ -91.559912252110465, 41.794251363368311 ], [ -91.559977966447548, 41.794221352290485 ], [ -91.560041868515853, 41.794190488712239 ], [ -91.560171250514529, 41.794124671324731 ], [ -91.56023042384345, 41.794092365264937 ], [ -91.560289757690768, 41.794054025393834 ], [ -91.560351277594023, 41.794016266818055 ], [ -91.560382726374755, 41.793964340317572 ], [ -91.560392168088896, 41.793914157432873 ], [ -91.560392967695861, 41.793909899416796 ], [ -91.560368283174867, 41.793858501266712 ], [ -91.560341417174499, 41.793806246289115 ], [ -91.560307409551925, 41.793783851787872 ], [ -91.56028301032606, 41.793767784690843 ], [ -91.560224090066441, 41.793734801611457 ], [ -91.560179055798116, 41.793689954844098 ], [ -91.560173967909932, 41.793632537488378 ], [ -91.560213332014243, 41.793586486927317 ], [ -91.560282421481247, 41.79356776832212 ], [ -91.560355319604582, 41.793557612740521 ], [ -91.560427212511541, 41.79354387501504 ], [ -91.560499890328728, 41.793528228547274 ], [ -91.560575596134768, 41.793509060040314 ], [ -91.560701908693062, 41.793492999992296 ], [ -91.56072319412074, 41.793490145584826 ], [ -91.560796419946939, 41.79349535967112 ], [ -91.560869920898654, 41.793504143623281 ], [ -91.560924416992577, 41.793525553292824 ], [ -91.560939626910709, 41.79353152833842 ], [ -91.561004485772273, 41.793561858023139 ], [ -91.561102280853504, 41.793581801661617 ], [ -91.561158800183634, 41.793591490850822 ], [ -91.561221546334266, 41.793593370662968 ], [ -91.561296803240978, 41.793591205797505 ], [ -91.561378137596421, 41.793582043141491 ], [ -91.561443066268311, 41.793567333084866 ], [ -91.561518371475586, 41.793577241802467 ], [ -91.561584504450124, 41.793601005707508 ], [ -91.561602858808186, 41.793600318530508 ], [ -91.561663084117782, 41.793598067511198 ], [ -91.561732302417752, 41.79357468529426 ], [ -91.56179626180419, 41.793542170096174 ], [ -91.561813440996829, 41.793529906389018 ], [ -91.561851976113815, 41.793502397523632 ], [ -91.561886282322817, 41.793453798128077 ], [ -91.561944448415986, 41.793418451231695 ], [ -91.562001831225757, 41.793372145827433 ], [ -91.562045313243729, 41.793336274834417 ], [ -91.562117697101741, 41.79331815222374 ], [ -91.56219422713518, 41.793323414225036 ], [ -91.562221379614058, 41.793318922894336 ], [ -91.562265711040311, 41.793311588547958 ], [ -91.562324956586579, 41.793277078973937 ], [ -91.56238319917901, 41.793238987327797 ], [ -91.562424598476639, 41.793210450760853 ], [ -91.562498101693791, 41.793167169599137 ], [ -91.562565192759578, 41.793141282993048 ], [ -91.562638423640109, 41.793132775062944 ], [ -91.562710319532414, 41.79311930795825 ], [ -91.562783471386865, 41.793113817299911 ], [ -91.562857635518085, 41.793111634118304 ], [ -91.562930213946728, 41.793100098251294 ], [ -91.56295153131363, 41.79310813085079 ], [ -91.562999223769211, 41.793126102172018 ], [ -91.563065637716392, 41.793153164171038 ], [ -91.563209484436868, 41.793110588468053 ], [ -91.563288039379344, 41.793063731127738 ], [ -91.563325540308611, 41.79303713753032 ], [ -91.563384023775285, 41.793003986280702 ], [ -91.563453672184053, 41.792978683922719 ], [ -91.563478221786852, 41.792977822315329 ], [ -91.563603428222208, 41.792975984876577 ], [ -91.56367184462475, 41.792955604138214 ], [ -91.563730044791868, 41.792919427516956 ], [ -91.563747633312303, 41.792865355517236 ], [ -91.563777280825903, 41.792813109040338 ], [ -91.563860273688675, 41.792801505663526 ], [ -91.563925089851622, 41.792801049139875 ], [ -91.563994872465798, 41.792784530065546 ], [ -91.564052797375695, 41.792745054449675 ], [ -91.564058719110207, 41.792731830203039 ], [ -91.564076600395524, 41.792691895530659 ], [ -91.564114583415474, 41.792643614308254 ], [ -91.564173469383064, 41.792609366187449 ], [ -91.564237410124719, 41.792578212809303 ], [ -91.564392312995167, 41.792481810506814 ], [ -91.564451792478422, 41.792442081415125 ], [ -91.564461553267208, 41.792435561822735 ], [ -91.564572463019843, 41.79238477932271 ], [ -91.564666429473149, 41.792339848275013 ], [ -91.564680796378781, 41.792332977605739 ], [ -91.564732578579367, 41.792299728502044 ], [ -91.564801194628572, 41.792269682918239 ], [ -91.564921329600537, 41.79221515428442 ], [ -91.565006992303623, 41.792189973579561 ], [ -91.565020474622514, 41.79218431830602 ], [ -91.565071350229118, 41.792162974679911 ], [ -91.565137420570707, 41.79214848152283 ], [ -91.565194695884884, 41.792149435107646 ], [ -91.565277681109833, 41.792161732384663 ], [ -91.565323454815569, 41.792164053294698 ], [ -91.56539889419129, 41.792185199848575 ], [ -91.565409217413659, 41.792188093193985 ], [ -91.565478777623838, 41.792219749525984 ], [ -91.56549126010745, 41.792228702656864 ], [ -91.565534307904215, 41.792285205354176 ], [ -91.565561218222413, 41.792302118244997 ], [ -91.565612893025957, 41.792331822446364 ], [ -91.565708117062272, 41.792398494535789 ], [ -91.565806307295702, 41.792467243071762 ], [ -91.565847190349317, 41.792488930873979 ], [ -91.566005124038298, 41.792572706970589 ], [ -91.566066050489923, 41.792591814036456 ], [ -91.566118627473813, 41.792636894771633 ], [ -91.566171745587994, 41.792672433144403 ], [ -91.566235210223553, 41.792700001691657 ], [ -91.56628799791784, 41.792737592290429 ], [ -91.566299445350438, 41.792749999766087 ], [ -91.566331615597193, 41.792784871605434 ], [ -91.566398006032287, 41.792812758009376 ], [ -91.566462457697597, 41.792844457508743 ], [ -91.566539073840602, 41.792846973179302 ], [ -91.566611014489538, 41.79283240484002 ], [ -91.566677860105258, 41.792857005305535 ], [ -91.566695492946081, 41.792887930290597 ], [ -91.566706583234463, 41.7929073813659 ], [ -91.566733443129422, 41.792958825104982 ], [ -91.566763260036069, 41.793009491312638 ], [ -91.566810916380774, 41.793051640487 ], [ -91.566842270851168, 41.793060471522651 ], [ -91.566881920813842, 41.793071636103257 ], [ -91.566949530987287, 41.793091494166319 ], [ -91.567019843190252, 41.793113487331311 ], [ -91.567048545659716, 41.793125511712134 ], [ -91.567083692766701, 41.793140235987202 ], [ -91.567147072301083, 41.793170819477815 ], [ -91.567209739009073, 41.793200567965727 ], [ -91.567240821176782, 41.793213101967055 ], [ -91.567276881222398, 41.79322764144051 ], [ -91.567340244681262, 41.793258772094894 ], [ -91.567407005078763, 41.793286387583287 ], [ -91.567432218898077, 41.793302104682482 ], [ -91.567468340578813, 41.793324622277062 ], [ -91.567620428016355, 41.793389732931239 ], [ -91.567692367922035, 41.793411112445014 ], [ -91.567750065127484, 41.793448195011315 ], [ -91.567804406178666, 41.793483653873636 ], [ -91.567862529289854, 41.793522041168423 ], [ -91.567916437316072, 41.793563456281021 ], [ -91.567956853120904, 41.793599916424128 ], [ -91.567969914215553, 41.793610478287235 ], [ -91.568019882439913, 41.793645123185442 ], [ -91.568068222690727, 41.793688924002183 ], [ -91.5681255637829, 41.793725451109601 ], [ -91.568137144223186, 41.793734530333673 ], [ -91.56817693299169, 41.793765729709797 ], [ -91.568221878727698, 41.793797809986543 ], [ -91.568286339116469, 41.79384391392427 ], [ -91.568345946588622, 41.79387800475169 ], [ -91.568405114337239, 41.79391483044148 ], [ -91.568470813342998, 41.793940779629125 ], [ -91.568535711422754, 41.793969185701314 ], [ -91.568599368724207, 41.794002786253742 ], [ -91.568639949535012, 41.794048387759389 ], [ -91.568659762980005, 41.794102185030276 ], [ -91.568689949774395, 41.794152295788116 ], [ -91.568734959855774, 41.79419686497576 ], [ -91.568732716984456, 41.794252251712457 ], [ -91.568685328281049, 41.794294892763702 ], [ -91.568612177810522, 41.794300109798655 ], [ -91.568540315185189, 41.794285045086049 ], [ -91.568463768990298, 41.79429377901085 ], [ -91.56839428089053, 41.794312768691675 ], [ -91.568318660275096, 41.794300939228272 ], [ -91.568244425348709, 41.794305593168843 ], [ -91.568190039098482, 41.794307262941658 ], [ -91.568097477629181, 41.794313000815691 ], [ -91.568032542039035, 41.794340013395122 ], [ -91.567975863244186, 41.794349344738578 ], [ -91.567964295996134, 41.794351249842101 ], [ -91.567959208378269, 41.794352086535092 ], [ -91.567887674415815, 41.794338398433297 ], [ -91.567814864132473, 41.794344718405661 ], [ -91.567755379595539, 41.794358648079225 ], [ -91.567669049875335, 41.794364488323858 ], [ -91.567596283216815, 41.794355719113788 ], [ -91.567535794996161, 41.794373376512603 ], [ -91.567525653749001, 41.794376336424897 ], [ -91.567518350425175, 41.794382002877924 ], [ -91.567474313573186, 41.79441617268823 ], [ -91.567421813625003, 41.794458184306407 ], [ -91.567348541249572, 41.794468063420744 ], [ -91.567333318625472, 41.794471567404806 ], [ -91.567276924680911, 41.794484550412967 ], [ -91.56722939499204, 41.794507911167891 ], [ -91.567214089107381, 41.794515433848836 ], [ -91.567144444152206, 41.794540453929983 ], [ -91.56711598162984, 41.794543425191975 ], [ -91.567070867523597, 41.794548133147849 ], [ -91.566996186356505, 41.794542353099061 ], [ -91.566923327177932, 41.794550591697174 ], [ -91.566897405117345, 41.794568956998447 ], [ -91.566872503929829, 41.794597032896441 ], [ -91.566828185995064, 41.794636678596405 ], [ -91.566783567620021, 41.794676267950216 ], [ -91.566738471172499, 41.794725588884319 ], [ -91.566690257076971, 41.794780037955697 ], [ -91.566655577281864, 41.794820084373718 ], [ -91.566599621868335, 41.794859204985087 ], [ -91.566585549481971, 41.794913672651944 ], [ -91.56658758049528, 41.794957394375672 ], [ -91.566588099265417, 41.794968571743006 ], [ -91.566580608752744, 41.794993132361476 ], [ -91.566571193057968, 41.79502400178967 ], [ -91.566516479714466, 41.795066796594568 ], [ -91.566506613634161, 41.795118130939464 ], [ -91.566510111155253, 41.795180257475337 ], [ -91.566543580778841, 41.795231225804486 ], [ -91.566569367746666, 41.795286568207636 ], [ -91.566587629949211, 41.795338579430108 ], [ -91.566621517604446, 41.795387633793197 ], [ -91.566642834051308, 41.795440338812838 ], [ -91.566643388712606, 41.795455777320313 ], [ -91.566644927935755, 41.795498514646319 ], [ -91.566633177902503, 41.795553191147448 ], [ -91.56665851964452, 41.795606229688694 ], [ -91.566659283543757, 41.79562252450539 ], [ -91.566661077939685, 41.795660845228653 ], [ -91.566660377124549, 41.795787980805756 ], [ -91.566663857009303, 41.795829277095031 ], [ -91.566679986381445, 41.795883818501601 ], [ -91.566710564093398, 41.795955951321659 ], [ -91.566725146405034, 41.79599062496716 ], [ -91.566728062444241, 41.796045515715036 ], [ -91.566714465457608, 41.796100706328914 ], [ -91.56664486788641, 41.7960837599679 ], [ -91.56657285059319, 41.796061291607408 ], [ -91.566502460203324, 41.79604652663258 ], [ -91.566431792273519, 41.796028466354265 ], [ -91.56635973103846, 41.796007643349945 ], [ -91.566290326233286, 41.79598356755217 ], [ -91.566225951718252, 41.795949696277617 ], [ -91.566183595497264, 41.795926073174527 ], [ -91.566166331736042, 41.795916444414786 ], [ -91.566096283107242, 41.79589160401661 ], [ -91.566022551028979, 41.795875624119411 ], [ -91.56594724535195, 41.795866269518164 ], [ -91.565872438805926, 41.795851985408056 ], [ -91.565800846881984, 41.795827328974823 ], [ -91.565739374104055, 41.795794597192739 ], [ -91.565661034656685, 41.795666446862207 ], [ -91.565665812248696, 41.795611667006803 ], [ -91.565678049229049, 41.795552336499746 ], [ -91.565696744956043, 41.795498313317992 ], [ -91.56571177425019, 41.795444233612976 ], [ -91.565723181186016, 41.795388452797496 ], [ -91.565736393540533, 41.795333796208141 ], [ -91.565751167355572, 41.795275595786826 ], [ -91.565758893899059, 41.79522030845623 ], [ -91.56575782824622, 41.795164612730986 ], [ -91.565744250502675, 41.795110374796721 ], [ -91.565712610012795, 41.795059432164436 ], [ -91.56563905498929, 41.795066560604859 ], [ -91.565590977563787, 41.795108355044356 ], [ -91.565555480759159, 41.79515966435104 ], [ -91.56551891465881, 41.795209859867256 ], [ -91.565469370734576, 41.795251631648199 ], [ -91.565421579998116, 41.795296444963782 ], [ -91.565369562394906, 41.795329448203667 ], [ -91.565302728017031, 41.795364880327348 ], [ -91.565231814194163, 41.795383017696885 ], [ -91.565158968135094, 41.795377538101427 ], [ -91.565147955330858, 41.795323341895511 ], [ -91.565158100436605, 41.795259785399317 ], [ -91.565163034181694, 41.795212760166812 ], [ -91.565177599384839, 41.795151878070442 ], [ -91.565187699472844, 41.795100399124948 ], [ -91.565165634030436, 41.795047955111208 ], [ -91.565163708833111, 41.795024710234223 ], [ -91.565160927888954, 41.794991106381346 ], [ -91.565148160930761, 41.794933861386355 ], [ -91.565135195588894, 41.794909965314098 ], [ -91.565090359720529, 41.794832602828514 ], [ -91.56507698892014, 41.794798383185331 ], [ -91.565069767845443, 41.794779902347699 ], [ -91.565020640023263, 41.79473802066989 ], [ -91.564967596131453, 41.794722575440169 ], [ -91.564951121854207, 41.79471777852806 ], [ -91.56493612080962, 41.794668451847414 ], [ -91.564936571520377, 41.794603995478219 ], [ -91.564911402917474, 41.794550698233287 ], [ -91.56488328493252, 41.794498407327431 ], [ -91.564857762813375, 41.794479747820034 ], [ -91.564830039385811, 41.794459478373618 ], [ -91.564759330297562, 41.794442510526906 ], [ -91.564690568366743, 41.794462329614923 ], [ -91.564625061673183, 41.794474458957922 ], [ -91.564543490568866, 41.794488932354454 ], [ -91.564465548577886, 41.794495446648959 ], [ -91.564392581257465, 41.794467818863225 ], [ -91.564319204590959, 41.794440037421069 ], [ -91.564255102906188, 41.79440917560769 ], [ -91.564203936371356, 41.794374607277852 ], [ -91.564134719009203, 41.794343181086198 ], [ -91.564062439387868, 41.794330028438104 ], [ -91.563993990262787, 41.794345113579709 ], [ -91.563928746580373, 41.79437740595133 ], [ -91.563854113537587, 41.79438369488507 ], [ -91.563842571486404, 41.794382928038274 ], [ -91.563779414356162, 41.79437873647376 ], [ -91.563741338911385, 41.794378306538967 ], [ -91.563725034446165, 41.794378122246357 ], [ -91.563704971744357, 41.794377896047948 ], [ -91.563633448019303, 41.794363930813361 ], [ -91.563562789255755, 41.79434504217474 ], [ -91.56349605538108, 41.794371474747123 ], [ -91.56344854316508, 41.794373780071147 ], [ -91.563422596077601, 41.794375038955216 ], [ -91.563349694166703, 41.794371478166987 ], [ -91.563271520175206, 41.79437305002255 ], [ -91.563190951092736, 41.794352875704703 ], [ -91.563130768223644, 41.794341589209019 ], [ -91.563057455346311, 41.794339667611737 ], [ -91.562925169296363, 41.79432798886674 ], [ -91.562908146772259, 41.794326457860265 ], [ -91.562836984947879, 41.794340205706 ], [ -91.562763402546011, 41.794348430547529 ], [ -91.562694664393575, 41.794326277340517 ], [ -91.562662617820891, 41.794323795212463 ], [ -91.562619988680936, 41.794320494559791 ], [ -91.562549085692837, 41.794338360305346 ], [ -91.562477212091011, 41.794351274754952 ], [ -91.562417670128625, 41.794383301124022 ], [ -91.562401909454195, 41.794405151620488 ], [ -91.562382631601409, 41.794431878546149 ], [ -91.562349322736097, 41.794484322984822 ], [ -91.562303738942106, 41.79452945012612 ], [ -91.562244418422111, 41.794566964513976 ], [ -91.562172660683757, 41.794572379942963 ], [ -91.562118431017666, 41.794532159019425 ], [ -91.562060281465946, 41.794498094676619 ], [ -91.561986613312271, 41.794495893612236 ], [ -91.561922013937405, 41.794525099492063 ], [ -91.561898554085005, 41.794545962392625 ], [ -91.561873176926113, 41.794568530495262 ], [ -91.561818236615835, 41.794606932725074 ], [ -91.561673042512041, 41.794632460084372 ], [ -91.561603485171986, 41.794627509487896 ], [ -91.561526691562989, 41.794632460489233 ], [ -91.561452818059593, 41.794624220106293 ], [ -91.561388649940525, 41.794595828525921 ], [ -91.561317056801613, 41.7945846047133 ], [ -91.561183866869271, 41.794589241481511 ], [ -91.561118595450765, 41.794571753343618 ], [ -91.561062674260029, 41.794536626986456 ], [ -91.560998137157, 41.794508228128649 ], [ -91.560928306951183, 41.794485783681502 ], [ -91.560779826648883, 41.794496998318699 ], [ -91.56073317980831, 41.794508662095609 ], [ -91.560706350545274, 41.794515371158177 ], [ -91.560638572175108, 41.794540139356563 ], [ -91.560571844422228, 41.794566843243409 ], [ -91.560537985644686, 41.794576468948151 ], [ -91.560503106159814, 41.794586383799604 ], [ -91.560433251886494, 41.79460327245036 ], [ -91.56029962780211, 41.794666442823164 ], [ -91.560221846310696, 41.794726456582239 ], [ -91.56014020115424, 41.79478693172689 ], [ -91.560091697549282, 41.794832009288278 ], [ -91.560057272558652, 41.79489025659241 ], [ -91.560043584992187, 41.794882254471801 ] ] ] ] } },
{ "type": "Feature", "properties": { "OBJECTID": 86, "LAND_USE": "Residential", "TOTAL_AREA": 434, "Shape_Length": 22641.361609839299, "Shape_Area": 18909921.920678731, "acreage": 434.13 }, "geometry": { "type": "MultiPolygon", "coordinates": [ [ [ [ -91.449005438129092, 41.642035731160945 ], [ -91.449001016974037, 41.642471935758344 ], [ -91.444353735389882, 41.643206128045662 ], [ -91.444187599326568, 41.643207063090422 ], [ -91.444134922106429, 41.645663923686293 ], [ -91.439374185639167, 41.645676875852899 ], [ -91.434545022672367, 41.645658742214792 ], [ -91.434575848412379, 41.642091416318856 ], [ -91.434617668644421, 41.641915481672783 ], [ -91.434400341899234, 41.641923246057523 ], [ -91.429735909525277, 41.641916194506848 ], [ -91.429740273516657, 41.639291121232539 ], [ -91.429741760010515, 41.638397182891595 ], [ -91.42974399622301, 41.636432909322238 ], [ -91.42812765238692, 41.635916369618336 ], [ -91.424993948929384, 41.634936634684792 ], [ -91.424973567480677, 41.632991396549421 ], [ -91.424861350750319, 41.632802897331096 ], [ -91.424852088009587, 41.631143864739734 ], [ -91.429718450998763, 41.631147520890011 ], [ -91.434537094347505, 41.63115096818909 ], [ -91.434549530678566, 41.634767009744643 ], [ -91.439407698032369, 41.634766504905592 ], [ -91.444265835271452, 41.634765796874625 ], [ -91.444262739575066, 41.638396949222575 ], [ -91.444262182942339, 41.639049450372113 ], [ -91.444261672653411, 41.639649196627182 ], [ -91.444261503738346, 41.639845785097016 ], [ -91.446250969723422, 41.640472619943779 ], [ -91.448687766445445, 41.641235984795529 ], [ -91.449013073897916, 41.641369686854084 ], [ -91.449005438129092, 41.642035731160945 ] ] ] ] } },
{ "type": "Feature", "properties": { "OBJECTID": 88, "LAND_USE": "Residential", "TOTAL_AREA": 1743, "Shape_Length": 77582.441399857838, "Shape_Area": 74048474.384982541, "acreage": 1699.96 }, "geometry": { "type": "MultiPolygon", "coordinates": [ [ [ [ -91.550495732696987, 41.707881233417915 ], [ -91.55030566978634, 41.707880630754069 ], [ -91.550269350917347, 41.707985345514381 ], [ -91.550207956935779, 41.708134352058423 ], [ -91.550154994568345, 41.708285164461536 ], [ -91.550110557913968, 41.708437514940698 ], [ -91.550074725935019, 41.708591132979983 ], [ -91.550056740797075, 41.708717092200772 ], [ -91.55004782473759, 41.708843594042449 ], [ -91.550048003633066, 41.708970272116986 ], [ -91.550057277018297, 41.709096759523803 ], [ -91.550075618087263, 41.709222689912494 ], [ -91.550102973770052, 41.709347698543837 ], [ -91.55014796370979, 41.709476092655152 ], [ -91.550198800379889, 41.709603255776358 ], [ -91.550255424069306, 41.709729038460971 ], [ -91.550317768264733, 41.709853292883956 ], [ -91.550407249742946, 41.710023437784464 ], [ -91.550490593622214, 41.710195324071194 ], [ -91.550567739586782, 41.710368827450679 ], [ -91.550630177015819, 41.710522224314353 ], [ -91.550687599438078, 41.710690536694962 ], [ -91.550738140453632, 41.710860083758746 ], [ -91.550781752929566, 41.711030707572093 ], [ -91.550818396185903, 41.711202249197115 ], [ -91.55084297781778, 41.711349523720543 ], [ -91.550861270044251, 41.711497311352375 ], [ -91.550870961155312, 41.711614116552539 ], [ -91.551055041908725, 41.71160966802065 ], [ -91.551543147866568, 41.711597869213705 ], [ -91.55298489964936, 41.711563005951326 ], [ -91.553597994774321, 41.7115481762239 ], [ -91.555650209301461, 41.711498510884624 ], [ -91.555650771385075, 41.711511374388309 ], [ -91.555802249522671, 41.711508834373944 ], [ -91.556163013592013, 41.711495317986859 ], [ -91.557270140948091, 41.711487129750239 ], [ -91.55740898951295, 41.711483014555171 ], [ -91.558260930626858, 41.711479952151812 ], [ -91.558564986366576, 41.711486924358255 ], [ -91.558859958508577, 41.711474278562612 ], [ -91.559025505372745, 41.71147453180815 ], [ -91.559992530178576, 41.711458118062573 ], [ -91.560075886050626, 41.711464295228076 ], [ -91.560550355757201, 41.711479128492385 ], [ -91.561200417522912, 41.711507638004157 ], [ -91.56273995143431, 41.711575144583307 ], [ -91.5635716631013, 41.71161160598853 ], [ -91.563761765092536, 41.711619979266558 ], [ -91.563222239239877, 41.712900469372684 ], [ -91.563143854076174, 41.713248716401345 ], [ -91.563113517465439, 41.713506225170491 ], [ -91.563900882064246, 41.713500948197769 ], [ -91.565585377555195, 41.713489459981218 ], [ -91.565579051518526, 41.712429591240927 ], [ -91.565574865496728, 41.711728316841999 ], [ -91.565580348085007, 41.711671040034076 ], [ -91.566984635156658, 41.711684930568076 ], [ -91.568508750001683, 41.711699987738008 ], [ -91.570568701995299, 41.711720803239409 ], [ -91.571410592082742, 41.711731076022886 ], [ -91.573188597425613, 41.711752751461987 ], [ -91.57523744530377, 41.711777695468527 ], [ -91.575249388384847, 41.712189546408283 ], [ -91.575277880959874, 41.713172024270285 ], [ -91.575294391375607, 41.713741333838009 ], [ -91.575343374121374, 41.715430248679503 ], [ -91.575364176969217, 41.717257259626095 ], [ -91.577794329149356, 41.717299182495331 ], [ -91.577817386154862, 41.719149146915186 ], [ -91.577866560880196, 41.722859671422228 ], [ -91.578214527666717, 41.722870306405383 ], [ -91.578156522515016, 41.723936643809225 ], [ -91.575058893925231, 41.723842030222748 ], [ -91.573889677145871, 41.723446943577834 ], [ -91.573910198591463, 41.724109348888412 ], [ -91.573625678581365, 41.724100650940919 ], [ -91.572554199260964, 41.723429009552675 ], [ -91.572314514490643, 41.722713886436836 ], [ -91.572293555761874, 41.72264864257172 ], [ -91.570638866857422, 41.722638284924415 ], [ -91.570640235444259, 41.722690266683152 ], [ -91.57072091152834, 41.725549654340597 ], [ -91.570506241167749, 41.725555196868562 ], [ -91.570238724350276, 41.725314420951939 ], [ -91.569796111346548, 41.724889205931497 ], [ -91.569543598362998, 41.724619801523183 ], [ -91.568806690584765, 41.723791916054978 ], [ -91.568196476545012, 41.723099598112995 ], [ -91.568051294524636, 41.723172427405466 ], [ -91.566716718460412, 41.723233175369657 ], [ -91.565981143100288, 41.722367386518691 ], [ -91.567315715362341, 41.722306646312035 ], [ -91.567454232515061, 41.722300344625104 ], [ -91.566649694106943, 41.72135587779691 ], [ -91.56636653845743, 41.721003061260838 ], [ -91.565704690024432, 41.720101652968694 ], [ -91.565206155936679, 41.719682163699758 ], [ -91.564731149635008, 41.719375465272194 ], [ -91.564282589335292, 41.719073643883299 ], [ -91.563924736731593, 41.718750783000651 ], [ -91.563706264107466, 41.71848438459218 ], [ -91.56316890042595, 41.718684519840842 ], [ -91.561975678977234, 41.719073833999154 ], [ -91.561582278828254, 41.719252016427795 ], [ -91.561486979847331, 41.719314420401673 ], [ -91.561397906091827, 41.719381789037875 ], [ -91.561315517218731, 41.719453774701442 ], [ -91.561240238393992, 41.719530005931617 ], [ -91.561172458098369, 41.719610089358277 ], [ -91.561112526122471, 41.719693611731699 ], [ -91.561060751761389, 41.719780142054709 ], [ -91.561017402218084, 41.719869233806754 ], [ -91.560982701224091, 41.719960427247642 ], [ -91.560956827884183, 41.720053251790006 ], [ -91.560939915751533, 41.720147228427486 ], [ -91.560879056299953, 41.72012104407488 ], [ -91.560928448815446, 41.721650022689872 ], [ -91.56098147621762, 41.723105088198487 ], [ -91.561027512747472, 41.724558309755324 ], [ -91.561065393411624, 41.725567839630003 ], [ -91.561110302057813, 41.727057020200562 ], [ -91.561148813749099, 41.728317829105734 ], [ -91.561174022476123, 41.729155220555235 ], [ -91.561214953649426, 41.729473374219772 ], [ -91.561245896783092, 41.72957777347262 ], [ -91.561284843093489, 41.729680658535187 ], [ -91.561331662413039, 41.729781685442823 ], [ -91.561386198251128, 41.729880516441504 ], [ -91.561448268316767, 41.729976821117091 ], [ -91.561517665127653, 41.730070277500069 ], [ -91.561594156703521, 41.730160573142172 ], [ -91.561677487341314, 41.73024740616097 ], [ -91.561767378469838, 41.730330486249407 ], [ -91.561863529580918, 41.730409535646409 ], [ -91.561965619233817, 41.730484290065775 ], [ -91.562073306129932, 41.730554499579824 ], [ -91.562186230253715, 41.730619929455187 ], [ -91.56390876459642, 41.731713964117937 ], [ -91.565432608167967, 41.732661758395693 ], [ -91.566160444685849, 41.733117854556397 ], [ -91.56609975558959, 41.733213474899458 ], [ -91.566512988620204, 41.733502696672858 ], [ -91.566105137295125, 41.733469100137015 ], [ -91.566108714957196, 41.733647351814042 ], [ -91.566112366291549, 41.733835272417473 ], [ -91.56617754114238, 41.737209487265588 ], [ -91.566198690003745, 41.738143922810671 ], [ -91.56545125437377, 41.738135458288788 ], [ -91.565515252219242, 41.740188284885761 ], [ -91.563461855820094, 41.740797734383328 ], [ -91.563317950315721, 41.740815443330341 ], [ -91.561455897654596, 41.740827795307474 ], [ -91.560489545310546, 41.739695161672941 ], [ -91.560633278613821, 41.742597710314961 ], [ -91.55758205186342, 41.74253014236826 ], [ -91.556680052956423, 41.742597347341281 ], [ -91.556653543818243, 41.74082095517057 ], [ -91.555866032164786, 41.740804718919257 ], [ -91.553289113343482, 41.740781275646007 ], [ -91.551590134344579, 41.73921129952744 ], [ -91.554279532527488, 41.738971379956972 ], [ -91.554367971377658, 41.738963490446579 ], [ -91.55545892766439, 41.738458628741114 ], [ -91.556283221627481, 41.736778098483313 ], [ -91.554676186656209, 41.737194768829013 ], [ -91.553357720861754, 41.737536600052238 ], [ -91.551417787821549, 41.737650748050903 ], [ -91.551503138074395, 41.737209407097666 ], [ -91.553317644413681, 41.736794536093811 ], [ -91.552825103815792, 41.736283539752257 ], [ -91.551735780968542, 41.736035766116302 ], [ -91.551842344124111, 41.735713442176269 ], [ -91.551896945897269, 41.735548285721059 ], [ -91.551977438372845, 41.735304810486895 ], [ -91.552032303816262, 41.735138855061969 ], [ -91.552142209788727, 41.734806408510082 ], [ -91.552430518478829, 41.734929626339721 ], [ -91.552640543333581, 41.735019386934162 ], [ -91.552907851803681, 41.735133627355985 ], [ -91.553287601502802, 41.735295921615396 ], [ -91.553480655696205, 41.735378427407277 ], [ -91.55369068584794, 41.735468186129125 ], [ -91.553900716578383, 41.735557944468376 ], [ -91.55430983267064, 41.735334952017844 ], [ -91.556293641147775, 41.734252396480812 ], [ -91.556327261080185, 41.733450114048253 ], [ -91.55635996818593, 41.731716114357532 ], [ -91.556393461961989, 41.729940212860718 ], [ -91.556396023988071, 41.729804367838909 ], [ -91.556377574656324, 41.729045531088254 ], [ -91.556351184808861, 41.727959902809552 ], [ -91.556293278935016, 41.726113560733708 ], [ -91.553914146043027, 41.726059778008285 ], [ -91.552999769179351, 41.726039095088076 ], [ -91.55150233675964, 41.726005208902798 ], [ -91.550990312267601, 41.725994523607056 ], [ -91.549852677725568, 41.725970773531564 ], [ -91.546711752342475, 41.725905146850181 ], [ -91.546698312254478, 41.725575984574 ], [ -91.546668654191762, 41.724849580212528 ], [ -91.546638431407118, 41.724109315141433 ], [ -91.546614914469345, 41.723560194144987 ], [ -91.546572218126059, 41.72251005308275 ], [ -91.546568656475017, 41.722205847972099 ], [ -91.545941946405861, 41.722369997801124 ], [ -91.545830008764952, 41.722369146468289 ], [ -91.545712738582083, 41.722368256587579 ], [ -91.545288785863548, 41.722658314892875 ], [ -91.545219681312119, 41.722726167712125 ], [ -91.545128741705639, 41.722726066460005 ], [ -91.545004335395888, 41.722826768870512 ], [ -91.544982651858305, 41.722978043586934 ], [ -91.544599154505974, 41.723492261322228 ], [ -91.544360271493375, 41.723757696380616 ], [ -91.544291562630278, 41.723834041551918 ], [ -91.543644395453015, 41.724102655696299 ], [ -91.543341793174847, 41.724188562720762 ], [ -91.542901289689425, 41.724313618030486 ], [ -91.542490696278108, 41.724430180985657 ], [ -91.541933410734416, 41.724503979685913 ], [ -91.541597968745805, 41.72459373488347 ], [ -91.541039230392727, 41.724743235188612 ], [ -91.540298806487243, 41.724610109254272 ], [ -91.540144801582727, 41.724582419019086 ], [ -91.539398478195906, 41.724167993608809 ], [ -91.538698457220974, 41.724129250300933 ], [ -91.538396093988609, 41.724112514889853 ], [ -91.537771966315745, 41.724125320091922 ], [ -91.537051665053852, 41.724140092714705 ], [ -91.536968452608562, 41.722315512676694 ], [ -91.537682352322804, 41.722319841342888 ], [ -91.538260373801521, 41.722323343719708 ], [ -91.537869875089385, 41.720482122001627 ], [ -91.537725576324306, 41.720481386728849 ], [ -91.5361610215827, 41.720473431904075 ], [ -91.535539904925571, 41.720470267499898 ], [ -91.534440432107885, 41.720464659318658 ], [ -91.53441855122955, 41.719847816942554 ], [ -91.534376439695563, 41.718662113462578 ], [ -91.533859865982421, 41.718658760247855 ], [ -91.533005013380176, 41.718653207734782 ], [ -91.531959937201734, 41.718646411534472 ], [ -91.531951835343079, 41.71841822019563 ], [ -91.531920977713412, 41.717549076756548 ], [ -91.532374356735119, 41.717065684033138 ], [ -91.532743466212239, 41.716672131820033 ], [ -91.532882918466285, 41.716523443516621 ], [ -91.533425405543085, 41.716506377308491 ], [ -91.53395270519502, 41.716489786210147 ], [ -91.534261699679675, 41.716752838042801 ], [ -91.534019783040804, 41.717402473605603 ], [ -91.53420069665728, 41.71742723375219 ], [ -91.534464789132784, 41.716718040830919 ], [ -91.534085606662202, 41.716404177333182 ], [ -91.534893107507244, 41.715832717151443 ], [ -91.534705371052112, 41.715385070697742 ], [ -91.535190088459913, 41.714973562511673 ], [ -91.535675032614449, 41.714561903086128 ], [ -91.535820422739135, 41.714438432025695 ], [ -91.536062690502789, 41.714232613577863 ], [ -91.53642619379319, 41.713923946589254 ], [ -91.536789682503198, 41.713615289049578 ], [ -91.537968642785913, 41.712629049474188 ], [ -91.537628390580096, 41.712002104273942 ], [ -91.539296113512719, 41.711406763854114 ], [ -91.53997134106838, 41.711165711284806 ], [ -91.540581246009836, 41.710838471412558 ], [ -91.541296770992545, 41.710454516613652 ], [ -91.541294356088684, 41.71039442713267 ], [ -91.541433780730884, 41.710305815792402 ], [ -91.541895938632194, 41.710012461518261 ], [ -91.542512121504814, 41.709621331530442 ], [ -91.54312486819623, 41.709201937494207 ], [ -91.543225400556722, 41.709122093877603 ], [ -91.544040225307, 41.708642001492237 ], [ -91.544457116203219, 41.70781691997027 ], [ -91.544675108336065, 41.707385479355828 ], [ -91.544719063412927, 41.707298484282816 ], [ -91.544707581015984, 41.707223785801816 ], [ -91.544736990985413, 41.707080209166811 ], [ -91.544745608147963, 41.706979579054632 ], [ -91.544670036662197, 41.706778588857276 ], [ -91.544584695700706, 41.706424326190742 ], [ -91.544463825204232, 41.706325493982874 ], [ -91.544421718654235, 41.706146915793411 ], [ -91.544313288012049, 41.705673970082579 ], [ -91.544337734472393, 41.705511900827844 ], [ -91.544289242440499, 41.705154429371269 ], [ -91.544272868815113, 41.704981842238325 ], [ -91.544243808280768, 41.704819503469253 ], [ -91.544195349820839, 41.704545085070293 ], [ -91.544136731993135, 41.704270669214537 ], [ -91.544104260048869, 41.704231316318435 ], [ -91.543872652811601, 41.703368822727668 ], [ -91.543872057859943, 41.703303080231635 ], [ -91.543814741489129, 41.703125641126327 ], [ -91.543697023072966, 41.702812419030437 ], [ -91.543543270580201, 41.702289828175644 ], [ -91.542840487251382, 41.701611694451088 ], [ -91.542120708775073, 41.700647836889999 ], [ -91.542423832028192, 41.700629704573792 ], [ -91.542142502570911, 41.700267559503274 ], [ -91.542026047630159, 41.700090085067714 ], [ -91.541847435961557, 41.699817545020267 ], [ -91.541757549589974, 41.699639661220374 ], [ -91.541816949898816, 41.69939978791038 ], [ -91.541768177965537, 41.699285904260059 ], [ -91.541613564790268, 41.699189964628019 ], [ -91.541431051125045, 41.698955960125986 ], [ -91.541362675122244, 41.698610820288472 ], [ -91.541377887718312, 41.698317874905214 ], [ -91.541410004826474, 41.698193690010626 ], [ -91.541417186073247, 41.698137538447398 ], [ -91.541634336987869, 41.697523403387144 ], [ -91.541873735339777, 41.696900034840915 ], [ -91.54195574581648, 41.696821812417973 ], [ -91.542071620855538, 41.696683085683283 ], [ -91.542251018190768, 41.696532906003057 ], [ -91.542611110088743, 41.696280777473618 ], [ -91.542983272629826, 41.695992479994985 ], [ -91.543204955017544, 41.695806125450083 ], [ -91.543310947092905, 41.695721960013024 ], [ -91.543432131153025, 41.695650231195344 ], [ -91.543555288390451, 41.695604270029641 ], [ -91.543863540063853, 41.69555370841092 ], [ -91.544221666958151, 41.695519256225253 ], [ -91.544318334676703, 41.695501670420875 ], [ -91.544828088598138, 41.69550991763488 ], [ -91.545160912431712, 41.695555842979473 ], [ -91.545498709509687, 41.695649716837501 ], [ -91.545958080131342, 41.695780979078997 ], [ -91.546102542374555, 41.695848948884418 ], [ -91.546230352343784, 41.69595318154159 ], [ -91.546334183721129, 41.696093724862401 ], [ -91.546421901952712, 41.696191448221647 ], [ -91.546486164450656, 41.696216377852487 ], [ -91.546591074687385, 41.696229295154033 ], [ -91.546647831683458, 41.696229736367975 ], [ -91.546712633377709, 41.696206122111427 ], [ -91.546801784310887, 41.696164388855884 ], [ -91.546891490627047, 41.696134674305235 ], [ -91.547086477455878, 41.696074991975941 ], [ -91.547095814213321, 41.696130049335608 ], [ -91.547106792418234, 41.69619148260692 ], [ -91.547016826631832, 41.696352096116385 ], [ -91.546857112666643, 41.696548593222545 ], [ -91.546792455625678, 41.696628482718985 ], [ -91.546686114401098, 41.696877174913915 ], [ -91.54662003514143, 41.697126716789832 ], [ -91.546717001963771, 41.697374199511479 ], [ -91.54685335908863, 41.697651682876284 ], [ -91.546766559679341, 41.697920434212953 ], [ -91.546850864510205, 41.698162728718799 ], [ -91.547079334592397, 41.69842203187207 ], [ -91.547456133784038, 41.698742848122187 ], [ -91.547545415416536, 41.698849690055972 ], [ -91.547577248140158, 41.698887455275596 ], [ -91.547663175194245, 41.699075733542387 ], [ -91.54769275635681, 41.699616655522085 ], [ -91.547773539535129, 41.699976753175896 ], [ -91.547900629248687, 41.70010892235409 ], [ -91.54798305562592, 41.700196619015266 ], [ -91.548413101646304, 41.700513352516111 ], [ -91.548550509374209, 41.700633870563557 ], [ -91.548777099883196, 41.700834120678103 ], [ -91.548917547968713, 41.700984788973805 ], [ -91.54901551167346, 41.701190176089028 ], [ -91.549047275741714, 41.701352666305496 ], [ -91.549028632558361, 41.701669572951616 ], [ -91.549150450604088, 41.70172978111593 ], [ -91.549302790247751, 41.701688077874991 ], [ -91.549502360752996, 41.701598102241149 ], [ -91.549653960930982, 41.701581092057403 ], [ -91.549861201812192, 41.701663150617676 ], [ -91.55006622707802, 41.701727501055693 ], [ -91.550192327906743, 41.701767020529225 ], [ -91.550722768714536, 41.7018464381214 ], [ -91.5507155110772, 41.702019752148367 ], [ -91.55071160396659, 41.702752450987809 ], [ -91.550709167625243, 41.703209596148305 ], [ -91.550707265306855, 41.703566355013102 ], [ -91.550705364195636, 41.703923112956147 ], [ -91.55070347162723, 41.70427821841691 ], [ -91.550103476431687, 41.704278320960427 ], [ -91.549842898558822, 41.704278365254076 ], [ -91.549514407699135, 41.704278418522613 ], [ -91.549095717008683, 41.704278486485741 ], [ -91.549108671157171, 41.706025683379465 ], [ -91.549697165439113, 41.706327471240073 ], [ -91.549795949393342, 41.706381706076414 ], [ -91.549889938848366, 41.706440531605459 ], [ -91.549978754505929, 41.706503710442533 ], [ -91.550062037943064, 41.706570987634983 ], [ -91.550139453058407, 41.706642091690789 ], [ -91.550932078653602, 41.706133318415851 ], [ -91.551235472198115, 41.706229839428516 ], [ -91.550990777109476, 41.706904876201875 ], [ -91.550526460189744, 41.706909955253586 ], [ -91.550557495976477, 41.706955440689875 ], [ -91.550582936675212, 41.707002836554089 ], [ -91.550602575332249, 41.707051757315782 ], [ -91.550616252188007, 41.707101805039663 ], [ -91.551092033541693, 41.707095352900062 ], [ -91.551456731553714, 41.707185842949414 ], [ -91.551829126227773, 41.70724290865855 ], [ -91.551850490529461, 41.707567083333473 ], [ -91.551682962335803, 41.707891512951832 ], [ -91.550679659952834, 41.707881927243442 ], [ -91.550495732696987, 41.707881233417915 ] ] ] ] } },
{ "type": "Feature", "properties": { "OBJECTID": 97, "LAND_USE": "Residential", "TOTAL_AREA": 82, "Shape_Length": 9453.7225680753327, "Shape_Area": 3579488.1083522704, "acreage": 82.17 }, "geometry": { "type": "MultiPolygon", "coordinates": [ [ [ [ -91.660712641598877, 41.84795891918759 ], [ -91.660775218993891, 41.851467136047916 ], [ -91.665957988659301, 41.851508508928831 ], [ -91.665961244938387, 41.855217628610603 ], [ -91.665794540041787, 41.85521622044142 ], [ -91.662444728179437, 41.855187883826012 ], [ -91.662439815227643, 41.854837063428945 ], [ -91.66083499685935, 41.85481816434001 ], [ -91.65826688256395, 41.854779986026834 ], [ -91.658217616788747, 41.851446652944077 ], [ -91.658165727705537, 41.847935375176789 ], [ -91.65963192472428, 41.847949409162972 ], [ -91.660712641598877, 41.84795891918759 ] ] ] ] } },
{ "type": "Feature", "properties": { "OBJECTID": 99, "LAND_USE": "Conservation Development", "TOTAL_AREA": 158, "Shape_Length": 10576.589727413657, "Shape_Area": 6904145.5365049606, "acreage": 158.49 }, "geometry": { "type": "MultiPolygon", "coordinates": [ [ [ [ -91.631485409451514, 41.847399301855795 ], [ -91.631562817526188, 41.843894103452286 ], [ -91.631580191391322, 41.840255604167929 ], [ -91.631809890831661, 41.840251790019089 ], [ -91.634029881716444, 41.840251989845115 ], [ -91.636457137526833, 41.840252160025415 ], [ -91.640857455615588, 41.840305612374628 ], [ -91.641364221854658, 41.840311757138387 ], [ -91.641310636073754, 41.840568510198018 ], [ -91.641261567745218, 41.843991162312278 ], [ -91.64122040104138, 41.847480338450914 ], [ -91.639532411225559, 41.847458049182968 ], [ -91.638563652383297, 41.847445245024915 ], [ -91.63832146273873, 41.847442042499829 ], [ -91.638322098125983, 41.847387161109992 ], [ -91.636993883344289, 41.847369629225888 ], [ -91.636995419803512, 41.847424501287328 ], [ -91.633880900743705, 41.847407484290621 ], [ -91.631485409451514, 41.847399301855795 ] ] ] ] } },
{ "type": "Feature", "properties": { "OBJECTID": 101, "LAND_USE": "Conservation Development", "TOTAL_AREA": 331, "Shape_Length": 22508.313174012888, "Shape_Area": 14422724.404293174, "acreage": 331.1 }, "geometry": { "type": "MultiPolygon", "coordinates": [ [ [ [ -91.54053266368841, 41.788548577389804 ], [ -91.540507981120612, 41.790607311485189 ], [ -91.537889303787395, 41.79021246247413 ], [ -91.536761819219649, 41.78987364821613 ], [ -91.536219756150345, 41.789710750531817 ], [ -91.535653028769232, 41.789922910843465 ], [ -91.53503402735106, 41.789943641416663 ], [ -91.534975836973175, 41.79062831674365 ], [ -91.534115770766789, 41.790588313974986 ], [ -91.533232165520147, 41.79022467077359 ], [ -91.533826309730287, 41.790800120603976 ], [ -91.533954032963337, 41.791548708407355 ], [ -91.533119100134329, 41.792000619545249 ], [ -91.530754180710417, 41.791973077110484 ], [ -91.53072333009537, 41.794405750138509 ], [ -91.530543001082933, 41.794903195691639 ], [ -91.528920421566625, 41.795033425516031 ], [ -91.527630265083886, 41.794137336936608 ], [ -91.525857001591703, 41.793542225377941 ], [ -91.525810641834667, 41.795517767970289 ], [ -91.52645045832152, 41.795528570835408 ], [ -91.52643914364215, 41.795779135678487 ], [ -91.525803400987257, 41.795952088260265 ], [ -91.52199888704726, 41.796986999288826 ], [ -91.520877057651163, 41.796738742092586 ], [ -91.520847297711967, 41.798371489530702 ], [ -91.520836825093781, 41.798945994771906 ], [ -91.520834869954115, 41.799053257034622 ], [ -91.520437044411182, 41.799303335737918 ], [ -91.520199765125042, 41.799445976930073 ], [ -91.519953996897755, 41.799566170443775 ], [ -91.519687749680273, 41.799666113748323 ], [ -91.519349845660912, 41.799739958925144 ], [ -91.519036747045362, 41.799752121790533 ], [ -91.518691562527863, 41.799733713677583 ], [ -91.51831719387593, 41.799710004204286 ], [ -91.518122047793639, 41.799763805226391 ], [ -91.517784422180497, 41.799738146748865 ], [ -91.517600621315722, 41.799660384415034 ], [ -91.51744595361842, 41.799322479554327 ], [ -91.517375891923237, 41.799095441415282 ], [ -91.517346763809471, 41.799016230331894 ], [ -91.517308941043723, 41.79893910410081 ], [ -91.517262685215599, 41.798864596080278 ], [ -91.517208316229429, 41.79879322152081 ], [ -91.517146210091454, 41.798725474002254 ], [ -91.51640116084954, 41.797981085260943 ], [ -91.516353678290116, 41.797927853145488 ], [ -91.516314180449228, 41.797871085692385 ], [ -91.516283132068239, 41.797811450872096 ], [ -91.516260898462306, 41.797749650392994 ], [ -91.516247741222799, 41.797686411444232 ], [ -91.516243815140299, 41.797622478138905 ], [ -91.51625362359998, 41.796742955812427 ], [ -91.51625565533304, 41.796578310362506 ], [ -91.516297972258968, 41.795444452223521 ], [ -91.516302066586547, 41.795334725401574 ], [ -91.516306182441383, 41.795225002545152 ], [ -91.516207200375305, 41.795223130172346 ], [ -91.516292510477911, 41.791697939156798 ], [ -91.516294701756649, 41.791607369999731 ], [ -91.516179253911972, 41.791605042624909 ], [ -91.516231434435142, 41.789613054745473 ], [ -91.516271543966042, 41.788081771064419 ], [ -91.521135350159781, 41.788150531063849 ], [ -91.522042353089319, 41.788167011435633 ], [ -91.523566952171038, 41.788194698460764 ], [ -91.525811056092451, 41.7882354153477 ], [ -91.525808802154501, 41.788337417149172 ], [ -91.525905626588198, 41.788340971263835 ], [ -91.526052121748791, 41.788346347977729 ], [ -91.52826623013523, 41.788387769508205 ], [ -91.530813923794952, 41.788435377633306 ], [ -91.535171763856567, 41.788519186205498 ], [ -91.53567252646431, 41.78854614984477 ], [ -91.536780377826858, 41.788561591781118 ], [ -91.538388466147907, 41.788544147760113 ], [ -91.54053266368841, 41.788548577389804 ] ] ] ] } },
{ "type": "Feature", "properties": { "OBJECTID": 104, "LAND_USE": "Residential", "TOTAL_AREA": 267, "Shape_Length": 17891.432574474922, "Shape_Area": 11618375.822384553, "acreage": 266.72 }, "geometry": { "type": "MultiPolygon", "coordinates": [ [ [ [ -91.482968734870312, 41.780106547378594 ], [ -91.482561393703975, 41.780107960530906 ], [ -91.479266448263417, 41.780074049688544 ], [ -91.477595237286479, 41.780056793264954 ], [ -91.477602338401311, 41.77650103205491 ], [ -91.477607489459714, 41.773921203261793 ], [ -91.477608213074802, 41.773559395110595 ], [ -91.477532482196622, 41.773456440107928 ], [ -91.477393860767492, 41.773245554389703 ], [ -91.477178144333493, 41.772884422121386 ], [ -91.47266688162496, 41.772811797533251 ], [ -91.472900189595364, 41.765628438795915 ], [ -91.477696466518481, 41.765648097707157 ], [ -91.477699022571116, 41.765538344127471 ], [ -91.47778108072751, 41.762015163769078 ], [ -91.479576083284229, 41.762024385216009 ], [ -91.479834085947004, 41.762439221136255 ], [ -91.480362839099044, 41.763394514257698 ], [ -91.480777835112789, 41.764151623712642 ], [ -91.480864688037414, 41.76432390048933 ], [ -91.481736584279673, 41.765664458379163 ], [ -91.481992813880225, 41.766060791121866 ], [ -91.482031088781682, 41.766297263384942 ], [ -91.482324979878555, 41.766704872809484 ], [ -91.482389112102922, 41.76687278766498 ], [ -91.482445428680919, 41.767042266399223 ], [ -91.482493861818497, 41.767213105177426 ], [ -91.482534353201757, 41.767385098527541 ], [ -91.482566854067272, 41.767558039587257 ], [ -91.482591325261041, 41.767731720352842 ], [ -91.482607737285988, 41.767905931929207 ], [ -91.482616070337571, 41.768080464781271 ], [ -91.482616314328084, 41.768255108985805 ], [ -91.482611893360726, 41.768673238922332 ], [ -91.482603021524838, 41.769470470250596 ], [ -91.482604462403742, 41.769637613627602 ], [ -91.48253014594988, 41.769705806025307 ], [ -91.482452756301285, 41.770117033551216 ], [ -91.482562142234542, 41.770175427942505 ], [ -91.482559319925073, 41.770460657848105 ], [ -91.482593109486274, 41.770735265289389 ], [ -91.482556110386568, 41.77293638731048 ], [ -91.482497784963556, 41.773204731634664 ], [ -91.482614181587152, 41.774440712164981 ], [ -91.482603209266827, 41.776553744095366 ], [ -91.482588168244476, 41.778150008856109 ], [ -91.48257566816325, 41.778917782204665 ], [ -91.482574396497156, 41.779023765187276 ], [ -91.483006704343765, 41.779698918753773 ], [ -91.482968734870312, 41.780106547378594 ] ] ] ] } },
{ "type": "Feature", "properties": { "OBJECTID": 106, "LAND_USE": "Residential", "TOTAL_AREA": 219, "Shape_Length": 14844.461271263595, "Shape_Area": 9542520.9219973404, "acreage": 219.07 }, "geometry": { "type": "MultiPolygon", "coordinates": [ [ [ [ -91.754900850035625, 41.727496351191107 ], [ -91.754866229963241, 41.724814876940087 ], [ -91.754802429419996, 41.723892863486967 ], [ -91.754809465419996, 41.722443865534352 ], [ -91.757811147267134, 41.722443475363384 ], [ -91.757791627269697, 41.723892474259571 ], [ -91.75963029748614, 41.723883519930695 ], [ -91.759666459975307, 41.721675072793452 ], [ -91.759677479254194, 41.720210994034382 ], [ -91.759680358137857, 41.719388317869942 ], [ -91.761376223385227, 41.719356965231981 ], [ -91.761559386930855, 41.719353573920053 ], [ -91.76257414087577, 41.719334785274405 ], [ -91.764557185746654, 41.719298043820977 ], [ -91.764548609264452, 41.720214200965707 ], [ -91.764507470311656, 41.723838365208188 ], [ -91.764468531576256, 41.726674993156912 ], [ -91.764459135298281, 41.726868748286741 ], [ -91.764458089853292, 41.726965893428357 ], [ -91.764399209051845, 41.727497342361758 ], [ -91.764402765210178, 41.730821150156928 ], [ -91.763900917658574, 41.730898580313479 ], [ -91.763347226092407, 41.731148269106235 ], [ -91.759549756195113, 41.731153912939327 ], [ -91.754807364178987, 41.731161142917571 ], [ -91.754834547223368, 41.727918863664449 ], [ -91.754900850035625, 41.727496351191107 ] ] ] ] } },
{ "type": "Feature", "properties": { "OBJECTID": 109, "LAND_USE": "Conservation Development", "TOTAL_AREA": 226, "Shape_Length": 15768.696452266324, "Shape_Area": 9825069.5537771247, "acreage": 225.56 }, "geometry": { "type": "MultiPolygon", "coordinates": [ [ [ [ -91.468257256561373, 41.703786567674157 ], [ -91.473083298589458, 41.703846717910928 ], [ -91.473115125493081, 41.705908817614926 ], [ -91.473127069632923, 41.706682656300863 ], [ -91.473138848959678, 41.707445689108198 ], [ -91.473145369492244, 41.707868192779443 ], [ -91.473155958538456, 41.708554160178778 ], [ -91.473168369614925, 41.709358190194671 ], [ -91.473181247200642, 41.710192404794455 ], [ -91.47318561105277, 41.710475051105497 ], [ -91.473192968843577, 41.711077591355227 ], [ -91.469109340527581, 41.711039536548412 ], [ -91.469069474091967, 41.711269586487788 ], [ -91.469043087364255, 41.711440347483766 ], [ -91.469084477958916, 41.71166976948269 ], [ -91.468988975631092, 41.712001108051403 ], [ -91.468949964092999, 41.712136134397589 ], [ -91.468798274725557, 41.712360118735099 ], [ -91.46860801276631, 41.712646220864869 ], [ -91.46856581962416, 41.712765750466815 ], [ -91.468571867531708, 41.712983059517654 ], [ -91.468752015634635, 41.713315275544232 ], [ -91.468814353230428, 41.713430972404964 ], [ -91.468825324696951, 41.713490355040967 ], [ -91.46874784127678, 41.713566718787682 ], [ -91.468659526657277, 41.713608578872702 ], [ -91.468514890494575, 41.713635557653198 ], [ -91.468511869107715, 41.713710805475117 ], [ -91.468482309381884, 41.714122406117227 ], [ -91.468448088706467, 41.714267426378456 ], [ -91.468455243561422, 41.714666625160618 ], [ -91.465092908305323, 41.714632253853978 ], [ -91.463662325320698, 41.714617601357673 ], [ -91.460220960623957, 41.714594789070091 ], [ -91.458710185189901, 41.714584741705721 ], [ -91.458667115460912, 41.710974523758111 ], [ -91.460177855864814, 41.710979023889742 ], [ -91.463588955203477, 41.710989112851614 ], [ -91.463515592081876, 41.70736061903267 ], [ -91.463451499714338, 41.705277117727661 ], [ -91.465358631469499, 41.705299095771643 ], [ -91.466243104642231, 41.705307709455688 ], [ -91.4666095033689, 41.705311274909683 ], [ -91.468286158257357, 41.705327579443527 ], [ -91.468257256561373, 41.703786567674157 ] ] ] ] } },
{ "type": "Feature", "properties": { "OBJECTID": 112, "LAND_USE": "Residential", "TOTAL_AREA": 1411, "Shape_Length": 35007.168113157641, "Shape_Area": 61462216.114067115, "acreage": 1411.05 }, "geometry": { "type": "MultiPolygon", "coordinates": [ [ [ [ -91.599723272689062, 41.624826993560369 ], [ -91.598700907513731, 41.62486742322848 ], [ -91.598554653148071, 41.62488480066984 ], [ -91.5984099577813, 41.624908408897767 ], [ -91.598267292501092, 41.624938171050609 ], [ -91.598127121787428, 41.624973990231304 ], [ -91.597989902000762, 41.625015749822552 ], [ -91.597856079896658, 41.625063313866512 ], [ -91.597726091171381, 41.625116527507373 ], [ -91.594998328798141, 41.62609537782734 ], [ -91.594076504318807, 41.62624543326649 ], [ -91.593186018260596, 41.626367218199277 ], [ -91.592943834642938, 41.626405212797138 ], [ -91.59232010676682, 41.626475603548883 ], [ -91.58924400534714, 41.626747959274077 ], [ -91.58502724026431, 41.627118424642674 ], [ -91.58439433691187, 41.627131748188262 ], [ -91.584353836786065, 41.627132355020905 ], [ -91.583563918857323, 41.627247984214215 ], [ -91.58233737001018, 41.627430446562805 ], [ -91.582018510727366, 41.627314827817145 ], [ -91.581746720454788, 41.627362149297944 ], [ -91.581367211771692, 41.627601621842118 ], [ -91.579523540020134, 41.628001543814086 ], [ -91.577919729790992, 41.62837448666987 ], [ -91.577346542249586, 41.62842546095537 ], [ -91.576064212232623, 41.628742995931951 ], [ -91.576025756735902, 41.628652929211711 ], [ -91.575189355481541, 41.628445031151657 ], [ -91.574700482045856, 41.627943365085727 ], [ -91.57403489649289, 41.627933567905551 ], [ -91.572548958116585, 41.627911682250684 ], [ -91.571342017152318, 41.627893890482255 ], [ -91.569937744194519, 41.627873175207085 ], [ -91.569815938092717, 41.62787137751976 ], [ -91.56496462309056, 41.627805021671534 ], [ -91.563348356582992, 41.627782869513325 ], [ -91.56169138481637, 41.626021705420477 ], [ -91.560621358280386, 41.625043216981247 ], [ -91.559866518074571, 41.624328051746176 ], [ -91.555727604167643, 41.620527972094585 ], [ -91.55558314527741, 41.620402681532703 ], [ -91.553280478178436, 41.618402458605296 ], [ -91.552415565674465, 41.616904158564402 ], [ -91.552223649828079, 41.616586468091974 ], [ -91.551457605264574, 41.615263514613872 ], [ -91.551924858956156, 41.614286025787464 ], [ -91.552548623382123, 41.613899073977841 ], [ -91.553014052330482, 41.613305033405808 ], [ -91.554469145088405, 41.613318929214394 ], [ -91.555699220400228, 41.613330907699513 ], [ -91.55574086841844, 41.611506091663088 ], [ -91.560789502194993, 41.611558916821515 ], [ -91.561735009559257, 41.611561669955805 ], [ -91.562538305337839, 41.611564002968187 ], [ -91.563773116392127, 41.611567578152645 ], [ -91.565417998613896, 41.611572320028003 ], [ -91.566547902208413, 41.611575564246301 ], [ -91.56650309480537, 41.613314558284209 ], [ -91.566502462866438, 41.613451706596813 ], [ -91.567075676272637, 41.613452326650034 ], [ -91.570113361900454, 41.613455564982786 ], [ -91.57034162205386, 41.613513618872808 ], [ -91.574963323558265, 41.613634956268754 ], [ -91.575077313142174, 41.613617636082914 ], [ -91.5799346086676, 41.61363161939056 ], [ -91.584214152320456, 41.61363926463882 ], [ -91.58473093630343, 41.613645679386444 ], [ -91.586584592773903, 41.613652254386359 ], [ -91.588163944356054, 41.613657832183684 ], [ -91.589585427869153, 41.61366286201185 ], [ -91.590499595352554, 41.613671663813989 ], [ -91.592602181478156, 41.613691881316498 ], [ -91.593210321650247, 41.613697721952136 ], [ -91.594307323852007, 41.613708248221357 ], [ -91.594548667250351, 41.613710543345377 ], [ -91.598192581111988, 41.613745428622238 ], [ -91.599882196826172, 41.613762140421706 ], [ -91.599829790680786, 41.617282564009685 ], [ -91.599773289114239, 41.620903208879461 ], [ -91.599728501884584, 41.624495825139434 ], [ -91.599723272689062, 41.624826993560369 ] ] ] ] } },
{ "type": "Feature", "properties": { "OBJECTID": 113, "LAND_USE": "Residential", "TOTAL_AREA": 576, "Shape_Length": 25188.992825796078, "Shape_Area": 25104343.414143778, "acreage": 576.34 }, "geometry": { "type": "MultiPolygon", "coordinates": [ [ [ [ -91.576392013951676, 41.629193461935387 ], [ -91.576922669629695, 41.629063420390459 ], [ -91.577549964915747, 41.628909692925447 ], [ -91.578062536745236, 41.628714787255561 ], [ -91.57938807352177, 41.628407320659797 ], [ -91.579960120712244, 41.628272528655415 ], [ -91.581285885127187, 41.628014206647059 ], [ -91.58155762936596, 41.627961860064616 ], [ -91.581790711341299, 41.628017593250028 ], [ -91.581960973293974, 41.628058306390585 ], [ -91.582178602457788, 41.628020194871944 ], [ -91.58231116893927, 41.627996988362092 ], [ -91.582617487510689, 41.627778731702904 ], [ -91.583333853515754, 41.627673107898218 ], [ -91.584380364823545, 41.627572645364253 ], [ -91.58509880769121, 41.627494436051833 ], [ -91.585848143557598, 41.627374140174922 ], [ -91.587572634698944, 41.627229278358399 ], [ -91.589249769427809, 41.627081912737651 ], [ -91.590562140250029, 41.626965886196061 ], [ -91.591585643791191, 41.626875752976716 ], [ -91.591725832776874, 41.626863408188193 ], [ -91.592787793705796, 41.626754745297639 ], [ -91.593340182061155, 41.626685938890979 ], [ -91.593532480917659, 41.626659993502713 ], [ -91.594140697862599, 41.62657109226928 ], [ -91.594966788302145, 41.626439384224462 ], [ -91.59581137066337, 41.626279711412636 ], [ -91.599466514017536, 41.625462160096205 ], [ -91.599770451485696, 41.625369453145368 ], [ -91.601263696352461, 41.625042545964263 ], [ -91.601604886551712, 41.624953203051234 ], [ -91.601954917171454, 41.624898582841503 ], [ -91.602306580588305, 41.624850227588098 ], [ -91.602659677688465, 41.624808164669815 ], [ -91.603014008547561, 41.624772417902747 ], [ -91.603964035556473, 41.624713332234045 ], [ -91.604441170333217, 41.624702345198727 ], [ -91.608985397796161, 41.624703873782238 ], [ -91.609226802584502, 41.624703949306401 ], [ -91.609917314979427, 41.624707342778827 ], [ -91.610548937244275, 41.624693978350884 ], [ -91.61083136676487, 41.624691835559638 ], [ -91.611649518907015, 41.624713055007895 ], [ -91.614023422330945, 41.624583924030794 ], [ -91.614780435436458, 41.624384064297047 ], [ -91.615780848066692, 41.624050893713083 ], [ -91.615792199792196, 41.624614040768591 ], [ -91.615834319898866, 41.626703753618877 ], [ -91.614634702520888, 41.627751730260805 ], [ -91.614635687132491, 41.628152321497268 ], [ -91.614591514596654, 41.62816275062179 ], [ -91.610126934621192, 41.628148601309825 ], [ -91.609767683902902, 41.62829921002092 ], [ -91.608966652005492, 41.629175535076556 ], [ -91.604350596422535, 41.632281630523728 ], [ -91.599166959925512, 41.634719115905106 ], [ -91.59905541869577, 41.63468632070154 ], [ -91.598663053527901, 41.634570176818066 ], [ -91.597902932869104, 41.634506930649529 ], [ -91.596779082951159, 41.634457908961956 ], [ -91.596064390314226, 41.634467317550175 ], [ -91.595631034815412, 41.634476321982234 ], [ -91.595021035708058, 41.634516873776136 ], [ -91.593719372092096, 41.634484496475281 ], [ -91.593038749264892, 41.634557089776713 ], [ -91.592593239609485, 41.634575885014321 ], [ -91.592356638825535, 41.634603973980795 ], [ -91.59193822077286, 41.634707737557569 ], [ -91.591276942726367, 41.634798418656025 ], [ -91.590748851298088, 41.63483913306203 ], [ -91.589991577259624, 41.634819078303813 ], [ -91.589133332347913, 41.634732612714259 ], [ -91.588740082966396, 41.634712700158786 ], [ -91.588214815783431, 41.634691647577277 ], [ -91.587811056630855, 41.634700124744789 ], [ -91.587401182384383, 41.634757162767599 ], [ -91.586667415566055, 41.634769096050746 ], [ -91.584901894291875, 41.635206599536723 ], [ -91.584117911186226, 41.635195526960857 ], [ -91.583919112614609, 41.635159576449915 ], [ -91.583726101749846, 41.635124034675059 ], [ -91.583534067183933, 41.635069525801448 ], [ -91.583244803309483, 41.634986193706077 ], [ -91.582928089896683, 41.63478671543777 ], [ -91.582790877743207, 41.634699559904746 ], [ -91.58260798040051, 41.634592080273279 ], [ -91.581556221197445, 41.633991871850625 ], [ -91.580894144549887, 41.633501531556192 ], [ -91.580643068150081, 41.633335905404614 ], [ -91.580262425712277, 41.633084804659006 ], [ -91.57919094901267, 41.632567456793318 ], [ -91.578712650310322, 41.632408553067521 ], [ -91.578283047216104, 41.632335550072064 ], [ -91.578047105118699, 41.632251618781645 ], [ -91.577834643224875, 41.632161394750547 ], [ -91.577544883776994, 41.631938084832584 ], [ -91.577328631883219, 41.631323270804941 ], [ -91.577267094644611, 41.630679908400474 ], [ -91.577119600425348, 41.630018983806828 ], [ -91.576620191619853, 41.629414687073073 ], [ -91.576406873027139, 41.629212406008101 ], [ -91.576392013951676, 41.629193461935387 ] ] ] ] } },
{ "type": "Feature", "properties": { "OBJECTID": 135, "LAND_USE": "Residential", "TOTAL_AREA": 716, "Shape_Length": 36831.479414235524, "Shape_Area": 31210026.476507422, "acreage": 716.49 }, "geometry": { "type": "MultiPolygon", "coordinates": [ [ [ [ -91.550244319004733, 41.78680792534319 ], [ -91.550274282351126, 41.784066218559978 ], [ -91.549524781550105, 41.784437632561598 ], [ -91.549446394770669, 41.784476476618906 ], [ -91.549332276249828, 41.784584589187965 ], [ -91.549212807751616, 41.784689414315643 ], [ -91.549088158165887, 41.78479080379109 ], [ -91.54895850371058, 41.784888614260431 ], [ -91.548824027682414, 41.784982707429442 ], [ -91.548684920197857, 41.785072950259313 ], [ -91.548552950920552, 41.785162012944639 ], [ -91.548426321055359, 41.785255317001464 ], [ -91.54830527374304, 41.785352683294448 ], [ -91.548190041409541, 41.785453924888323 ], [ -91.548080845319589, 41.785558847406733 ], [ -91.547977895151874, 41.785667249405179 ], [ -91.547881388596295, 41.785778922757871 ], [ -91.547791510974278, 41.785893653057165 ], [ -91.547708434882793, 41.786011220024996 ], [ -91.547713077264007, 41.786147774378932 ], [ -91.547685127642779, 41.788581825964741 ], [ -91.547035457695614, 41.788570995784859 ], [ -91.546983256210851, 41.788570125671583 ], [ -91.54696558095452, 41.788661870047804 ], [ -91.546680514764745, 41.788638689110464 ], [ -91.545422633859246, 41.788621046944371 ], [ -91.543576172825382, 41.788593706694613 ], [ -91.543557782636867, 41.788417320069328 ], [ -91.544678075950046, 41.787629180111381 ], [ -91.543367994533384, 41.786997591200539 ], [ -91.542242884890186, 41.786455157251154 ], [ -91.544039867977204, 41.784367306358014 ], [ -91.542939923287548, 41.784361968239949 ], [ -91.540579209280637, 41.785488045537377 ], [ -91.540622541086279, 41.783398054604994 ], [ -91.54066437175625, 41.78120526383497 ], [ -91.535839673065908, 41.781122639597413 ], [ -91.53584393138577, 41.77929782387266 ], [ -91.535869192498225, 41.777473278288639 ], [ -91.53587650565494, 41.776079635776476 ], [ -91.535886865982803, 41.773881009260577 ], [ -91.536724199135449, 41.77388679679305 ], [ -91.536731279587116, 41.773377023694991 ], [ -91.53678113986814, 41.769786525246566 ], [ -91.539313004673957, 41.76979569055873 ], [ -91.539776304630394, 41.769797362614341 ], [ -91.542178630274847, 41.769810714197618 ], [ -91.543816460424637, 41.7698315208617 ], [ -91.544725942619209, 41.769843205299466 ], [ -91.546004309393098, 41.769860411497362 ], [ -91.546575340277073, 41.769868092995587 ], [ -91.547703804694706, 41.769883867470419 ], [ -91.550744436607687, 41.769929239365787 ], [ -91.551374962454318, 41.769938638485584 ], [ -91.551855634764678, 41.769946891967471 ], [ -91.553028366936459, 41.76996702144752 ], [ -91.554366098576224, 41.769986403881667 ], [ -91.556323661582667, 41.770036456247382 ], [ -91.556300970094895, 41.771270522227979 ], [ -91.556285833405255, 41.77209372054967 ], [ -91.556268173641655, 41.773054118593791 ], [ -91.556247944102765, 41.774154280262032 ], [ -91.555824904415033, 41.774151573126971 ], [ -91.555819864732939, 41.77453154395716 ], [ -91.555802665598392, 41.776292791555363 ], [ -91.554510917947866, 41.776277584928607 ], [ -91.554482117051776, 41.777714247744314 ], [ -91.554470291112168, 41.778000693176772 ], [ -91.554163703776922, 41.778126270970382 ], [ -91.555284593038152, 41.778138900328052 ], [ -91.556828221283538, 41.778156276215398 ], [ -91.556909119016808, 41.779763540368521 ], [ -91.556659370253911, 41.779760387377905 ], [ -91.552902464325498, 41.779712887902789 ], [ -91.55033608331847, 41.779673569721375 ], [ -91.550315062419145, 41.781339605863309 ], [ -91.557562643238398, 41.781455288600199 ], [ -91.557555685384941, 41.78246979448349 ], [ -91.555872065312158, 41.78244571103383 ], [ -91.555861435275247, 41.78400886545964 ], [ -91.557325960607116, 41.784033406573492 ], [ -91.559934125906437, 41.786271475126831 ], [ -91.559926768919567, 41.78720233233625 ], [ -91.55992450369699, 41.787484821941923 ], [ -91.557117460817182, 41.787443662364666 ], [ -91.558817098288785, 41.788758323868898 ], [ -91.555949302177908, 41.78871581052703 ], [ -91.555069369288134, 41.788702751603473 ], [ -91.555077898391687, 41.787797175378323 ], [ -91.555086522996717, 41.786881226861539 ], [ -91.550244319004733, 41.78680792534319 ] ] ] ] } },
{ "type": "Feature", "properties": { "OBJECTID": 137, "LAND_USE": "Residential", "TOTAL_AREA": 128, "Shape_Length": 11552.39847309057, "Shape_Area": 5558351.5679610185, "acreage": 127.61 }, "geometry": { "type": "MultiPolygon", "coordinates": [ [ [ [ -91.512502551016141, 41.736802925892185 ], [ -91.512136616243495, 41.73679851220043 ], [ -91.511216838437164, 41.736786072981012 ], [ -91.510222441377991, 41.736772615221049 ], [ -91.508460770325229, 41.736748752274401 ], [ -91.507845742363017, 41.736740415233271 ], [ -91.507612725411619, 41.736737255468171 ], [ -91.506790975387503, 41.736726109297628 ], [ -91.505064509659377, 41.736702673954134 ], [ -91.502626785937252, 41.736669537402058 ], [ -91.501421692494674, 41.73666254092236 ], [ -91.497754873335694, 41.736639736616567 ], [ -91.497244088922614, 41.736636539803207 ], [ -91.495713854928113, 41.736626885103064 ], [ -91.495614895901525, 41.736626260242481 ], [ -91.495619567100405, 41.736503094561584 ], [ -91.49570534886567, 41.736457160041695 ], [ -91.49578696741834, 41.73640715039479 ], [ -91.495864078272035, 41.736353276701962 ], [ -91.495936355968837, 41.736295766353017 ], [ -91.496003495453039, 41.736234862086775 ], [ -91.496577804497733, 41.735928411420581 ], [ -91.497369767590442, 41.735138381868929 ], [ -91.497657059073248, 41.734772833199841 ], [ -91.497557843575549, 41.734751113604638 ], [ -91.49763153927978, 41.734638737748362 ], [ -91.497697018940812, 41.734523542803338 ], [ -91.497754091203674, 41.734405865487517 ], [ -91.497802589291283, 41.734286049773111 ], [ -91.497842371491473, 41.734164445881028 ], [ -91.497873321570651, 41.734041409257053 ], [ -91.497886719311239, 41.733972042348832 ], [ -91.497899325796482, 41.733891724974086 ], [ -91.497910746050223, 41.733791674928412 ], [ -91.497935295459001, 41.733010338885116 ], [ -91.501481089164415, 41.733008732131843 ], [ -91.502628967373582, 41.733008188561278 ], [ -91.504110956381311, 41.733029220044664 ], [ -91.504112642588595, 41.73289193287038 ], [ -91.505018471610086, 41.73296884864299 ], [ -91.505846621654328, 41.733039125859719 ], [ -91.505992727383813, 41.733030627288592 ], [ -91.507629715903548, 41.733079080778147 ], [ -91.509994756739118, 41.733112715969483 ], [ -91.512529377832422, 41.733148708837412 ], [ -91.512519763183349, 41.734461026014117 ], [ -91.5125183894896, 41.73464803720028 ], [ -91.512518245175968, 41.734668372771658 ], [ -91.512507047070727, 41.736196863301409 ], [ -91.512502551016141, 41.736802925892185 ] ] ] ] } },
{ "type": "Feature", "properties": { "OBJECTID": 138, "LAND_USE": "Residential", "TOTAL_AREA": 72, "Shape_Length": 7913.7142571185923, "Shape_Area": 3120137.969896337, "acreage": 71.63 }, "geometry": { "type": "MultiPolygon", "coordinates": [ [ [ [ -91.475618538153284, 41.736570983118092 ], [ -91.47801086078077, 41.736584962100935 ], [ -91.47996402859215, 41.736596339795625 ], [ -91.479809567286296, 41.737761379260846 ], [ -91.479723684098246, 41.738409136562545 ], [ -91.480613155521695, 41.7395218409834 ], [ -91.480797213038031, 41.739655547333157 ], [ -91.480781534129463, 41.740241963925946 ], [ -91.480747584304765, 41.741511683775208 ], [ -91.480398238209673, 41.741775081976563 ], [ -91.480374858766382, 41.742752540826615 ], [ -91.480390463069995, 41.742808477159969 ], [ -91.477938357902943, 41.742792028725027 ], [ -91.477940458460949, 41.742698105162006 ], [ -91.475473798903039, 41.742681507868696 ], [ -91.475482030061613, 41.742401681816069 ], [ -91.474700949302701, 41.742394804007851 ], [ -91.474743570747577, 41.742297632299973 ], [ -91.47477968776262, 41.742198993495371 ], [ -91.474809211016947, 41.742099131645851 ], [ -91.474832067494972, 41.741998293828139 ], [ -91.474848200676846, 41.741896729532527 ], [ -91.474857570677941, 41.741794690045609 ], [ -91.474859640412006, 41.741610317069195 ], [ -91.47485476173587, 41.741518216857166 ], [ -91.474844375222915, 41.741426373037989 ], [ -91.474356140299662, 41.741423929673033 ], [ -91.474385552766165, 41.740572307776205 ], [ -91.474391414696285, 41.74019600954221 ], [ -91.475539006983283, 41.740205415189102 ], [ -91.475583084337302, 41.738542433013599 ], [ -91.475636301326574, 41.738407390286447 ], [ -91.475775513007662, 41.738409252616385 ], [ -91.47578312118516, 41.738090446411043 ], [ -91.475558351236245, 41.737897244391952 ], [ -91.47557702180687, 41.73748583871442 ], [ -91.475618538153284, 41.736570983118092 ] ] ] ] } },
{ "type": "Feature", "properties": { "OBJECTID": 140, "LAND_USE": "Residential", "TOTAL_AREA": 7, "Shape_Length": 3072.6489399351622, "Shape_Area": 298949.69976444624, "acreage": 6.86 }, "geometry": { "type": "MultiPolygon", "coordinates": [ [ [ [ -91.540098177283468, 41.594205669433961 ], [ -91.540027982860423, 41.594147089631441 ], [ -91.539960918159736, 41.594147150145709 ], [ -91.539924867139533, 41.594120883159547 ], [ -91.539893643321307, 41.594091337272779 ], [ -91.539867770968812, 41.594059008582235 ], [ -91.539847684488791, 41.594024439909276 ], [ -91.539837858333286, 41.593759124430555 ], [ -91.539828606930143, 41.593683004585635 ], [ -91.539813249634165, 41.593607442988279 ], [ -91.539791842511022, 41.593532715391468 ], [ -91.539764463703762, 41.593459094503636 ], [ -91.539731213147348, 41.593386848993546 ], [ -91.539661476153668, 41.593268924613341 ], [ -91.539581130887427, 41.593127408031364 ], [ -91.539556049555614, 41.593066741274406 ], [ -91.539538706027642, 41.593004568502757 ], [ -91.53952925506124, 41.592941444569014 ], [ -91.53952778097711, 41.592877932812655 ], [ -91.53951284205975, 41.592834804702775 ], [ -91.539489870606531, 41.592793714276603 ], [ -91.539459335284789, 41.592755499841665 ], [ -91.539421859073215, 41.592720941029427 ], [ -91.539381292196396, 41.59269260781501 ], [ -91.539336065020919, 41.592668577689075 ], [ -91.539286981511424, 41.59264927781215 ], [ -91.539149065315243, 41.592616882481366 ], [ -91.539100730941939, 41.59260064819324 ], [ -91.539055314338526, 41.592580210277319 ], [ -91.539013461290494, 41.592555859344749 ], [ -91.538975766910482, 41.592527941646232 ], [ -91.538942767176223, 41.592496854148635 ], [ -91.538891343413042, 41.592455586530114 ], [ -91.538835076065638, 41.592418049127822 ], [ -91.538774443286911, 41.592384560924756 ], [ -91.538709960323587, 41.592355406494491 ], [ -91.538542968472612, 41.592264447669884 ], [ -91.538003223941843, 41.591762258739401 ], [ -91.537888753612194, 41.591011072536823 ], [ -91.53963454549843, 41.591002193139374 ], [ -91.539835061852756, 41.592411592300401 ], [ -91.539990076170795, 41.592519714225801 ], [ -91.540098177283468, 41.594205669433961 ] ] ] ] } },
{ "type": "Feature", "properties": { "OBJECTID": 143, "LAND_USE": "Residential", "TOTAL_AREA": 58, "Shape_Length": 8936.4517492590567, "Shape_Area": 2522314.0726155052, "acreage": 57.91 }, "geometry": { "type": "MultiPolygon", "coordinates": [ [ [ [ -91.700890060456246, 41.711330835003338 ], [ -91.700934399529501, 41.710600780073264 ], [ -91.70049477598387, 41.710600363372308 ], [ -91.697720638895092, 41.710597694247134 ], [ -91.696255677514017, 41.71059625859268 ], [ -91.696256697896359, 41.710014839062985 ], [ -91.695696356345437, 41.710015883485219 ], [ -91.695654761513893, 41.710015960907697 ], [ -91.695656945044661, 41.709254991797565 ], [ -91.696510145221254, 41.709259245269664 ], [ -91.697297529095181, 41.709263165457862 ], [ -91.698073927634624, 41.709267025925165 ], [ -91.699282470907008, 41.709273025368375 ], [ -91.700508081539212, 41.709277871077056 ], [ -91.705359222625717, 41.709300547640026 ], [ -91.705337994184404, 41.712950977069866 ], [ -91.705335384689604, 41.713399662888072 ], [ -91.702623774932491, 41.713064027901702 ], [ -91.702608629442565, 41.713062133648116 ], [ -91.702593492055541, 41.713060207098088 ], [ -91.702578362895537, 41.713058243750694 ], [ -91.702563241912998, 41.713056245406371 ], [ -91.702548129083041, 41.713054212965218 ], [ -91.702533025631894, 41.713052145545717 ], [ -91.702517930383138, 41.713050042229064 ], [ -91.702502842085622, 41.713047904797008 ], [ -91.702487764368399, 41.71304573240517 ], [ -91.702472694828742, 41.713043525016431 ], [ -91.702457635869379, 41.713041282667881 ], [ -91.702442585087638, 41.713039005322457 ], [ -91.702427543684919, 41.713036692998649 ], [ -91.702412512837697, 41.71303434661526 ], [ -91.702397490193022, 41.71303196433476 ], [ -91.702382479280445, 41.713029548913539 ], [ -91.702367476570373, 41.713027097595159 ], [ -91.702352485617382, 41.713024612235849 ], [ -91.702337504068339, 41.713022090998031 ], [ -91.702322533050122, 41.713019536600868 ], [ -91.702307572637267, 41.713016946343792 ], [ -91.70229262395668, 41.713014322945988 ], [ -91.702277684680141, 41.713011663669711 ], [ -91.702262757185594, 41.713008969452339 ], [ -91.702247840222043, 41.7130062420756 ], [ -91.702232935040456, 41.713003479757788 ], [ -91.702218041640876, 41.713000682498929 ], [ -91.702203159998589, 41.712997851199134 ], [ -91.702188290113511, 41.712994985858479 ], [ -91.702173430833994, 41.712992084657948 ], [ -91.702158584488345, 41.712989150335289 ], [ -91.702143749899975, 41.712986181971822 ], [ -91.702128928295139, 41.712983178685853 ], [ -91.702114118472508, 41.712980140458846 ], [ -91.702099321583773, 41.71297706910979 ], [ -91.702084537653803, 41.71297396373842 ], [ -91.702069766732279, 41.712970822544492 ], [ -91.702055008744736, 41.712967648228492 ], [ -91.702040262539512, 41.712964438971468 ], [ -91.702025531646157, 41.712961197529758 ], [ -91.702010813761319, 41.712957920265495 ], [ -91.701996108810548, 41.712954609879112 ], [ -91.701981416843523, 41.712951264570421 ], [ -91.701966740213351, 41.712947886176885 ], [ -91.701925189111989, 41.712938124390753 ], [ -91.701902307289998, 41.712932611543778 ], [ -91.701889891296702, 41.712929585156061 ], [ -91.701877484409522, 41.712926533692603 ], [ -91.701865090207775, 41.712923458109294 ], [ -91.701852706263907, 41.712920359269113 ], [ -91.701840332627597, 41.712917235371776 ], [ -91.701827970500204, 41.712914086435816 ], [ -91.701815619856873, 41.712910913361533 ], [ -91.701803278319773, 41.712907715211436 ], [ -91.701790950644707, 41.712904493860286 ], [ -91.701778633227562, 41.712901249252347 ], [ -91.701766327344245, 41.712897978705683 ], [ -91.70175403412162, 41.712894684939414 ], [ -91.701741751206683, 41.712891366115954 ], [ -91.701729479751037, 41.712888024054315 ], [ -91.701717219779553, 41.712884657854325 ], [ -91.701704972518527, 41.712881266634383 ], [ -91.701692736716851, 41.712877852176227 ], [ -91.701680512399406, 41.712874413579769 ], [ -91.701668301993806, 41.712870949981919 ], [ -91.701656101846183, 41.712867463127374 ], [ -91.701643915585649, 41.712863952171659 ], [ -91.701631740784435, 41.712860417977765 ], [ -91.70161957869378, 41.712856858763971 ], [ -91.701607429288785, 41.712853275430462 ], [ -91.70159529131837, 41.712849669758938 ], [ -91.701583167259884, 41.712846039086159 ], [ -91.701571055887072, 41.712842384293623 ], [ -91.701558957175138, 41.712838706281573 ], [ -91.701546871124037, 41.712835005050046 ], [ -91.701534797783538, 41.712831278798561 ], [ -91.701522737103943, 41.712827529327591 ], [ -91.701510691512766, 41.712823755774146 ], [ -91.70149865738118, 41.712819958982578 ], [ -91.701486638313241, 41.712816139008744 ], [ -91.701474631955946, 41.712812294015045 ], [ -91.701462639436045, 41.712808426720592 ], [ -91.701450658400631, 41.712804535287844 ], [ -91.701438693630294, 41.712800620691489 ], [ -91.701426740344374, 41.712796681956803 ], [ -91.70141480332353, 41.712792720058516 ], [ -91.701402878988532, 41.712788734040586 ], [ -91.700475884254502, 41.712477803153959 ], [ -91.69866877277866, 41.711871633248826 ], [ -91.699526532080412, 41.711328941829272 ], [ -91.700487431108442, 41.711330276734436 ], [ -91.700890060456246, 41.711330835003338 ] ] ] ] } }
]
}
